ID;Tipo;URL;Title attuale;Title nuovo;Lunghezza title;Description attuale;Description nuova;Lunghezza description;Excerpt nuovo;Slug attuale;Slug nuovo;Focus keyword
3;page;https://maxdigitalinnovation.it/privacy-policy/;Privacy Policy | Protezione Dati - Max Digital Innovation;Privacy Policy | Max Digital Innovation;39;"Scopri la Privacy Policy di Max Digital Innovation. Trattiamo i tuoi dati con cura, trasparenza e in conformità al GDPR. La tua privacy è la nostra";"Privacy Policy Max Digital Innovation: Scopri la Privacy Policy di Max Digital Innovation. Trattiamo i tuoi dati con cura, trasparenza e in conformità.";151;La presente Privacy Policy descrive le modalità di gestione del sito maxdigitalinnovation.it in riferimento al trattamento dei dati personali degli utenti che lo consultano e utilizzano i servizi disponibili.;privacy-policy;privacy-policy;Privacy Policy Max Digital Innovation
10;page;https://maxdigitalinnovation.it/;"Max Digital | Agenzia Marketing, Brand Growth & Contenuti";"Max Digital | Agenzia Marketing, Brand Growth & Contenuti";57;"Max Digital Innovation: strategia, video, social, branding e web per costruire una presenza digitale riconoscibile, aumentare la visibilità e far crescere";"Agenzia Marketing: Max Digital Innovation: strategia, video, social, branding e web per costruire una presenza digitale riconoscibile, aumentare.";145;"Strategia, video e comunicazione digitale per aziende che vogliono farsi notare, posizionarsi meglio e trasformare la propria presenza online in uno strumento concreto di crescita.";home;home;Agenzia Marketing
54;page;https://maxdigitalinnovation.it/digital-strategies/;Digital Strategies | Strategie Digitali | Max Digital;Digital Strategies | Strategie Digitali | Max Digital;53;"Digital Strategies è il blog di Max Digital Innovation: approfondimenti su strategie digitali, social media, branding, video, web e comunicazione online.";"Digital Strategies è il blog di Max Digital Innovation: approfondimenti su strategie digitali, social media, branding, video, web e comunicazione online.";153;Strategie digitali per il successo online Perché ogni attività di Palermo dovrebbe pubblicare video 3 Agosto 2026 Perché ogni attività di Palermo dovrebbe pubblicare video è una domanda sempre più attuale Perché ogni attività…;digital-strategies;digital-strategies;Strategie Digitali
7760;page;https://maxdigitalinnovation.it/cookie-policy/;Cookie Policy | Max Digital Innovation - La Tua Privacy Online;Cookie Policy | Max Digital Innovation;38;Scopri come Max Digital Innovation utilizza i cookie per migliorare la tua esperienza e garantire la trasparenza. Leggi la nostra Cookie Policy dettagliata.;Scopri come Max Digital Innovation utilizza i cookie per migliorare la tua esperienza e garantire la trasparenza. Leggi la nostra Cookie Policy dettagliata.;156;/* ========================================= COOKIE POLICY - MAX DIGITAL INNOVATION ========================================= */;cookie-policy;cookie-policy;Cookie Policy
8011;page;https://maxdigitalinnovation.it/servizi-digitali-palermo/;Servizi Digitali per Aziende e Brand | Max Digital;Servizi Digitali per Aziende e Brand | Max Digital;50;"Scopri i servizi digitali di Max Digital Innovation: web, social, video, e-commerce, branding, digital marketing e soluzioni per far crescere il tuo brand.";"Scopri i servizi digitali di Max Digital Innovation: web, social, video, e-commerce, branding, digital marketing e soluzioni per far crescere il tuo brand.";155;"Realizziamo siti web professionali a Palermo per aziende, professionisti e attività che vogliono migliorare la propria presenza online e generare nuove opportunità di business.";servizi-digitali-palermo;servizi-digitali-palermo;servizi digitali
8073;page;https://maxdigitalinnovation.it/realizzazione-siti-web-a-palermo/;Realizzazione Siti Web Palermo | Max Digital Innovation;Realizzazione Siti Web Palermo | Max Digital Innovation;55;"Realizzazione Siti Web Palermo per aziende e professionisti: progettiamo siti web su misura, responsive e ottimizzati per valorizzare il tuo business.";"Realizzazione Siti Web Palermo per aziende e professionisti: progettiamo siti web su misura, responsive e ottimizzati per valorizzare il tuo business.";150;"Max Digital Innovation è una web agency a Palermo specializzata nella realizzazione di siti web professionali per aziende, attività locali, professionisti ed e-commerce. Progettiamo siti WordPress, portali, landing page e soluzioni web personalizzate, veloci…";realizzazione-siti-web-a-palermo;realizzazione-siti-web-a-palermo;Realizzazione Siti Web Palermo
8089;page;https://maxdigitalinnovation.it/gestione-social-media-palermo/;Gestione Social Media Palermo | Max Digital Innovation;Gestione Social Media Palermo | Max Digital Innovation;54;"Gestione Social Media Palermo per aziende e professionisti: strategia, contenuti e piani editoriali per migliorare la presenza online.";"Gestione Social Media Palermo per aziende e professionisti: strategia, contenuti e piani editoriali per migliorare la presenza online.";134;"Come social media agency a Palermo gestiamo Instagram, Facebook, TikTok e LinkedIn con strategia, piano editoriale, Reel, shooting, community management e campagne pubblicitarie progettate per aumentare visibilità, contatti e vendite.";gestione-social-media-palermo;gestione-social-media-palermo;Gestione social media
8101;page;https://maxdigitalinnovation.it/digital-marketing-palermo/;Digital Marketing Palermo | Max Digital Innovation;Digital Marketing Palermo | Max Digital Innovation;50;"Digital Marketing Palermo: strategie SEO, social media e campagne pubblicitarie per aumentare visibilità, contatti e vendite.";"Digital Marketing Palermo: strategie SEO, social media e campagne pubblicitarie per aumentare visibilità, contatti e vendite. Scopri come lavoriamo a Palermo.";158;"Max Digital Innovation sviluppa strategie di digital marketing a Palermo per aziende, professionisti ed e-commerce che vogliono aumentare visibilità, contatti qualificati e vendite. Coordiniamo SEO, Google Ads, social advertising, contenuti, funnel, email marketing, automazioni…";digital-marketing-palermo;digital-marketing-palermo;Digital marketing Palermo
8107;page;https://maxdigitalinnovation.it/produzione-video-palermo/;Produzione video Palermo | Max Digital Innovatio;Produzione video Palermo | Max Digital Innovatio;48;"Produzione Video Palermo per aziende e brand: creiamo Reel, TikTok e Shorts coinvolgenti, dalla strategia alle riprese fino al montaggio.";"Produzione Video Palermo per aziende e brand: creiamo Reel, TikTok e Shorts coinvolgenti, dalla strategia alle riprese fino al montaggio.";137;"Max Digital Innovation realizza video aziendali, Reel e contenuti social a Palermo per brand, imprese e professionisti. Seguiamo strategia, concept, script, talent, riprese, montaggio, motion graphic, post-produzione e distribuzione. Produciamo video pensati per Instagram…";produzione-video-palermo;produzione-video-palermo;Produzione video Palermo
8113;page;https://maxdigitalinnovation.it/realizzazione-e-commerce-palermo/;Realizzazione E-commerce Palermo | Max Digital Innovation;Realizzazione E-commerce Palermo | Max Digital Innovation;57;"Realizzazione E-commerce Palermo per aziende e professionisti: progettiamo shop online su misura, intuitivi e ottimizzati.";"Realizzazione E-commerce Palermo per aziende e professionisti: progettiamo shop online su misura, intuitivi e ottimizzati. Scopri come lavoriamo a Palermo.";155;"Max Digital Innovation realizza siti e-commerce a Palermo per aziende, retailer e brand che vogliono avviare o migliorare la vendita online. Progettiamo negozi B2C e B2B veloci, sicuri e scalabili, curando catalogo, UX, checkout…";realizzazione-e-commerce-palermo;realizzazione-e-commerce-palermo;Realizzazione E-commerce Palermo
8119;page;https://maxdigitalinnovation.it/graphic-design-palermo/;Graphic Design Palermo | Max Digital Innovation;Graphic Design Palermo | Max Digital Innovation;47;"Graphic Design Palermo per aziende e professionisti: creazione loghi, branding, materiali pubblicitari, grafica web e social su misura.";"Graphic Design Palermo per aziende e professionisti: creazione loghi, branding, materiali pubblicitari, grafica web e social su misura.";135;"Cerchi un graphic designer a Palermo capace di rendere il tuo brand riconoscibile e professionale? Max Digital Innovation progetta identità visive, loghi, grafiche pubblicitarie, packaging, materiali di stampa e contenuti digitali coordinati. Partiamo dagli…";graphic-design-palermo;graphic-design-palermo;Graphic Design Palermo
8125;page;https://maxdigitalinnovation.it/sviluppo-crm-gestionali-palermo/;Sviluppo CRM e Gestionali Palermo | Max Digital Innovation;Sviluppo CRM e Gestionali Palermo | Max Digital Innovation;58;"Sviluppo CRM e Gestionali Palermo per aziende: realizziamo soluzioni personalizzate per gestire clienti, vendite e processi in modo più efficiente.";"Sviluppo CRM e Gestionali Palermo per aziende: realizziamo soluzioni personalizzate per gestire clienti, vendite e processi in modo più efficiente.";147;"Sviluppiamo CRM personalizzati, gestionali aziendali, web app e applicazioni su misura per digitalizzare i processi della tua attività. Dalla gestione clienti alle prenotazioni, dal magazzino alle commesse, fino a preventivi, pagamenti, ritiri, consegne…";sviluppo-crm-gestionali-palermo;sviluppo-crm-gestionali-palermo;Sviluppo CRM e Gestionali Palermo
8131;page;https://maxdigitalinnovation.it/naming-palermo/;Naming Palermo | Servizi di Naming Creativo per Aziende;Naming Palermo | Servizi di Naming Creativo per Aziende;55;"Naming Palermo per aziende e prodotti: creiamo nomi originali, memorabili e strategici per valorizzare l’identità del brand e renderlo riconoscibile.";"Naming Palermo per aziende e prodotti: creiamo nomi originali, memorabili e strategici per valorizzare l’identità del brand e renderlo riconoscibile.";149;"Il nome è il primo elemento attraverso cui un brand viene riconosciuto, ricordato e raccontato. Max Digital Innovation sviluppa progetti di naming a Palermo per nuove aziende, prodotti, servizi, startup, applicazioni, e-commerce, locali, strutture…";naming-palermo;naming-palermo;Naming Palermo
8136;page;https://maxdigitalinnovation.it/stampe-digitali-palermo/;Stampe Digitali Palermo e Produzione Pannelli | Max Digital;Stampe Digitali Palermo e Produzione Pannelli | Max Digital;59;"Stampe Digitali e produzione pannelli personalizzati Palermo: soluzioni ad alta risoluzione per comunicazione, promozione e allestimenti.";"Stampe Digitali Palermo: Stampe Digitali e produzione pannelli personalizzati Palermo: soluzioni ad alta risoluzione per comunicazione, promozione.";147;"Max Digital Innovation realizza stampe digitali e soluzioni visive personalizzate a Palermo per attività commerciali, aziende, professionisti, locali, fiere ed eventi. Produciamo pannelli, insegne, vetrofanie, adesivi, banner, espositori e materiali promozionali in piccolo…";stampe-digitali-palermo;stampe-digitali-palermo;Stampe Digitali Palermo
8242;page;https://maxdigitalinnovation.it/lavora-con-noi/;Lavora con Noi: Carriere in Max Digital Innovation;Lavora con Noi: Carriere in Max Digital Innovation;50;"Entra nel team di Max Digital Innovation, un'agenzia di marketing leader. Scopri opportunità di carriera, la nostra cultura aziendale e candidati ora!";"Entra nel team di Max Digital Innovation, un'agenzia di marketing leader. Scopri opportunità di carriera, la nostra cultura aziendale e candidati ora!";150;"Cerchiamo persone curiose, competenti e pronte a portare nuove idee nel team. Se vuoi lavorare tra creatività, strategia, tecnologia e contenuti, potresti essere la persona che stiamo cercando.";lavora-con-noi;lavora-con-noi;Carriere in Max Digital Innovation
436;post;https://maxdigitalinnovation.it/innovazione-digitale-pmi-competitive/;Innovazione Digitale PMI: Strategie per Competitività e Crescita;Innovazione digitale PMI: Guida pratica per le PMI;50;"Max Digital Innovation guida le PMI verso il successo con soluzioni digitali su misura: siti web, SEO, e-commerce e consulenza strategica.";"Innovazione digitale PMI: Max Digital Innovation guida le PMI verso il successo con soluzioni digitali su misura: siti web, SEO, E-commerce e consulenza.";153;"Nel mondo di oggi, l’ innovazione digitale è diventata essenziale per la competitività delle piccole e medie imprese (PMI). In Max Digital Innovation, ci impegniamo a offrire soluzioni digitali su misura, che non solo…";innovazione-digitale-pmi-competitive;innovazione-digitale-pmi-competitive;innovazione digitale PMI
437;post;https://maxdigitalinnovation.it/innovazione-digitale-palermo/;Palermo Hub Innovazione Digitale: Max Digital Innovation;Palermo Hub Innovazione Digitale: Max Digital Innovation;56;"Palermo, hub emergente per l'innovazione digitale. Scopri come Max Digital Innovation supporta la crescita del tuo business con soluzioni web, SEO e";"Palermo Hub Innovazione Digitale: Palermo, hub emergente per l'innovazione digitale. Scopri come Max Digital Innovation supporta la crescita del tuo.";149;"Negli ultimi anni, Palermo sta rapidamente guadagnando terreno come uno dei centri emergenti per l' innovazione digitale in Italia. Grazie alla crescita delle nuove tecnologie e al fiorire di startup innovative, la città è…";innovazione-digitale-palermo;innovazione-digitale-palermo;Palermo Hub Innovazione Digitale
438;post;https://maxdigitalinnovation.it/cybersecurity-per-aziende/;Cybersecurity Aziendale: Protezione Sito Web e Dati Clienti;Cybersecurity Aziendale: Protezione Sito Web e Dati Clienti;59;Max Digital Innovation offre soluzioni di Cybersecurity Aziendale avanzate. Proteggi il tuo sito web e i dati dei clienti da minacce digitali con i nostri;Max Digital Innovation offre soluzioni di Cybersecurity Aziendale avanzate. Proteggi il tuo sito web e i dati dei clienti da minacce digitali con i nostri.;155;"In un mondo sempre più connesso, la sicurezza online è diventata una priorità assoluta per tutte le aziende. Dati sensibili, transazioni online e interazioni con i clienti avvengono ormai quasi esclusivamente su piattaforme digitali…";cybersecurity-per-aziende;cybersecurity-per-aziende;Cybersecurity Aziendale
439;post;https://maxdigitalinnovation.it/strategia-marketing-digitale/;Strategia Marketing Digitale: Branding e Successo con Max Digital;Strategia marketing digitale: Strategia social che funziona;59;"Massimizza il tuo impatto online con Max Digital Innovation. Dal branding strategico al marketing digitale avanzato, costruiamo soluzioni su misura per il";Strategia marketing digitale: Massimizza il tuo impatto online con Max Digital Innovation. Dal branding strategico al marketing digitale avanzato.;146;"In un mondo sempre più connesso, una strategia marketing digitale efficace è la chiave per il successo di qualsiasi azienda. Creare un piano di comunicazione che abbracci tutti gli aspetti del marketing digitale…";strategia-marketing-digitale;strategia-marketing-digitale;strategia marketing digitale
440;post;https://maxdigitalinnovation.it/campagne-ai-driven-marketing-automation/;Campagne AI-driven e Marketing Automation: Il Futuro Digitale;Campagne AI-driven: Campagne che portano clienti;48;"Scopri come Max Digital Innovation trasforma il futuro digitale con campagne AI-driven, marketing automation e strategie innovative per il tuo successo.";"Scopri come Max Digital Innovation trasforma il futuro digitale con campagne AI-driven, marketing automation e strategie innovative per il tuo successo.";152;"L’intelligenza artificiale sta rivoluzionando il modo in cui le aziende raccolgono e utilizzano i dati. Con le campagne AI-driven , è possibile analizzare enormi quantità di informazioni in tempo reale, prevedere il comportamento…";campagne-ai-driven-marketing-automation;campagne-ai-driven-marketing-automation;campagne AI-driven
441;post;https://maxdigitalinnovation.it/gestione-social-media-presenza-online/;Gestione Social Media per Aziende: Aumenta la Tua Presenza Online;Gestione social media: Strategia social che funziona;52;"Scopri come Max Digital Innovation ottimizza la gestione social media per aziende, creando strategie su misura che aumentano visibilità, engagement e";"Scopri come Max Digital Innovation ottimizza la gestione social media per aziende, creando strategie su misura che aumentano visibilità, engagement.";148;"Nel mondo digitale di oggi, la gestione social media è uno strumento essenziale per le aziende che vogliono connettersi con il pubblico e migliorare il proprio brand. Una strategia social ben pianificata può aumentare…";gestione-social-media-presenza-online;gestione-social-media-presenza-online;gestione social media
442;post;https://maxdigitalinnovation.it/design-responsivo-sito-web-successo-online/;Design Responsive: Successo Online con Max Digital;Design Responsive: Successo Online con Max Digital;50;"Scopri come un design responsive sia cruciale per l'esperienza utente, la SEO e il successo del tuo business. Affidati a Max Digital Innovation.";"Scopri come un design responsive sia cruciale per l'esperienza utente, la SEO e il successo del tuo business. Affidati a Max Digital Innovation.";144;"Nel mondo digitale di oggi, gli utenti accedono ai siti web da una vasta gamma di dispositivi, dai computer desktop ai tablet, fino agli smartphone. Per le aziende, questo significa che avere un sito…";design-responsivo-sito-web-successo-online;design-responsivo-sito-web-successo-online;Design Responsive
443;post;https://maxdigitalinnovation.it/perche-un-sito-web-professionale-e-la-chiave-del-successo-per-ogni-impresa/;Sito Web Professionale: Successo Aziendale con Max Digital;Sito Web Professionale: Successo Aziendale con Max Digital;58;"Scopri come un sito web professionale di Max Digital Innovation può trasformare la tua presenza online, migliorare la visibilità e convertire visitatori";"Scopri come un sito web professionale di Max Digital Innovation può trasformare la tua presenza online, migliorare la visibilità e convertire visitatori.";153;"Perché un sito web professionale è essenziale per il successo aziendale Nel mondo sempre più digitalizzato di oggi, avere un sito web professionale non è più un'opzione, ma una necessità. Le aziende che desiderano…";perche-un-sito-web-professionale-e-la-chiave-del-successo-per-ogni-impresa;sito-web-professionale;sito web professionale
3987;post;https://maxdigitalinnovation.it/come-creare-una-strategia-di-comunicazione-digitale-efficace-per-piccole-imprese/;Strategia di Comunicazione Digitale Efficace per Piccole Imprese;Strategia comunicazione digitale piccole imprese;48;"Scopri come creare una strategia di comunicazione digitale vincente per la tua piccola impresa: aumenta visibilità, traffico e vendite con Max Digital Innovation.";Strategia comunicazione digitale piccole imprese: Scopri come creare una strategia di comunicazione digitale vincente per la tua piccola impresa: aumenta.;154;"In un mercato sempre più digitale, una strategia di comunicazione digitale ben pianificata è fondamentale per le piccole imprese che vogliono emergere online. In questo blog, ti guideremo attraverso i passaggi fondamentali per creare…";come-creare-una-strategia-di-comunicazione-digitale-efficace-per-piccole-imprese;strategia-comunicazione-digitale-piccole-imprese;strategia comunicazione digitale piccole imprese
4083;post;https://maxdigitalinnovation.it/reputazione_online_cose_perche_conta_e_come_verificarla/;Reputazione Online: Gestione Efficace con Max Digital Innovation;Reputazione online: perché è importante e come gestirla;55;Scopri l'importanza della reputazione online per il tuo business. Max Digital Innovation ti guida nella gestione e nel miglioramento della tua presenza digitale.;Scopri l'importanza della reputazione online per il tuo business. Scopri come lavoriamo a Palermo. Richiedi una consulenza gratuita.;132;"Nell'era digitale, la reputazione online è diventata un elemento fondamentale per il successo di qualsiasi attività, grande o piccola. La nostra azienda, Max Digital Innovation , é una web agency specializzata in soluzioni digitali…";reputazione_online_cose_perche_conta_e_come_verificarla;reputazione_online_cose_perche_conta_e_come_verificarla;reputazione online
4095;post;https://maxdigitalinnovation.it/come-creare-una-landing-page-efficace/;Creare Landing Page Efficaci: Guida Max Digital Innovation;Creare Landing Page Efficaci: Guida Max Digital Innovation;58;"Scopri come Max Digital Innovation a Palermo progetta landing page efficaci per massimizzare le conversioni, acquisire clienti e potenziare la tua presenza online.";"Creare landing page efficaci: Scopri come Max Digital Innovation a Palermo progetta landing page efficaci per massimizzare le conversioni, acquisire clienti.";157;"Max Digital Innovation è la tua web agency di fiducia a Palermo, pronta a offrire soluzioni digitali su misura e prodotti fisici personalizzati. Siamo qui per aiutare aziende e professionisti a far crescere…";come-creare-una-landing-page-efficace;come-creare-una-landing-page-efficace;creare landing page efficaci
4111;post;https://maxdigitalinnovation.it/branded-content-come-raccontare-il-tuo-brand-con-max-digital-innovation/;Branded Content: Strategie e Creazione con Max Digital Innovation;Branded content: Come Raccontare il Tuo Brand con Max;53;Scopri come il branded content può trasformare la narrazione del tuo brand. Max Digital Innovation a Palermo ti guida nella creazione di storie autentiche;Scopri come il branded content può trasformare la narrazione del tuo brand. Max Digital Innovation a Palermo ti guida nella creazione di storie autentiche.;155;"Il branded content è una strategia di marketing sempre più utilizzata per connettersi in modo autentico con il proprio pubblico, creando contenuti che raccontano una storia intorno al brand senza sembrare esplicitamente promozionali…";branded-content-come-raccontare-il-tuo-brand-con-max-digital-innovation;branded-content;branded content
4122;post;https://maxdigitalinnovation.it/piano-di-marketing-cose-e-come-crearlo-con-successo/;Piano di Marketing: Guida Completa per il Successo del Tuo;Piano di Marketing: Guida Completa per il Successo del Tuo;58;"Scopri come creare un piano di marketing efficace con Max Digital Innovation. Dalla strategia all'esecuzione, trasforma i tuoi obiettivi in risultati";"Scopri come creare un piano di marketing efficace con Max Digital Innovation. Dalla strategia all'esecuzione, trasforma i tuoi obiettivi in risultati.";150;"Nel panorama competitivo di oggi, un piano di marketing ben strutturato è la chiave per distinguere il tuo business, conquistare nuovi clienti e rafforzare la tua posizione sul mercato. Un piano di marketing efficace…";piano-di-marketing-cose-e-come-crearlo-con-successo;piano-di-marketing-cose-e-come-crearlo-con-successo;piano di marketing
4127;post;https://maxdigitalinnovation.it/cookie-cosa-sono-e-a-che-servono/;"Cookie: Cosa Sono, Funzionano e Vantaggi per la Tua Azienda";Cookie: Cosa Sono e a Che Servono | Max Digital Innovation;58;"Scopri cosa sono i cookie, come funzionano e a cosa servono per la tua azienda. Ottimizza l'esperienza utente e incrementa il business con Max Digital Innovation.";"Cookie cosa sono: Scopri cosa sono i cookie, come funzionano e a cosa servono per la tua azienda. Scopri come lavoriamo a Palermo. Parla con i nostri esperti.";158;"Nel panorama digitale contemporaneo, i cookie giocano un ruolo fondamentale nel migliorare l'interazione tra le aziende e i loro clienti. In questo articolo, approfondiremo cosa sono i cookie, a cosa servono, come funzionano…";cookie-cosa-sono-e-a-che-servono;cookie-cosa-sono-e-a-che-servono;cookie cosa sono
4175;post;https://maxdigitalinnovation.it/privacy-policy/;Privacy Policy: Guida Completa per il Tuo Sito Web;Privacy Policy: Guida Completa per il Tuo Sito Web;50;Scopri come redigere una Privacy Policy conforme al GDPR per il tuo sito web. Max Digital Innovation ti offre consigli pratici per un documento chiaro e;Scopri come redigere una Privacy Policy conforme al GDPR per il tuo sito web. Max Digital Innovation ti offre consigli pratici per un documento chiaro.;151;Una privacy policy è un documento legale essenziale per qualsiasi sito web che raccoglie dati personali dagli utenti. Serve a informare chiaramente gli utenti su come i loro dati vengono gestiti e protegge…;privacy-policy;privacy-policy;Privacy Policy
4213;post;https://maxdigitalinnovation.it/scopri-come-aumentare-posizionamento-seo-per-il-tuo-sito-web-su-google/;Posizionamento SEO: Guida Completa di Max Digital Innovation;Posizionamento SEO: Guida Completa di Max Digital Innovation;60;Migliora il posizionamento del tuo sito su Google con i consigli pratici di Max Digital Innovation.;Posizionamento SEO: Migliora il posizionamento del tuo sito su Google con i consigli pratici di Max Digital Innovation. Scopri come lavoriamo a Palermo.;152;"Se hai un sito web, sai quanto sia importante essere ben posizionati su Google. Il posizionamento SEO è l'insieme di tecniche che ti permettono di scalare le posizioni nei risultati di ricerca e aumentare…";scopri-come-aumentare-posizionamento-seo-per-il-tuo-sito-web-su-google;posizionamento-seo;posizionamento SEO
4232;post;https://maxdigitalinnovation.it/tipologie-di-siti-web-la-guida-definitiva-per-imprenditori/;Tipologie di Siti Web: Guida Completa per Imprenditori;Tipologie di Siti Web: Guida Completa per Imprenditori;54;Scopri le diverse tipologie di siti web e scegli la soluzione giusta per la tua azienda.;Scopri le diverse tipologie di siti web e scegli la soluzione giusta per la tua azienda. Scopri come lavoriamo a Palermo. Richiedi una consulenza gratuita.;155;"Nell'era digitale, avere una presenza online non è più una scelta, ma una necessità per qualsiasi azienda. La creazione di un sito web efficace è il primo passo per costruire un'identità digitale solida…";tipologie-di-siti-web-la-guida-definitiva-per-imprenditori;tipologie-di-siti-web-la-guida-definitiva-per-imprenditori;tipologie di siti web
4243;post;https://maxdigitalinnovation.it/tiktok-ads-manager-guida-completa-su-come-gestire-le-tue-campagne-su-tiktok/;TikTok Ads Manager: Guida Completa per le Tue Campagne;TikTok Ads Manager: Guida Completa per le Tue Campagne;54;Scopri come gestire e ottimizzare le tue campagne TikTok Ads con Max Digital Innovation. La guida completa per massimizzare visibilità e ROI.;Scopri come gestire e ottimizzare le tue campagne TikTok Ads con Max Digital Innovation. La guida completa per massimizzare visibilità e ROI.;141;"TikTok è diventata una delle piattaforme social più influenti al mondo, offrendo un'enorme opportunità di crescita per le aziende che desiderano raggiungere un pubblico giovane e dinamico. La pubblicità su TikTok, attraverso TikTok Ads…";tiktok-ads-manager-guida-completa-su-come-gestire-le-tue-campagne-su-tiktok;tiktok-ads-manager;TikTok Ads Manager
4249;post;https://maxdigitalinnovation.it/dem-marketing-come-usarlo-nel-2024-per-massimizzare-i-risultati/;DEM Marketing 2024: Guida Completa per Massimizzare i Risultati;DEM marketing: Come Usarlo nel 2024 per Massimizzare i;54;Scopri come il DEM marketing può massimizzare i tuoi risultati nel 2024. Max Digital Innovation ti guida nella creazione di campagne email promozionali;Scopri come il DEM marketing può massimizzare i tuoi risultati nel 2024. Max Digital Innovation ti guida nella creazione di campagne email promozionali.;152;"Il DEM marketing (Direct Email Marketing) è uno strumento potente che continua a evolversi, offrendo alle aziende un mezzo diretto ed efficace per raggiungere i loro clienti. Nonostante l’avanzare di nuovi canali digitali, l’email…";dem-marketing-come-usarlo-nel-2024-per-massimizzare-i-risultati;dem-marketing;DEM marketing
4252;post;https://maxdigitalinnovation.it/e-commerce-a-palermo/;E-commerce a Palermo: Soluzioni Digitali per la Tua Attività;E-commerce Palermo: Vendi di più online;39;"Realizza un e-commerce di successo a Palermo con Max Digital Innovation. Conquista nuovi clienti, espandi il tuo business online e raggiungi i tuoi obiettivi.";"Realizza un e-commerce di successo a Palermo con Max Digital Innovation. Conquista nuovi clienti, espandi il tuo business online e raggiungi i tuoi obiettivi.";158;"E-commerce a palermo: max digital innovation è a palermo per aiutarti! E-commerce a Palermo: Come Far Crescere il Tuo Business Online: Nel mondo digitale di oggi, avere un e-commerce è fondamentale per raggiungere…";e-commerce-a-palermo;e-commerce-a-palermo;e-commerce Palermo
4257;post;https://maxdigitalinnovation.it/business-innovation-cosa-chiede-il-mercato-oggi/;Business Innovation: Cosa Chiede il Mercato Oggi? | Max Digital;Business Innovation: Cosa Chiede il Mercato Oggi?;49;Scopri le tendenze della business innovation e come Max Digital Innovation a Palermo aiuta la tua azienda a crescere e adattarsi al mercato attuale.;Scopri le tendenze della business innovation e come Max Digital Innovation a Palermo aiuta la tua azienda a crescere e adattarsi al mercato attuale.;148;"Nel contesto attuale, l'innovazione non è solo un vantaggio competitivo, ma una necessità per sopravvivere nel mercato. Le aziende devono adattarsi rapidamente ai cambiamenti tecnologici e alle nuove esigenze dei consumatori per rimanere rilevanti…";business-innovation-cosa-chiede-il-mercato-oggi;business-innovation-cosa-chiede-il-mercato-oggi;Business Innovation
4272;post;https://maxdigitalinnovation.it/advertising-a-palermo/;"Advertising a Palermo: Google, Meta, TikTok Ads - Max Digital";Advertising Palermo: Vendi di più online;40;"Aumenta le vendite del tuo e-commerce a Palermo con strategie di Advertising mirate: Google Ads, Meta Ads e TikTok Ads.";"Advertising Palermo: Aumenta le vendite del tuo E-commerce a Palermo con strategie di Advertising mirate: Google Ads, Meta Ads e TikTok Ads.";140;"Advertising a Palermo, scopri il loro potenziale e lasciati aiutare dai professionisti del settore Aumentare le vendite del tuo e-commerce con Google Ads, Meta Ads e TikTok Ads: Advertising a Palermo Per ottenere successo…";advertising-a-palermo;advertising-a-palermo;Advertising Palermo
4361;post;https://maxdigitalinnovation.it/5-consigli-preziosi-per-pubblicizzare-la-propria-azienda-a-palermo-su-google/;Pubblicizzare Azienda su Google: 5 Consigli Essenziali a Palermo;Pubblicizzare azienda Google Palermo: Max Digital Innovation;60;Scopri 5 strategie efficaci di SEO e Google Ads per promuovere la tua azienda a Palermo su Google. Massimizza la tua visibilità online con max digital innovation.;Pubblicizzare azienda Google Palermo: Scopri 5 strategie efficaci di SEO e Google Ads per promuovere la tua azienda a Palermo su Google.;136;"Se possiedi un' azienda a Palermo e desideri ampliare la tua visibilità online, Google rappresenta uno degli strumenti più potenti per attrarre nuovi clienti e consolidare la tua presenza sul mercato. La pubblicità…";5-consigli-preziosi-per-pubblicizzare-la-propria-azienda-a-palermo-su-google;pubblicizzare-azienda-google-palermo;pubblicizzare azienda Google Palermo
4367;post;https://maxdigitalinnovation.it/realizzazione-siti-web-per-bb-a-palermo-hotel-motel-e-strutture-ricettive-tutto-quello-che-ce-da-sapere/;"Siti Web per B&B, Hotel e Strutture Ricettive a Palermo";"Siti Web per B&B, Hotel e Strutture Ricettive a Palermo";55;"Massimizza le tue prenotazioni con un sito web professionale per B&B, hotel e strutture ricettive a Palermo. Scopri le nostre soluzioni su misura!";"Massimizza le tue prenotazioni con un sito web professionale per B&B, hotel e strutture ricettive a Palermo. Scopri le nostre soluzioni su misura!";146;"Nel settore dell'ospitalità, avere una forte presenza online è ormai indispensabile. Se possiedi un B&B a Palermo , un hotel, un motel o qualsiasi altra struttura ricettiva, un sito web professionale rappresenta il biglietto…";realizzazione-siti-web-per-bb-a-palermo-hotel-motel-e-strutture-ricettive-tutto-quello-che-ce-da-sapere;siti-web-per-b-b;Siti Web per B&B
4373;post;https://maxdigitalinnovation.it/hai-bisogno-di-pubblicizzare-il-tuo-ristorante-a-palermo-ecco-come-possiamo-aiutarti/;"Marketing Ristoranti Palermo: Siti Web, SEO e Pubblicità";"Marketing Ristoranti Palermo: Siti Web, SEO e Pubblicità";56;"Max Digital Innovation, agenzia di marketing a Palermo, offre soluzioni complete per ristoranti: siti web, SEO, web marketing e spot pubblicitari.";"Max Digital Innovation, agenzia di marketing a Palermo, offre soluzioni complete per ristoranti: siti web, SEO, web marketing e spot pubblicitari.";146;"Se possiedi un ristorante a Palermo e desideri far crescere la tua attività, avere un sito web a Palermo é diventato essenziale. Oggi più che mai, la visibilità online è fondamentale per attrarre nuovi…";hai-bisogno-di-pubblicizzare-il-tuo-ristorante-a-palermo-ecco-come-possiamo-aiutarti;marketing-ristoranti-palermo;Marketing Ristoranti Palermo
4381;post;https://maxdigitalinnovation.it/ecco-perche-un-sito-web-a-palermo-e-cosi-essenziale-per-la-tua-attivita/;Sito Web Essenziale per la Tua Attività: Guida Max Digital;Sito web essenziale attività: Sito veloce e che converte;56;Scopri perché un sito web professionale è cruciale per il successo della tua attività. Max Digital Innovation a Palermo offre soluzioni personalizzate per;Sito web essenziale attività: Scopri perché un sito web professionale è cruciale per il successo della tua attività. Max Digital Innovation a Palermo offre.;156;"Nel mondo digitale di oggi, avere un sito web è fondamentale per qualunque tipo di attività, indipendentemente dalle sue dimensioni o settore. Ma perché un sito web è così importante? In questo articolo, esploreremo…";ecco-perche-un-sito-web-a-palermo-e-cosi-essenziale-per-la-tua-attivita;sito-web-essenziale-attivita;sito web essenziale attività
4388;post;https://maxdigitalinnovation.it/gestione-social-media-a-palermo-come-la-nostra-agenzia-di-comunicazione-cura-i-tuoi-social-media/;Gestione Social Media a Palermo: Strategie Efficaci per la;Gestione social media Palermo: Strategia social che funziona;60;Max Digital Innovation offre servizi di gestione social media a Palermo per aziende. Aumenta la tua visibilità online con strategie mirate e contenuti coinvolgenti.;Gestione social media Palermo: Max Digital Innovation offre servizi di gestione social media a Palermo per aziende. Scopri come lavoriamo a Palermo.;148;"Se sei un'azienda a Palermo e desideri aumentare la tua visibilità online, la gestione efficace dei social media è essenziale. La nostra agenzia di comunicazione a Palermo, Max Digital Innovation, offre un servizio completo…";gestione-social-media-a-palermo-come-la-nostra-agenzia-di-comunicazione-cura-i-tuoi-social-media;gestione-social-media-palermo-2;gestione social media Palermo
4393;post;https://maxdigitalinnovation.it/loghi-per-la-tua-azienda-a-palermo-caratteristiche-e-come-crearne-uno-efficace/;Logo Aziendale: Guida Completa per il Tuo Brand a Palermo;Logo aziendale Palermo: Identità di marca riconoscibile;55;"Scopri come Max Digital Innovation crea loghi aziendali efficaci a Palermo. Caratteristiche, importanza e processo di design per un brand memorabile.";"Scopri come Max Digital Innovation crea loghi aziendali efficaci a Palermo. Caratteristiche, importanza e processo di design per un brand memorabile.";149;"Il logo aziendale è il volto del tuo brand, un simbolo immediatamente riconoscibile che rappresenta l'identità della tua azienda. Un logo ben progettato può fare una grande differenza nel modo in cui i clienti…";loghi-per-la-tua-azienda-a-palermo-caratteristiche-e-come-crearne-uno-efficace;logo-aziendale-palermo;logo aziendale Palermo
4402;post;https://maxdigitalinnovation.it/ottimizzare-la-comunicazione-grazie-allutilizzo-di-call-to-action-efficaci-per-il-tuo-sito-web-a-palermo/;CTA Efficaci: Guida Completa per il Tuo Sito Web a Palermo;CTA Efficaci: Guida Completa per il Tuo Sito Web a Palermo;58;"Scopri come ottimizzare le Call to Action (CTA) per il tuo sito web a Palermo e aumentare le conversioni. Max Digital Innovation, la tua agenzia di";CTA Efficaci: Guida Completa per il Tuo Sito Web a Palermo: Scopri come ottimizzare le Call to Action (CTA) per il tuo sito web a Palermo e aumentare.;150;"Nel mondo del marketing digitale, l'importanza di una comunicazione chiara e coinvolgente è fondamentale per attrarre e mantenere l’attenzione degli utenti. Uno degli strumenti più potenti per guidare il comportamento degli utenti è l'uso…";ottimizzare-la-comunicazione-grazie-allutilizzo-di-call-to-action-efficaci-per-il-tuo-sito-web-a-palermo;cta-efficaci-guida-completa-sito-web-palermo;CTA Efficaci: Guida Completa per il Tuo Sito Web a Palermo
4407;post;https://maxdigitalinnovation.it/11-trend-marketing-a-palermo-per-e-commerce-marketing-che-faranno-crescere-il-tuo-e-commerce/;11 Trend E-commerce Marketing 2024: Cresci con Max Digital;11 Trend E-commerce Marketing 2024: Cresci con Max Digital;58;Scopri gli 11 trend di e-commerce marketing a Palermo e in Italia per il 2024. Max Digital Innovation offre soluzioni avanzate per far crescere il tuo;Trend E-commerce marketing: Scopri gli 11 trend di E-commerce marketing a Palermo e in Italia per il 2024. Max Digital Innovation offre soluzioni avanzate.;155;"Il mondo dell'e-commerce è in continua evoluzione, e restare aggiornati sui nuovi trend di marketing a Palermo è fondamentale per far crescere il tuo business online. Noi di Max Digital Innovation, la nostra agenzia…";11-trend-marketing-a-palermo-per-e-commerce-marketing-che-faranno-crescere-il-tuo-e-commerce;trend-ecommerce-marketing;trend e-commerce marketing
4418;post;https://maxdigitalinnovation.it/come-fare-pubblicita-a-palermo-su-internet-guida-per-principianti/;Pubblicità su Internet a Palermo: Guida Completa - Max;Pubblicità su Internet a Palermo: Guida Completa - Max;54;"Scopri come fare pubblicità su internet a Palermo con Max Digital Innovation. Guida completa per principianti su social media, Google Ads e SEO.";"Scopri come fare pubblicità su internet a Palermo con Max Digital Innovation. Guida completa per principianti su social media, Google Ads e SEO.";144;"Fare pubblicità su internet è una delle strategie più efficaci per far crescere il tuo business, specialmente in un mercato competitivo come quello di Palermo. La nostra agenzia di comunicazione, Max Digital Innovation…";come-fare-pubblicita-a-palermo-su-internet-guida-per-principianti;pubblicita-internet-palermo;Pubblicità su Internet a Palermo
4431;post;https://maxdigitalinnovation.it/campagne-pubblicitarie-a-palermo-la-soluzione-per-far-crescere-il-tuo-business/;Campagne Pubblicitarie a Palermo: Crescita Business - Max Digital;Campagne pubblicitarie a Palermo: La Soluzione per Far;54;Max Digital Innovation: la tua agenzia per campagne pubblicitarie a Palermo. Strategie digitali complete per aumentare visibilità e clienti. Scopri i nostri servizi.;Max Digital Innovation: la tua agenzia per campagne pubblicitarie a Palermo. Strategie digitali complete per aumentare visibilità e clienti.;140;"Max Digital Innovation è un’agenzia di comunicazione con sede a Palermo, specializzata nella creazione di campagne pubblicitarie a Palermo personalizzate per aiutare le aziende a raggiungere il loro pubblico ideale. Grazie alla nostra esperienza…";campagne-pubblicitarie-a-palermo-la-soluzione-per-far-crescere-il-tuo-business;campagne-pubblicitarie-palermo;campagne pubblicitarie a Palermo
4458;post;https://maxdigitalinnovation.it/pubblicita-su-tiktok-a-palermo-come-aiutiamo-la-tua-azienda-a-crescere/;Pubblicità su TikTok a Palermo: Max Digital Innovation;Pubblicità TikTok Palermo: Strategia social che funziona;56;Max Digital Innovation è la tua agenzia a Palermo per campagne pubblicitarie su TikTok. Creiamo contenuti video virali e strategie social avanzate per la crescita del tuo business.;Pubblicità TikTok Palermo: Max Digital Innovation è la tua agenzia a Palermo per campagne pubblicitarie su TikTok. Scopri come lavoriamo a Palermo.;147;"TikTok è diventato uno degli strumenti più potenti per il marketing digitale, soprattutto per raggiungere un pubblico giovane e dinamico. Noi di Max Digital Innovation, la nostra agenzia di comunicazione con sede a Palermo…";pubblicita-su-tiktok-a-palermo-come-aiutiamo-la-tua-azienda-a-crescere;pubblicita-tiktok-palermo;pubblicità TikTok Palermo
4495;post;https://maxdigitalinnovation.it/seo-e-sem/;SEO e SEM: Guida Completa per la Visibilità Online - Max Digital;SEO e SEM: Più visibilità su Google | Max Digital Innovation;60;Scopri le differenze tra SEO e SEM e come Max Digital Innovation può aiutarti a dominare i motori di ricerca con strategie mirate per risultati duraturi e immediati.;Scopri le differenze tra SEO e SEM e come Max Digital Innovation può aiutarti a dominare i motori di ricerca con strategie mirate. Parla con i nostri esperti.;158;"SEO e SEM: Qual è la Differenza e Perché Sono Entrambi Fondamentali per il Tuo Business Nel mondo del marketing digitale, i termini SEO e SEM sono spesso utilizzati in modo intercambiabile, ma rappresentano…";seo-e-sem;seo-e-sem;SEO e SEM
4510;post;https://maxdigitalinnovation.it/web-agency-a-palermo-il-design-che-parte-dal-brand/;Web Agency a Palermo: Strategie Digitali per il Tuo Brand;Web Agency a Palermo: Strategie Digitali per il Tuo Brand;57;"max digital innovation: la tua web agency a Palermo. Offriamo strategie di marketing, SEO, creazione siti web ed e-commerce per far crescere la visibilità del tuo brand.";max digital innovation: la tua web agency a Palermo. Scopri come lavoriamo a Palermo. Richiedi una consulenza gratuita. Parla con i nostri esperti.;147;La nostra web agency con sede a Palermo non è una semplice agenzia di comunicazione. Ogni progetto che realizziamo nasce da un concetto fondamentale: il brand. Il nostro obiettivo è andare oltre la semplice…;web-agency-a-palermo-il-design-che-parte-dal-brand;web-agency-a-palermo-il-design-che-parte-dal-brand;web agency a Palermo
4520;post;https://maxdigitalinnovation.it/b2b-a-palermo-cosa-puo-imparare-dal-b2c-per-sfruttare-al-meglio-il-digitale/;B2B Palermo: Impara dal B2C per il Digitale | Max Digital;B2B Palermo digitale: Campagne che portano clienti;50;"Il B2B a Palermo può rivoluzionare la sua strategia digitale. Scopri come le tecniche B2C possono migliorare visibilità, vendite e customer experience. Approfondimenti e consigli pratici per la tua azienda.";"B2B Palermo digitale: Il B2B a Palermo può rivoluzionare la sua strategia digitale. Scopri come le tecniche B2C possono migliorare visibilità, vendite.";151;"Il settore B2B a Palermo si trova oggi a dover affrontare sfide sempre più complesse nel mondo digitale. Molte aziende B2B, specialmente a Palermo, stanno scoprendo che per avere successo online, è fondamentale apprendere…";b2b-a-palermo-cosa-puo-imparare-dal-b2c-per-sfruttare-al-meglio-il-digitale;b2b-palermo-digitale;B2B Palermo digitale
4527;post;https://maxdigitalinnovation.it/strategie-di-content-marketing-per-le-piccole-imprese-a-palermo/;Content Marketing Palermo: Strategie per Piccole Imprese;Content Marketing Palermo: Strategie per Piccole Imprese;56;Max Digital Innovation: scopri strategie di content marketing per piccole imprese a Palermo. Aumenta visibilità e clienti con la nostra web agency esperta;Content Marketing Palermo: Max Digital Innovation: scopri strategie di content marketing per piccole imprese a Palermo. Aumenta visibilità e clienti.;149;"Per le piccole imprese a Palermo , il content marketing rappresenta una delle strategie più efficaci per aumentare la visibilità online, raggiungere nuovi clienti e consolidare il brand. Creare contenuti di valore, ottimizzati…";strategie-di-content-marketing-per-le-piccole-imprese-a-palermo;content-marketing-palermo;Content Marketing Palermo
4586;post;https://maxdigitalinnovation.it/web-marketing-per-palestre-e-centri-sportivi/;Web Marketing per Palestre a Palermo: Strategie Digitali Efficaci;Web marketing per palestre Palermo: Max Digital Innovation;58;"Max Digital Innovation offre strategie di web marketing per palestre e centri sportivi a Palermo. Aumenta visibilità, attira iscritti e fidelizza i clienti con soluzioni digitali su misura.";Web marketing per palestre Palermo: Max Digital Innovation offre strategie di web marketing per palestre e centri sportivi a Palermo.;133;"In un settore competitivo come quello delle palestre e dei centri sportivi, distinguersi è essenziale per attirare nuovi iscritti. Il web marketing per palestre a Palermo offre strumenti potenti per aumentare la visibilità…";web-marketing-per-palestre-e-centri-sportivi;web-marketing-per-palestre-e-centri-sportivi;web marketing per palestre Palermo
4593;post;https://maxdigitalinnovation.it/mi-serve-davvero-un-sito-web-aziendale/;Sito Web Aziendale a Palermo: La Tua Presenza Digitale Vincente;Sito web aziendale Palermo: Sito veloce e che converte;54;"Max Digital Innovation: Scopri perché un sito web aziendale a Palermo è cruciale per la tua crescita. Aumenta visibilità, clienti e credibilità con la nostra agenzia.";Sito web aziendale Palermo: Max Digital Innovation: Scopri perché un sito web aziendale a Palermo è cruciale per la tua crescita. Parla con i nostri esperti.;157;"Oggi, avere un sito web è essenziale per qualunque azienda a Palermo che voglia crescere e raggiungere un pubblico più vasto. Creare un sito web aziendale a Palermo è la chiave per costruire…";mi-serve-davvero-un-sito-web-aziendale;mi-serve-davvero-un-sito-web-aziendale;sito web aziendale Palermo
4599;post;https://maxdigitalinnovation.it/quali-sono-i-servizi-offerti-da-unagenzia-di-comunicazione-a-palermo/;Agenzia di Comunicazione a Palermo: Servizi Marketing Completi;Agenzia di comunicazione Palermo: Guida pratica per le PMI;58;"Max Digital Innovation: la tua agenzia di comunicazione a Palermo. Scopri i nostri servizi di web marketing, SEO, social media, branding e design per la crescita della tua attività locale.";Agenzia di comunicazione Palermo: Max Digital Innovation: la tua agenzia di comunicazione a Palermo. Scopri come lavoriamo a Palermo.;133;"La nostra agenzia di comunicazione a Palermo si impegna a supportare le aziende locali nella creazione di una presenza online e offline forte e riconoscibile. Dai servizi digitali alla produzione di materiali fisici, Max…";quali-sono-i-servizi-offerti-da-unagenzia-di-comunicazione-a-palermo;agenzia-comunicazione-palermo;agenzia di comunicazione Palermo
4603;post;https://maxdigitalinnovation.it/le-commerce-in-italia-sta-cambiando-con-lintelligenza-artificiale/;E-commerce & IA a Palermo: Max Digital Innovation;E-commerce & IA a Palermo: Max Digital Innovation;49;Scopri come l'IA sta rivoluzionando l'e-commerce in Italia e a Palermo. Max Digital Innovation realizza piattaforme avanzate per il tuo successo online.;Scopri come l'IA sta rivoluzionando l'e-commerce in Italia e a Palermo. Max Digital Innovation realizza piattaforme avanzate per il tuo successo online.;152;"Negli ultimi anni, l’e-commerce in Italia ha subito una profonda trasformazione, grazie all’introduzione dell’intelligenza artificiale (IA). La crescente digitalizzazione e l’evoluzione delle tecnologie hanno portato molte aziende ad affidarsi a nuove soluzioni per migliorare…";le-commerce-in-italia-sta-cambiando-con-lintelligenza-artificiale;ecommerce-ia-palermo;E-commerce & IA a Palermo
4607;post;https://maxdigitalinnovation.it/il-marketing-per-attivita-locali-i-vantaggi-di-affidarsi-a-una-web-agency/;Marketing per Attività Locali a Palermo: Max Digital;Marketing per attività a Palermo: Max Digital Innovation;56;Massimizza la visibilità della tua attività a Palermo con strategie di marketing digitale personalizzate. Scopri come Max Digital Innovation può farti;Marketing per attività a Palermo: Massimizza la visibilità della tua attività a Palermo con strategie di marketing digitale personalizzate. Scopri come Max.;156;"Per le piccole e medie imprese che operano a livello locale, il marketing digitale è diventato uno strumento essenziale per aumentare la visibilità e raggiungere un pubblico più ampio. Il marketing per attività…";il-marketing-per-attivita-locali-i-vantaggi-di-affidarsi-a-una-web-agency;marketing-attivita-palermo;marketing per attività a Palermo
4612;post;https://maxdigitalinnovation.it/i-social-media-gli-alleati-per-il-tuo-e-commerce/;Social Media per E-commerce: Guida Completa | Max Digital;Social Media per E-commerce: Guida Completa | Max Digital;57;"Trasforma il tuo e-commerce con i social media! Aumenta visibilità e vendite. Max Digital Innovation, la tua web agency a Palermo, ti guida al successo.";"Trasforma il tuo e-commerce con i social media! Aumenta visibilità e vendite. Max Digital Innovation, la tua web agency a Palermo, ti guida al successo.";152;"Negli ultimi anni, i social media sono diventati strumenti fondamentali per il successo delle attività online. L’uso dei social media per le attività commerciali, e in particolare per gli e-commerce, consente di aumentare…";i-social-media-gli-alleati-per-il-tuo-e-commerce;i-social-media-gli-alleati-per-il-tuo-e-commerce;Social Media per E-commerce
4620;post;https://maxdigitalinnovation.it/marketing-online-per-la-tua-concessionaria/;Marketing Digitale per Concessionarie a Palermo: Guida;Marketing Digitale per Concessionarie a Palermo: Guida;54;"Scopri le strategie di marketing digitale per concessionarie a Palermo. Aumenta visibilità, attira clienti e incrementa le vendite con Max Digital";"Scopri le strategie di marketing digitale per concessionarie a Palermo. Aumenta visibilità, attira clienti e incrementa le vendite con Max Digital.";147;"Il settore automobilistico è in continua evoluzione, e anche le concessionarie devono adattarsi ai cambiamenti del mercato per rimanere competitive. Oggi, il marketing online per concessionarie a Palermo rappresenta uno strumento fondamentale per attirare…";marketing-online-per-la-tua-concessionaria;marketing-online-per-la-tua-concessionaria;marketing digitale per concessionarie a Palermo
4626;post;https://maxdigitalinnovation.it/marketing-online-per-il-tuo-negozio-di-abbigliamento/;Marketing Digitale per Negozi di Abbigliamento a Palermo;Marketing Digitale per Negozi di Abbigliamento a Palermo;56;"Scopri le strategie di marketing digitale di Max Digital Innovation per il tuo negozio di abbigliamento a Palermo: aumenta visibilità, vendite e clienti";Marketing Digitale per Negozi di Abbigliamento a Palermo: Scopri le strategie di marketing digitale di Max Digital Innovation per il tuo negozio.;145;"Il settore della moda è molto competitivo, e per restare rilevanti, i negozi di abbigliamento devono sfruttare al meglio le strategie digitali. Marketing per il tuo negozio di abbigliamento a Palermo significa creare…";marketing-online-per-il-tuo-negozio-di-abbigliamento;marketing-online-per-il-tuo-negozio-di-abbigliamento;Marketing Digitale per Negozi di Abbigliamento a Palermo
4631;post;https://maxdigitalinnovation.it/web-marketing-per-la-tua-parruccheria/;Web Marketing per Parrucchieri a Palermo | Max Digital;Web Marketing per Parrucchieri a Palermo | Max Digital;54;"Scopri le strategie di web marketing per parrucchieri a Palermo. Aumenta visibilità, attira clienti e fai crescere il tuo salone con Max Digital";"Scopri le strategie di web marketing per parrucchieri a Palermo. Aumenta visibilità, attira clienti e fai crescere il tuo salone con Max Digital.";145;"Nel settore della bellezza e della cura dei capelli, è essenziale distinguersi e attrarre nuovi clienti. Oggi, il web marketing per la tua parruccheria a Palermo rappresenta un’opportunità unica per aumentare la visibilità, promuovere…";web-marketing-per-la-tua-parruccheria;web-marketing-per-la-tua-parruccheria;web marketing per parrucchieri a Palermo
4635;post;https://maxdigitalinnovation.it/come-promuovere-il-tuo-salone-di-bellezza-a-palermo/;Salone di Bellezza Palermo: Strategie di Marketing Digitale;Salone di Bellezza Palermo: Strategie di Marketing Digitale;59;"Promuovi il tuo salone di bellezza a Palermo con Max Digital Innovation. Strategie SEO locale, social media, sito web e pubblicità mirata per attrarre e";Salone di Bellezza Palermo: Strategie di Marketing Digitale: Promuovi il tuo salone di bellezza a Palermo con Max Digital Innovation. Strategie SEO locale.;155;"Nel settore della bellezza, la concorrenza è alta e distinguersi è essenziale per attrarre nuovi clienti. La pubblicità per saloni di bellezza a Palermo rappresenta uno strumento chiave per aumentare la visibilità, far conoscere…";come-promuovere-il-tuo-salone-di-bellezza-a-palermo;come-promuovere-il-tuo-salone-di-bellezza-a-palermo;Salone di Bellezza Palermo: Strategie di Marketing Digitale
4640;post;https://maxdigitalinnovation.it/come-pubblicizzare-la-tua-ottica-a-palermo/;Come Pubblicizzare la Tua Ottica a Palermo: Guida Completa;Pubblicizzare ottica Palermo: Guida pratica per le PMI;54;"Scopri strategie efficaci per pubblicizzare la tua ottica a Palermo. Aumenta visibilità, attira clienti e promuovi i tuoi prodotti con Max Digital Innovation.";"Scopri strategie efficaci per pubblicizzare la tua ottica a Palermo. Aumenta visibilità, attira clienti e promuovi i tuoi prodotti con Max Digital Innovation.";158;"In un settore competitivo come quello delle ottiche, farsi conoscere e attrarre nuovi clienti è essenziale per crescere. Pubblicizzare la tua ottica a Palermo può fare la differenza, aiutandoti a distinguerti dalla concorrenza…";come-pubblicizzare-la-tua-ottica-a-palermo;come-pubblicizzare-la-tua-ottica-a-palermo;pubblicizzare ottica Palermo
4678;post;https://maxdigitalinnovation.it/come-pubblicizzare-la-tua-pizzeria/;Pubblicità Pizzeria Palermo: Strategie Marketing Efficaci;Pubblicità Pizzeria Palermo: Strategie Marketing Efficaci;57;Scopri come pubblicizzare la tua pizzeria a Palermo con strategie di marketing digitale efficaci. Aumenta visibilità e attira clienti con Max Digital;Pubblicità Pizzeria Palermo: Scopri come pubblicizzare la tua pizzeria a Palermo con strategie di marketing digitale efficaci. Aumenta visibilità e attira.;155;"In una città come Palermo, nota per la sua ricca tradizione gastronomica, farsi conoscere come pizzeria è fondamentale per emergere in un mercato altamente competitivo. La pubblicità per una pizzeria a Palermo può aiutarti…";come-pubblicizzare-la-tua-pizzeria;come-pubblicizzare-la-tua-pizzeria;Pubblicità Pizzeria Palermo
4686;post;https://maxdigitalinnovation.it/gestione-marketing-per-il-tuo-pub/;Marketing Digitale per Pub a Palermo: Strategie Efficaci | Max Digital Innovation;Marketing per pub a Palermo: Campagne che portano clienti;57;"Massimizza la visibilità del tuo pub a Palermo con le strategie di marketing digitale di Max Digital Innovation. Attrai nuovi clienti, promuovi eventi e fidelizza il tuo pubblico.";Marketing per pub a Palermo: Massimizza la visibilità del tuo pub a Palermo con le strategie di marketing digitale di Max Digital Innovation.;141;"In una città vivace come Palermo, i pub sono un punto di ritrovo importante per giovani e adulti. Tuttavia, distinguersi nel mercato locale richiede una strategia mirata di marketing. Il marketing per pub…";gestione-marketing-per-il-tuo-pub;gestione-marketing-per-il-tuo-pub;marketing per pub a Palermo
4695;post;https://maxdigitalinnovation.it/idee-creative-per-pubblicizzare-la-tua-panineria/;Pubblicizzare Panineria Palermo: Strategie Max Digital;Pubblicizzare Panineria Palermo: Strategie Max Digital;54;"Scopri come Max Digital Innovation può aiutarti a pubblicizzare la tua panineria a Palermo con strategie social, eventi e marketing diretto. Aumenta la";"Pubblicizzare Panineria Palermo: Scopri come Max Digital Innovation può aiutarti a pubblicizzare la tua panineria a Palermo con strategie social, eventi.";153;"Se hai una panineria a Palermo e vuoi attirare più clienti, Max Digital Innovation è qui per aiutarti. In un mercato altamente competitivo, promuovere la tua attività in modo efficace è essenziale per farti…";idee-creative-per-pubblicizzare-la-tua-panineria;idee-creative-per-pubblicizzare-la-tua-panineria;Pubblicizzare Panineria Palermo
4704;post;https://maxdigitalinnovation.it/gestione-marketing-per-la-tua-hamburgeria/;Marketing per Hamburgerie a Palermo: Strategie Vincenti;Marketing per Hamburgerie a Palermo: Strategie Vincenti;55;"Max Digital Innovation rivoluziona il marketing per la tua hamburgeria a Palermo, aumentando visibilità, engagement e clienti con strategie digitali";"Marketing per Hamburgerie a Palermo: Max Digital Innovation rivoluziona il marketing per la tua hamburgeria a Palermo, aumentando visibilità, engagement.";153;"Gestire un’hamburgeria in una città come Palermo, ricca di opzioni gastronomiche, richiede una strategia di marketing mirata per distinguersi dalla concorrenza e attirare clienti. Il marketing per hamburgeria a Palermo ti aiuta a costruire…";gestione-marketing-per-la-tua-hamburgeria;gestione-marketing-per-la-tua-hamburgeria;Marketing per Hamburgerie a Palermo
4710;post;https://maxdigitalinnovation.it/strategie-di-marketing-di-successo-i-passi-fondamentali-per-distinguersi-nel-mercato/;Brand Strategy di Successo: Distinguersi con Max Digital;Brand Strategy di Successo: Distinguersi con Max Digital;56;Scopri i passi fondamentali per una brand strategy di successo a Palermo con Max Digital Innovation. Costruisci un'identità forte e aumenta la tua;Scopri i passi fondamentali per una brand strategy di successo a Palermo con Max Digital Innovation. Costruisci un'identità forte e aumenta la tua.;147;"In un mercato competitivo come quello di Palermo, avere una strategia di brand ben definita è essenziale per emergere e attrarre clienti. Sviluppare strategie di marketing a Palermo significa costruire una solida identità…";strategie-di-marketing-di-successo-i-passi-fondamentali-per-distinguersi-nel-mercato;brand-strategy-successo;Brand Strategy di Successo
4715;post;https://maxdigitalinnovation.it/pubblicita-per-il-tuo-brand-a-palermo-come-differenziarsi-dalla-massa/;Brand Identity di Successo: Differenziati con Max Digital;Brand Identity di Successo: Differenziati con Max Digital;57;Costruisci una brand identity forte e distintiva a Palermo con Max Digital Innovation. Strategie mirate per differenziarti dalla massa e fidelizzare i clienti.;Costruisci una brand identity forte e distintiva a Palermo con Max Digital Innovation. Scopri come lavoriamo a Palermo. Richiedi una consulenza gratuita.;153;"In un mercato sempre più competitivo, avere una brand identity forte e distintiva è essenziale per attirare e fidelizzare i clienti. Differenziarsi dalla massa richiede una strategia mirata, che trasmetta i valori del tuo…";pubblicita-per-il-tuo-brand-a-palermo-come-differenziarsi-dalla-massa;brand-identity;brand identity
4721;post;https://maxdigitalinnovation.it/restare-al-passo-coi-trend-e-difficile-scopri-come-unagenzia-di-comunicazione-puo-aiutarti/;Trend Digitali: Agenzia di Marketing a Palermo per la Tua;Trend Digitali: Agenzia di Marketing a Palermo per la Tua;57;"Max Digital Innovation a Palermo ti aiuta a restare al passo con i trend digitali. Strategie su misura, siti web, social media e pubblicità mirata per la";"Agenzia di marketing a Palermo: Max Digital Innovation a Palermo ti aiuta a restare al passo con i trend digitali. Strategie su misura, siti web, social.";153;"In un mercato in continuo cambiamento, restare aggiornati sui trend può sembrare impossibile. Con nuove tendenze e strategie digitali che emergono di frequente, molte aziende trovano difficile mantenere una presenza efficace e competitiva. Affidarsi…";restare-al-passo-coi-trend-e-difficile-scopri-come-unagenzia-di-comunicazione-puo-aiutarti;agenzia-marketing-palermo;agenzia di marketing a Palermo
4730;post;https://maxdigitalinnovation.it/hai-bisogno-di-uno-store-online-per-la-tua-attivita-offriamo-realizzazione-e-commerce-a-palermo/;Realizzazione E-commerce a Palermo: Vantaggi e Servizi MDI;Realizzazione E-commerce Palermo: Vendi di più online;53;"Scopri come Max Digital Innovation realizza e-commerce a Palermo, espandendo la tua attività online. Soluzioni personalizzate per il tuo successo digitale.";"Scopri come Max Digital Innovation realizza e-commerce a Palermo, espandendo la tua attività online. Soluzioni personalizzate per il tuo successo digitale.";155;"In un’epoca in cui lo shopping online sta diventando sempre più centrale, avere un e-commerce può fare la differenza tra restare nel mercato o perdere terreno rispetto alla concorrenza. Che tu sia un piccolo…";hai-bisogno-di-uno-store-online-per-la-tua-attivita-offriamo-realizzazione-e-commerce-a-palermo;realizzazione-ecommerce-palermo;realizzazione e-commerce Palermo
4740;post;https://maxdigitalinnovation.it/vendita-online-a-palermo-sui-social-unottima-vetrina-per-i-tuoi-prodotti/;Vendere sui Social a Palermo: Strategie Efficaci con Max;Vendita online a Palermo: Strategia social che funziona;55;Max Digital Innovation trasforma i tuoi social in una vetrina di successo per la vendita online a Palermo. Aumenta visibilità e conversioni con strategie;Max Digital Innovation trasforma i tuoi social in una vetrina di successo per la vendita online a Palermo. Aumenta visibilità e conversioni con strategie.;154;"Con milioni di utenti attivi ogni giorno, i social media rappresentano una vetrina potente per chi desidera vendere prodotti online. Per le aziende locali, sfruttare i social per la vendita online a Palermo è…";vendita-online-a-palermo-sui-social-unottima-vetrina-per-i-tuoi-prodotti;vendita-online-palermo;vendita online a Palermo
4746;post;https://maxdigitalinnovation.it/sito-web-per-artisti-fai-conoscere-la-tua-arte/;Sito Web per Artisti a Palermo: Vetrina Online con Max;Sito Web per Artisti a Palermo: Vetrina Online con Max;54;"Valorizza la tua arte con un sito web professionale a Palermo. Max Digital Innovation crea portfoli online su misura per artisti, gallerie e creativi.";"Valorizza la tua arte con un sito web professionale a Palermo. Max Digital Innovation crea portfoli online su misura per artisti, gallerie e creativi.";150;"In un mondo sempre più digitale, avere un sito web per artisti a Palermo è indispensabile per farsi conoscere. Un sito web non è solo una galleria online, ma anche una piattaforma che consente…";sito-web-per-artisti-fai-conoscere-la-tua-arte;sito-web-per-artisti-fai-conoscere-la-tua-arte;Sito Web per Artisti a Palermo
4751;post;https://maxdigitalinnovation.it/quanto-costa-un-sito-web-a-palermo/;Costo Sito Web Palermo 2024: Guida Completa e Preventivi | Max Digital;Costo sito web Palermo: Sito veloce e che converte;50;"Scopri il costo di un sito web a Palermo nel 2024. Max Digital Innovation offre soluzioni personalizzate per siti vetrina, e-commerce e blog aziendali. Richiedi un preventivo!";Costo sito web Palermo: Scopri il costo di un sito web a Palermo nel 2024. Max Digital Innovation offre soluzioni personalizzate per siti vetrina.;146;"Nel 2024, il costo per realizzare un sito web varia molto in base a diversi fattori, tra cui le funzionalità richieste, il design e l’ottimizzazione SEO. Con la crescente domanda di una presenza online…";quanto-costa-un-sito-web-a-palermo;quanto-costa-un-sito-web-a-palermo;costo sito web Palermo
4759;post;https://maxdigitalinnovation.it/usa-la-local-seo-e-porta-il-tuo-business-al-top/;Local SEO Palermo: Porta il Tuo Business al Top con Max Digital;Local SEO Palermo: Più visibilità su Google;43;Scopri come la Local SEO a Palermo può trasformare la visibilità del tuo business. Max Digital Innovation è la tua agenzia per eccellenza.;Local SEO Palermo: Scopri come la Local SEO a Palermo può trasformare la visibilità del tuo business. Max Digital Innovation è la tua agenzia per eccellenza.;157;"In un mercato competitivo come quello palermitano, farsi notare dai clienti locali è fondamentale per il successo. La local SEO a Palermo è la chiave per aumentare la visibilità online della tua attività…";usa-la-local-seo-e-porta-il-tuo-business-al-top;usa-la-local-seo-e-porta-il-tuo-business-al-top;Local SEO Palermo
4765;post;https://maxdigitalinnovation.it/mobile-marketing-e-micro-momenti/;Mobile Marketing a Palermo: Sfrutta i Micro-Momenti | Max Digital Innovation;Mobile marketing Palermo: Campagne che portano clienti;54;Scopri come Max Digital Innovation ti aiuta a dominare il mobile marketing a Palermo. Sfrutta i micro-momenti per raggiungere i tuoi clienti con strategie digitali innovative.;Mobile marketing Palermo: Scopri come Max Digital Innovation ti aiuta a dominare il mobile marketing a Palermo. Scopri come lavoriamo a Palermo.;144;"Il modo in cui le persone cercano informazioni, prodotti e servizi è cambiato profondamente negli ultimi anni, soprattutto grazie ai dispositivi mobili. Il concetto di ""micro-momenti"" ha rivoluzionato il modo in cui le aziende…";mobile-marketing-e-micro-momenti;mobile-marketing-e-micro-momenti;mobile marketing Palermo
4772;post;https://maxdigitalinnovation.it/social-media-marketing-nel-settore-arredamento/;Marketing Arredamento Palermo: Strategie Social Media Efficaci;Marketing arredamento Palermo: Strategia social che funziona;60;"Max Digital Innovation, agenzia a Palermo, potenzia la tua azienda di arredamento con strategie di Social Media Marketing mirate. Migliora visibilità e coinvolgimento online.";"Marketing arredamento Palermo: Max Digital Innovation, agenzia a Palermo, potenzia la tua azienda di arredamento con strategie di Social Media Marketing.";153;"Il settore dell’arredamento è altamente competitivo e si basa su estetica e funzionalità per attrarre clienti. Con una strategia di social media marketing mirata, le aziende di arredamento a Palermo possono raggiungere un vasto…";social-media-marketing-nel-settore-arredamento;social-media-marketing-nel-settore-arredamento;marketing arredamento Palermo
4777;post;https://maxdigitalinnovation.it/il-web-design-e-la-sua-evoluzione/;Web Design a Palermo: L'Evoluzione e i Vantaggi per la Tua Azienda;Web design Palermo: Sito veloce e che converte;46;"Scopri l'evoluzione del web design e come Max Digital Innovation, web agency a Palermo, può creare un sito web professionale e performante per la tua attività, migliorando visibilità e credibilità.";"Web design Palermo: Scopri l'evoluzione del web design e come Max Digital Innovation, web agency a Palermo, può creare un sito web professionale.";145;"Il web design è un settore in continua evoluzione, influenzato dalle nuove tecnologie, dai cambiamenti nelle abitudini degli utenti e dalle tendenze visive che dominano il mondo digitale. Un sito web ben progettato è…";il-web-design-e-la-sua-evoluzione;il-web-design-e-la-sua-evoluzione;web design Palermo
4783;post;https://maxdigitalinnovation.it/marketing-esperienziale-coinvolgi-il-pubblico-con-esperienze-uniche/;Marketing Esperienziale a Palermo: Coinvolgi con Max Digital;Marketing esperienziale Palermo: Max Digital Innovation;55;Scopri il potere del marketing esperienziale a Palermo con Max Digital Innovation. Crea connessioni profonde e memorabili con il tuo pubblico.;Scopri il potere del marketing esperienziale a Palermo con Max Digital Innovation. Crea connessioni profonde e memorabili con il tuo pubblico.;142;"In un’epoca in cui il semplice messaggio promozionale non basta più, il marketing esperienziale a Palermo sta diventando una strategia essenziale per le aziende che vogliono distinguersi e creare un legame profondo…";marketing-esperienziale-coinvolgi-il-pubblico-con-esperienze-uniche;marketing-esperienziale-palermo;marketing esperienziale Palermo
4789;post;https://maxdigitalinnovation.it/come-creare-siti-web-professionali-e-di-qualita/;Creare Siti Web Professionali a Palermo: Guida Completa;Creare Siti Web Professionali a Palermo: Guida Completa;55;"Scopri come Max Digital Innovation realizza siti web professionali e di qualità a Palermo, ottimizzati per la visibilità e il successo della tua azienda.";"Scopri come Max Digital Innovation realizza siti web professionali e di qualità a Palermo, ottimizzati per la visibilità e il successo della tua azienda.";153;"Un sito web ben progettato è essenziale per qualsiasi azienda che desideri essere competitiva nel mercato digitale. Per le aziende a Palermo, avere un sito web professionale e di qualità rappresenta un’opportunità per migliorare…";come-creare-siti-web-professionali-e-di-qualita;come-creare-siti-web-professionali-e-di-qualita;Creare Siti Web Professionali a Palermo
4794;post;https://maxdigitalinnovation.it/come-scegliere-lagenzia-pubblicitaria-a-palermo-ideale-per-la-vostra-azienda/;Agenzia Pubblicitaria Palermo: Guida alla Scelta Ideale;Agenzia Pubblicitaria Palermo: Guida alla Scelta Ideale;55;"Scopri come scegliere l'agenzia pubblicitaria ideale a Palermo per la tua azienda. Max Digital Innovation offre soluzioni su misura per cartelloni, striscioni e marketing.";Agenzia pubblicitaria Palermo: Scopri come scegliere l'agenzia pubblicitaria ideale a Palermo per la tua azienda. Scopri come lavoriamo a Palermo.;146;"In un mercato sempre più competitivo, la scelta della giusta agenzia pubblicitaria a Palermo può fare la differenza tra una campagna di successo e una che non riesce a raggiungere i risultati desiderati. Un’agenzia…";come-scegliere-lagenzia-pubblicitaria-a-palermo-ideale-per-la-vostra-azienda;agenzia-pubblicitaria-palermo;agenzia pubblicitaria Palermo
4807;post;https://maxdigitalinnovation.it/10-modi-per-migliorare-la-visibilita-del-tuo-sito-web-sui-motori-di-ricerca/;Migliora Visibilità Sito Web: 10 Strategie SEO Vincenti;Migliora Visibilità Sito Web: 10 Strategie SEO Vincenti;55;Scopri 10 strategie SEO efficaci per migliorare la visibilità del tuo sito web a Palermo. Aumenta il traffico e raggiungi nuovi clienti con Max Digital;Migliora Visibilità Sito Web: Scopri 10 strategie SEO efficaci per migliorare la visibilità del tuo sito web a Palermo. Aumenta il traffico e raggiungi.;152;"Se desideri migliorare il tuo sito web a Palermo e aumentare la sua visibilità online, è essenziale seguire strategie mirate di ottimizzazione per i motori di ricerca (SEO). Avere un sito ben posizionato ti…";10-modi-per-migliorare-la-visibilita-del-tuo-sito-web-sui-motori-di-ricerca;migliora-visibilita-sito-web;Migliora Visibilità Sito Web
4812;post;https://maxdigitalinnovation.it/web-agency-a-palermo-per-creare-un-sito-professionale/;Web Agency a Palermo: Siti Professionali e Strategie Digitali;Web agency a Palermo: per creare un sito professionale;54;"Max Digital Innovation: la tua web agency a Palermo per creare siti web professionali, ottimizzare la SEO e gestire i social media. Raggiungi nuovi clienti!";"Max Digital Innovation: la tua web agency a Palermo per creare siti web professionali, ottimizzare la SEO e gestire i social media. Raggiungi nuovi clienti!";156;"Se hai un’attività e vuoi migliorare la tua presenza online, affidarti a una web agency a Palermo per la creazione di un sito professionale è il primo passo per raggiungere nuovi clienti e costruire…";web-agency-a-palermo-per-creare-un-sito-professionale;web-agency-a-palermo-per-creare-un-sito-professionale;web agency a Palermo
4818;post;https://maxdigitalinnovation.it/digital-agency-a-palermo-la-soluzione-completa-per-la-tua-presenza-online/;Digital Agency a Palermo;Digital Agency a Palermo: La Soluzione Completa per la Tua;58;Digital Agency a Palermo: Max Digital Innovation ti aiuta a costruire una presenza online professionale. Scopri i nostri servizi.;Digital Agency a Palermo: Max Digital Innovation ti aiuta a costruire una presenza online professionale. Scopri i nostri servizi. Parla con i nostri esperti.;157;"In un mercato digitale sempre più competitivo, affidarsi a una digital agency a Palermo è la scelta ideale per le aziende che desiderano costruire e migliorare la propria presenza online. Una digital agency professionale…";digital-agency-a-palermo-la-soluzione-completa-per-la-tua-presenza-online;digital-agency-palermo;Digital Agency a Palermo
4823;post;https://maxdigitalinnovation.it/creare-un-video-aziendale-efficace-coinvolgente-e-professionale/;Video Aziendale a Palermo: Guida Completa per il Successo;Video aziendale Palermo: Video che fanno crescere il brand;58;"Scopri come creare un video aziendale efficace, coinvolgente e professionale a Palermo con Max Digital Innovation. Migliora la tua visibilità e comunicazione.";"Scopri come creare un video aziendale efficace, coinvolgente e professionale a Palermo con Max Digital Innovation. Migliora la tua visibilità e comunicazione.";158;"Oggi, creare un video aziendale a Palermo è una strategia indispensabile per migliorare la visibilità e la comunicazione di un brand. Un video aziendale professionale permette di raccontare l’identità e i valori dell’azienda…";creare-un-video-aziendale-efficace-coinvolgente-e-professionale;video-aziendale-palermo;video aziendale Palermo
4829;post;https://maxdigitalinnovation.it/rendi-la-tua-azienda-digitale-trasformazione-e-innovazione-a-palermo/;Azienda Digitale Palermo: Trasformazione e Innovazione con Max DI;Azienda digitale Palermo: Guida pratica per le PMI;50;"Trasforma la tua attività in un'azienda digitale a Palermo con Max Digital Innovation. Scopri strategie di marketing, SEO e soluzioni innovative per crescere online.";Azienda digitale Palermo: Trasforma la tua attività in un'azienda digitale a Palermo con Max Digital Innovation. Scopri come lavoriamo a Palermo.;145;"In un mondo sempre più connesso, rendere la propria attività un’ azienda digitale a Palermo è fondamentale per stare al passo con la concorrenza e sfruttare appieno le opportunità del mercato online. La digitalizzazione…";rendi-la-tua-azienda-digitale-trasformazione-e-innovazione-a-palermo;azienda-digitale-palermo;azienda digitale Palermo
4835;post;https://maxdigitalinnovation.it/come-migliorare-la-tua-brand-reputation-con-le-attivita-di-digital-marketing/;Migliorare reputazione brand a Palermo;Migliorare reputazione brand a Palermo;38;Migliorare la reputazione del tuo brand a Palermo: scopri come Max Digital Innovation può aiutarti con strategie di digital marketing.;Migliorare reputazione brand a Palermo: Migliorare la reputazione del tuo brand a Palermo: scopri come Max Digital Innovation può aiutarti con strategie.;153;"Oggi, la reputazione di un brand è uno degli elementi più importanti per il successo di un’azienda. Se desideri migliorare la reputazione del tuo brand a Palermo , il digital marketing offre strumenti potenti…";come-migliorare-la-tua-brand-reputation-con-le-attivita-di-digital-marketing;migliorare-reputazione-brand-palermo;Migliorare reputazione brand a Palermo
4844;post;https://maxdigitalinnovation.it/come-realizzare-un-sito-web-efficace-le-migliori-alternative-per-creare-un-percorso-di-successo-online/;Creazione Sito Web a Palermo;Creazione Sito Web a Palermo: Sito veloce e che converte;56;Creazione sito web a Palermo: scopri come Max Digital Innovation può aiutarti a realizzare un sito efficace e personalizzato.;Creazione sito web a Palermo: scopri come Max Digital Innovation può aiutarti a realizzare un sito efficace e personalizzato. Scopri come lavoriamo a Palermo.;158;La creazione di un sito web a Palermo rappresenta un passo fondamentale per ogni azienda o professionista che desidera raggiungere il proprio pubblico e crescere online. Avere un sito efficace non significa solo avere…;come-realizzare-un-sito-web-efficace-le-migliori-alternative-per-creare-un-percorso-di-successo-online;creazione-sito-web-palermo;Creazione Sito Web a Palermo
4849;post;https://maxdigitalinnovation.it/sito-web-accessibile-cose-come-crearlo-e-perche-e-importante/;Sito Web Accessibile: Guida Completa | Max Digital;Sito Web Accessibile: Guida Completa | Max Digital;50;Scopri l'importanza di un sito web accessibile. Max Digital Innovation ti guida nella creazione di siti inclusivi e professionali a Palermo.;Scopri l'importanza di un sito web accessibile. Max Digital Innovation ti guida nella creazione di siti inclusivi e professionali a Palermo.;140;"Oggi, realizzare un sito web accessibile a Palermo è una scelta fondamentale per le aziende e i professionisti che desiderano raggiungere un pubblico ampio e inclusivo. Un sito accessibile permette a tutte le persone…";sito-web-accessibile-cose-come-crearlo-e-perche-e-importante;sito-web-accessibile-cose-come-crearlo-e-perche-e-importante;Sito Web Accessibile
4855;post;https://maxdigitalinnovation.it/privacy-policy-sito-web-cose-e-come-scriverla-correttamente/;Privacy Policy Sito Web: Guida Completa e Conformità GDPR;Privacy Policy Sito Web: Guida Completa e Conformità GDPR;57;Scopri cos'è e come scrivere una Privacy Policy sito web a Palermo conforme al GDPR. Max Digital Innovation ti guida nella protezione dei dati e nella conformità legale.;Scopri cos'è e come scrivere una Privacy Policy sito web a Palermo conforme al GDPR. Scopri come lavoriamo a Palermo. Richiedi una consulenza gratuita.;151;"La privacy policy di un sito web è un documento essenziale per qualsiasi azienda o professionista che gestisce una presenza online, soprattutto in conformità con il Regolamento Generale sulla Protezione dei Dati (GDPR)…";privacy-policy-sito-web-cose-e-come-scriverla-correttamente;privacy-policy-sito-web-cose-e-come-scriverla-correttamente;privacy policy sito web
4860;post;https://maxdigitalinnovation.it/le-11-regole-per-un-sito-web-efficace/;Siti Web Efficaci a Palermo: Le 11 Regole di Max Digital;Siti Web Efficaci a Palermo: Le 11 Regole di Max Digital;56;"Scopri le 11 regole essenziali per creare siti web efficaci a Palermo con Max Digital Innovation. Ottimizza design, SEO e user experience per convertire.";"Scopri le 11 regole essenziali per creare siti web efficaci a Palermo con Max Digital Innovation. Ottimizza design, SEO e user experience per convertire.";153;"Se desideri fare siti web a Palermo e ottenere risultati concreti, ci sono alcune regole essenziali da seguire per garantire che il tuo sito sia efficace, visibile e in grado di convertire i visitatori…";le-11-regole-per-un-sito-web-efficace;le-11-regole-per-un-sito-web-efficace;Siti Web Efficaci a Palermo
4866;post;https://maxdigitalinnovation.it/creare-un-sito-web-a-palermo-le-caratteristiche-di-unarchitettura-efficace/;Struttura Sito Web Efficace: Guida Completa | Max Digital;Struttura Sito Web Efficace: Guida Completa | Max Digital;57;Scopri come creare un sito web a Palermo con un'architettura efficace. Max Digital Innovation ti guida nella progettazione per SEO e UX. Leggi di più!;Struttura sito web: Scopri come creare un sito web a Palermo con un'architettura efficace. Max Digital Innovation ti guida nella progettazione per SEO e UX.;156;"Quando si tratta di creare un sito web a Palermo , la struttura e l’architettura del sito sono elementi essenziali per garantire una navigazione intuitiva, migliorare la SEO e facilitare l’accesso ai contenuti. Un’architettura…";creare-un-sito-web-a-palermo-le-caratteristiche-di-unarchitettura-efficace;struttura-sito-web;struttura sito web
4872;post;https://maxdigitalinnovation.it/strategie-di-web-reputation-come-costruire-gestire-e-misurare-la-percezione-online/;"Web Reputation: Costruire, Gestire e Misurare la Percezione Online";Web reputation: Sito veloce e che converte;42;"Scopri strategie avanzate per costruire, gestire e misurare la tua web reputation. Max Digital Innovation ti guida a Palermo nella creazione di una presenza online autorevole.";"Scopri strategie avanzate per costruire, gestire e misurare la tua web reputation. Scopri come lavoriamo a Palermo. Richiedi una consulenza gratuita.";149;"Per costruire una solida web reputation, la realizzazione di un sito internet a Palermo è il primo passo fondamentale. Un sito ben progettato non è solo una vetrina per i servizi…";strategie-di-web-reputation-come-costruire-gestire-e-misurare-la-percezione-online;web-reputation;web reputation
4882;post;https://maxdigitalinnovation.it/sognavi-un-hotel-sempre-pieno-il-web-marketing-per-il-turismo-puo-trasformare-il-tuo-sogno-in-realta/;Web Marketing Hotel Palermo: Massimizza Prenotazioni - Max Digital;Web marketing hotel Palermo: Campagne che portano clienti;57;Trasforma il tuo hotel a Palermo in una destinazione ambita con le strategie di web marketing turistico di Max Digital Innovation. Aumenta visibilità e prenotazioni.;Web marketing hotel Palermo: Trasforma il tuo hotel a Palermo in una destinazione ambita con le strategie di web marketing turistico di Max Digital.;148;"Se gestisci un hotel e desideri aumentare le prenotazioni, il web marketing per hotel a Palermo è la chiave per attirare nuovi clienti e raggiungere un pubblico ampio. Con le giuste strategie di marketing…";sognavi-un-hotel-sempre-pieno-il-web-marketing-per-il-turismo-puo-trasformare-il-tuo-sogno-in-realta;web-marketing-hotel-palermo;web marketing hotel Palermo
4888;post;https://maxdigitalinnovation.it/google-ai-search-la-nuova-era-della-ricerca-intelligente-e-le-opportunita-per-il-marketing/;Google AI Search: Ricerca Intelligente e Marketing a Palermo;Google AI Search Palermo: Più visibilità su Google;50;Scopri come Google AI Search rivoluziona il marketing. Max Digital Innovation ti guida a sfruttare l'AI per la visibilità del tuo business a Palermo.;Scopri come Google AI Search rivoluziona il marketing. Max Digital Innovation ti guida a sfruttare l'AI per la visibilità del tuo business a Palermo.;149;L'introduzione di Google AI Search rappresenta un cambiamento epocale nel modo in cui le informazioni vengono trovate e utilizzate online. Questa evoluzione della ricerca sta aprendo nuove opportunità per le aziende di ogni settore…;google-ai-search-la-nuova-era-della-ricerca-intelligente-e-le-opportunita-per-il-marketing;google-search-palermo;Google AI Search Palermo
4893;post;https://maxdigitalinnovation.it/aumentare-le-vendite-ecommerce-non-sei-soddisfatto-della-tua-agenzia/;Aumentare Vendite eCommerce Palermo | Max Digital Innovation;Aumentare Vendite eCommerce Palermo | Max Digital Innovation;60;"Non soddisfatto delle vendite eCommerce a Palermo? Max Digital Innovation ottimizza il tuo e-commerce con strategie SEO, UX e social media. Migliora le";Aumentare Vendite eCommerce Palermo: Non soddisfatto delle vendite eCommerce a Palermo? Max Digital Innovation ottimizza il tuo E-commerce con strategie.;153;"Se gestisci un e-commerce a Palermo e senti che le tue vendite non raggiungono il loro potenziale, potrebbe essere il momento di rivedere la tua strategia digitale. La gestione e-commerce a Palermo richiede…";aumentare-le-vendite-ecommerce-non-sei-soddisfatto-della-tua-agenzia;aumentare-vendite-ecommerce-palermo;Aumentare Vendite eCommerce Palermo
4898;post;https://maxdigitalinnovation.it/come-essere-in-prima-pagina-su-google-le-bugie-piu-diffuse-sulla-seo/;Prima Pagina Google: Miti e Verità SEO | max digital;Prima Pagina Google: Miti e Verità SEO | max digital;52;Scopri le verità dietro i miti SEO più diffusi e le strategie efficaci di max digital innovation per raggiungere la prima pagina di Google. Evita le bugie;Prima Pagina Google: Scopri le verità dietro i miti SEO più diffusi e le strategie efficaci di max digital innovation per raggiungere la prima pagina.;150;La domanda “Come essere in prima pagina su Google?” è probabilmente la più frequente nel mondo del marketing digitale. Raggiungere le prime posizioni nei risultati di ricerca è il sogno di ogni azienda…;come-essere-in-prima-pagina-su-google-le-bugie-piu-diffuse-sulla-seo;prima-pagina-google;Prima Pagina Google
4903;post;https://maxdigitalinnovation.it/gestione-marketing-per-la-tua-enoteca/;Marketing Enoteca Palermo: Strategie di Successo | Max;Marketing Enoteca Palermo: Strategie di Successo | Max;54;Massimizza la visibilità e le vendite della tua enoteca a Palermo con le strategie di marketing digitale e tradizionale di Max Digital Innovation. Scopri;Marketing Enoteca Palermo: Massimizza la visibilità e le vendite della tua enoteca a Palermo con le strategie di marketing digitale e tradizionale di Max.;154;"Se gestisci un’enoteca a Palermo e vuoi far crescere la tua attività, una buona gestione del marketing per la tua enoteca è fondamentale per attrarre clienti, migliorare la visibilità e incrementare le vendite. Vediamo…";gestione-marketing-per-la-tua-enoteca;gestione-marketing-per-la-tua-enoteca;Marketing Enoteca Palermo
4912;post;https://maxdigitalinnovation.it/gestione-marketing-per-il-tuo-fast-food/;Marketing Fast Food Palermo: Strategie Vincenti per il Tuo;Marketing Fast Food Palermo: Strategie Vincenti per il Tuo;58;Massimizza visibilità e vendite del tuo fast food a Palermo. Strategie di marketing mirate di Max Digital Innovation per attrarre e fidelizzare clienti.;Massimizza visibilità e vendite del tuo fast food a Palermo. Strategie di marketing mirate di Max Digital Innovation per attrarre e fidelizzare clienti.;152;"Se gestisci un fast food a Palermo, saprai che la concorrenza è alta e attirare nuovi clienti richiede strategie mirate. Una gestione marketing per il tuo fast food a Palermo efficace può fare…";gestione-marketing-per-il-tuo-fast-food;gestione-marketing-per-il-tuo-fast-food;Marketing Fast Food Palermo
4917;post;https://maxdigitalinnovation.it/gestione-social-media-per-la-tua-attivita/;Gestione Social Media per Attività a Palermo | Max Digital Innovation;Gestione social media Palermo: Strategia social che funziona;60;Migliora la tua presenza online con la gestione social media professionale di Max Digital Innovation a Palermo. Strategie mirate per aumentare visibilità e coinvolgimento.;Gestione social media Palermo: Migliora la tua presenza online con la gestione social media professionale di Max Digital Innovation a Palermo.;142;"In un mondo sempre più digitale, la gestione social media per attività a Palermo è diventata una componente fondamentale per qualsiasi business che voglia espandere la propria presenza online. Con l'uso strategico delle piattaforme…";gestione-social-media-per-la-tua-attivita;gestione-social-media-per-la-tua-attivita;gestione social media Palermo
4924;post;https://maxdigitalinnovation.it/marketing-e-pubblicita-a-palermo-tutti-i-tipi-di-pubblicita-per-far-crescere-la-tua-attivita/;Marketing e Pubblicità a Palermo: Guida Completa per la Crescita;Marketing e pubblicità Palermo: Campagne che portano clienti;60;"Scopri tutti i tipi di marketing e pubblicità a Palermo per far crescere la tua attività. Dalle strategie digitali a quelle tradizionali, Max Digital Innovation ti guida verso il successo.";Marketing e pubblicità Palermo: Scopri tutti i tipi di marketing e pubblicità a Palermo per far crescere la tua attività. Scopri come lavoriamo a Palermo.;154;"In un mercato in continua evoluzione come quello di Palermo, scegliere il giusto mix di marketing e pubblicità è fondamentale per distinguersi e raggiungere nuovi clienti. Ogni attività, dal piccolo negozio alla grande azienda…";marketing-e-pubblicita-a-palermo-tutti-i-tipi-di-pubblicita-per-far-crescere-la-tua-attivita;marketing-pubblicita-palermo;marketing e pubblicità Palermo
4930;post;https://maxdigitalinnovation.it/vuoi-aprire-unattivita-a-palermo-e-non-sai-a-chi-affidarti-ecco-come-fare-gestione-marketing-attivita-a-palermo/;Aprire Attività a Palermo: Guida Completa con Max Digital;Aprire Attività a Palermo: Guida Completa con Max Digital;57;"Vuoi avviare un'attività a Palermo? Scopri come Max Digital Innovation ti supporta con strategie di marketing, branding e presenza digitale per un";"Aprire Attività a Palermo: Vuoi avviare un'attività a Palermo? Scopri come Max Digital Innovation ti supporta con strategie di marketing, branding.";147;"Aprire un’attività a Palermo è un’opportunità entusiasmante, ma richiede pianificazione, strategia e supporto professionale per partire con il piede giusto. La gestione attività a Palermo comprende tutto ciò che serve per rendere il tuo…";vuoi-aprire-unattivita-a-palermo-e-non-sai-a-chi-affidarti-ecco-come-fare-gestione-marketing-attivita-a-palermo;aprire-attivita-palermo;Aprire Attività a Palermo
4935;post;https://maxdigitalinnovation.it/la-tua-agenzia-di-marketing-a-palermo-per-una-crescita-su-misura/;Agenzia di Marketing a Palermo | Max Digital Innovation;Agenzia di Marketing a Palermo | Max Digital Innovation;55;"Max Digital Innovation è la tua agenzia di marketing a Palermo. Scopri i nostri servizi su misura per aumentare visibilità, clienti e fatturato della tua attività locale.";Max Digital Innovation è la tua agenzia di marketing a Palermo. Scopri come lavoriamo a Palermo. Richiedi una consulenza gratuita. Parla con i nostri esperti.;158;"In un mercato competitivo come quello palermitano, avere una strategia di marketing solida e mirata è essenziale per qualsiasi attività che voglia crescere e distinguersi. Max Digital Innovation, agenzia di marketing a Palermo…";la-tua-agenzia-di-marketing-a-palermo-per-una-crescita-su-misura;agenzia-marketing-palermo-2;agenzia di marketing a Palermo
4940;post;https://maxdigitalinnovation.it/quanto-costa-realizzare-un-cartello-pubblicitario-a-palermo/;Costo Cartello Pubblicitario a Palermo | Max Digital;Costo Cartello Pubblicitario a Palermo | Max Digital;52;Scopri quanto costa realizzare un cartello pubblicitario a Palermo. Max Digital Innovation offre soluzioni su misura per aumentare la visibilità della tua;Costo Cartello Pubblicitario a Palermo: Scopri quanto costa realizzare un cartello pubblicitario a Palermo. Max Digital Innovation offre soluzioni su misura.;157;"Se desideri promuovere la tua attività e raggiungere un vasto pubblico, realizzare un cartello pubblicitario a Palermo è una soluzione efficace. La pubblicità esterna rappresenta un investimento importante per le aziende locali, in grado…";quanto-costa-realizzare-un-cartello-pubblicitario-a-palermo;quanto-costa-realizzare-un-cartello-pubblicitario-a-palermo;Costo Cartello Pubblicitario a Palermo
4947;post;https://maxdigitalinnovation.it/cosa-fare-per-indicizzare-il-tuo-sito-web/;Come Indicizzare un Sito Web: Guida Completa | Max Digital Innovation;Come indicizzare un sito web: Sito veloce e che converte;56;"Scopri come indicizzare un sito web con la guida completa di Max Digital Innovation. Consigli pratici, ottimizzazione SEO e supporto esperto per la tua visibilità online.";Scopri come indicizzare un sito web con la guida completa di Max Digital Innovation. Scopri come lavoriamo a Palermo. Richiedi una consulenza gratuita.;151;"Se hai un sito web e desideri che sia facilmente trovato dagli utenti, sapere come indicizzare un sito web è il primo passo per costruire una presenza online di successo. L’indicizzazione è un processo…";cosa-fare-per-indicizzare-il-tuo-sito-web;cosa-fare-per-indicizzare-il-tuo-sito-web;come indicizzare un sito web
4952;post;https://maxdigitalinnovation.it/non-sai-come-sponsorizzare-il-tuo-progetto-artistico-scopri-le-strategie-vincenti/;Come Sponsorizzare Progetto Artistico: Strategie Vincenti;Come Sponsorizzare Progetto Artistico: Strategie Vincenti;57;Scopri le strategie più efficaci per sponsorizzare il tuo progetto artistico. Max Digital Innovation ti guida verso visibilità e successo nel mondo dell'arte digitale.;Sponsorizzare progetto artistico: Scopri le strategie più efficaci per sponsorizzare il tuo progetto artistico. Scopri come lavoriamo a Palermo.;144;"Sei un artista che cerca di farsi conoscere, ma non sai come sponsorizzare il tuo progetto artistico ? Promuovere le tue opere o iniziative nel mondo digitale può sembrare una sfida…";non-sai-come-sponsorizzare-il-tuo-progetto-artistico-scopri-le-strategie-vincenti;sponsorizzare-progetto-artistico;sponsorizzare progetto artistico
4957;post;https://maxdigitalinnovation.it/il-partner-giusto-per-il-tuo-successo-come-trovare-uno-sponsor-affidabile-a-palermo/;Trovare Sponsor Affidabile a Palermo con Max Digital Innovation;Sponsor affidabile Palermo: Guida pratica per le PMI;52;Scopri come trovare uno sponsor affidabile a Palermo per il tuo progetto. Max Digital Innovation ti guida con strategie personalizzate per il successo della tua attività.;Sponsor affidabile Palermo: Scopri come trovare uno sponsor affidabile a Palermo per il tuo progetto. Scopri come lavoriamo a Palermo.;134;"Se hai un progetto o un’attività da promuovere, trovare uno sponsor affidabile a Palermo può fare la differenza tra il successo e il fallimento. Gli sponsor non solo forniscono supporto economico, ma offrono…";il-partner-giusto-per-il-tuo-successo-come-trovare-uno-sponsor-affidabile-a-palermo;sponsor-affidabile-palermo;sponsor affidabile Palermo
4963;post;https://maxdigitalinnovation.it/marketing-per-imprese-edili/;Marketing per Imprese Edili a Palermo: Strategie Vincenti;Marketing Imprese Edili Palermo: Max Digital Innovation;55;"Scopri come Max Digital Innovation può rivoluzionare il marketing per la tua impresa edile a Palermo. Aumenta visibilità, reputazione e contatti qualificati.";"Scopri come Max Digital Innovation può rivoluzionare il marketing per la tua impresa edile a Palermo. Aumenta visibilità, reputazione e contatti qualificati.";157;"Nel settore edile, la concorrenza è alta e distinguersi è essenziale per ottenere nuovi progetti e fidelizzare i clienti. Il marketing nel settore edile a Palermo rappresenta un’opportunità per costruire un’immagine forte e attrarre…";marketing-per-imprese-edili;marketing-per-imprese-edili;Marketing Imprese Edili Palermo
4970;post;https://maxdigitalinnovation.it/web-agency-a-palermo-la-guida-completa-per-far-crescere-la-tua-attivita-online/;Web Agency a Palermo: Guida Completa per la Tua Attività Online;Web agency a Palermo: La Guida Completa per Far Crescere la;59;"Scopri come Max Digital Innovation, web agency a Palermo, può far crescere la tua attività online con servizi di creazione siti web, SEO, social media e marketing.";"Scopri come Max Digital Innovation, web agency a Palermo, può far crescere la tua attività online con servizi di creazione siti. Parla con i nostri esperti.";156;"Se stai cercando una web agency a Palermo , probabilmente sai quanto sia importante avere un partner affidabile per promuovere la tua attività online. Una web agency può aiutarti a sviluppare un sito web…";web-agency-a-palermo-la-guida-completa-per-far-crescere-la-tua-attivita-online;web-agency-palermo;web agency a Palermo
4976;post;https://maxdigitalinnovation.it/copywriter-seo-per-i-social-media-perche-a-google-piace-web-agency-seo-a-palermo/;Web Agency SEO a Palermo: Max Digital Innovation;Web agency SEO Palermo: Sito veloce e che converte;50;"Migliora il tuo posizionamento online con Max Digital Innovation, la tua web agency SEO a Palermo. Strategie su misura per il traffico organico e nuovi clienti.";"Web agency SEO Palermo: Migliora il tuo posizionamento online con Max Digital Innovation, la tua web agency SEO a Palermo. Scopri come lavoriamo a Palermo.";155;"La presenza online è fondamentale per qualsiasi attività che voglia avere successo nel mercato moderno. Se stai cercando una Web agency SEO a Palermo , probabilmente sai quanto sia importante ottimizzare il tuo sito…";copywriter-seo-per-i-social-media-perche-a-google-piace-web-agency-seo-a-palermo;web-agency-seo-palermo;Web agency SEO Palermo
4982;post;https://maxdigitalinnovation.it/web-agency-a-palermo-per-il-settore-immobiliare-la-chiave-per-il-successo-online/;Web Agency Palermo Immobiliare: Max Digital Innovation;Web Agency Palermo Immobiliare: Max Digital Innovation;54;"Max Digital Innovation: la tua web agency a Palermo per il settore immobiliare. Aumenta visibilità, vendite e credibilità online con soluzioni digitali su";"Web Agency Palermo Immobiliare: Max Digital Innovation: la tua web agency a Palermo per il settore immobiliare. Aumenta visibilità, vendite e credibilità.";154;"Nel mercato immobiliare, la competizione è sempre più serrata e distinguersi è fondamentale per attirare nuovi clienti. Affidarsi a una web agency nel settore immobiliare può fare la differenza, soprattutto per agenzie che desiderano…";web-agency-a-palermo-per-il-settore-immobiliare-la-chiave-per-il-successo-online;web-agency-palermo-immobiliare;Web Agency Palermo Immobiliare
4987;post;https://maxdigitalinnovation.it/web-agency-per-startup-a-palermo-la-tua-guida-al-successo-digitale/;Web Agency per Startup a Palermo: Successo Digitale con Max Digital;Web agency startup Palermo: Guida pratica per le PMI;52;"La tua startup a Palermo merita il successo digitale. Max Digital Innovation è la web agency che ti guida con strategie personalizzate, SEO, social media e siti web performanti.";Web agency startup Palermo: La tua startup a Palermo merita il successo digitale. Scopri come lavoriamo a Palermo. Richiedi una consulenza gratuita.;148;"Nel panorama competitivo delle startup, avere una strategia digitale efficace è fondamentale per emergere. Una web agency per startup a Palermo può trasformare la tua idea innovativa in un progetto di successo, aiutandoti…";web-agency-per-startup-a-palermo-la-tua-guida-al-successo-digitale;web-agency-startup-palermo;web agency startup Palermo
4993;post;https://maxdigitalinnovation.it/web-agency-per-e-commerce-a-palermo-come-incrementare-le-vendite-online/;Web Agency E-commerce Palermo: Aumenta Vendite Online | Max Digital;Web agency E-commerce Palermo: Vendi di più online;50;Max Digital Innovation è la tua web agency per e-commerce a Palermo. Creiamo e ottimizziamo negozi online performanti per incrementare le tue vendite e la visibilità. Scopri i nostri servizi.;Web agency E-commerce Palermo: Max Digital Innovation è la tua web agency per E-commerce a Palermo. Scopri come lavoriamo a Palermo.;132;"Gestire un negozio online non significa solo creare una piattaforma per vendere prodotti, ma anche sviluppare strategie per attirare clienti e ottimizzare le conversioni. Affidarsi a una web agency per e-commerce a Palermo è…";web-agency-per-e-commerce-a-palermo-come-incrementare-le-vendite-online;web-agency-ecommerce-palermo;web agency e-commerce Palermo
4999;post;https://maxdigitalinnovation.it/web-agency-a-palermo-per-eventi-massimizza-la-partecipazione-al-tuo-evento/;Web Agency a Palermo per Eventi: Massimizza la Partecipazione;Web Agency Palermo Eventi: Guida pratica per le PMI;51;"Max Digital Innovation, Web Agency a Palermo, offre strategie digitali su misura per eventi. Aumenta visibilità, engagement e partecipazione con i nostri servizi.";"Web Agency Palermo Eventi: Max Digital Innovation, Web Agency a Palermo, offre strategie digitali su misura per eventi. Scopri come lavoriamo a Palermo.";152;Organizzare un evento di successo richiede molto più che una buona idea. La promozione efficace è essenziale per garantire una partecipazione significativa e raggiungere i tuoi obiettivi. Una Web Agency a Palermo per Eventi…;web-agency-a-palermo-per-eventi-massimizza-la-partecipazione-al-tuo-evento;web-agency-palermo-eventi;Web Agency Palermo Eventi
5004;post;https://maxdigitalinnovation.it/web-agency-locale-a-palermo-la-tua-guida-per-conquistare-il-pubblico-della-citta/;Web Agency Locale a Palermo: Max Digital Innovation;Web agency locale Palermo: Guida pratica per le PMI;51;"Max Digital Innovation, web agency locale a Palermo, ti aiuta a conquistare il pubblico della città con strategie su misura, SEO locale e pubblicità digitale mirata. Contattaci!";"Web agency locale Palermo: Max Digital Innovation, web agency locale a Palermo, ti aiuta a conquistare il pubblico della città con strategie su misura, SEO.";156;"Se gestisci un’attività a Palermo, sai quanto sia importante raggiungere il tuo pubblico locale in modo efficace. Una web agency locale a Palermo è il partner ideale per aiutarti a promuovere i tuoi servizi…";web-agency-locale-a-palermo-la-tua-guida-per-conquistare-il-pubblico-della-citta;web-agency-locale-palermo;web agency locale Palermo
5010;post;https://maxdigitalinnovation.it/pubblicita-digitale-a-palermo-come-aumentare-la-visibilita-della-tua-attivita/;Pubblicità Digitale a Palermo: Aumenta la Visibilità Online;Pubblicità digitale Palermo: Guida pratica per le PMI;53;"Massimizza la visibilità della tua attività a Palermo con la pubblicità digitale di Max Digital Innovation. Campagne Google Ads, Social Media e Retargeting su misura per te.";Pubblicità digitale Palermo: Massimizza la visibilità della tua attività a Palermo con la pubblicità digitale di Max Digital Innovation.;136;"La pubblicità digitale a Palermo rappresenta un’opportunità unica per le aziende che vogliono espandere la loro presenza online e raggiungere nuovi clienti. In un mercato competitivo come quello palermitano, affidarsi a strategie mirate è…";pubblicita-digitale-a-palermo-come-aumentare-la-visibilita-della-tua-attivita;pubblicita-digitale-palermo;pubblicità digitale Palermo
5015;post;https://maxdigitalinnovation.it/creazione-siti-web-professionali-a-palermo-costruisci-la-tua-identita-digitale/;Siti Web Professionali a Palermo | Max Digital Innovation;Siti web professionali Palermo: Sito veloce e che converte;58;"Max Digital Innovation è la tua agenzia a Palermo per siti web professionali. Costruisci la tua identità digitale con soluzioni su misura, SEO e design accattivante.";Siti web professionali Palermo: Max Digital Innovation è la tua agenzia a Palermo per siti web professionali. Scopri come lavoriamo a Palermo.;142;"In un mondo sempre più connesso, avere una presenza online professionale è fondamentale per distinguersi nel mercato. Se sei alla ricerca di un partner esperto nella creazione di siti web professionali a Palermo…";creazione-siti-web-professionali-a-palermo-costruisci-la-tua-identita-digitale;siti-web-professionali-palermo;siti web professionali Palermo
5022;post;https://maxdigitalinnovation.it/marketing-su-misura-per-il-tuo-negozio-di-giocattoli/;Marketing Negozi Giocattoli Palermo: Strategie Vincenti;Marketing Negozi Giocattoli Palermo: Strategie Vincenti;55;Trasforma il tuo negozio di giocattoli a Palermo in un punto di riferimento! Scopri le strategie di marketing su misura di Max Digital Innovation per;Marketing negozi giocattoli Palermo: Trasforma il tuo negozio di giocattoli a Palermo in un punto di riferimento! Scopri le strategie di marketing su misura.;157;"Attirare famiglie e bambini nel tuo punto vendita richiede strategie mirate ed efficaci. Con il marketing per negozi di giocattoli a Palermo , Max Digital Innovation ti aiuta a trasformare il tuo negozio…";marketing-su-misura-per-il-tuo-negozio-di-giocattoli;marketing-su-misura-per-il-tuo-negozio-di-giocattoli;marketing negozi giocattoli Palermo
5027;post;https://maxdigitalinnovation.it/marketing-per-farmacie-come-aumentare-visibilita-e-fidelizzare-i-clienti/;Marketing per Farmacie a Palermo: Visibilità e Clienti;Marketing per Farmacie a Palermo: Visibilità e Clienti;54;Aumenta la visibilità e fidelizza i clienti con strategie di marketing per farmacie a Palermo. Max Digital Innovation è il tuo partner.;Aumenta la visibilità e fidelizza i clienti con strategie di marketing per farmacie a Palermo. Max Digital Innovation è il tuo partner.;135;"In un mercato in continua evoluzione, il marketing per farmacie a Palermo è una leva strategica indispensabile per attrarre nuovi clienti e fidelizzare quelli già acquisiti. Max Digital Innovation, specializzata in soluzioni digitali…";marketing-per-farmacie-come-aumentare-visibilita-e-fidelizzare-i-clienti;marketing-farmacie-palermo;marketing per farmacie a Palermo
5035;post;https://maxdigitalinnovation.it/marketing-digitale-a-palermo-la-chiave-per-il-successo-della-tua-attivita/;Marketing Digitale a Palermo: Strategie per il Tuo Successo;Marketing digitale Palermo: Campagne che portano clienti;56;"Max Digital Innovation: la tua agenzia di marketing digitale a Palermo. Scopri strategie su misura per visibilità, clienti e crescita del tuo business online.";"Max Digital Innovation: la tua agenzia di marketing digitale a Palermo. Scopri strategie su misura per visibilità, clienti e crescita del tuo business online.";158;"In un mondo in cui il digitale domina ogni aspetto della comunicazione, investire nel marketing digitale a Palermo è essenziale per distinguersi dalla concorrenza. Max Digital Innovation, con la sua esperienza e competenza, offre…";marketing-digitale-a-palermo-la-chiave-per-il-successo-della-tua-attivita;marketing-digitale-palermo;marketing digitale Palermo
5043;post;https://maxdigitalinnovation.it/cosa-si-intende-per-sito-web-una-guida-per-capirne-limportanza/;Sito Web: Guida Essenziale e Importanza per il Business;Cosa si intende per sito web: Sito veloce e che converte;56;"Scopri cos'è un sito web, la sua importanza strategica per la tua attività e come Max Digital Innovation può aiutarti a creare una presenza online di";"Cosa si intende per sito web: Scopri cos'è un sito web, la sua importanza strategica per la tua attività e come Max Digital Innovation può aiutarti a creare.";157;"Nel mondo digitale di oggi, ogni attività o professionista deve conoscere cosa si intende per sito web e il ruolo che questo gioca nella costruzione di un’identità online. Un sito web è uno strumento…";cosa-si-intende-per-sito-web-una-guida-per-capirne-limportanza;cosa-intende-sito-web;cosa si intende per sito web
5049;post;https://maxdigitalinnovation.it/quali-sono-i-siti-web-piu-visitati-scopri-le-piattaforme-piu-popolari-al-mondo/;Siti Web Più Visitati: Guida Completa e Strategie SEO | Max;Siti Web Più Visitati: Guida Completa e Strategie SEO | Max;59;Scopri quali sono i siti web più visitati al mondo e come Max Digital Innovation può aiutarti a sfruttare queste piattaforme per la crescita del tuo;Scopri quali sono i siti web più visitati al mondo e come Max Digital Innovation può aiutarti a sfruttare queste piattaforme per la crescita del tuo.;149;"Nel vasto mondo di Internet, alcune piattaforme spiccano per il loro traffico straordinario e la loro popolarità globale. Ma quali sono i siti web più visitati , e cosa li rende così attraenti…";quali-sono-i-siti-web-piu-visitati-scopri-le-piattaforme-piu-popolari-al-mondo;siti-web-visitati;siti web più visitati
5054;post;https://maxdigitalinnovation.it/che-tipi-di-siti-web-esistono-una-guida-per-scegliere-quello-giusto-per-te/;Tipi di Siti Web: Guida Completa per la Tua Presenza Online;Tipi di Siti Web: Guida Completa per la Tua Presenza Online;59;"Scopri i diversi tipi di siti web (vetrina, e-commerce, blog) e scegli quello giusto per te.";"Scopri i diversi tipi di siti web (vetrina, E-commerce, blog) e scegli quello giusto per te. Scopri come lavoriamo a Palermo. Parla con i nostri esperti.";153;"Se stai pensando di creare una presenza online, è fondamentale capire che tipi di siti web esistono . Ogni tipologia di sito risponde a specifiche esigenze, dal personal branding alla vendita di prodotti, fino…";che-tipi-di-siti-web-esistono-una-guida-per-scegliere-quello-giusto-per-te;tipi-siti-web;tipi di siti web
5059;post;https://maxdigitalinnovation.it/come-si-chiama-chi-crea-un-sito-web-scopri-la-figura-del-web-developer/;Chi crea siti web? Il ruolo del Web Developer | Max Digital;Chi crea un sito web: Sito veloce e che converte;48;"Scopri chi è il web developer, il professionista che crea siti web, e come Max Digital Innovation può realizzare la tua presenza online.";"Chi crea un sito web: Scopri chi è il web developer, il professionista che crea siti web, e come Max Digital Innovation può realizzare la tua presenza.";151;"Nel mondo digitale, avere un sito web è indispensabile, ma come si chiama chi crea un sito web ? Il professionista che trasforma idee in realtà online è il web developer, una figura essenziale…";come-si-chiama-chi-crea-un-sito-web-scopri-la-figura-del-web-developer;crea-sito-web;chi crea un sito web
5065;post;https://maxdigitalinnovation.it/che-cosa-fa-una-web-agency-una-guida-ai-servizi-digitali-piu-richiesti/;Web Agency: Servizi Digitali per la Tua Crescita Online;Cosa fa una web agency: Identità di marca riconoscibile;55;"Scopri cosa fa una web agency e come Max Digital Innovation a Palermo offre soluzioni su misura per siti web, SEO, marketing digitale e e-commerce. Guida";"Scopri cosa fa una web agency e come Max Digital Innovation a Palermo offre soluzioni su misura per siti web, SEO, marketing digitale e E-commerce. Guida.";154;"Se stai cercando di migliorare la tua presenza online, potresti chiederti che cosa fa una web agency . Questa figura professionale è fondamentale per aiutare imprese e privati a costruire e gestire la propria…";che-cosa-fa-una-web-agency-una-guida-ai-servizi-digitali-piu-richiesti;cosa-fa-web-agency;cosa fa una web agency
5070;post;https://maxdigitalinnovation.it/quante-sono-le-web-agency-in-italia-unanalisi-del-panorama-digitale-italiano/;Web Agency Italia: Analisi del Panorama Digitale | Max Digital;Web agency Italia: Guida pratica per le PMI;43;"Scopri quante web agency operano in Italia, i servizi offerti e come Max Digital Innovation a Palermo può far crescere la tua presenza online con strategie mirate.";"Web agency Italia: Scopri quante web agency operano in Italia, i servizi offerti e come Max Digital Innovation a Palermo può far crescere la tua.";145;"Negli ultimi anni, il settore delle web agency in Italia ha registrato una crescita significativa, riflettendo l'aumento della domanda di servizi digitali da parte di aziende e professionisti. Ma quante sono le web agency…";quante-sono-le-web-agency-in-italia-unanalisi-del-panorama-digitale-italiano;web-agency-italia;web agency Italia
5075;post;https://maxdigitalinnovation.it/quanto-guadagna-una-web-agency-analisi-dei-fattori-che-influenzano-i-ricavi/;Quanto Guadagna una Web Agency? Fattori e Previsioni 2024;Quanto guadagna web agency: Guida pratica per le PMI;52;"Scopri quanto guadagna una web agency in Italia, i fattori chiave che influenzano i ricavi e le strategie per massimizzare il profitto nel dinamico";"Quanto guadagna web agency: Scopri quanto guadagna una web agency in Italia, i fattori chiave che influenzano i ricavi e le strategie per massimizzare.";151;"Il settore delle web agency in Italia è in continua crescita, con una domanda sempre maggiore di servizi digitali da parte di aziende e professionisti. Ma quanto guadagna una web agency ? I ricavi…";quanto-guadagna-una-web-agency-analisi-dei-fattori-che-influenzano-i-ricavi;guadagna-web-agency;quanto guadagna web agency
5081;post;https://maxdigitalinnovation.it/chi-lavora-in-una-web-agency-scopri-i-ruoli-principali/;Chi Lavora in una Web Agency: Ruoli e Competenze | Max Digital;Chi lavora in una web agency: Max Digital Innovation;52;"Scopri chi lavora in una web agency, dai ruoli tecnici ai creativi e strategici. Il team di Max Digital Innovation a Palermo offre expertise completa per";"Scopri chi lavora in una web agency, dai ruoli tecnici AI creativi e strategici. Il team di Max Digital Innovation a Palermo offre expertise completa.";150;"Quando ci chiediamo chi lavora in una web agency , la risposta è un mix di figure professionali con competenze diverse, tutte fondamentali per sviluppare progetti digitali completi. Ogni ruolo contribuisce al successo…";chi-lavora-in-una-web-agency-scopri-i-ruoli-principali;chi-lavora-in-una-web-agency-scopri-i-ruoli-principali;chi lavora in una web agency
5086;post;https://maxdigitalinnovation.it/cose-unagency-scopri-il-ruolo-e-i-servizi-di-unagenzia-moderna/;"Cos'è un'Agency? Ruolo, Servizi e Tipi | Max Digital Innovation";Cos'è un'agency: Identità di marca riconoscibile;48;"Scopri cos'è un'agency, i suoi servizi chiave e i diversi tipi esistenti. Max Digital Innovation a Palermo è la tua agenzia di marketing digitale professionale.";"Scopri cos'è un'agency, i suoi servizi chiave e i diversi tipi esistenti. Scopri come lavoriamo a Palermo. Richiedi una consulenza gratuita.";140;"Se ti chiedi cos’è un’agency , sappi che si tratta di un’organizzazione specializzata in servizi mirati, come il marketing digitale, la comunicazione, il design o lo sviluppo web. Queste agenzie lavorano per aiutare aziende…";cose-unagency-scopri-il-ruolo-e-i-servizi-di-unagenzia-moderna;cose-unagency;cos'è un'agency
5091;post;https://maxdigitalinnovation.it/cosa-si-intende-per-pubblicita-una-guida-completa-al-mondo-pubblicitario/;Cosa si intende per Pubblicità: Guida Completa per Aziende;Cosa si intende per Pubblicità: Guida Completa per Aziende;58;"Scopri cosa si intende per pubblicità, le sue tipologie e obiettivi. Max Digital Innovation ti guida nel mondo del marketing per il successo della tua";"Scopri cosa si intende per pubblicità, le sue tipologie e obiettivi. Max Digital Innovation ti guida nel mondo del marketing per il successo della tua.";151;"La pubblicità è uno strumento essenziale per le aziende e i brand che vogliono comunicare con il proprio pubblico. Ma cosa si intende per pubblicità ? In poche parole, è un mezzo per promuovere…";cosa-si-intende-per-pubblicita-una-guida-completa-al-mondo-pubblicitario;cosa-intende-pubblicita;cosa si intende per pubblicità
5096;post;https://maxdigitalinnovation.it/come-farsi-pubblicita-gratis-strategie-efficaci-per-aumentare-la-visibilita/;Come farsi pubblicità gratis? Strategie Efficaci | Max Digital;Come farsi pubblicità gratis: Strategia social che funziona;59;Scopri come farsi pubblicità gratis con strategie efficaci per migliorare la visibilità della tua attività.;Scopri come farsi pubblicità gratis con strategie efficaci per migliorare la visibilità della tua attività. Scopri come lavoriamo a Palermo.;140;Promuovere la propria attività senza spendere una fortuna è il sogno di molti imprenditori e professionisti. Ti sei mai chiesto come farsi pubblicità gratis ? Esistono diverse strategie che puoi adottare per migliorare…;come-farsi-pubblicita-gratis-strategie-efficaci-per-aumentare-la-visibilita;farsi-pubblicita-gratis;come farsi pubblicità gratis
5101;post;https://maxdigitalinnovation.it/qual-e-il-compito-della-pubblicita-capire-lobiettivo-e-il-valore-della-comunicazione-pubblicitaria/;Compito della Pubblicità: Obiettivi e Valore | Max Digital;Compito della Pubblicità: Obiettivi e Valore | Max Digital;58;Scopri il vero compito della pubblicità e come Max Digital Innovation ti aiuta a definire strategie efficaci per raggiungere i tuoi obiettivi aziendali con successo.;Scopri il vero compito della pubblicità e come Max Digital Innovation ti aiuta a definire strategie efficaci per raggiungere i tuoi.;132;"Se ti stai chiedendo qual è il compito della pubblicità , la risposta è semplice ma fondamentale: comunicare e influenzare. La pubblicità ha il compito di trasmettere un messaggio per promuovere un prodotto…";qual-e-il-compito-della-pubblicita-capire-lobiettivo-e-il-valore-della-comunicazione-pubblicitaria;compito-della-pubblicita;compito della pubblicità
5106;post;https://maxdigitalinnovation.it/quanto-si-paga-unagenzia-di-comunicazione-guida-ai-costi-dei-servizi-di-comunicazione/;Costi Agenzia di Comunicazione: Guida Completa | Max;Costi Agenzia di Comunicazione: Guida Completa | Max;52;"Scopri quanto costa un'agenzia di comunicazione, i fattori che influenzano i prezzi e le tariffe medie per i servizi chiave. Ottieni il massimo dal tuo";"Costi Agenzia di Comunicazione: Scopri quanto costa un'agenzia di comunicazione, i fattori che influenzano i prezzi e le tariffe medie per i servizi chiave.";156;"Quando ci si chiede quanto si paga un'agenzia di comunicazione , è importante considerare che i costi variano in base ai servizi richiesti, alla durata della collaborazione e all’esperienza dell’agenzia. Ogni progetto ha caratteristiche…";quanto-si-paga-unagenzia-di-comunicazione-guida-ai-costi-dei-servizi-di-comunicazione;costi-agenzia-comunicazione;Costi Agenzia di Comunicazione
5112;post;https://maxdigitalinnovation.it/cosa-fa-lagenzia-di-marketing-una-guida-ai-servizi-e-al-ruolo-strategico/;Agenzia di Marketing: Servizi e Strategie | Max Digital;Agenzia di Marketing: Servizi e Strategie | Max Digital;55;"Scopri cosa fa un'agenzia di marketing, i servizi offerti e come Max Digital Innovation a Palermo può far crescere il tuo business con strategie digitali";"Scopri cosa fa un'agenzia di marketing, i servizi offerti e come Max Digital Innovation a Palermo può far crescere il tuo business con strategie digitali.";154;"Se ti stai chiedendo cosa fa l'agenzia di marketing , sappi che il suo obiettivo principale è aiutare le aziende a raggiungere il proprio pubblico e promuovere prodotti o servizi in modo efficace. Attraverso…";cosa-fa-lagenzia-di-marketing-una-guida-ai-servizi-e-al-ruolo-strategico;agenzia-di-marketing;agenzia di marketing
5119;post;https://maxdigitalinnovation.it/che-cose-unazienda-di-marketing-scopri-il-motore-del-successo-aziendale/;Azienda di Marketing: Motore del Successo Aziendale | Max Digital;Azienda di marketing: Identità di marca riconoscibile;53;Scopri cos'è un'azienda di marketing e come Max Digital Innovation può potenziare la tua crescita. Strategie su misura per visibilità e successo. Contattaci!;Scopri cos'è un'azienda di marketing e come Max Digital Innovation può potenziare la tua crescita. Strategie su misura per visibilità e successo. Contattaci!;157;"Nel panorama economico moderno, che cos’è un’azienda di marketing e quale ruolo svolge nel supportare le imprese? Un’azienda di marketing è un’organizzazione specializzata nello sviluppo e nella gestione di strategie per promuovere prodotti, servizi…";che-cose-unazienda-di-marketing-scopri-il-motore-del-successo-aziendale;azienda-di-marketing;azienda di marketing
5130;post;https://maxdigitalinnovation.it/3-tipi-di-marketing-a-palermo-scopri-le-strategie-per-il-successo-della-tua-attivita/;Marketing a Palermo: 3 Strategie Vincenti per la Tua Attività;Marketing a Palermo: Identità di marca riconoscibile;52;"Scopri i 3 tipi di marketing essenziali a Palermo: tradizionale, digitale e di prossimità. Max Digital Innovation ti guida al successo locale.";"Scopri i 3 tipi di marketing essenziali a Palermo: tradizionale, digitale e di prossimità. Max Digital Innovation ti guida al successo locale.";142;Il marketing è il cuore pulsante di ogni attività che vuole crescere e prosperare. Ma quali sono i 3 tipi di marketing a Palermo che possono davvero fare la differenza? Esploreremo insieme le principali…;3-tipi-di-marketing-a-palermo-scopri-le-strategie-per-il-successo-della-tua-attivita;marketing-a-palermo;marketing a Palermo
5135;post;https://maxdigitalinnovation.it/che-lavoro-fa-il-marketing-il-motore-che-trasforma-idee-in-successo/;Marketing: Il Motore che Trasforma Idee in Successo | Max;Che lavoro fa il marketing: Campagne che portano clienti;56;"Scopri che lavoro fa il marketing e come trasforma il tuo business. Max Digital Innovation offre strategie su misura per te, dalla SEO ai social media.";"Scopri che lavoro fa il marketing e come trasforma il tuo business. Max Digital Innovation offre strategie su misura per te, dalla SEO ai social media.";151;"Il marketing è uno degli strumenti più potenti per le aziende, ma spesso ci si chiede che lavoro fa il marketing e quali siano le sue vere funzioni. È molto più di pubblicità…";che-lavoro-fa-il-marketing-il-motore-che-trasforma-idee-in-successo;lavoro-fa-marketing;che lavoro fa il marketing
5142;post;https://maxdigitalinnovation.it/come-fare-unottima-pubblicita-strategie-vincenti-per-il-tuo-successo/;Pubblicità Efficace: Strategie Vincenti per il Successo;Ottima pubblicità: Campagne che portano clienti;47;Scopri come fare un'ottima pubblicità con strategie personalizzate. Max Digital Innovation ti guida a raggiungere il tuo pubblico ideale per risultati;Scopri come fare un'ottima pubblicità con strategie personalizzate. Max Digital Innovation ti guida a raggiungere il tuo pubblico ideale per risultati.;151;Creare una pubblicità efficace è uno degli obiettivi principali di ogni azienda che vuole conquistare il proprio pubblico. Ma come fare un’ottima pubblicità che riesca davvero a distinguersi e a ottenere risultati? In questo…;come-fare-unottima-pubblicita-strategie-vincenti-per-il-tuo-successo;ottima-pubblicita;ottima pubblicità
5149;post;https://maxdigitalinnovation.it/dove-fare-pubblicita-a-basso-costo-scopri-le-migliori-strategie-economiche-per-promuovere-la-tua-attivita/;Pubblicità a Basso Costo: Strategie Efficaci per la Tua Attività;Pubblicità a basso costo: Strategia social che funziona;55;Scopri dove fare pubblicità a basso costo con strategie economiche e canali efficaci. Max Digital Innovation ti guida verso il successo con soluzioni personalizzate.;Scopri dove fare pubblicità a basso costo con strategie economiche e canali efficaci. Scopri come lavoriamo a Palermo. Richiedi una consulenza gratuita.;152;"Promuovere un'attività non deve essere necessariamente costoso. Se ti stai chiedendo dove fare pubblicità a basso costo , ci sono molte opzioni economiche e accessibili che possono offrire grandi risultati, anche con un budget…";dove-fare-pubblicita-a-basso-costo-scopri-le-migliori-strategie-economiche-per-promuovere-la-tua-attivita;pubblicita-basso-costo;pubblicità a basso costo
5157;post;https://maxdigitalinnovation.it/quale-pubblicita-funziona-di-piu-scopri-le-strategie-piu-efficaci-per-il-tuo-business/;Pubblicità Efficace: Strategie per il Tuo Business | max;Pubblicità Efficace: Strategie per il Tuo Business | max;56;Scopri quale pubblicità funziona di più per il tuo business con le strategie di max digital innovation. Analisi e consigli per le tue campagne.;Scopri quale pubblicità funziona di più per il tuo business con le strategie di max digital innovation. Analisi e consigli per le tue campagne.;143;"Nel mondo competitivo di oggi, sapere quale pubblicità funziona di più può fare la differenza tra una campagna di successo e un investimento sprecato. Non esiste una risposta unica, ma ci sono strategie pubblicitarie…";quale-pubblicita-funziona-di-piu-scopri-le-strategie-piu-efficaci-per-il-tuo-business;pubblicita-efficace-strategie-business;Pubblicità Efficace: Strategie per il Tuo Business
5163;post;https://maxdigitalinnovation.it/come-iniziare-a-fare-digital-marketing-guida-pratica-per-chi-vuole-emergere-online/;Come Iniziare Digital Marketing: Guida Completa | Max;Come Iniziare Digital Marketing: Guida Completa | Max;53;Vuoi emergere online? Scopri come iniziare a fare digital marketing con la guida pratica di Max Digital Innovation. Strategie efficaci per il tuo successo;Come Iniziare Digital Marketing: Vuoi emergere online? Scopri come iniziare a fare digital marketing con la guida pratica di Max Digital Innovation.;148;Il digital marketing è uno strumento essenziale per chiunque voglia promuovere la propria attività online. Ma come iniziare a fare digital marketing senza cadere in errori comuni o sprecare tempo e risorse? Segui questa…;come-iniziare-a-fare-digital-marketing-guida-pratica-per-chi-vuole-emergere-online;iniziare-digital-marketing;Come Iniziare Digital Marketing
5168;post;https://maxdigitalinnovation.it/portfolio-fotografico-online-cose-e-perche-e-importante-crearlo/;Portfolio Fotografico Online: Guida Completa per Fotografi;Portfolio Fotografico Online: Guida Completa per Fotografi;58;Scopri come creare un portfolio fotografico online efficace a Palermo e oltre. Max Digital Innovation ti guida per valorizzare il tuo talento e attrarre;Scopri come creare un portfolio fotografico online efficace a Palermo e oltre. Max Digital Innovation ti guida per valorizzare il tuo talento e attrarre.;153;"Un portfolio fotografico a Palermo rappresenta una vetrina digitale essenziale per chi vuole promuovere il proprio lavoro fotografico e raggiungere nuovi clienti. Scopriamo insieme cos’è un portfolio fotografico, perché è così importante…";portfolio-fotografico-online-cose-e-perche-e-importante-crearlo;portfolio-fotografico-online;portfolio fotografico online
5174;post;https://maxdigitalinnovation.it/rispondere-alle-recensioni-con-lai-la-nuova-frontiera-dellautomazione/;Rispondere alle Recensioni con l'AI: Guida Completa | Max Digital;Rispondere alle recensioni con l'AI: la nuova frontiera;55;Scopri come l'AI rivoluziona la gestione delle recensioni online. Migliora la reputazione aziendale e l'interazione con i clienti con Max Digital Innovation.;Scopri come l'AI rivoluziona la gestione delle recensioni online. Migliora la reputazione aziendale e l'interazione con i clienti con Max Digital Innovation.;157;"Le recensioni online sono diventate uno strumento fondamentale per costruire la reputazione di un'azienda. Rispondere ai feedback dei clienti è essenziale, ma può essere un compito impegnativo e dispendioso in termini di tempo. Oggi…";rispondere-alle-recensioni-con-lai-la-nuova-frontiera-dellautomazione;rispondere-recensioni-lai;rispondere alle recensioni con l'AI
5180;post;https://maxdigitalinnovation.it/focus-group-cose-a-che-serve-e-come-farlo-al-meglio/;Focus Group: Guida Completa per il Tuo Business | Max Digital;"Focus group: cos’è, a che serve e come farlo al meglio";54;"Scopri cos'è un focus group, a cosa serve e come organizzarlo al meglio per ottenere insight preziosi. Max Digital Innovation ti guida nella ricerca qualitativa.";"Scopri cos'è un focus group, a cosa serve e come organizzarlo al meglio per ottenere insight preziosi. Scopri come lavoriamo a Palermo.";135;Un focus group è uno degli strumenti più efficaci per raccogliere opinioni e valutazioni direttamente dal pubblico. Ma a cosa serve un focus group e come puoi utilizzarlo al meglio per il tuo business?…;focus-group-cose-a-che-serve-e-come-farlo-al-meglio;focus-group-cose-a-che-serve-e-come-farlo-al-meglio;focus group
5185;post;https://maxdigitalinnovation.it/come-creare-sondaggi-online-e-raggiungere-il-tuo-pubblico-in-modo-efficace/;Creare Sondaggi Online Efficaci | Max Digital Innovation;Creare Sondaggi Online Efficaci | Max Digital Innovation;56;Scopri come creare sondaggi online efficaci e diffonderli al tuo pubblico per raccogliere dati preziosi.;Scopri come creare sondaggi online efficaci e diffonderli al tuo pubblico per raccogliere dati preziosi. Scopri come lavoriamo a Palermo.;137;"creare sondaggi online può aiutare molto la tua attività, sono strumenti utili in diversi contesti, sia per aziende che per individui. Possono essere utilizzati per:";come-creare-sondaggi-online-e-raggiungere-il-tuo-pubblico-in-modo-efficace;creare-sondaggi-online;creare sondaggi online
5191;post;https://maxdigitalinnovation.it/come-ridurre-peso-delle-foto-consigli-pratici-per-immagini-piu-leggere/;Ridurre Peso Foto: Guida Completa per Immagini Leggere e Veloci;Ridurre peso foto: Sito veloce e che converte;45;"Scopri come ridurre il peso delle foto senza perdere qualità. Consigli pratici, strumenti e tecniche per ottimizzare le tue immagini e migliorare le performance web.";Ridurre peso foto: Scopri come ridurre il peso delle foto senza perdere qualità. Scopri come lavoriamo a Palermo. Richiedi una consulenza gratuita.;147;"Ridurre il peso delle foto è essenziale per migliorare la velocità di caricamento di siti web, ottimizzare lo spazio di archiviazione e inviare file più rapidamente. Se ti stai chiedendo come ridurre peso…";come-ridurre-peso-delle-foto-consigli-pratici-per-immagini-piu-leggere;ridurre-peso-foto;ridurre peso foto
5197;post;https://maxdigitalinnovation.it/cosa-fa-un-ufficio-di-comunicazione-scopri-il-cuore-della-strategia-aziendale/;Ufficio di Comunicazione: Ruolo e Importanza per il;Ufficio di Comunicazione: Ruolo e Importanza per il;51;"Scopri cosa fa un ufficio di comunicazione, le sue attività chiave e perché è fondamentale per la crescita e la reputazione aziendale.";"Scopri cosa fa un ufficio di comunicazione, le sue attività chiave e perché è fondamentale per la crescita e la reputazione aziendale.";134;"Un ufficio di comunicazione è il motore della visibilità e del posizionamento di un'azienda o un'organizzazione. Ma cosa fa un ufficio di comunicazione nel concreto? Questo articolo esplora le sue principali attività, la sua…";cosa-fa-un-ufficio-di-comunicazione-scopri-il-cuore-della-strategia-aziendale;ufficio-di-comunicazione;ufficio di comunicazione
5202;post;https://maxdigitalinnovation.it/come-si-chiama-chi-si-occupa-di-comunicazione-scopri-i-ruoli-e-le-competenze-di-questi-professionisti/;Chi si occupa di comunicazione? Ruoli e Competenze | Max Digital;Chi si occupa di comunicazione: Guida pratica per le PMI;56;"Scopri chi si occupa di comunicazione in azienda e nel digitale: ruoli, competenze e importanza strategica. Max Digital Innovation, la tua agenzia di marketing.";"Scopri chi si occupa di comunicazione in azienda e nel digitale: ruoli, competenze e importanza strategica. Scopri come lavoriamo a Palermo.";140;"La comunicazione è il cuore di ogni azienda di successo, ma come si chiama chi si occupa di comunicazione e quali sono le sue principali responsabilità? In questo articolo esploriamo i titoli professionali…";come-si-chiama-chi-si-occupa-di-comunicazione-scopri-i-ruoli-e-le-competenze-di-questi-professionisti;chi-si-occupa-di-comunicazione;chi si occupa di comunicazione
5208;post;https://maxdigitalinnovation.it/come-trovare-unagenzia-di-comunicazione-consigli-per-scegliere-il-partner-giusto/;Trova l'Agenzia di Comunicazione Giusta: Guida Completa;Trova l'Agenzia di Comunicazione Giusta: Guida Completa;55;Scopri come scegliere l'agenzia di comunicazione ideale per la tua azienda. Consigli pratici e strategie efficaci per un partner di successo con Max;Scopri come scegliere l'agenzia di comunicazione ideale per la tua azienda. Consigli pratici e strategie efficaci per un partner di successo con Max.;149;"Scegliere un'agenzia di comunicazione può sembrare un compito complicato, ma sapere come trovare un'agenzia di comunicazione adatta alle tue esigenze è fondamentale per migliorare la tua immagine aziendale e raggiungere i tuoi obiettivi…";come-trovare-unagenzia-di-comunicazione-consigli-per-scegliere-il-partner-giusto;agenzia-di-comunicazione;agenzia di comunicazione
5213;post;https://maxdigitalinnovation.it/scegliere-la-giusta-agenzia-di-comunicazione-consigli-e-strategie-per-trovare-il-partner-ideale/;Scegliere Agenzia Comunicazione: Partner Ideale Business;Scegliere Agenzia Comunicazione: Partner Ideale Business;56;Guida completa per scegliere l'agenzia di comunicazione giusta. Scopri come Max Digital Innovation può elevare il tuo brand con strategie personalizzate.;Guida completa per scegliere l'agenzia di comunicazione giusta. Scopri come Max Digital Innovation può elevare il tuo brand con strategie personalizzate.;153;"In un mondo sempre più competitivo, scegliere la giusta agenzia di comunicazione è una decisione cruciale per il successo del tuo business. Un’agenzia competente non solo migliora la tua visibilità, ma aiuta…";scegliere-la-giusta-agenzia-di-comunicazione-consigli-e-strategie-per-trovare-il-partner-ideale;scegliere-agenzia-comunicazione;Scegliere Agenzia Comunicazione
5219;post;https://maxdigitalinnovation.it/come-sfruttare-al-meglio-i-test-a-b-per-aumentare-le-conversioni/;Test A/B: Aumenta le Conversioni con Strategie Efficaci;Test A/B conversioni: Sito veloce e che converte;48;Scopri come i Test A/B possono trasformare le tue campagne digitali. Max Digital Innovation ti guida con strategie pratiche per ottimizzare conversioni.;Scopri come i Test A/B possono trasformare le tue campagne digitali. Max Digital Innovation ti guida con strategie pratiche per ottimizzare conversioni.;152;"Nel mondo del marketing digitale, migliorare le performance di un sito web o di una campagna pubblicitaria è fondamentale. Un metodo comprovato per raggiungere questo obiettivo è utilizzare i Test A/B. Ma come aumentare…";come-sfruttare-al-meglio-i-test-a-b-per-aumentare-le-conversioni;test-a-b-conversioni;Test A/B conversioni
5224;post;https://maxdigitalinnovation.it/come-creare-un-podcast-aziendale-per-migliorare-il-posizionamento-del-brand/;Podcast Aziendale: Guida Completa al Brand Positioning;Podcast Aziendale: Guida Completa al Brand Positioning;54;"Scopri come creare un podcast aziendale efficace con Max Digital Innovation per rafforzare il tuo brand, attrarre clienti e posizionarti come leader di";"Scopri come creare un podcast aziendale efficace con Max Digital Innovation per rafforzare il tuo brand, attrarre clienti e posizionarti come leader.";149;Un podcast aziendale è uno strumento sempre più popolare per comunicare con il pubblico e posizionarsi come leader nel settore. Ma come creare un podcast aziendale che sia efficace e accattivante? In questo articolo…;come-creare-un-podcast-aziendale-per-migliorare-il-posizionamento-del-brand;podcast-aziendale;podcast aziendale
5229;post;https://maxdigitalinnovation.it/come-trovare-il-co-founder-perfetto-per-la-tua-startup-e-lo-sponsor-ideale-per-la-tua-crescita/;Co-Founder & Sponsor: Guida per la Crescita della Tua;Sponsor ideale per la tua startup: Guida pratica per le PMI;59;Scopri come individuare il co-founder ideale e lo sponsor perfetto per la tua startup. Strategie e consigli pratici da Max Digital Innovation per il;Sponsor ideale per la tua startup: Scopri come individuare il co-founder ideale e lo sponsor perfetto per la tua startup. Strategie e consigli pratici.;151;"Avviare una startup è un viaggio emozionante, ma spesso complesso. Uno degli aspetti più critici è trovare il co-founder giusto e identificare lo sponsor ideale per la tua startup . Questi due elementi possono…";come-trovare-il-co-founder-perfetto-per-la-tua-startup-e-lo-sponsor-ideale-per-la-tua-crescita;sponsor-ideale-tua-startup;sponsor ideale per la tua startup
5235;post;https://maxdigitalinnovation.it/i-migliori-formati-banner-per-ottimizzare-le-tue-campagne-pubblicitarie/;Formati Banner Efficaci: Ottimizza le tue Campagne Pubblicitarie;Formati banner: Campagne che portano clienti;44;Scopri i migliori formati banner per massimizzare l'efficacia delle tue campagne pubblicitarie. Consigli pratici e strategie vincenti da Max Digital Innovation.;Scopri i migliori formati banner per massimizzare l'efficacia delle tue campagne pubblicitarie. Scopri come lavoriamo a Palermo. Parla con i nostri esperti.;156;"Le campagne pubblicitarie online sono strumenti essenziali per raggiungere il tuo pubblico e incrementare le conversioni. Tra i vari elementi che contribuiscono al successo di una campagna, i banner pubblicitari giocano un ruolo cruciale…";i-migliori-formati-banner-per-ottimizzare-le-tue-campagne-pubblicitarie;formati-banner;formati banner
5240;post;https://maxdigitalinnovation.it/come-crescere-su-instagram-8-tattiche-per-sfruttare-lalgoritmo-e-aumentare-lengagement/;Crescere su Instagram: 8 Tattiche Algoritmo e Engagement;Crescere su Instagram: 8 Tattiche Algoritmo e Engagement;56;"Scopri 8 tattiche efficaci per far crescere il tuo profilo Instagram, sfruttare l'algoritmo e aumentare l'engagement. Consigli pratici da Max Digital";"Crescere su Instagram: Scopri 8 tattiche efficaci per far crescere il tuo profilo Instagram, sfruttare l'algoritmo e aumentare l'engagement. Consigli.";150;"Instagram è una delle piattaforme social più potenti per costruire un brand, creare una community e raggiungere un pubblico sempre più ampio. Tuttavia, la concorrenza è alta, e sapere come crescere su Instagram richiede…";come-crescere-su-instagram-8-tattiche-per-sfruttare-lalgoritmo-e-aumentare-lengagement;crescere-su-instagram;Crescere su Instagram
5247;post;https://maxdigitalinnovation.it/tiktok-adv-o-instagram-adv-qual-e-la-piattaforma-migliore-per-la-tua-campagna-online/;TikTok o Instagram Adv? Guida alla Scelta | Max Digital;TikTok adv o Instagram adv: Strategia social che funziona;57;TikTok adv o Instagram adv? Scopri quale piattaforma è la migliore per le tue campagne e come Max Digital Innovation ti aiuta a raggiungere i tuoi;TikTok adv o Instagram adv? Scopri quale piattaforma è la migliore per le tue campagne e come Max Digital Innovation ti aiuta a raggiungere i tuoi.;147;"Quando si tratta di pubblicità sui social media, scegliere la piattaforma giusta può fare la differenza tra una campagna di successo e una che non raggiunge gli obiettivi prefissati. TikTok adv o Instagram adv?…";tiktok-adv-o-instagram-adv-qual-e-la-piattaforma-migliore-per-la-tua-campagna-online;tiktok-adv-instagram-adv;TikTok adv o Instagram adv
5254;post;https://maxdigitalinnovation.it/la-potenza-dei-micro-influencer-e-il-loro-impatto-online-per-le-aziende/;Micro Influencer per Aziende: Guida Max Digital Innovation;Micro Influencer per Aziende: Guida Max Digital Innovation;58;Scopri come i micro influencer possono trasformare il marketing online della tua azienda. Max Digital Innovation ti guida per massimizzare visibilità e;Micro Influencer per Aziende: Scopri come i micro influencer possono trasformare il marketing online della tua azienda. Max Digital Innovation ti guida.;152;Collaborare con micro influencer è una strategia sempre più apprezzata per migliorare la visibilità e la reputazione di un brand. Ma chi sono i micro influencer e come possono fare la differenza? Questo articolo…;la-potenza-dei-micro-influencer-e-il-loro-impatto-online-per-le-aziende;micro-influencer-aziende;Micro Influencer per Aziende
5259;post;https://maxdigitalinnovation.it/black-friday-2024-come-preparare-il-tuo-e-commerce-a-palermo-per-massimizzare-le-vendite/;Black Friday 2024 Palermo: Guida E-commerce Max Digital;Black Friday 2024 Palermo E-commerce: Vendi di più online;57;Prepara il tuo e-commerce a Palermo per il Black Friday 2024 con Max Digital Innovation.;Black Friday 2024 Palermo E-commerce: Prepara il tuo E-commerce a Palermo per il Black Friday 2024 con Max Digital Innovation. Parla con i nostri esperti.;154;Il Black Friday 2024 a Palermo rappresenta un'opportunità imperdibile per gli e-commerce locali che vogliono aumentare le vendite e attrarre nuovi clienti. Prepararsi adeguatamente per questa giornata può fare la differenza tra una campagna…;black-friday-2024-come-preparare-il-tuo-e-commerce-a-palermo-per-massimizzare-le-vendite;black-friday-2024-palermo-ecommerce;Black Friday 2024 Palermo e-commerce
5264;post;https://maxdigitalinnovation.it/integrazione-di-piattaforme-tiktok-e-commerce-un-nuovo-orizzonte-per-i-commercianti-a-palermo/;TikTok E-commerce a Palermo;TikTok E-commerce a Palermo: Vendi di più online;48;Scopri come integrare TikTok E-commerce a Palermo nel tuo business. Max Digital Innovation sfrutta TikTok per aumentare le vendite.;Scopri come integrare TikTok E-commerce a Palermo nel tuo business. Max Digital Innovation sfrutta TikTok per aumentare le vendite.;131;"Con l'evoluzione di TikTok, la piattaforma non è più solo uno spazio di intrattenimento, ma un'opportunità per i commercianti di entrare in contatto con un pubblico più ampio e dinamico. L'integrazione di TikTok e-commerce…";integrazione-di-piattaforme-tiktok-e-commerce-un-nuovo-orizzonte-per-i-commercianti-a-palermo;tiktok-ecommerce-palermo;TikTok E-commerce a Palermo
5270;post;https://maxdigitalinnovation.it/quanto-e-importante-il-feedback-dei-clienti-per-migliorare-il-tuo-business/;Feedback Clienti: Migliora il Tuo Business con Max Digital;Feedback Clienti: Migliora il Tuo Business con Max Digital;58;Scopri come il feedback dei clienti è cruciale per la crescita. Max Digital Innovation ti guida a raccoglierlo e usarlo per un successo duraturo.;Scopri come il feedback dei clienti è cruciale per la crescita. Max Digital Innovation ti guida a raccoglierlo e usarlo per un successo duraturo.;145;"Il feedback dei clienti è uno degli strumenti più preziosi per qualsiasi azienda che desideri crescere e rimanere competitiva. Ma come migliorare il feedback dei clienti e sfruttarlo al massimo? In questo articolo, esploreremo…";quanto-e-importante-il-feedback-dei-clienti-per-migliorare-il-tuo-business;feedback-clienti;feedback clienti
5275;post;https://maxdigitalinnovation.it/la-gen-z-e-il-nuovo-percorso-di-acquisto-come-adattare-la-tua-strategia-di-marketing/;Gen Z: Strategie di Marketing per il Nuovo Percorso;Gen Z: Strategie di Marketing per il Nuovo Percorso;51;Scopri come la Gen Z sta ridefinendo il percorso d'acquisto e adatta la tua strategia di marketing con max digital innovation per connetterti;Gen Z: Strategie di Marketing per il Nuovo Percorso: Scopri come la Gen Z sta ridefinendo il percorso d'acquisto e adatta la tua strategia di marketing.;152;"Il comportamento della Gen Z , ovvero i giovani nati tra la fine degli anni ’90 e i primi 2010, sta rivoluzionando il modo in cui i brand approcciano il mercato. Questa generazione, cresciuta…";la-gen-z-e-il-nuovo-percorso-di-acquisto-come-adattare-la-tua-strategia-di-marketing;gen-strategie-marketing-nuovo-percorso;Gen Z: Strategie di Marketing per il Nuovo Percorso
5281;post;https://maxdigitalinnovation.it/marketing-sostenibile-cose-e-come-farlo/;Marketing Sostenibile a Palermo: Guida Completa per la Tua;Marketing sostenibile Palermo: Campagne che portano clienti;59;"Scopri il marketing sostenibile a Palermo con Max Digital Innovation. Strategie, vantaggi e come integrare la sostenibilità per un futuro migliore e un";"Marketing sostenibile Palermo: Scopri il marketing sostenibile a Palermo con Max Digital Innovation. Strategie, vantaggi e come integrare la sostenibilità.";155;"Il marketing sostenibile è una strategia sempre più rilevante per aziende e consumatori, specialmente in città come Palermo, dove la sensibilità verso le tematiche ambientali sta crescendo. Marketing sostenibile a Palermo significa adottare pratiche…";marketing-sostenibile-cose-e-come-farlo;marketing-sostenibile-cose-e-come-farlo;marketing sostenibile Palermo
5286;post;https://maxdigitalinnovation.it/video-verticali-luso-strategico-per-i-tuoi-social/;Video Verticali: Strategia Social per il Tuo Marketing;Video Verticali: Strategia Social per il Tuo Marketing;54;Scopri come i video verticali di Max Digital Innovation possono rivoluzionare la tua strategia social. Ottimizza engagement e visibilità del tuo brand.;Scopri come i video verticali di Max Digital Innovation possono rivoluzionare la tua strategia social. Ottimizza engagement e visibilità del tuo brand.;151;"I video verticali sono diventati il formato più popolare sui social media, grazie a piattaforme come TikTok, Instagram e YouTube Shorts. La loro capacità di catturare l’attenzione degli utenti e stimolare l’engagement li rende…";video-verticali-luso-strategico-per-i-tuoi-social;video-verticali-luso-strategico-per-i-tuoi-social;Video Verticali: Strategia Social per il Tuo Marketing
5291;post;https://maxdigitalinnovation.it/video-marketing-cose-e-perche-dovresti-farlo/;Video Marketing: Guida Completa per la Tua Azienda | Max Digital;Video marketing: cos’è e perché dovresti farlo;46;"Scopri il potere del video marketing con Max Digital Innovation. Aumenta l'engagement, le conversioni e la visibilità del tuo brand.";"Scopri il potere del video marketing con Max Digital Innovation. Aumenta l'engagement, le conversioni e la visibilità del tuo brand.";132;"Nel panorama digitale moderno, il video marketing è diventato uno strumento indispensabile per attirare e coinvolgere il pubblico. Grazie alla sua capacità di combinare immagini, suoni e narrazione, il video è il formato preferito…";video-marketing-cose-e-perche-dovresti-farlo;video-marketing-cose-e-perche-dovresti-farlo;video marketing
5296;post;https://maxdigitalinnovation.it/visual-storytelling-una-storia-di-successo/;Visual Storytelling: Guida Completa per il Tuo Brand - Max;Visual Storytelling: Guida Completa per il Tuo Brand - Max;58;"Scopri il potere del Visual Storytelling con Max Digital Innovation. Migliora la tua strategia di marketing, coinvolgi il pubblico e rafforza il tuo brand.";"Scopri il potere del Visual Storytelling con Max Digital Innovation. Migliora la tua strategia di marketing, coinvolgi il pubblico e rafforza il tuo brand.";155;"Il visual storytelling è diventato una delle strategie più potenti nel marketing moderno. Raccontare una storia attraverso immagini, video e grafica consente ai brand di comunicare messaggi in modo emozionale e memorabile. Ma cos'è…";visual-storytelling-una-storia-di-successo;visual-storytelling-una-storia-di-successo;visual storytelling
5297;post;https://maxdigitalinnovation.it/tutti-i-vantaggi-di-scegliere-una-web-agency-per-il-tuo-business/;Web Agency: Vantaggi e Scelta per il Tuo Business Digitale;Vantaggi di scegliere una web agency: Max Digital Innovation;60;"Scopri i vantaggi di una web agency per il tuo business. Soluzioni digitali su misura, aumento visibilità e ROI con Max Digital Innovation a Palermo.";"Scopri i vantaggi di una web agency per il tuo business. Soluzioni digitali su misura, aumento visibilità e ROI con Max Digital Innovation a Palermo.";149;"Nel panorama digitale odierno, avere una presenza online forte e strategica è fondamentale per il successo di qualsiasi attività. Collaborare con una web agency è una scelta intelligente per chi desidera ottenere risultati concreti…";tutti-i-vantaggi-di-scegliere-una-web-agency-per-il-tuo-business;vantaggi-scegliere-web-agency;vantaggi di scegliere una web agency
5303;post;https://maxdigitalinnovation.it/il-diario-segreto-di-una-web-agency-storie-di-successi-digitali/;Diario Web Agency: Storie di Successi Digitali con Max Digital;Diario web agency: Guida pratica per le PMI;43;"Scopri il diario segreto di Max Digital Innovation, la web agency di Palermo. Storie di successi digitali, strategie innovative e come trasformiamo le";"Diario web agency: Scopri il diario segreto di Max Digital Innovation, la web agency di Palermo. Storie di successi digitali, strategie innovative.";147;"Ogni progetto digitale ha una storia da raccontare, fatta di sfide, creatività e innovazione. Il diario di una web agency racchiude esperienze uniche e momenti di trasformazione che evidenziano come una strategia ben progettata…";il-diario-segreto-di-una-web-agency-storie-di-successi-digitali;diario-web-agency;diario web agency
5308;post;https://maxdigitalinnovation.it/il-laboratorio-creativo-di-una-web-agency-dove-nascono-le-idee/;Laboratorio Creativo Max Digital Innovation: Idee e Successo;Laboratorio Creativo Max Digital Innovation: Idee e Successo;60;"Scopri come Max Digital Innovation trasforma le tue idee in soluzioni digitali di successo. Innovazione, collaborazione e tecnologia per progetti unici e";Laboratorio Creativo Max Digital Innovation: Scopri come Max Digital Innovation trasforma le tue idee in soluzioni digitali di successo. Innovazione.;149;"Il laboratorio creativo di una web agency è un luogo speciale, dove la creatività e l’innovazione prendono forma per trasformare le esigenze dei clienti in soluzioni digitali efficaci. Scopriamo come funziona questo spazio dinamico…";il-laboratorio-creativo-di-una-web-agency-dove-nascono-le-idee;laboratorio-creativo-max-digital-innovation;Laboratorio Creativo Max Digital Innovation
5313;post;https://maxdigitalinnovation.it/quando-la-web-agency-incontra-lintelligenza-artificiale/;Web agency e intelligenza artificiale;Web agency e intelligenza artificiale;37;Scopri come l’integrazione tra web agency e intelligenza artificiale sta rivoluzionando il marketing digitale e migliorando le strategie.;Scopri come l’integrazione tra web agency e intelligenza artificiale sta rivoluzionando il marketing digitale e migliorando le strategie.;137;"Nel mondo digitale in costante evoluzione, l’unione tra web agency e intelligenza artificiale rappresenta una svolta cruciale. Le web agency che adottano soluzioni di AI non solo ottimizzano i processi, ma offrono ai clienti…";quando-la-web-agency-incontra-lintelligenza-artificiale;quando-la-web-agency-incontra-lintelligenza-artificiale;Web agency e intelligenza artificiale
5318;post;https://maxdigitalinnovation.it/i-siti-web-del-futuro-come-saranno-nel-2050/;Siti web del futuro;Siti web del futuro: Sito veloce e che converte;47;"Scopri come saranno i siti web del futuro nel 2050: esperienze immersive, intelligenza artificiale e sostenibilità cambieranno il nostro modo";"Scopri come saranno i siti web del futuro nel 2050: esperienze immersive, intelligenza artificiale e sostenibilità cambieranno il nostro modo.";142;"I siti web del futuro saranno molto diversi da quelli che conosciamo oggi. Grazie all'intelligenza artificiale, alla realtà aumentata e a un'attenzione crescente alla sostenibilità, i siti del 2050 promettono di offrire esperienze digitali…";i-siti-web-del-futuro-come-saranno-nel-2050;i-siti-web-del-futuro-come-saranno-nel-2050;Siti web del futuro
5323;post;https://maxdigitalinnovation.it/siti-web-quando-il-design-incontra-lanima/;"Siti web: design, anima e identità digitale unica | Max";"Siti web: design, anima e identità digitale unica | Max";55;"Max Digital Innovation crea siti web con personalità: design unico, contenuti autentici e un'identità digitale che cattura l'attenzione. Trasforma la tua";"Siti web: design: Max Digital Innovation crea siti web con personalità: design unico, contenuti autentici e un'identità digitale che cattura l'attenzione.";154;"I siti web con personalità rappresentano una nuova frontiera nel mondo digitale. Oltre a essere funzionali, sanno catturare l’attenzione, trasmettere emozioni e costruire una connessione unica con il pubblico. Ma cosa li rende davvero…";siti-web-quando-il-design-incontra-lanima;siti-web-quando-il-design-incontra-lanima;Siti web: design
5328;post;https://maxdigitalinnovation.it/i-custodi-dei-siti-web-chi-protegge-i-tuoi-dati/;Sicurezza Siti Web: Proteggi i Tuoi Dati con Max Digital;Sicurezza Siti Web: Proteggi i Tuoi Dati con Max Digital;56;"Scopri come Max Digital Innovation protegge i tuoi dati online. Esplora le minacce, gli strumenti di protezione e l'importanza della cybersecurity per la";"Sicurezza Siti Web: Scopri come Max Digital Innovation protegge i tuoi dati online. Esplora le minacce, gli strumenti di protezione e l'importanza.";147;"La sicurezza nei siti web è diventata un aspetto cruciale nell’era digitale. Ogni giorno miliardi di dati vengono scambiati online, rendendo essenziale proteggerli da minacce come hacker, malware e fughe di informazioni…";i-custodi-dei-siti-web-chi-protegge-i-tuoi-dati;i-custodi-dei-siti-web-chi-protegge-i-tuoi-dati;Sicurezza Siti Web
5337;post;https://maxdigitalinnovation.it/siti-web-intelligenti-come-reagiscono-ai-tuoi-bisogni/;Siti Web Intelligenti: AI e Personalizzazione con Max Digital;Siti web intelligenti: come reagiscono AI tuoi bisogni;54;"Scopri come i siti web intelligenti di Max Digital Innovation, con AI e algoritmi predittivi, trasformano l'esperienza online, adattandosi ai bisogni";"Scopri come i siti web intelligenti di Max Digital Innovation, con AI e algoritmi predittivi, trasformano l'esperienza online, adattandosi AI bisogni.";150;"I siti web intelligenti stanno rivoluzionando il modo in cui interagiamo con il mondo digitale. Non sono più semplici vetrine online, ma strumenti dinamici e avanzati che utilizzano intelligenza artificiale (AI) e algoritmi predittivi…";siti-web-intelligenti-come-reagiscono-ai-tuoi-bisogni;siti-web-intelligenti-come-reagiscono-ai-tuoi-bisogni;siti web intelligenti
5342;post;https://maxdigitalinnovation.it/la-magia-dietro-i-siti-web-che-conquistano/;"Siti Web di Successo: Design, SEO e Strategie | Max Digital";Siti web che funzionano: Sito veloce e che converte;51;"Scopri come Max Digital Innovation crea siti web che conquistano: design unico, SEO avanzato, strategie di marketing e UX eccellente per la tua crescita";"Siti web che funzionano: Scopri come Max Digital Innovation crea siti web che conquistano: design unico, SEO avanzato, strategie di marketing e UX.";147;"Creare siti web che funzionano è molto più di una semplice progettazione grafica. È un processo che combina design, contenuti strategici e tecnologia avanzata per offrire esperienze coinvolgenti e risultati concreti. Max Digital Innovation…";la-magia-dietro-i-siti-web-che-conquistano;la-magia-dietro-i-siti-web-che-conquistano;siti web che funzionano
5351;post;https://maxdigitalinnovation.it/agenzia-di-comunicazione-digitale-il-futuro-della-promozione-online/;Agenzia di Comunicazione Digitale: Il Futuro della;Agenzia di Comunicazione Digitale: Il Futuro della;50;"Scopri come un'agenzia di comunicazione digitale come Max Digital Innovation può rivoluzionare la tua presenza online con strategie SEO, social media e";"Scopri come un'agenzia di comunicazione digitale come Max Digital Innovation può rivoluzionare la tua presenza online con strategie SEO, social media.";150;"Nel mondo attuale, in continua evoluzione digitale, affidarsi a un’ agenzia di comunicazione digitale è diventato fondamentale per qualsiasi azienda che desidera crescere ed emergere nel mercato. Le nuove tecnologie hanno trasformato il modo…";agenzia-di-comunicazione-digitale-il-futuro-della-promozione-online;agenzia-comunicazione-digitale;agenzia di comunicazione digitale
5357;post;https://maxdigitalinnovation.it/agenzia-di-comunicazione-creativa-idee-e-strategie-per-il-tuo-brand/;Agenzia di Comunicazione Creativa: Strategie Innovative per Brand;Agenzia di comunicazione creativa: idee e strategie per il;58;Max Digital Innovation: la tua agenzia di comunicazione creativa a Palermo. Scopri idee e strategie per un branding efficace e campagne digitali di successo.;Max Digital Innovation: la tua agenzia di comunicazione creativa a Palermo. Scopri idee e strategie per un branding efficace e campagne digitali di successo.;157;"Nell’era digitale, distinguersi dalla concorrenza richiede un mix perfetto di originalità e strategia. Un’ agenzia di comunicazione creativa è il partner ideale per trasformare idee innovative in campagne vincenti, capaci di catturare l’attenzione…";agenzia-di-comunicazione-creativa-idee-e-strategie-per-il-tuo-brand;agenzia-comunicazione-creativa;agenzia di comunicazione creativa
5362;post;https://maxdigitalinnovation.it/agenzia-di-comunicazione-visiva-come-catturare-lattenzione-del-pubblico/;Agenzia Comunicazione Visiva: Strategie per Catturare;Agenzia Comunicazione Visiva: Strategie per Catturare;53;"Scopri come Max Digital Innovation, agenzia di comunicazione visiva a Palermo, crea strategie visive vincenti per distinguere il tuo brand.";"Agenzia comunicazione visiva: Scopri come Max Digital Innovation, agenzia di comunicazione visiva a Palermo, crea strategie visive vincenti per distinguere.";156;"Nell’era digitale, l’immagine è tutto. Un’ agenzia di comunicazione visiva gioca un ruolo cruciale nell’aiutare le aziende a distinguersi attraverso design accattivanti, immagini emozionali e strategie visive efficaci. Ma cosa significa realmente comunicazione visiva…";agenzia-di-comunicazione-visiva-come-catturare-lattenzione-del-pubblico;agenzia-comunicazione-visiva;agenzia comunicazione visiva
5367;post;https://maxdigitalinnovation.it/agenzia-di-comunicazione-strategica-come-pianificare-il-successo/;Agenzia di Comunicazione Strategica: Guida al Successo;Agenzia di Comunicazione Strategica: Guida al Successo;54;Scopri come un'agenzia di comunicazione strategica come Max Digital Innovation può guidarti verso il successo con strategie personalizzate e risultati;Scopri come un'agenzia di comunicazione strategica come Max Digital Innovation può guidarti verso il successo con strategie personalizzate e risultati.;151;"Pianificare il successo di un brand richiede visione, strategia e competenze. Un’ agenzia di comunicazione strategica è il partner ideale per trasformare obiettivi aziendali in risultati concreti. Grazie a un approccio basato su analisi…";agenzia-di-comunicazione-strategica-come-pianificare-il-successo;agenzia-comunicazione-strategica;agenzia di comunicazione strategica
5372;post;https://maxdigitalinnovation.it/agenzia-di-comunicazione-per-eventi-trasformare-ogni-occasione-in-opportunita-di-successo/;Agenzia Comunicazione Eventi: Successo e Visibilità;Agenzia di comunicazione per eventi: trasformare ogni;53;"Trasforma i tuoi eventi in successi memorabili con Max Digital Innovation, agenzia di comunicazione per eventi. Strategie creative e promozione";"Trasforma i tuoi eventi in successi memorabili con Max Digital Innovation, agenzia di comunicazione per eventi. Strategie creative e promozione.";144;Organizzare un evento di successo richiede più di una semplice pianificazione logistica. È necessario creare un’esperienza memorabile che lasci il segno e rafforzi l’identità del brand. Ecco perché affidarsi a un’ agenzia di comunicazione…;agenzia-di-comunicazione-per-eventi-trasformare-ogni-occasione-in-opportunita-di-successo;agenzia-comunicazione-eventi;agenzia di comunicazione per eventi
5377;post;https://maxdigitalinnovation.it/agenzia-di-comunicazione-per-e-commerce-vendere-di-piu-online/;Agenzia Comunicazione E-commerce: Vendi di Più Online;Agenzia di comunicazione per E-commerce: vendere di più;55;"Max Digital Innovation, agenzia di comunicazione per e-commerce, ti aiuta a vendere di più online con strategie digitali personalizzate e innovative.";"Max Digital Innovation, agenzia di comunicazione per e-commerce, ti aiuta a vendere di più online con strategie digitali personalizzate e innovative.";149;"Nel mondo digitale di oggi, avere un e-commerce non basta: è fondamentale saperlo promuovere in modo efficace per attirare clienti e aumentare le vendite. Una agenzia di comunicazione per e-commerce è il partner ideale…";agenzia-di-comunicazione-per-e-commerce-vendere-di-piu-online;agenzia-comunicazione-ecommerce;agenzia di comunicazione per e-commerce
5382;post;https://maxdigitalinnovation.it/agenzia-di-comunicazione-video-limpatto-del-visual-marketing/;Agenzia Comunicazione Video: Marketing Visivo | Max Digital;Agenzia Comunicazione Video: Marketing Visivo | Max Digital;59;"Scopri come Max Digital Innovation, agenzia di comunicazione video a Palermo, trasforma la tua storia in contenuti visivi coinvolgenti e di successo.";"Scopri come Max Digital Innovation, agenzia di comunicazione video a Palermo, trasforma la tua storia in contenuti visivi coinvolgenti e di successo.";149;"Nel mondo digitale, i contenuti visivi hanno assunto un ruolo dominante. Video emozionanti, tutorial accattivanti e storie coinvolgenti riescono a catturare l’attenzione del pubblico e a lasciare un segno duraturo. Una agenzia di comunicazione…";agenzia-di-comunicazione-video-limpatto-del-visual-marketing;agenzia-di-comunicazione-video-limpatto-del-visual-marketing;agenzia comunicazione video
5395;post;https://maxdigitalinnovation.it/come-raggiungere-al-meglio-il-proprio-pubblico-strategie-efficaci-per-comunicare-con-successo/;Come Raggiungere il Tuo Pubblico: Strategie Efficaci;Come raggiungere il proprio pubblico: Max Digital Innovation;60;Scopri come max digital innovation ti aiuta a raggiungere il tuo pubblico ideale con strategie di marketing personalizzate. Guida completa per comunicare;Come raggiungere il proprio pubblico: Scopri come max digital innovation ti aiuta a raggiungere il tuo pubblico ideale con strategie di marketing.;146;Raggiungere il pubblico giusto è il primo passo per costruire una comunicazione efficace e incrementare il successo di un’azienda. Ma come raggiungere il proprio pubblico in un mercato sempre più affollato e competitivo?…;come-raggiungere-al-meglio-il-proprio-pubblico-strategie-efficaci-per-comunicare-con-successo;raggiungere-proprio-pubblico;come raggiungere il proprio pubblico
5401;post;https://maxdigitalinnovation.it/perche-hai-bisogno-di-un-social-media-manager-a-palermo/;Social Media Manager Palermo: Strategie Vincenti per la Tua Azienda;Social media manager Palermo: Strategia social che funziona;59;"Scopri come un social media manager a Palermo può trasformare la tua presenza online. Dalla strategia ai risultati, con Max Digital Innovation, la tua agenzia di marketing di fiducia.";Social media manager Palermo: Scopri come un social media manager a Palermo può trasformare la tua presenza online. Scopri come lavoriamo a Palermo.;148;"Nel mondo digitale di oggi, una presenza online forte e ben gestita è essenziale per qualsiasi attività. Ma come trovare la figura giusta per occuparsi dei tuoi profili social? Se stai cercando un social…";perche-hai-bisogno-di-un-social-media-manager-a-palermo;perche-hai-bisogno-di-un-social-media-manager-a-palermo;social media manager Palermo
5406;post;https://maxdigitalinnovation.it/come-strutturare-una-strategia-digitale-efficace/;Strategia Digitale Efficace: Guida Completa per il Tuo Business;Strategia digitale efficace: Guida pratica per le PMI;53;"Scopri come strutturare una strategia digitale vincente per la tua attività con Max Digital Innovation. Dalla definizione degli obiettivi alla scelta dei canali, una guida completa per crescere online.";Strategia digitale efficace: Scopri come strutturare una strategia digitale vincente per la tua attività con Max Digital Innovation.;132;"Nell’era digitale, avere una presenza online ben organizzata non è più un’opzione, ma una necessità. Ma come strutturare una strategia digitale efficace per far crescere la tua attività? In questo articolo esploreremo i passaggi…";come-strutturare-una-strategia-digitale-efficace;come-strutturare-una-strategia-digitale-efficace;strategia digitale efficace
5411;post;https://maxdigitalinnovation.it/migliorare-lindicizzazione-su-google-strategie-efficaci-per-scalare-la-serp/;Migliorare l'Indicizzazione Google: Strategie Efficaci | Max Digital;Migliorare indicizzazione Google: Sito veloce e che converte;60;Scalare la SERP con Max Digital Innovation. Scopri strategie SEO avanzate per migliorare l'indicizzazione su Google e aumentare la tua visibilità online.;Scalare la SERP con Max Digital Innovation. Scopri strategie SEO avanzate per migliorare l'indicizzazione su Google e aumentare la tua visibilità online.;153;Essere visibili su Google è essenziale per ogni attività che desidera attirare nuovi clienti e aumentare il traffico al proprio sito web. Ma migliorare l’indicizzazione su Google richiede una strategia ben strutturata. In questo…;migliorare-lindicizzazione-su-google-strategie-efficaci-per-scalare-la-serp;migliorare-indicizzazione-google;migliorare indicizzazione google
5416;post;https://maxdigitalinnovation.it/progettare-un-packaging-efficace-guida-per-valorizzare-il-tuo-prodotto/;Packaging Efficace: Guida Completa | Max Digital Innovation;Packaging Efficace: Guida Completa | Max Digital Innovation;59;"Scopri come progettare un packaging efficace che valorizzi il tuo prodotto, attragga clienti e comunichi i valori del tuo brand. Guida completa di Max";"Scopri come progettare un packaging efficace che valorizzi il tuo prodotto, attragga clienti e comunichi i valori del tuo brand. Guida completa di Max.";151;"Nel mercato moderno, il packaging non è solo un involucro che protegge un prodotto, ma è uno strumento di marketing fondamentale. Progettare un packaging efficace significa creare un’esperienza visiva e tattile capace di attrarre…";progettare-un-packaging-efficace-guida-per-valorizzare-il-tuo-prodotto;packaging-efficace;packaging efficace
5421;post;https://maxdigitalinnovation.it/la-penna-magica-di-unagenzia-di-comunicazione-il-potere-dello-storytelling-che-emoziona-e-conquista/;Agenzia di Comunicazione e Storytelling: Emozioni che Vendono;Agenzia di comunicazione e storytelling;39;"Scopri come max digital innovation, agenzia di comunicazione e storytelling a Palermo, trasforma i tuoi messaggi in storie che emozionano, coinvolgono e incrementano le vendite.";"Scopri come max digital innovation, agenzia di comunicazione e storytelling a Palermo, trasforma i tuoi messaggi in storie. Scopri come lavoriamo a Palermo.";156;"Nel mondo del marketing moderno, raccontare una storia è fondamentale. Una agenzia di comunicazione e storytelling è capace di trasformare un semplice messaggio in una narrazione accattivante, in grado di emozionare e coinvolgere…";la-penna-magica-di-unagenzia-di-comunicazione-il-potere-dello-storytelling-che-emoziona-e-conquista;agenzia-comunicazione-storytelling;agenzia di comunicazione e storytelling
5437;post;https://maxdigitalinnovation.it/larte-della-comunicazione-di-lusso-strategie-esclusive-per-conquistare-clienti-premium/;Comunicazione di Lusso: Strategie Esclusive per Clienti;Agenzia di comunicazione per il lusso;37;"max digital innovation, agenzia di comunicazione per il lusso, crea strategie esclusive per brand premium. Scopri storytelling, design e digital marketing";"max digital innovation, agenzia di comunicazione per il lusso, crea strategie esclusive per brand premium. Scopri storytelling, design e digital marketing.";155;"Il settore del lusso richiede una comunicazione che sappia trasmettere eleganza, esclusività e unicità. Una agenzia di comunicazione per il lusso si occupa di creare esperienze che catturano l’essenza di un brand e parlano…";larte-della-comunicazione-di-lusso-strategie-esclusive-per-conquistare-clienti-premium;agenzia-comunicazione-lusso;agenzia di comunicazione per il lusso
5442;post;https://maxdigitalinnovation.it/viaggi-nellera-digitale-come-unagenzia-di-comunicazione-trasforma-il-turismo-in-emozione/;Agenzia di Comunicazione per il Turismo | Max Digital Innovation;Agenzia di comunicazione per il turismo;39;"Scopri come Max Digital Innovation, agenzia di comunicazione per il turismo, trasforma destinazioni e servizi in esperienze digitali memorabili. Attira visitatori con strategie SEO, social media e storytelling.";"Scopri come Max Digital Innovation, agenzia di comunicazione per il turismo, trasforma destinazioni e servizi in esperienze digitali memorabili.";144;"Il turismo oggi non si limita più alla semplice promozione di una destinazione. In un mondo sempre più connesso, l’arte di attirare viaggiatori passa attraverso strategie innovative e digitali. Una agenzia di comunicazione…";viaggi-nellera-digitale-come-unagenzia-di-comunicazione-trasforma-il-turismo-in-emozione;agenzia-comunicazione-turismo;agenzia di comunicazione per il turismo
5448;post;https://maxdigitalinnovation.it/strategie-su-misura-come-unagenzia-di-comunicazione-per-pmi-guida-al-successo-nel-mercato-locale/;Agenzia di Comunicazione per PMI: Successo Locale con Max Digital;Agenzia di comunicazione per PMI: Guida pratica per le PMI;58;Max Digital Innovation è l'agenzia di comunicazione per PMI che guida al successo nel mercato locale. Scopri strategie su misura per visibilità e crescita della tua impresa.;Max Digital Innovation è l'agenzia di comunicazione per PMI che guida al successo nel mercato locale. Scopri come lavoriamo a Palermo.;134;"Le piccole e medie imprese (PMI) sono il cuore pulsante dell’economia locale, ma emergere in un mercato sempre più competitivo può essere una sfida. Una agenzia di comunicazione per PMI offre soluzioni su misura…";strategie-su-misura-come-unagenzia-di-comunicazione-per-pmi-guida-al-successo-nel-mercato-locale;agenzia-comunicazione-pmi;agenzia di comunicazione per PMI
5453;post;https://maxdigitalinnovation.it/come-unagenzia-di-comunicazione-e-influencer-marketing-trasforma-la-pubblicita-moderna/;Influencer Marketing & Comunicazione | Max Digital;Agenzia di comunicazione e influencer marketing;47;Scopri come Max Digital Innovation trasforma la pubblicità moderna con strategie di comunicazione e influencer marketing autentiche e misurabili.;Scopri come Max Digital Innovation trasforma la pubblicità moderna con strategie di comunicazione e influencer marketing autentiche e misurabili.;145;"Nell’era digitale, i consumatori cercano autenticità e connessione, due elementi che gli influencer sanno offrire. Una agenzia di comunicazione e influencer marketing unisce creatività e strategia per trasformare le collaborazioni con gli influencer…";come-unagenzia-di-comunicazione-e-influencer-marketing-trasforma-la-pubblicita-moderna;agenzia-comunicazione-influencer-marketing;agenzia di comunicazione e influencer marketing
5458;post;https://maxdigitalinnovation.it/come-scegliere-unagenzia-di-comunicazione-efficace-la-guida-per-il-successo-del-tuo-brand/;Agenzia Comunicazione Efficace: Guida Completa per il Tuo;Agenzia di comunicazione efficace: Max Digital Innovation;57;Scopri come scegliere un'agenzia di comunicazione efficace per il tuo brand. Guida completa con consigli pratici e fattori chiave per il successo.;Scopri come scegliere un'agenzia di comunicazione efficace per il tuo brand. Guida completa con consigli pratici e fattori chiave per il successo.;146;"Quando si tratta di far crescere il tuo brand e di aumentare la visibilità nel mercato, la scelta di un’agenzia di comunicazione può fare la differenza. Ma come scegliere un’agenzia di comunicazione efficace…";come-scegliere-unagenzia-di-comunicazione-efficace-la-guida-per-il-successo-del-tuo-brand;agenzia-comunicazione-efficace;agenzia di comunicazione efficace
5463;post;https://maxdigitalinnovation.it/servizi-di-comunicazione-digitale-la-chiave-per-il-successo-nel-mondo-online/;Servizi di Comunicazione Digitale: Successo Online con Max Digital;Servizi di comunicazione digitale: la chiave per il;51;"Max Digital Innovation offre servizi di comunicazione digitale a Palermo: SEO, social media, content marketing e SEM per far crescere la tua azienda online. Scopri di più!";"Max Digital Innovation offre servizi di comunicazione digitale a Palermo: SEO, social media, content marketing e SEM per far crescere la tua azienda online.";156;"In un’epoca in cui il digitale domina ogni aspetto della vita quotidiana, i servizi di comunicazione digitale sono diventati essenziali per le aziende che desiderano crescere e rimanere competitive. Dalla gestione dei social media…";servizi-di-comunicazione-digitale-la-chiave-per-il-successo-nel-mondo-online;servizi-comunicazione-digitale;servizi di comunicazione digitale
5468;post;https://maxdigitalinnovation.it/creazione-di-strategie-di-comunicazione-guida-per-un-successo-garantito/;Strategie di Comunicazione Efficaci: Guida Completa | Max Digital;Strategie di comunicazione: Identità di marca riconoscibile;59;Scopri come Max Digital Innovation crea strategie di comunicazione vincenti per il tuo business. Guida completa per obiettivi chiari e ROI massimizzato.;Scopri come Max Digital Innovation crea strategie di comunicazione vincenti per il tuo business. Guida completa per obiettivi chiari e ROI massimizzato.;152;"Nel panorama aziendale odierno, la creazione di strategie di comunicazione è un elemento cruciale per raggiungere gli obiettivi di business. Ma cosa significa realmente costruire una strategia efficace e come puoi adattarla al tuo…";creazione-di-strategie-di-comunicazione-guida-per-un-successo-garantito;strategie-di-comunicazione;strategie di comunicazione
5473;post;https://maxdigitalinnovation.it/soluzioni-per-la-comunicazione-aziendale-strategie-per-far-crescere-il-tuo-brand/;Comunicazione Aziendale: Strategie di Successo con max;Soluzioni per la comunicazione aziendale: strategie per far;59;"Scopri soluzioni avanzate di comunicazione aziendale per rafforzare il tuo brand, migliorare il dialogo interno e attrarre clienti con max digital";"Soluzioni per la comunicazione aziendale: Scopri soluzioni avanzate di comunicazione aziendale per rafforzare il tuo brand, migliorare il dialogo interno.";154;"La comunicazione aziendale è uno degli strumenti più potenti per costruire e rafforzare l’identità di un brand, sia internamente che esternamente. Trovare le giuste soluzioni per la comunicazione aziendale è fondamentale per migliorare…";soluzioni-per-la-comunicazione-aziendale-strategie-per-far-crescere-il-tuo-brand;soluzioni-comunicazione-aziendale;soluzioni per la comunicazione aziendale
5478;post;https://maxdigitalinnovation.it/esperti-in-comunicazione-e-branding-il-segreto-per-un-brand-di-successo/;Comunicazione & Branding: Brand di Successo | max digital;Comunicazione e Branding: Identità di marca riconoscibile;57;Trasforma la tua visione in un brand di successo con max digital innovation. Strategie di comunicazione e branding efficaci per distinguerti e fidelizzare;Trasforma la tua visione in un brand di successo con max digital innovation. Strategie di comunicazione e branding efficaci per distinguerti e fidelizzare.;155;Un brand di successo non nasce per caso: è il risultato di strategie mirate e di un lavoro continuo. Gli esperti in comunicazione e branding giocano un ruolo fondamentale nel trasformare un’idea…;esperti-in-comunicazione-e-branding-il-segreto-per-un-brand-di-successo;comunicazione-e-branding;Comunicazione e Branding
5486;post;https://maxdigitalinnovation.it/branding-da-sogno-come-unagenzia-di-comunicazione-costruisce-unidentita-vincente/;Branding da Sogno: Agenzia di Comunicazione a Palermo;Agenzia di branding a Palermo: Max Digital Innovation;53;"Scopri come max digital innovation, agenzia di marketing a Palermo, costruisce un'identità di brand vincente e riconoscibile con strategie di";"Agenzia di branding a Palermo: Scopri come max digital innovation, agenzia di marketing a Palermo, costruisce un'identità di brand vincente e riconoscibile.";156;"Nel mondo frenetico del business, distinguersi è fondamentale. Creare un brand forte e riconoscibile non è solo una questione di estetica, ma di strategia, comunicazione e connessione autentica con il pubblico. Una agenzia…";branding-da-sogno-come-unagenzia-di-comunicazione-costruisce-unidentita-vincente;agenzia-branding-palermo;agenzia di branding a Palermo
5491;post;https://maxdigitalinnovation.it/strategie-di-marketing-per-aziende-come-costruire-un-piano-di-successo/;Strategie Marketing Aziendale: Guida al Successo | Max;Strategie di marketing per aziende: come costruire un piano;59;"Scopri le strategie di marketing più efficaci per la tua azienda: dal digitale al content marketing, SEO, social media e fidelizzazione. Massimizza la tua";"Strategie di marketing per aziende: Scopri le strategie di marketing più efficaci per la tua azienda: dal digitale al content marketing, SEO, social media.";155;"In un mondo altamente competitivo, le strategie di marketing per aziende sono fondamentali per distinguersi e crescere. Avere un piano di marketing ben strutturato ti permette di attrarre clienti, aumentare la visibilità del tuo…";strategie-di-marketing-per-aziende-come-costruire-un-piano-di-successo;strategie-marketing-aziende;strategie di marketing per aziende
5496;post;https://maxdigitalinnovation.it/consulenza-per-la-creazione-di-brand-costruisci-unidentita-vincente/;Consulenza Brand: Costruisci Identità Vincente | Max Digital;Consulenza per la creazione di brand: costruisci un’identità;60;"Scopri come la consulenza brand di Max Digital Innovation ti aiuta a creare un'identità aziendale unica, forte e riconoscibile per un successo duraturo";"Consulenza per la creazione di brand: Scopri come la consulenza brand di Max Digital Innovation ti aiuta a creare un'identità aziendale unica, forte.";149;La creazione di un brand è uno dei passi più importanti per un’azienda. Un brand forte e ben costruito può fare la differenza tra il successo e l’oblio nel mercato. Una consulenza…;consulenza-per-la-creazione-di-brand-costruisci-unidentita-vincente;consulenza-creazione-brand;consulenza per la creazione di brand
5501;post;https://maxdigitalinnovation.it/creazione-di-marchi-aziendali-come-costruire-unidentita-forte-e-riconoscibile/;Creazione Marchi Aziendali: Identità Forte e Riconoscibile | max digital innovation;Creazione marchi aziendali: Guida pratica per le PMI;52;Scopri come max digital innovation costruisce marchi aziendali che lasciano il segno. Strategie di branding e design per un'identità forte e riconoscibile nel mercato.;Creazione marchi aziendali: Scopri come max digital innovation costruisce marchi aziendali che lasciano il segno. Scopri come lavoriamo a Palermo.;146;"La creazione di un marchio aziendale è uno degli aspetti più importanti per qualsiasi impresa, grande o piccola. Un marchio ben progettato non solo distingue un’azienda dalla concorrenza, ma racconta anche una storia…";creazione-di-marchi-aziendali-come-costruire-unidentita-forte-e-riconoscibile;creazione-marchi-aziendali;creazione marchi aziendali
5506;post;https://maxdigitalinnovation.it/come-costruire-un-marchio-di-successo-con-lo-sviluppo-e-gestione-del-brand-a-palermo/;Brand Building & Gestione: Guida al Successo | Max Digital;Sviluppo e gestione del brand a Palermo;39;Scopri come Max Digital Innovation costruisce e gestisce brand vincenti. Dalla creazione dell'identità visiva alla strategia di comunicazione per il tuo;Sviluppo e gestione del brand a Palermo: Scopri come Max Digital Innovation costruisce e gestisce brand vincenti. Dalla creazione dell'identità visiva.;151;Creare un brand forte e gestirlo con successo è fondamentale per ogni azienda che desidera emergere nel mercato. Il sviluppo e gestione del brand a Palermo rappresentano un investimento strategico che può influire notevolmente…;come-costruire-un-marchio-di-successo-con-lo-sviluppo-e-gestione-del-brand-a-palermo;sviluppo-gestione-brand-palermo;sviluppo e gestione del brand a Palermo
5512;post;https://maxdigitalinnovation.it/gestione-della-reputazione-online-come-proteggere-e-migliorare-limmagine-del-tuo-brand/;Gestione Reputazione Online: Proteggi il Tuo Brand - Max Digital;Gestione reputazione online: Identità di marca riconoscibile;60;"Scopri come Max Digital Innovation gestisce la reputazione online del tuo brand. Monitoraggio, risposte efficaci alle recensioni e gestione delle crisi per un'immagine impeccabile.";Gestione reputazione online: Scopri come Max Digital Innovation gestisce la reputazione online del tuo brand. Scopri come lavoriamo a Palermo.;142;"Nel mondo digitale di oggi, la reputazione online è diventata uno degli asset più importanti per un’azienda. I consumatori si rivolgono sempre di più a Internet per raccogliere informazioni sui brand e prendere decisioni…";gestione-della-reputazione-online-come-proteggere-e-migliorare-limmagine-del-tuo-brand;gestione-reputazione-online;gestione reputazione online
5517;post;https://maxdigitalinnovation.it/comunicazione-per-la-crescita-aziendale-strategie-per-raggiungere-il-successo/;Comunicazione per la Crescita Aziendale | Max Digital Innovation;Comunicazione per la crescita aziendale: strategie per;54;"Scopri come la comunicazione strategica può accelerare la crescita aziendale, migliorare la visibilità e fidelizzare i clienti con le soluzioni di Max Digital Innovation.";"Comunicazione per la crescita aziendale: Scopri come la comunicazione strategica può accelerare la crescita aziendale, migliorare la visibilità.";144;"La comunicazione per la crescita aziendale è una delle chiavi fondamentali per il successo nel panorama competitivo di oggi. Una strategia di comunicazione ben strutturata non solo aumenta la visibilità del brand, ma aiuta…";comunicazione-per-la-crescita-aziendale-strategie-per-raggiungere-il-successo;comunicazione-crescita-aziendale;comunicazione per la crescita aziendale
5543;post;https://maxdigitalinnovation.it/agenzia-tiktok-come-sfruttare-il-potenziale-di-tiktok-per-il-tuo-brand/;Agenzia TikTok: Sfrutta il Potenziale per il Tuo Brand | max digital innovation;Agenzia TikTok: come sfruttare il potenziale di TikTok per;58;"Scopri come un'agenzia TikTok come max digital innovation può catapultare il tuo brand. Strategie creative, gestione campagne, influencer marketing e ottimizzazione per il successo.";Scopri come un'agenzia TikTok come max digital innovation può catapultare il tuo brand. Scopri come lavoriamo a Palermo. Richiedi una consulenza gratuita.;154;"TikTok è una delle piattaforme social più potenti e in rapida crescita, e molte aziende stanno cercando di sfruttare il suo potenziale per promuovere i loro prodotti e servizi. Ma come funziona un’ agenzia…";agenzia-tiktok-come-sfruttare-il-potenziale-di-tiktok-per-il-tuo-brand;agenzia-tiktok;agenzia TikTok
5548;post;https://maxdigitalinnovation.it/come-funzionano-le-agenzie-su-tiktok-scopri-come-potenziare-il-tuo-brand/;Agenzie TikTok: Guida Completa per il Tuo Brand | Max;Agenzie TikTok: Guida Completa per il Tuo Brand | Max;53;"Scopri come le agenzie TikTok, come Max Digital Innovation, potenziano il tuo brand con strategie creative, campagne mirate e analisi dati per";"Scopri come le agenzie TikTok, come Max Digital Innovation, potenziano il tuo brand con strategie creative, campagne mirate e analisi dati.";139;"TikTok è diventato uno degli strumenti più potenti per il marketing digitale, con milioni di utenti attivi che interagiscono ogni giorno con contenuti coinvolgenti e creativi. Per le aziende che vogliono sfruttare questa piattaforma…";come-funzionano-le-agenzie-su-tiktok-scopri-come-potenziare-il-tuo-brand;agenzie-tiktok;agenzie TikTok
5553;post;https://maxdigitalinnovation.it/come-si-fa-a-crescere-su-tiktok-strategie-per-aumentare-visibilita-e-engagement/;Crescere su TikTok: Strategie di Marketing per il Tuo Brand;Crescere su TikTok: Strategie di Marketing per il Tuo Brand;59;"Scopri come crescere su TikTok con strategie mirate di max digital innovation. Aumenta visibilità, engagement e follower con contenuti autentici e ottimizzati.";Scopri come crescere su TikTok con strategie mirate di max digital innovation. Scopri come lavoriamo a Palermo. Richiedi una consulenza gratuita.;145;"TikTok è diventato uno degli strumenti più potenti per il marketing digitale, con una crescente base di utenti attivi. Se desideri far crescere il tuo brand, aumentare la visibilità e costruire una community…";come-si-fa-a-crescere-su-tiktok-strategie-per-aumentare-visibilita-e-engagement;crescere-su-tiktok;crescere su TikTok
5638;post;https://maxdigitalinnovation.it/agenzia-per-eventi-a-palermo-come-organizzare-eventi-indimenticabili/;Agenzia eventi Palermo: organizza eventi indimenticabili;Agenzia per eventi a Palermo: come organizzare eventi;53;"max digital innovation: la tua agenzia per eventi a Palermo. Organizziamo eventi indimenticabili, dalla pianificazione alla promozione. Scopri i nostri";"max digital innovation: la tua agenzia per eventi a Palermo. Organizziamo eventi indimenticabili, dalla pianificazione alla promozione. Scopri i nostri.";152;"Organizzare eventi di successo richiede una pianificazione attenta, creatività e una conoscenza approfondita del pubblico. Se desideri che il tuo evento a Palermo abbia un impatto duraturo, un’ agenzia per eventi a Palermo è…";agenzia-per-eventi-a-palermo-come-organizzare-eventi-indimenticabili;agenzia-eventi-palermo;agenzia per eventi a Palermo
5649;post;https://maxdigitalinnovation.it/organizzare-eventi-a-palermo-come-creare-esperienze-indimenticabili/;Organizzare Eventi a Palermo: Guida Completa | Max Digital Innovation;Organizzare eventi a Palermo: come creare esperienze;52;"Scopri come organizzare eventi indimenticabili a Palermo con Max Digital Innovation. Dalla pianificazione alla promozione, la nostra agenzia ti supporta per un successo garantito.";Organizzare eventi a Palermo: Scopri come organizzare eventi indimenticabili a Palermo con Max Digital Innovation. Scopri come lavoriamo a Palermo.;147;"Palermo è una città ricca di storia, cultura e fascino, un luogo ideale per ospitare eventi memorabili. Organizzare eventi a Palermo non solo ti consente di sfruttare una delle città più belle d'Italia…";organizzare-eventi-a-palermo-come-creare-esperienze-indimenticabili;organizzare-eventi-palermo;organizzare eventi a Palermo
5654;post;https://maxdigitalinnovation.it/come-organizzare-eventi-aziendali-di-successo-strategie-vincenti-per-il-tuo-business/;Eventi Aziendali di Successo a Palermo | Max Digital;Eventi aziendali a Palermo: Guida pratica per le PMI;52;Organizza eventi aziendali indimenticabili a Palermo con Max Digital Innovation. Scopri strategie vincenti per engagement e visibilità del tuo brand.;Organizza eventi aziendali indimenticabili a Palermo con Max Digital Innovation. Scopri strategie vincenti per engagement e visibilità del tuo brand.;149;"Organizzare eventi aziendali di successo è una delle sfide più stimolanti per le aziende. Che si tratti di conferenze, team building, lanci di prodotto o eventi di networking, ogni evento deve essere progettato…";come-organizzare-eventi-aziendali-di-successo-strategie-vincenti-per-il-tuo-business;eventi-aziendali-palermo;eventi aziendali a Palermo
5659;post;https://maxdigitalinnovation.it/come-realizzare-un-evento-di-lancio-prodotto-di-successo-a-palermo/;Lancio Prodotto a Palermo: Guida Completa per il Successo | Max Digital;Lancio prodotto Palermo: Guida pratica per le PMI;49;"Organizza un lancio prodotto di successo a Palermo con Max Digital Innovation. Dalla pianificazione alla promozione, scopri come creare un evento memorabile e massimizzare il ROI.";Lancio prodotto Palermo: Organizza un lancio prodotto di successo a Palermo con Max Digital Innovation. Scopri come lavoriamo a Palermo.;136;"Organizzare un lancio prodotto a Palermo è una delle sfide più entusiasmanti per un’azienda. Un evento di lancio ben organizzato può generare un'enorme visibilità, aumentare l’interesse del pubblico e creare un impatto positivo…";come-realizzare-un-evento-di-lancio-prodotto-di-successo-a-palermo;lancio-prodotto-palermo;lancio prodotto Palermo
5664;post;https://maxdigitalinnovation.it/come-gestire-eventi-privati-con-successo-dalla-festa-di-compleanno-a-eventi-esclusivi/;Gestione Eventi Privati Palermo: Successo Garantito | Max Digital;Gestione eventi privati Palermo: Guida pratica per le PMI;57;"Organizza eventi privati indimenticabili a Palermo con Max Digital Innovation. Dalla festa di compleanno all'evento esclusivo, pianifichiamo ogni dettaglio per un successo garantito. Scopri i nostri servizi!";Gestione eventi privati Palermo: Organizza eventi privati indimenticabili a Palermo con Max Digital Innovation. Scopri come lavoriamo a Palermo.;144;"La gestione di eventi privati a Palermo è un'arte che richiede attenzione ai dettagli, creatività e capacità di coordinare molteplici aspetti, dalla scelta della location alla pianificazione del catering e dell'intrattenimento. Che si tratti…";come-gestire-eventi-privati-con-successo-dalla-festa-di-compleanno-a-eventi-esclusivi;gestione-eventi-privati-palermo;gestione eventi privati Palermo
5929;post;https://maxdigitalinnovation.it/social-media-manager-a-palermo-come-scegliere-il-professionista-giusto-per-il-tuo-brand/;Social Media Manager a Palermo: Guida alla Scelta - Max Digital;Social media manager Palermo: Strategia social che funziona;59;Scegli il Social Media Manager a Palermo ideale per il tuo brand. Max Digital Innovation ti guida nella selezione del professionista che farà crescere la tua presenza online.;Social media manager Palermo: Scegli il Social Media Manager a Palermo ideale per il tuo brand. Scopri come lavoriamo a Palermo. Parla con i nostri esperti.;156;Scegliere il social media manager a Palermo giusto per la tua azienda è un passo cruciale nel percorso verso la costruzione di una forte presenza online. Con l'aumento della competitività e la crescente importanza…;social-media-manager-a-palermo-come-scegliere-il-professionista-giusto-per-il-tuo-brand;social-media-manager-palermo;social media manager Palermo
5937;post;https://maxdigitalinnovation.it/social-media-manager-per-e-commerce-aumentare-le-vendite-con-strategie-mirate/;Social Media Manager per E-commerce: Strategie per Aumentare le Vendite;Social Media Manager per E-commerce: aumentare le vendite;57;"Scopri come un Social Media Manager specializzato può trasformare il tuo e-commerce, incrementando vendite e visibilità con strategie digitali mirate su Instagram, Facebook e TikTok.";"Social Media Manager per E-commerce: Scopri come un Social Media Manager specializzato può trasformare il tuo E-commerce, incrementando vendite e visibilità.";157;"Nel mondo degli e-commerce, avere una solida strategia sui social media può fare la differenza tra il successo e l’oblio. Un social media manager per e-commerce è il professionista che ti aiuta a sviluppare…";social-media-manager-per-e-commerce-aumentare-le-vendite-con-strategie-mirate;social-media-manager-ecommerce;Social Media Manager per e-commerce
5941;post;https://maxdigitalinnovation.it/il-ruolo-di-un-social-media-manager-nelle-piccole-e-medie-imprese/;Social Media Manager per PMI: Guida Completa | max digital;Social Media Manager per PMI: Guida Completa | max digital;58;"Scopri come un Social Media Manager può rivoluzionare la tua PMI. Strategie su misura, visibilità online e crescita del brand con max digital innovation.";"Scopri come un Social Media Manager può rivoluzionare la tua PMI. Strategie su misura, visibilità online e crescita del brand con max digital innovation.";153;"Le piccole e medie imprese (PMI) stanno vivendo una vera e propria rivoluzione digitale, e il social media manager per piccole imprese gioca un ruolo fondamentale in questo cambiamento. I social media sono strumenti…";il-ruolo-di-un-social-media-manager-nelle-piccole-e-medie-imprese;social-media-manager-pmi;Social Media Manager per PMI
5946;post;https://maxdigitalinnovation.it/come-il-social-media-manager-puo-potenziare-la-tua-strategia-di-content-marketing/;Social Media Manager e Content Marketing: Strategia Digitale;Social media manager content marketing;38;"Scopri come un Social Media Manager esperto e una strategia di Content Marketing integrata possono rivoluzionare la tua presenza online, aumentare l'engagement e le conversioni per il tuo business.";Social media manager content marketing: Scopri come un Social Media Manager esperto e una strategia di Content Marketing integrata possono rivoluzionare.;153;"Il social media manager e content marketing sono due pilastri fondamentali per costruire una strategia digitale vincente. Un social media manager esperto non solo si occupa della gestione dei tuoi account social, ma lavora…";come-il-social-media-manager-puo-potenziare-la-tua-strategia-di-content-marketing;social-media-manager-content-marketing;social media manager content marketing
5951;post;https://maxdigitalinnovation.it/come-diventare-un-social-media-manager-di-successo-guida-passo-dopo-passo/;Social Media Manager di Successo: Guida Completa | max;Social Media Manager di Successo: Guida Completa | max;54;"Diventa un Social Media Manager di successo con la guida completa di max digital innovation. Impara strategie, strumenti e segreti per eccellere nel";"Diventa un Social Media Manager di successo con la guida completa di max digital innovation. Impara strategie, strumenti e segreti per eccellere.";145;"Diventare un social media manager di successo è un percorso che richiede passione, competenze specifiche e una costante adattabilità alle evoluzioni delle piattaforme social. Il ruolo del social media manager è fondamentale…";come-diventare-un-social-media-manager-di-successo-guida-passo-dopo-passo;social-media-manager-successo;Social Media Manager di successo
5956;post;https://maxdigitalinnovation.it/che-cosa-fa-una-social-media-manager/;"Social Media Manager: Ruolo, Strategie e Successo Online";"Social Media Manager: Ruolo, Strategie e Successo Online";56;"Scopri il ruolo cruciale di una Social Media Manager: dalla strategia alla creazione di contenuti, gestione campagne e analisi. Guida completa per il successo digitale.";"Scopri il ruolo cruciale di una Social Media Manager: dalla strategia alla creazione di contenuti, gestione campagne e analisi. Parla con i nostri esperti.";155;"Il ruolo di una social media manager è oggi più importante che mai, considerando l'enorme crescita dell’utilizzo dei social media per scopi aziendali. Ma che cosa fa una social media manager esattamente? In breve…";che-cosa-fa-una-social-media-manager;che-cosa-fa-una-social-media-manager;social media manager
5964;post;https://maxdigitalinnovation.it/quanto-costa-farsi-gestire-un-profilo-instagram/;Costo Gestione Instagram: Quanto Costa un Social Media;Costo Gestione Instagram: Quanto Costa un Social Media;54;Scopri quanto costa farsi gestire un profilo Instagram da esperti. Strategie personalizzate per la tua visibilità online con Max Digital Innovation.;Scopri quanto costa farsi gestire un profilo Instagram da esperti. Strategie personalizzate per la tua visibilità online con Max Digital Innovation.;148;"Gestire un profilo Instagram professionale può sembrare semplice, ma richiede competenze specifiche e una strategia ben pianificata per ottenere risultati tangibili. Se non hai il tempo o le risorse per gestirlo internamente, puoi affidarti…";quanto-costa-farsi-gestire-un-profilo-instagram;quanto-costa-farsi-gestire-un-profilo-instagram;Costo Gestione Instagram
6048;post;https://maxdigitalinnovation.it/5-errori-silenziosi-che-stai-commettendo-nel-tuo-sito-web-aziendale/;5 Errori Sito Web Aziendale: Evita di Comprometterne il Successo;Errori sito web aziendale: Sito veloce e che converte;53;Scopri i 5 errori silenziosi che molti siti web aziendali commettono e come Max Digital Innovation ti aiuta a trasformare il tuo sito in uno strumento di successo. Agenzia di marketing a Palermo.;Errori sito web aziendale: Scopri i 5 errori silenziosi che molti siti web aziendali commettono e come Max Digital Innovation ti aiuta a trasformare il tuo.;156;"Nel mondo digitale, un sito web rappresenta il biglietto da visita della tua azienda. Tuttavia, molti imprenditori non si accorgono di commettere errori che, seppur silenziosi, possono compromettere la visibilità e l’efficacia del proprio…";5-errori-silenziosi-che-stai-commettendo-nel-tuo-sito-web-aziendale;errori-sito-web-aziendale;errori sito web aziendale
6059;post;https://maxdigitalinnovation.it/strategie-digitali-per-artigiani-locali-come-vendere-di-piu-online-marketing/;Marketing per Artigiani a Palermo: Strategie Digitali su Misura;Marketing per artigiani a Palermo: Max Digital Innovation;57;"Max Digital Innovation offre strategie di marketing digitale personalizzate per artigiani a Palermo. Fai crescere la tua bottega online con SEO, social media e siti e-commerce.";Marketing per artigiani a Palermo: Max Digital Innovation offre strategie di marketing digitale personalizzate per artigiani a Palermo.;135;"Nel cuore di Palermo, l’artigianato continua a rappresentare un patrimonio di tradizione, qualità e unicità. Ma in un’epoca dominata dal digitale, talento e maestria non bastano: è necessario integrare il marketing per artigiani…";strategie-digitali-per-artigiani-locali-come-vendere-di-piu-online-marketing;marketing-artigiani-palermo;marketing per artigiani a Palermo
6065;post;https://maxdigitalinnovation.it/il-potere-delle-landing-page-per-attivita-locali-converti-i-clienti-della-tua-citta/;Landing Page Locali: Converti Clienti nella Tua Città;Landing page per attività locali: Sito veloce e che converte;60;Massimizza le conversioni con landing page locali mirate. Scopri le strategie di Max Digital Innovation a Palermo per attrarre e convertire clienti nella;Landing page per attività locali: Massimizza le conversioni con landing page locali mirate. Scopri le strategie di Max Digital Innovation a Palermo.;148;"In un’epoca in cui la concorrenza online è sempre più alta, ogni click conta. E se il tuo obiettivo è quello di attrarre clienti nella tua zona, hai bisogno di uno strumento efficace, rapido…";il-potere-delle-landing-page-per-attivita-locali-converti-i-clienti-della-tua-citta;landing-page-attivita-locali;landing page per attività locali
6070;post;https://maxdigitalinnovation.it/micro-influencer-locale-come-usarli-per-far-crescere-la-tua-azienda-marketing-palermo/;Micro-Influencer Locali: Crescita Aziendale a Palermo;Influencer marketing locale Palermo: Max Digital Innovation;59;Scopri come i micro-influencer locali a Palermo possono trasformare la tua strategia di marketing. Max Digital Innovation ti guida verso il successo.;Scopri come i micro-influencer locali a Palermo possono trasformare la tua strategia di marketing. Max Digital Innovation ti guida verso il successo.;149;"Nel mondo della comunicazione digitale, la visibilità non è più riservata solo ai grandi brand e alle celebrità del web. Le piccole realtà possono oggi ottenere grandi risultati grazie a una strategia mirata…";micro-influencer-locale-come-usarli-per-far-crescere-la-tua-azienda-marketing-palermo;influencer-marketing-locale-palermo;influencer marketing locale Palermo
6079;post;https://maxdigitalinnovation.it/posizionamento-zero-su-google-cose-e-come-ottenerlo/;Posizionamento Zero Google: Guida Completa Max Digital Innovation;Posizionamento Zero Google: Più visibilità su Google;52;Scopri come raggiungere la Posizione Zero su Google con le strategie SEO avanzate di Max Digital Innovation. Domina i risultati di ricerca e aumenta la tua visibilità online.;Posizionamento Zero Google: Scopri come raggiungere la Posizione Zero su Google con le strategie SEO avanzate di Max Digital Innovation.;136;Essere primi su Google è l’obiettivo di qualunque strategia SEO. Ma c’è una posizione ancora più ambita: la cosiddetta posizione zero . Si tratta del risultato in evidenza che appare prima di tutti…;posizionamento-zero-su-google-cose-e-come-ottenerlo;posizionamento-zero-su-google-cose-e-come-ottenerlo;Posizionamento Zero Google
6086;post;https://maxdigitalinnovation.it/come-unire-seo-e-branding-visivo-in-un-solo-progetto-web/;SEO e Branding Visivo: Strategia Integrata con Max Digital;Integrare SEO e brand identity: Più visibilità su Google;56;Scopri come Max Digital Innovation integra SEO e brand identity per progetti web di successo. Aumenta visibilità e rafforza il tuo marchio con strategie;Integrare SEO e brand identity: Scopri come Max Digital Innovation integra SEO e brand identity per progetti web di successo. Aumenta visibilità e rafforza.;156;"Nel panorama digitale moderno, visibilità e identità visiva non possono più essere trattate come due aspetti separati. Creare un sito bello da vedere ma invisibile sui motori di ricerca non porta risultati. Al contrario…";come-unire-seo-e-branding-visivo-in-un-solo-progetto-web;come-unire-seo-e-branding-visivo-in-un-solo-progetto-web;integrare SEO e brand identity
6091;post;https://maxdigitalinnovation.it/leffetto-domino-delle-recensioni-online-per-le-attivita-locali/;Recensioni Google Aziende Palermo: Effetto Domino e Visibilità Online;Recensioni Google aziende Palermo: Più visibilità su Google;59;"Scopri con Max Digital Innovation come le recensioni Google aziende Palermo influenzano fiducia, visibilità e successo. Trasforma le opinioni in risultati concreti.";"Scopri con Max Digital Innovation come le recensioni Google aziende Palermo influenzano fiducia, visibilità e successo. Scopri come lavoriamo a Palermo.";152;"Nel mondo digitale, le opinioni contano più che mai. Per le piccole e medie imprese locali, le recensioni Google aziende Palermo possono rappresentare un’arma potentissima, capace di influenzare le decisioni dei clienti…";leffetto-domino-delle-recensioni-online-per-le-attivita-locali;recensioni-google-aziende-palermo;recensioni Google aziende Palermo
6096;post;https://maxdigitalinnovation.it/seo-per-podcast-e-audio-contenuti-come-farli-trovare-online/;SEO Podcast & Audio Contenuti: Trovali Online a Palermo;Marketing per podcast Palermo: Più visibilità su Google;55;"Massimizza la visibilità del tuo podcast a Palermo con le strategie SEO e di marketing audio di Max Digital Innovation. Ottimizza, promuovi e raggiungi il";Marketing per podcast Palermo: Massimizza la visibilità del tuo podcast a Palermo con le strategie SEO e di marketing audio di Max Digital Innovation.;150;"Il podcast è uno dei formati più in crescita nel mondo digitale, ma produrre contenuti di qualità non basta se nessuno li trova. È qui che entra in gioco il marketing per podcast Palermo…";seo-per-podcast-e-audio-contenuti-come-farli-trovare-online;seo-per-podcast-e-audio-contenuti-come-farli-trovare-online;marketing per podcast Palermo
6101;post;https://maxdigitalinnovation.it/siti-one-page-quando-funzionano-davvero/;Siti One Page: Vantaggi e Quando Funzionano Davvero - Max;Vantaggi sito one page Palermo: Guida pratica per le PMI;56;Scopri i veri vantaggi di un sito one page per la tua attività con Max Digital Innovation. Ideale per PMI e professionisti: quando sceglierlo e perché è;Vantaggi sito one page Palermo: Scopri i veri vantaggi di un sito one page per la tua attività con Max Digital Innovation. Ideale per PMI e professionisti.;155;"Negli ultimi anni, sempre più aziende scelgono soluzioni web snelle e veloci, puntando sui cosiddetti siti “one page”. Ma quando vale davvero la pena adottare questa struttura? Se sei un imprenditore o un professionista…";siti-one-page-quando-funzionano-davvero;siti-one-page-quando-funzionano-davvero;vantaggi sito one page Palermo
6106;post;https://maxdigitalinnovation.it/strategie-digitali-per-chi-apre-una-start-up-culturale-a-palermo/;Marketing Digitale Startup Culturali Palermo | Max Digital;Marketing Digitale Startup Culturali Palermo | Max Digital;58;"Lancia la tua startup culturale a Palermo con strategie di marketing digitale mirate. Max Digital Innovation ti aiuta a costruire identità, visibilità e";Marketing Digitale Startup Culturali Palermo: Lancia la tua startup culturale a Palermo con strategie di marketing digitale mirate. Max Digital Innovation.;155;"Aprire una start-up culturale a Palermo è un gesto di coraggio e visione. La città è ricca di storia, arte e creatività, ma per emergere in un contesto competitivo e digitale, serve molto…";strategie-digitali-per-chi-apre-una-start-up-culturale-a-palermo;marketing-digitale-startup-culturali-palermo;Marketing Digitale Startup Culturali Palermo
6111;post;https://maxdigitalinnovation.it/come-promuovere-la-tua-casa-vacanze-con-il-marketing-locale-digitale/;Promozione Casa Vacanze Palermo: Marketing Digitale per Turisti;Promozione casa vacanze Palermo: Max Digital Innovation;55;Scopri come Max Digital Innovation può rivoluzionare la promozione della tua casa vacanze a Palermo con strategie di marketing digitale locale mirate. Attira più ospiti!;Promozione casa vacanze Palermo: Scopri come Max Digital Innovation può rivoluzionare la promozione della tua casa vacanze a Palermo con strategie.;147;"Nel cuore del turismo siciliano, la concorrenza per affittare una casa vacanze è sempre più accesa. Avere una bella struttura non basta più. Per attirare ospiti in modo costante, serve una strategia efficace…";come-promuovere-la-tua-casa-vacanze-con-il-marketing-locale-digitale;promozione-casa-vacanze-palermo;promozione casa vacanze Palermo
6116;post;https://maxdigitalinnovation.it/brand-identity-per-artisti-e-creativi-distinguersi-online-in-modo-autentico/;Brand Identity Artisti: Distinguersi Online | Max Digital;Brand Identity Artisti: Distinguersi Online | Max Digital;57;Artisti e creativi a Palermo: costruisci un'immagine digitale autentica e riconoscibile. Max Digital Innovation ti aiuta a emergere online con strategie;Brand Identity Artisti: Distinguersi Online | Max Digital: Artisti e creativi a Palermo: costruisci un'immagine digitale autentica e riconoscibile. Max.;152;"Nel mondo dell’arte, l’espressione personale è tutto. Ma nell’era digitale, anche la coerenza visiva e la presenza online contano moltissimo. Che tu sia un pittore, un illustratore, un musicista o un fotografo, creare…";brand-identity-per-artisti-e-creativi-distinguersi-online-in-modo-autentico;brand-identity-artisti-distinguersi-online-max-digital;Brand Identity Artisti: Distinguersi Online | Max Digital
6121;post;https://maxdigitalinnovation.it/il-ruolo-del-marketing-digitale-per-le-librerie-indipendenti/;Marketing Digitale per Librerie Indipendenti a Palermo | Max Digital;Marketing per librerie Palermo: Campagne che portano clienti;60;Valorizza la tua libreria indipendente a Palermo con strategie di marketing digitale su misura. Max Digital Innovation ti aiuta a connetterti con i lettori.;Valorizza la tua libreria indipendente a Palermo con strategie di marketing digitale su misura. Max Digital Innovation ti aiuta a connetterti con i lettori.;156;"Le librerie indipendenti rappresentano un presidio culturale fondamentale in ogni città. Tuttavia, in un’epoca dominata dai grandi marketplace online, riuscire a farsi notare può sembrare una sfida. Il marketing per librerie Palermo diventa quindi…";il-ruolo-del-marketing-digitale-per-le-librerie-indipendenti;il-ruolo-del-marketing-digitale-per-le-librerie-indipendenti;marketing per librerie palermo
6126;post;https://maxdigitalinnovation.it/comunicazione-digitale-per-associazioni-no-profit-come-farsi-conoscere/;Marketing Digitale per Associazioni No Profit a Palermo;Marketing per associazioni Palermo: Max Digital Innovation;58;Scopri come Max Digital Innovation potenzia la visibilità e il coinvolgimento delle associazioni no profit a Palermo con strategie di marketing digitale;Marketing per associazioni Palermo: Scopri come Max Digital Innovation potenzia la visibilità e il coinvolgimento delle associazioni no profit a Palermo.;153;"Le associazioni no profit svolgono un ruolo essenziale nel tessuto sociale e culturale della nostra città. Tuttavia, senza una strategia digitale chiara, anche i progetti più validi rischiano di restare invisibili. Oggi, il marketing…";comunicazione-digitale-per-associazioni-no-profit-come-farsi-conoscere;marketing-associazioni-palermo;marketing per associazioni Palermo
6131;post;https://maxdigitalinnovation.it/strategie-web-per-eventi-teatrali-e-spettacoli-indipendenti/;Pubblicità Eventi Teatrali Palermo: Strategie Digitali Efficaci;Pubblicità eventi teatrali Palermo: Guida pratica per le PMI;60;Riempi la sala con strategie digitali efficaci per eventi teatrali a Palermo. Max Digital Innovation: il tuo partner per il successo online.;Riempi la sala con strategie digitali efficaci per eventi teatrali a Palermo. Max Digital Innovation: il tuo partner per il successo online.;140;"Il teatro vive di emozioni, ma anche di pubblico. E oggi, per riempire le sale e promuovere nuove produzioni, non basta il passaparola. È fondamentale affidarsi a una strategia digitale efficace. La pubblicità eventi…";strategie-web-per-eventi-teatrali-e-spettacoli-indipendenti;strategie-web-per-eventi-teatrali-e-spettacoli-indipendenti;pubblicità eventi teatrali Palermo
6136;post;https://maxdigitalinnovation.it/digitale-e-tradizione-come-promuovere-botteghe-storiche-con-nuove-strategie-comunicazione/;Botteghe Storiche Palermo: Promozione Digitale e Tradizione;Comunicazione per botteghe storiche Palermo;43;Valorizza la tua bottega storica a Palermo con Max Digital Innovation. Strategie digitali su misura per unire tradizione e visibilità online.;Valorizza la tua bottega storica a Palermo con Max Digital Innovation. Strategie digitali su misura per unire tradizione e visibilità online.;141;"Ogni bottega storica racconta una parte della città. Ogni insegna, ogni bancone di legno, ogni gesto tramandato nel tempo è un patrimonio prezioso. Ma nel mondo attuale, dove tutto si muove sul web…";digitale-e-tradizione-come-promuovere-botteghe-storiche-con-nuove-strategie-comunicazione;comunicazione-botteghe-storiche-palermo;comunicazione per botteghe storiche Palermo
6141;post;https://maxdigitalinnovation.it/formazione-online-come-promuovere-il-tuo-corso-o-workshop-sul-web/;Formazione Online: Promuovere Corsi e Workshop con Max;Pubblicità corsi e workshop Palermo: Vendi di più online;56;Promuovi i tuoi corsi e workshop online con strategie di marketing digitale efficaci. Scopri come Max Digital Innovation può aumentare le tue iscrizioni.;Promuovi i tuoi corsi e workshop online con strategie di marketing digitale efficaci. Scopri come Max Digital Innovation può aumentare le tue iscrizioni.;153;"Organizzare un corso o un workshop è un’opportunità per trasmettere competenze, condividere esperienze e creare connessioni. Tuttavia, anche l’evento più interessante rischia di passare inosservato se non viene comunicato nel modo giusto. Oggi…";formazione-online-come-promuovere-il-tuo-corso-o-workshop-sul-web;pubblicita-corsi-workshop-palermo;pubblicità corsi e workshop Palermo
6146;post;https://maxdigitalinnovation.it/dalla-strada-al-web-come-promuovere-un-food-truck-a-palermo/;Marketing Food Truck Palermo: Strategie Digitali per il Successo;Marketing food Palermo: Identità di marca riconoscibile;55;Promuovi il tuo food truck a Palermo con le strategie di marketing digitale su misura di Max Digital Innovation.;Marketing food Palermo: Promuovi il tuo food truck a Palermo con le strategie di marketing digitale su misura di Max Digital Innovation.;136;"Il cibo di strada è un’arte che a Palermo ha radici antiche e un presente vivace. Ma oggi, anche un’attività dinamica e visibile come un food truck ha bisogno di una solida presenza online…";dalla-strada-al-web-come-promuovere-un-food-truck-a-palermo;dalla-strada-al-web-come-promuovere-un-food-truck-a-palermo;marketing food Palermo
6151;post;https://maxdigitalinnovation.it/digital-strategy-per-laboratori-di-analisi-come-farsi-scegliere-online/;Digital Strategy Laboratori Analisi Palermo: Max Digital;Marketing per laboratori analisi Palermo;40;Aumenta la visibilità e la fiducia del tuo laboratorio di analisi a Palermo. Scopri le strategie digitali personalizzate di Max Digital Innovation per;Marketing per laboratori analisi Palermo: Aumenta la visibilità e la fiducia del tuo laboratorio di analisi a Palermo. Scopri le strategie digitali.;148;"In un settore delicato come quello sanitario, la fiducia dei pazienti è fondamentale. Tuttavia, affidabilità e competenza non bastano se chi ha bisogno dei tuoi servizi non riesce a trovarti online. Oggi il marketing…";digital-strategy-per-laboratori-di-analisi-come-farsi-scegliere-online;marketing-laboratori-analisi-palermo;marketing per laboratori analisi Palermo
6156;post;https://maxdigitalinnovation.it/come-comunicare-online-per-una-scuola-di-musica-o-danza-a-palermo/;Scuola Musica Danza Palermo: Strategie Digitali e Crescita;Promozione scuola di musica Palermo: Max Digital Innovation;59;Max Digital Innovation: massimizza iscrizioni e visibilità per la tua scuola di musica o danza a Palermo con strategie digitali personalizzate e;Promozione scuola di musica Palermo: Max Digital Innovation: massimizza iscrizioni e visibilità per la tua scuola di musica o danza a Palermo con strategie.;156;"Avere talento e insegnanti preparati non basta più: per far crescere una scuola di musica o danza oggi è indispensabile saper comunicare. Una presenza online curata, coerente e coinvolgente può fare la differenza…";come-comunicare-online-per-una-scuola-di-musica-o-danza-a-palermo;promozione-scuola-musica-palermo;promozione scuola di musica Palermo
6161;post;https://maxdigitalinnovation.it/come-far-crescere-una-sartoria-o-atelier-online-strategie-su-misura/;Marketing per Sartorie e Atelier Online: Strategie su Misura;Marketing per Sartorie e Atelier Online: Strategie su Misura;60;Scopri come Max Digital Innovation aiuta sartorie e atelier a crescere online con strategie di marketing digitale su misura per valorizzare;Marketing per Sartorie e Atelier Online: Scopri come Max Digital Innovation aiuta sartorie e atelier a crescere online con strategie di marketing digitale.;155;"In un mondo sempre più digitale, anche l’eleganza sartoriale ha bisogno di visibilità online. Le sartorie e gli atelier, spesso custodi di tradizioni artigianali uniche, possono ampliare il proprio pubblico grazie a una strategia…";come-far-crescere-una-sartoria-o-atelier-online-strategie-su-misura;marketing-sartorie-atelier-online;Marketing per Sartorie e Atelier Online
6166;post;https://maxdigitalinnovation.it/pet-business-come-farsi-conoscere-online-con-una-comunicazione-mirata/;Marketing per Negozi di Animali Palermo: Visibilità Online;Marketing per Negozi di Animali Palermo: Visibilità Online;58;"Aumenta la visibilità del tuo pet shop a Palermo con Max Digital Innovation. Strategie mirate di marketing digitale per negozi di animali: SEO, social";Marketing per negozi di animali Palermo: Aumenta la visibilità del tuo pet shop a Palermo con Max Digital Innovation. Strategie mirate di marketing digitale.;157;"Il settore degli animali domestici è in forte crescita, ma anche sempre più competitivo. I clienti cercano qualità, fiducia e consigli personalizzati, spesso prima ancora di entrare fisicamente in un negozio. Per questo motivo…";pet-business-come-farsi-conoscere-online-con-una-comunicazione-mirata;marketing-negozi-animali-palermo;marketing per negozi di animali Palermo
6175;post;https://maxdigitalinnovation.it/vendere-arte-online-come-costruire-una-strategia-digitale-per-gallerie-e-artisti/;Vendere Arte Online: Strategie Digitali per Gallerie e Artisti;Vendere arte online: Come Costruire una Strategia Digitale;58;Max Digital Innovation: la tua agenzia per vendere arte online a Palermo. Strategie digitali complete per gallerie e artisti. Contattaci per un e-commerce su misura.;Max Digital Innovation: la tua agenzia per vendere arte online a Palermo. Strategie digitali complete per gallerie e artisti. Scopri come lavoriamo a Palermo.;158;"L’arte non si espone più solo nelle gallerie: oggi si vende anche online. Per artisti, collezionisti e curatori, avere uno spazio digitale curato è fondamentale. Creare un e-commerce per arte Palermo non è solo…";vendere-arte-online-come-costruire-una-strategia-digitale-per-gallerie-e-artisti;vendere-arte-online;vendere arte online
6180;post;https://maxdigitalinnovation.it/ristorazione-vegetariana-e-vegana-come-comunicare-i-tuoi-valori-online/;Marketing Ristoranti Vegani Palermo: Comunicazione di Valore;Marketing Ristoranti Vegani Palermo: Comunicazione di Valore;60;Max Digital Innovation ti guida nel marketing per ristoranti vegani a Palermo. Valorizza i tuoi valori etici e sostenibili online e fai crescere la tua attività.;Marketing ristoranti vegani Palermo: Max Digital Innovation ti guida nel marketing per ristoranti vegani a Palermo. Scopri come lavoriamo a Palermo.;148;"Negli ultimi anni, la cucina vegetariana e vegana ha conquistato sempre più spazio. A Palermo, cresce il numero di locali che propongono scelte consapevoli e creative. Tuttavia, per emergere in un mercato in espansione…";ristorazione-vegetariana-e-vegana-come-comunicare-i-tuoi-valori-online;marketing-ristoranti-vegani-palermo;marketing ristoranti vegani Palermo
6185;post;https://maxdigitalinnovation.it/digital-strategy-per-wedding-planner-e-servizi-per-eventi-privati/;Digital Strategy per Wedding Planner a Palermo e Sicilia;Digital Strategy per Wedding Planner Palermo;44;Fai decollare la tua attività di wedding planner a Palermo con strategie digitali su misura. Scopri come Max Digital Innovation può aiutarti a raggiungere;Digital Strategy per Wedding Planner Palermo: Fai decollare la tua attività di wedding planner a Palermo con strategie digitali su misura. Scopri come Max.;155;"Organizzare un matrimonio è un’arte. Richiede empatia, precisione, visione estetica e capacità organizzativa. Tuttavia, in un mondo sempre più connesso, anche i migliori professionisti del settore devono farsi trovare online. Il marketing per wedding…";digital-strategy-per-wedding-planner-e-servizi-per-eventi-privati;digital-strategy-wedding-planner-palermo;Digital Strategy per Wedding Planner Palermo
6190;post;https://maxdigitalinnovation.it/consulenti-psicologi-e-coach-come-trovare-clienti-online-a-palermo/;"Trovare Clienti Online a Palermo: Consulenti, Psicologi e";Visibilità online per professionisti Palermo;44;"Consulenti, psicologi e coach a Palermo: scopri come Max Digital Innovation ti aiuta a trovare nuovi clienti online con strategie digitali su misura e";"Visibilità online per professionisti Palermo: Consulenti, psicologi e coach a Palermo: scopri come Max Digital Innovation ti aiuta a trovare nuovi clienti.";155;"Che tu sia un consulente aziendale, uno psicologo o un coach, la tua attività si basa sulla fiducia. Tuttavia, per essere scelti oggi è fondamentale anche essere visibili online. Una strategia digitale ben costruita…";consulenti-psicologi-e-coach-come-trovare-clienti-online-a-palermo;visibilita-online-professionisti-palermo;visibilità online per professionisti Palermo
6195;post;https://maxdigitalinnovation.it/come-lanciare-prodotti-tipici-siciliani-online-vendita/;E-commerce Prodotti Artigianali Siciliani: Guida Max Digital;Vendita prodotti tipici siciliani online;40;Scopri come lanciare e vendere prodotti artigianali siciliani online con l'e-commerce. Max Digital Innovation ti supporta nel portare la Sicilia nel mondo.;Scopri come lanciare e vendere prodotti artigianali siciliani online con l'e-commerce. Max Digital Innovation ti supporta nel portare la Sicilia nel mondo.;155;"Profumi, sapori e tradizioni: i prodotti tipici siciliani raccontano un territorio ricco di identità e passione. Tuttavia, per raggiungere nuovi mercati e valorizzare davvero il lavoro artigianale, è fondamentale puntare sul digitale. Oggi…";come-lanciare-prodotti-tipici-siciliani-online-vendita;come-lanciare-prodotti-tipici-siciliani-online-vendita;vendita prodotti tipici siciliani online
6203;post;https://maxdigitalinnovation.it/servizi-alla-persona-promuovere-online-estetiste-massaggiatori-e-parrucchieri/;Marketing servizi benessere Palermo;Marketing servizi benessere Palermo;35;Marketing servizi benessere Palermo: promuovi la tua attività online con le strategie su misura di Max Digital Innovation.;Marketing servizi benessere Palermo: promuovi la tua attività online con le strategie su misura di Max Digital Innovation. Scopri come lavoriamo a Palermo.;155;"Il benessere è diventato una priorità quotidiana, e chi offre servizi estetici e cura della persona ha oggi grandi opportunità. Tuttavia, la concorrenza cresce e distinguersi richiede una strategia digitale su misura. Il marketing…";servizi-alla-persona-promuovere-online-estetiste-massaggiatori-e-parrucchieri;marketing-servizi-benessere-palermo;Marketing servizi benessere Palermo
6208;post;https://maxdigitalinnovation.it/digital-branding-per-studi-legali-e-professionisti-del-diritto/;Digital Branding Studi Legali Palermo | Max Digital;Marketing per avvocati Palermo: Sito veloce e che converte;58;"Max Digital Innovation: strategie di marketing per avvocati a Palermo. Aumenta visibilità, autorevolezza e acquisisci nuovi clienti con un digital";"Marketing per avvocati Palermo: Max Digital Innovation: strategie di marketing per avvocati a Palermo. Aumenta visibilità, autorevolezza e acquisisci nuovi.";156;"Nel contesto legale, la reputazione e la professionalità sono tutto. Tuttavia, anche lo studio più competente ha bisogno di essere visibile nel posto giusto e nel momento giusto. Oggi, il marketing per avvocati Palermo…";digital-branding-per-studi-legali-e-professionisti-del-diritto;marketing-avvocati-palermo;marketing per avvocati Palermo
6220;post;https://maxdigitalinnovation.it/come-comunicare-in-modo-efficacer-studi-di-fisioterapia/;Marketing Fisioterapisti Palermo: Visibilità & Nuovi;Marketing per fisioterapisti Palermo: Max Digital Innovation;60;"Migliora la comunicazione del tuo studio di fisioterapia a Palermo con Max Digital Innovation. Strategie SEO locali, sito web professionale";Marketing per fisioterapisti Palermo: Migliora la comunicazione del tuo studio di fisioterapia a Palermo con Max Digital Innovation. Strategie SEO locali.;154;"Essere un bravo fisioterapista non basta se nessuno ti conosce. Oggi, farsi trovare online è fondamentale per attrarre nuovi pazienti, soprattutto in una città ricca di concorrenza come Palermo. Il marketing per fisioterapisti Palermo…";come-comunicare-in-modo-efficacer-studi-di-fisioterapia;come-comunicare-in-modo-efficacer-studi-di-fisioterapia;marketing per fisioterapisti Palermo
6225;post;https://maxdigitalinnovation.it/psicologi-online-come-promuoversi-nel-rispetto-della-deontologia/;Psicologi Online: Promozione Etica e Visibilità a Palermo;Psicologi Online: Promozione Etica e Visibilità a Palermo;57;Max Digital Innovation supporta psicologi a Palermo con strategie di marketing digitale etiche e professionali. Ottimizza la tua visibilità online nel;Psicologi Online: Promozione Etica e Visibilità a Palermo: Max Digital Innovation supporta psicologi a Palermo con strategie di marketing digitale etiche.;154;"La professione dello psicologo richiede sensibilità, empatia e riservatezza. Tuttavia, per farsi conoscere nel modo giusto e raggiungere nuovi pazienti, è necessario comunicare anche online. La visibilità per psicologi Palermo deve sempre rispettare…";psicologi-online-come-promuoversi-nel-rispetto-della-deontologia;psicologi-online-promozione-etica-visibilita-palermo;Psicologi Online: Promozione Etica e Visibilità a Palermo
6230;post;https://maxdigitalinnovation.it/come-promuovere-un-centro-odontoiatrico-sul-web-senza-perdere-serieta/;"Marketing per Dentisti Palermo: Etica, Visibilità e Pazienti";"Marketing per Dentisti Palermo: Etica, Visibilità e Pazienti";60;Max Digital Innovation: strategie di marketing etico per dentisti a Palermo. Aumenta la visibilità online del tuo centro odontoiatrico con professionalità;Marketing per dentisti Palermo: Max Digital Innovation: strategie di marketing etico per dentisti a Palermo. Aumenta la visibilità online del tuo centro.;153;"In un settore come quello odontoiatrico, la professionalità è tutto. Tuttavia, anche lo studio più competente ha bisogno di comunicare correttamente online per raggiungere nuovi pazienti e fidelizzare quelli esistenti. Il marketing per dentisti…";come-promuovere-un-centro-odontoiatrico-sul-web-senza-perdere-serieta;marketing-dentisti-palermo;marketing per dentisti Palermo
6235;post;https://maxdigitalinnovation.it/farmacie-e-parafarmacie-strategie-locali-per-aumentare-la-clientela/;Marketing Farmacie Palermo: Aumenta Clienti con Strategie;Marketing per farmacie Palermo: Sito veloce e che converte;58;"Max Digital Innovation: marketing per farmacie e parafarmacie a Palermo. Aumenta visibilità, clienti e fidelizzazione con SEO locale, video marketing e";"Marketing per farmacie Palermo: Max Digital Innovation: marketing per farmacie e parafarmacie a Palermo. Aumenta visibilità, clienti e fidelizzazione.";150;"Le farmacie oggi non sono più solo punti di distribuzione farmaci, ma veri e propri centri di servizi e consulenze. Per aumentare la clientela e fidelizzare i pazienti, è fondamentale comunicare in modo efficace…";farmacie-e-parafarmacie-strategie-locali-per-aumentare-la-clientela;marketing-farmacie-palermo-2;marketing per farmacie Palermo
6240;post;https://maxdigitalinnovation.it/come-far-crescere-un-centro-logopedico-con-il-supporto-digitale/;Marketing Digitale per Logopedisti a Palermo: Guida Completa;Marketing per logopedisti Palermo: Max Digital Innovation;57;"Scopri come Max Digital Innovation può far crescere il tuo centro logopedico a Palermo con strategie digitali personalizzate, SEO locale e video marketing efficace.";Marketing per logopedisti Palermo: Scopri come Max Digital Innovation può far crescere il tuo centro logopedico a Palermo con strategie digitali.;145;"La logopedia è una disciplina fondamentale per il benessere di bambini e adulti, ma spesso poco visibile. In un contesto in cui l’informazione viaggia sul web, un centro logopedico ha bisogno di strategie digitali…";come-far-crescere-un-centro-logopedico-con-il-supporto-digitale;marketing-logopedisti-palermo;marketing per logopedisti Palermo
6245;post;https://maxdigitalinnovation.it/visibilita-online-per-nutrizionisti-e-biologi-cosa-funziona-davvero/;Marketing Nutrizionisti Palermo: Visibilità Online Efficace;Marketing Nutrizionisti Palermo: Visibilità Online Efficace;59;"Nutrizionista a Palermo? Scopri come Max Digital Innovation potenzia la tua visibilità online con strategie SEO, content marketing e video virali.";"Nutrizionista a Palermo? Scopri come Max Digital Innovation potenzia la tua visibilità online con strategie SEO, content marketing e video virali.";146;"In un’epoca in cui tutti cercano consigli su alimentazione e benessere online, avere una presenza digitale ben strutturata è essenziale per un nutrizionista. Il marketing per nutrizionisti Palermo permette di comunicare professionalità, costruire fiducia…";visibilita-online-per-nutrizionisti-e-biologi-cosa-funziona-davvero;marketing-nutrizionisti-palermo;Marketing Nutrizionisti Palermo
6250;post;https://maxdigitalinnovation.it/come-lanciare-una-clinica-estetica-digital-branding-per-la-bellezza/;Clinica Estetica Palermo: Digital Branding e Marketing;Clinica Estetica Palermo: Digital Branding e Marketing;54;"Lancia la tua clinica estetica a Palermo con strategie di digital branding, SEO, video marketing e social media. Scopri i servizi di Max Digital";"Clinica Estetica Palermo: Lancia la tua clinica estetica a Palermo con strategie di digital branding, SEO, video marketing e social media. Scopri i servizi.";156;"La bellezza si evolve, così come le modalità per promuoverla. Oggi una clinica estetica non può affidarsi solo al passaparola. Per emergere in un settore competitivo come quello dei trattamenti estetici avanzati, serve…";come-lanciare-una-clinica-estetica-digital-branding-per-la-bellezza;clinica-estetica-palermo;Clinica Estetica Palermo
6255;post;https://maxdigitalinnovation.it/servizi-veterinari-come-raggiungere-piu-clienti-online-in-modo-etico/;Marketing Etico Veterinari Palermo: Raggiungi Più Clienti;Marketing per veterinari Palermo: Sito veloce e che converte;60;"Max Digital Innovation: strategie di marketing digitale etico per veterinari a Palermo. Aumenta la tua visibilità online con un sito empatico, SEO locale";Marketing per veterinari Palermo: Max Digital Innovation: strategie di marketing digitale etico per veterinari a Palermo. Aumenta la tua visibilità online.;155;"Chi ama gli animali cerca solo il meglio per loro. Per questo, anche la comunicazione di uno studio veterinario deve essere chiara, rassicurante e professionale. In un mercato sempre più digitale, il marketing…";servizi-veterinari-come-raggiungere-piu-clienti-online-in-modo-etico;marketing-veterinari-palermo;marketing per veterinari Palermo
6260;post;https://maxdigitalinnovation.it/come-farsi-scegliere-online-come-ostetrica-o-operatore-del-benessere-femminile/;Visibilità Online per Ostetriche a Palermo: Guida Completa;Visibilità per ostetriche Palermo: Guida pratica per le PMI;59;Max Digital Innovation ti aiuta a farti scegliere online come ostetrica a Palermo. Strategie di marketing digitale su misura per il benessere femminile.;Max Digital Innovation ti aiuta a farti scegliere online come ostetrica a Palermo. Strategie di marketing digitale su misura per il benessere femminile.;152;"Accompagnare una donna in un momento delicato come la gravidanza o il post-parto richiede fiducia, empatia e competenza. Ma oggi, per essere trovate e scelte, anche le professioniste del benessere femminile devono curare…";come-farsi-scegliere-online-come-ostetrica-o-operatore-del-benessere-femminile;visibilita-ostetriche-palermo;visibilità per ostetriche Palermo
6265;post;https://maxdigitalinnovation.it/digital-strategy-per-studi-di-podologia-e-professionisti-del-piede/;Marketing Podologi Palermo: Strategie Digitali per il Tuo;Marketing per podologi Palermo: Sito veloce e che converte;58;"Max Digital Innovation: specialisti in marketing per podologi a Palermo. Aumenta visibilità, attira nuovi pazienti con strategie digitali su misura e";"Marketing per podologi Palermo: Max Digital Innovation: specialisti in marketing per podologi a Palermo. Aumenta visibilità, attira nuovi pazienti.";147;"La salute del piede è spesso trascurata, ma per molti è fondamentale nella quotidianità. Per questo, chi opera in questo settore deve essere facilmente rintracciabile e trasmettere fiducia sin dal primo contatto. Oggi…";digital-strategy-per-studi-di-podologia-e-professionisti-del-piede;marketing-podologi-palermo;marketing per podologi Palermo
6273;post;https://maxdigitalinnovation.it/come-promuovere-online-una-scuola-privata-o-centro-di-formazione-a-palermo/;Marketing Scuole Private Palermo: Strategie Digitali;Marketing per scuole private Palermo: Max Digital Innovation;60;"Max Digital Innovation: Promuovi la tua scuola privata o centro di formazione a Palermo con strategie digitali avanzate, SEO locale, video marketing e un";Marketing per scuole private Palermo: Max Digital Innovation: Promuovi la tua scuola privata o centro di formazione a Palermo con strategie digitali.;149;"Oggi più che mai, anche l’istruzione ha bisogno di visibilità online. Scuole private, licei paritari, istituti tecnici e centri di formazione devono comunicare in modo chiaro, autorevole e coinvolgente per attrarre studenti e famiglie…";come-promuovere-online-una-scuola-privata-o-centro-di-formazione-a-palermo;marketing-scuole-private-palermo;marketing per scuole private Palermo
6278;post;https://maxdigitalinnovation.it/comunicazione-per-architetti-e-interior-designer-il-progetto-parte-dal-web/;Marketing Architetti & Interior Designer: Il Tuo Progetto;Marketing per architetti Palermo: Max Digital Innovation;56;"Max Digital Innovation: strategie di marketing digitale per architetti e interior designer a Palermo. Siti web, SEO, video e social per valorizzare il tuo";"Marketing per architetti Palermo: Max Digital Innovation: strategie di marketing digitale per architetti e interior designer a Palermo. Siti web, SEO, video.";157;"In un mondo dove l’immagine conta tanto quanto la competenza, architetti e interior designer non possono trascurare la loro presenza online. La capacità di mostrare il proprio stile, i progetti realizzati e la propria…";comunicazione-per-architetti-e-interior-designer-il-progetto-parte-dal-web;marketing-architetti-palermo;marketing per architetti Palermo
6283;post;https://maxdigitalinnovation.it/come-far-crescere-unazienda-agricola-con-e-commerce-e-promozione-locale/;Azienda Agricola: E-commerce e Promozione Locale a Palermo;Vendita prodotti agricoli Palermo: Vendi di più online;54;"Max Digital Innovation potenzia la tua azienda agricola a Palermo con e-commerce, SEO locale e video marketing. Valorizza i tuoi prodotti e raggiungi";"Vendita prodotti agricoli Palermo: Max Digital Innovation potenzia la tua azienda agricola a Palermo con E-commerce, SEO locale e video marketing. Valorizza.";157;"I consumatori oggi cercano autenticità, qualità e trasparenza, anche quando acquistano online. Per questo, le aziende agricole hanno una grande opportunità: raccontarsi, vendere direttamente e costruire relazioni grazie al digitale. Una strategia efficace…";come-far-crescere-unazienda-agricola-con-e-commerce-e-promozione-locale;vendita-prodotti-agricoli-palermo;vendita prodotti agricoli Palermo
6288;post;https://maxdigitalinnovation.it/pet-sitter-e-pensioni-per-animali-come-attirare-piu-clienti-online/;Pet Sitter & Pensioni Animali Palermo: Attira Clienti Online;Promozione servizi pet Palermo: Guida pratica per le PMI;56;"Max Digital Innovation ti aiuta a promuovere i tuoi servizi pet a Palermo. Strategie SEO locali, social media e video marketing per aumentare la tua";"Promozione servizi pet Palermo: Max Digital Innovation ti aiuta a promuovere i tuoi servizi pet a Palermo. Strategie SEO locali, social media e video.";150;"Nel mondo del pet care, la fiducia è fondamentale. Che si tratti di dog sitter, cat sitter o pensioni per animali, i proprietari cercano persone affidabili, competenti e facilmente reperibili. Ecco perché una strategia…";pet-sitter-e-pensioni-per-animali-come-attirare-piu-clienti-online;promozione-servizi-pet-palermo;promozione servizi pet Palermo
6294;post;https://maxdigitalinnovation.it/servizi-per-linfanzia-come-farsi-conoscere-online-come-baby-sitter-o-tata-qualificata/;Servizi Infanzia Online: Baby Sitter & Tata Qualificata;Promozione servizi infanzia Palermo: Max Digital Innovation;59;Max Digital Innovation ti aiuta a promuovere i tuoi servizi per l'infanzia a Palermo. Fatti conoscere online con strategie digitali efficaci. Contattaci!;Max Digital Innovation ti aiuta a promuovere i tuoi servizi per l'infanzia a Palermo. Fatti conoscere online con strategie digitali efficaci. Contattaci!;153;"Affidare un bambino a qualcuno è un atto di fiducia enorme. Per questo, chi lavora nel mondo dell’infanzia deve comunicare professionalità, dolcezza e affidabilità. In un contesto sempre più digitale, la promozione servizi infanzia…";servizi-per-linfanzia-come-farsi-conoscere-online-come-baby-sitter-o-tata-qualificata;promozione-servizi-infanzia-palermo;promozione servizi infanzia Palermo
6302;post;https://maxdigitalinnovation.it/come-promuovere-online-una-cooperativa-sociale-a-palermo/;Marketing per Cooperative Sociali Palermo: Guida Completa;Marketing per Cooperative Sociali Palermo: Guida Completa;57;"Scopri come promuovere online la tua cooperativa sociale a Palermo con strategie SEO, video marketing e un sito web emozionale. Affidati a Max Digital.";"Scopri come promuovere online la tua cooperativa sociale a Palermo con strategie SEO, video marketing e un sito web emozionale. Affidati a Max Digital.";151;"Le cooperative sociali svolgono un ruolo fondamentale sul territorio: offrono supporto, inclusione e servizi essenziali alla comunità. Tuttavia, anche le realtà più virtuose hanno bisogno di essere conosciute per continuare a operare. Il marketing…";come-promuovere-online-una-cooperativa-sociale-a-palermo;come-promuovere-online-una-cooperativa-sociale-a-palermo;marketing per cooperative sociali Palermo
6310;post;https://maxdigitalinnovation.it/digital-strategy-per-agenzie-investigative-e-professionisti-della-sicurezza/;Digital Strategy per Agenzie Investigative | Max Digital;Visibilità per agenzia investigativa Palermo;44;Massimizza la visibilità per agenzie investigative e professionisti della sicurezza a Palermo con le strategie digitali su misura di Max Digital.;Massimizza la visibilità per agenzie investigative e professionisti della sicurezza a Palermo con le strategie digitali su misura di Max Digital.;145;"La riservatezza è alla base del lavoro di un investigatore privato, ma anche la visibilità conta. Per farsi scegliere, oggi è fondamentale saper comunicare professionalità, discrezione e risultati, specialmente online. Una strategia ben calibrata…";digital-strategy-per-agenzie-investigative-e-professionisti-della-sicurezza;visibilita-agenzia-investigativa-palermo;visibilità per agenzia investigativa Palermo
6315;post;https://maxdigitalinnovation.it/comunicazione-per-traduttori-e-interpreti-come-trovare-clienti-online/;Marketing per Traduttori e Interpreti: Trova Clienti Online;Marketing per Traduttori e Interpreti: Trova Clienti Online;59;"Max Digital Innovation offre strategie di marketing digitale per traduttori e interpreti: siti web, SEO, video marketing e social media per trovare";Marketing per Traduttori e Interpreti: Trova Clienti Online: Max Digital Innovation offre strategie di marketing digitale per traduttori e interpreti: siti.;156;"In un mondo globalizzato, la figura del traduttore e dell’interprete è più che mai centrale. Tuttavia, per emergere tra la concorrenza, non basta solo conoscere le lingue: occorre anche sapersi raccontare online. Una strategia…";comunicazione-per-traduttori-e-interpreti-come-trovare-clienti-online;marketing-traduttori-interpreti-trova-clienti-online;Marketing per Traduttori e Interpreti: Trova Clienti Online
6347;post;https://maxdigitalinnovation.it/social-media-manager-a-palermo-quanto-conta-davvero-per-unazienda-locale/;Social Media Manager a Palermo: Strategie per Aziende Locali;Social Media Manager Palermo: Strategia social che funziona;59;"Scopri come un Social Media Manager a Palermo può trasformare la tua presenza online. Max Digital Innovation: strategie social, video marketing e crescita del brand.";Social Media Manager Palermo: Scopri come un Social Media Manager a Palermo può trasformare la tua presenza online. Scopri come lavoriamo a Palermo.;148;"Essere presenti sui social non basta. Oggi, per distinguersi online, serve una figura capace di trasformare un semplice post in uno strumento di comunicazione strategica. Il social media manager Palermo non è solo…";social-media-manager-a-palermo-quanto-conta-davvero-per-unazienda-locale;social-media-manager-palermo-2;Social Media Manager Palermo
6352;post;https://maxdigitalinnovation.it/agenzia-marketing-a-palermo-come-sceglierne-una-adatta-alla-tua-attivita/;Agenzia Marketing Palermo: Scegliere il Partner Giusto;Agenzia Marketing Palermo: Scegliere il Partner Giusto;54;Cerca un'agenzia marketing a Palermo? Scopri come Max Digital Innovation ti aiuta a scegliere il partner ideale per far crescere la tua attività con;Agenzia marketing Palermo: Cerca un'agenzia marketing a Palermo? Scopri come Max Digital Innovation ti aiuta a scegliere il partner ideale per far crescere.;156;Scegliere un’ agenzia marketing a Palermo non è solo una questione di prezzo. È una decisione strategica che può determinare il successo o il fallimento della tua comunicazione digitale. Ogni attività ha obiettivi diversi…;agenzia-marketing-a-palermo-come-sceglierne-una-adatta-alla-tua-attivita;agenzia-marketing-palermo-3;agenzia marketing Palermo
6360;post;https://maxdigitalinnovation.it/web-agency-a-palermo-per-professionisti-siti-e-strategie-personalizzate/;Web Agency Palermo per Professionisti: Siti e Strategie Digitali;Web agency Palermo per professionisti;37;"Max Digital Innovation: web agency a Palermo per professionisti. Siti personalizzati, SEO, video marketing e strategie digitali su misura per la tua crescita.";"Max Digital Innovation: web agency a Palermo per professionisti. Siti personalizzati, SEO, video marketing e strategie digitali su misura per la tua crescita.";158;"Oggi, anche per avvocati, medici, commercialisti, consulenti e liberi professionisti, la presenza online non è più un’opzione, ma una necessità. Avere un sito web aggiornato, coerente con la propria immagine e ben posizionato…";web-agency-a-palermo-per-professionisti-siti-e-strategie-personalizzate;web-agency-palermo-professionisti;web agency Palermo per professionisti
6365;post;https://maxdigitalinnovation.it/tiktok-e-instagram-reels-perche-ogni-impresa-a-palermo-deve-sfruttarli-ora/;TikTok & Instagram Reels Palermo: Cresci con Max Digital;TikTok & Instagram Reels Palermo: Cresci con Max Digital;56;"Max Digital Innovation a Palermo: sfrutta TikTok e Instagram Reels per campagne social virali. Aumenta visibilità, engagement e fatturato con strategie";TikTok & Instagram Reels Palermo: Max Digital Innovation a Palermo: sfrutta TikTok e Instagram Reels per campagne social virali. Aumenta visibilità.;148;"La comunicazione digitale non è mai stata così rapida, visiva e coinvolgente. Se vuoi davvero aumentare la tua visibilità e restare competitivo, è il momento di puntare sui contenuti brevi e dinamici. Le campagne…";tiktok-e-instagram-reels-perche-ogni-impresa-a-palermo-deve-sfruttarli-ora;tiktok-instagram-reels-palermo;TikTok & Instagram Reels Palermo
6413;post;https://maxdigitalinnovation.it/scopri-come-creare-video-virali/;Video Virali 2025: 5 Strategie Max Digital Innovation;Come creare video virali: 5 strategie che funzionano nel;56;"Scopri come creare video virali nel 2025 con 5 strategie testate da Max Digital Innovation. Domina i social, aumenta la visibilità e coinvolgi il tuo";Come creare video virali: 5 strategie che funzionano nel 2025: Scopri come creare video virali nel 2025 con 5 strategie testate da Max Digital Innovation.;154;📍 Indirizzo: Via Giacomo Cusmano 28 – Palermo;scopri-come-creare-video-virali;scopri-come-creare-video-virali;come creare video virali: 5 strategie che funzionano nel 2025
6420;post;https://maxdigitalinnovation.it/contenuti-che-spopolano-sui-social/;Contenuti Social Virali: Guida Passo-Passo Max Digital;Guida passo-passo per realizzare contenuti che spopolano;56;Scopri la guida passo-passo di Max Digital Innovation per creare contenuti social che spopolano. Strategie avanzate e tecniche SEO per massimizzare;Guida passo-passo per realizzare contenuti che spopolano sui social: Scopri la guida passo-passo di Max Digital Innovation per creare contenuti social.;151;"Ogni giorno migliaia di contenuti vengono pubblicati sui social, ma solo una piccola parte riesce davvero a catturare l’attenzione, generare interazioni e diventare virale. Dietro ogni post di successo si nasconde un processo preciso…";contenuti-che-spopolano-sui-social;contenuti-che-spopolano-sui-social;guida passo-passo per realizzare contenuti che spopolano sui social
6423;post;https://maxdigitalinnovation.it/i-segreti-dei-video-virali-tecniche-e-strumenti-da-conoscere/;Video Virali: Tecniche e Strumenti per il Successo Online;Video Virali: Tecniche e Strumenti per il Successo Online;57;Scopri i segreti per creare video virali irresistibili! Max Digital Innovation ti guida con tecniche avanzate e strumenti efficaci per massimizzare;Scopri i segreti per creare video virali irresistibili! Max Digital Innovation ti guida con tecniche avanzate e strumenti efficaci per massimizzare.;148;"I segreti dei video virali: tecniche e strumenti da conoscere Nel panorama digitale odierno, la creazione di contenuti video virali è diventata una delle strategie più efficaci per aumentare la visibilità e l'engagement sui…";i-segreti-dei-video-virali-tecniche-e-strumenti-da-conoscere;i-segreti-dei-video-virali-tecniche-e-strumenti-da-conoscere;video virali
6425;post;https://maxdigitalinnovation.it/come-trasformare-unidea-in-un-video-virale-di-successo/;Video Virale: Dalla Tua Idea al Successo Social - Max Digital;Video virale: Strategia social che funziona;43;"Trasforma un'idea in un video virale di successo con Max Digital Innovation. Scopri strategie, tecniche e strumenti SEO per conquistare i social media e";"Trasforma un'idea in un video virale di successo con Max Digital Innovation. Scopri strategie, tecniche e strumenti SEO per conquistare i social media.";151;"Nel panorama digitale odierno, la creazione di contenuti video virali è diventata una delle strategie più efficaci per aumentare la visibilità e l'engagement sui social media. Ma quali sono i segreti dietro un video…";come-trasformare-unidea-in-un-video-virale-di-successo;come-trasformare-unidea-in-un-video-virale-di-successo;video virale
6427;post;https://maxdigitalinnovation.it/scopri-come-un-semplice-video-ha-raggiunto-1-milione-di-visualizzazioni-in-24-ore/;Video Virali: 1 Milione di Views in 24 Ore - Max Digital;Video Virali: 1 Milione di Views in 24 Ore - Max Digital;56;Scopri i segreti dietro un video da 1 milione di visualizzazioni in 24 ore. Max Digital Innovation svela strategie e tecniche per creare contenuti virali;Video Virali: 1 Milione di Views in 24 Ore: Scopri i segreti dietro un video da 1 milione di visualizzazioni in 24 ore. Max Digital Innovation svela.;149;"Nel panorama digitale odierno, la creazione di contenuti video virali è diventata una delle strategie più efficaci per aumentare la visibilità e l'engagement sui social media. Ma quali sono i segreti dietro un video…";scopri-come-un-semplice-video-ha-raggiunto-1-milione-di-visualizzazioni-in-24-ore;video-virali-milione-views-24-ore;Video Virali: 1 Milione di Views in 24 Ore
6429;post;https://maxdigitalinnovation.it/da-zero-a-virale-la-storia-di-un-contenuto-che-ha-conquistato-il-web/;Da Zero a Virale: Strategie di Contenuto con Max Digital;Da Zero a Virale: Strategie di Contenuto con Max Digital;56;"Scopri come Max Digital Innovation trasforma semplici idee in fenomeni virali. Dalla strategia alla produzione, la storia di un successo web.";"Scopri come Max Digital Innovation trasforma semplici idee in fenomeni virali. Dalla strategia alla produzione, la storia di un successo web.";141;"Tutti parlano di contenuti virali, ma pochi sanno come nasce davvero un video che inizia da zero e si trasforma in un fenomeno online. La storia di cui vogliamo parlarti oggi è esattamente questo…";da-zero-a-virale-la-storia-di-un-contenuto-che-ha-conquistato-il-web;zero-virale-strategie-contenuto-max-digital;Da Zero a Virale: Strategie di Contenuto con Max Digital
6432;post;https://maxdigitalinnovation.it/il-potere-dei-video-brevi/;Video Brevi: Rivoluziona la Tua Presenza Online - Max;Video Brevi: Rivoluziona la Tua Presenza Online - Max;53;Scopri come i video brevi possono trasformare la tua presenza online. Max Digital Innovation ti guida con strategie mirate e risultati concreti. Inizia;Scopri come i video brevi possono trasformare la tua presenza online. Max Digital Innovation ti guida con strategie mirate e risultati concreti. Inizia.;152;Il potere dei video brevi: come cambiare la tua presenza online Il formato più potente del web: una rivoluzione culturale Viviamo nell’era dell’informazione istantanea. La soglia di attenzione media degli utenti online è crollata…;il-potere-dei-video-brevi;il-potere-dei-video-brevi;video brevi
6434;post;https://maxdigitalinnovation.it/3-trucchi-per-rendere-i-tuoi-reels-irresistibili/;Reels Irresistibili: 3 Trucchi per il Successo su Instagram;Reels Irresistibili: 3 Trucchi per il Successo su Instagram;59;Scopri 3 trucchi efficaci per rendere i tuoi Reels irresistibili su Instagram con Max Digital Innovation. Aumenta visibilità e engagement online!;Scopri 3 trucchi efficaci per rendere i tuoi Reels irresistibili su Instagram con Max Digital Innovation. Aumenta visibilità e engagement online!;145;"Nel panorama digitale odierno, i Reels di Instagram rappresentano uno strumento potente per aumentare la visibilità e l'engagement. Con milioni di utenti che scorrono contenuti ogni giorno, è fondamentale distinguersi. In questo articolo, esploreremo…";3-trucchi-per-rendere-i-tuoi-reels-irresistibili;3-trucchi-per-rendere-i-tuoi-reels-irresistibili;Reels Irresistibili
6436;post;https://maxdigitalinnovation.it/scopri-strategie-efficaci-per-creare-reels/;Reels Instagram: Strategie Efficaci per Catturare;Reels Instagram: Strategie Efficaci per Catturare;49;"Scopri le strategie definitive di Max Digital Innovation per creare Reels Instagram che spaccano, catturando l'attenzione e aumentando la visibilità del";Reels Instagram: Strategie Efficaci per Catturare: Scopri le strategie definitive di Max Digital Innovation per creare Reels Instagram che spaccano.;148;"Reels che spaccano: strategie per catturare l'attenzione in 15 secondi Nel panorama digitale odierno, i Reels di Instagram rappresentano uno strumento potente per aumentare la visibilità e l'engagement. Con milioni di utenti che scorrono…";scopri-strategie-efficaci-per-creare-reels;scopri-strategie-efficaci-per-creare-reels;Reels Instagram: Strategie Efficaci per Catturare
6440;post;https://maxdigitalinnovation.it/creare-reels-che-tutti-vogliono-condividere/;Reels Virali: Il Segreto per Contenuti Condivisibili | Max;Reels Virali: Il Segreto per Contenuti Condivisibili | Max;58;"Scopri il segreto per creare Reels che tutti vogliono condividere: tecniche avanzate, esempi concreti e consigli pratici firmati Max Digital Innovation";"Reels virali: Scopri il segreto per creare Reels che tutti vogliono condividere: tecniche avanzate, esempi concreti e consigli pratici firmati Max Digital.";155;"Il segreto per creare Reels che tutti vogliono condividere Il fascino irresistibile del contenuto breve Negli ultimi anni, il contenuto breve ha acquisito un peso straordinario nella comunicazione online. Gli utenti scorrono centinaia…";creare-reels-che-tutti-vogliono-condividere;creare-reels-che-tutti-vogliono-condividere;Reels virali
6442;post;https://maxdigitalinnovation.it/partecipare-alla-sfida-del-momento/;Video Virali: Crea il Tuo con Max Digital Innovation;Video Virali: Crea il Tuo con Max Digital Innovation;52;Scopri le strategie di Max Digital Innovation per creare video virali che catturano l'attenzione e generano milioni di visualizzazioni. Trasforma la tua;Scopri le strategie di Max Digital Innovation per creare video virali che catturano l'attenzione e generano milioni di visualizzazioni. Trasforma la tua.;153;"Partecipa alla sfida del momento: crea il tuo video virale Scopri il potere dei video virali Nell'era digitale, i video virali rappresentano una delle forme più potenti di comunicazione. Un contenuto ben realizzato può…";partecipare-alla-sfida-del-momento;partecipare-alla-sfida-del-momento;Video Virali
6444;post;https://maxdigitalinnovation.it/trend-alert-i-video-che-stanno-conquistando-tiktok/;TikTok Trends 2025: Video Virali e Strategie di Successo;TikTok Trends 2025: Video Virali e Strategie di Successo;56;"Scopri i video che stanno conquistando TikTok nel 2025. Analisi delle tendenze, dell'algoritmo e delle strategie vincenti per la tua azienda con Max";"TikTok Trends 2025: Video Virali e Strategie di Successo: Scopri i video che stanno conquistando TikTok nel 2025. Analisi delle tendenze, dell'algoritmo.";153;"Un tempo erano i blog, poi è arrivato YouTube, ma nel 2025 nessuno può ignorare il dominio di TikTok nel mondo della comunicazione digitale. Chi cerca attenzione, visibilità e una vera connessione…";trend-alert-i-video-che-stanno-conquistando-tiktok;trend-alert-i-video-che-stanno-conquistando-tiktok;TikTok Trends 2025: Video Virali e Strategie di Successo
6446;post;https://maxdigitalinnovation.it/challenge-virali-come-sfruttarle-per-aumentare-la-tua-visibilita/;Challenge Virali: Strategie per Aumentare la Visibilità;Challenge Virali: Strategie per Aumentare la Visibilità;55;Scopri come le challenge virali possono trasformare la tua strategia di marketing. Guida completa di Max Digital Innovation per aumentare coinvolgimento e;Scopri come le challenge virali possono trasformare la tua strategia di marketing. Guida completa di Max Digital Innovation per aumentare coinvolgimento.;153;"Challenge virali: come sfruttarle per aumentare la tua visibilità Il potere nascosto delle sfide digitali C’è un momento preciso in cui un brand, un libero professionista o un creator diventa virale. Non sempre è…";challenge-virali-come-sfruttarle-per-aumentare-la-tua-visibilita;challenge-virali;challenge virali
6448;post;https://maxdigitalinnovation.it/i-trend-del-2025-cosa-funziona-davvero-sui-social/;Trend Social 2025: Strategie Virali per il Tuo Marketing;Trend Social 2025: Strategie Virali per il Tuo Marketing;56;"Scopri i trend social del 2025 che funzionano davvero! Autenticità, micro-storie verticali e AI: come Max Digital Innovation trasforma ogni contenuto in";"Trend social 2025: Scopri i trend social del 2025 che funzionano davvero! Autenticità, micro-storie verticali e AI: come Max Digital Innovation trasforma.";154;"I trend del 2025: cosa funziona davvero sui social Tutto cambia (di nuovo): la corsa all'attenzione nel 2025 Il 2025 ha completamente rivoluzionato il modo in cui i contenuti vengono ideati, fruiti e condivisi…";i-trend-del-2025-cosa-funziona-davvero-sui-social;i-trend-del-2025-cosa-funziona-davvero-sui-social;trend social 2025
6450;post;https://maxdigitalinnovation.it/unisciti-al-movimento-crea-contenuti-che-fanno-parlare-di-se/;Crea Contenuti Virali: Unisciti al Movimento Digitale 2025;Crea Contenuti Virali: Unisciti al Movimento Digitale 2025;58;Scopri come Max Digital Innovation ti aiuta a creare contenuti che generano coinvolgimento emotivo e guidano la conversazione. Dai voce alle tue idee e fatti notare.;Contenuti virali: Scopri come Max Digital Innovation ti aiuta a creare contenuti che generano coinvolgimento emotivo e guidano la conversazione.;144;"Unisciti al movimento: crea contenuti che fanno parlare di sé Non un semplice post: l’inizio di una rivoluzione Oggi più che mai, i social non sono solo vetrine: sono piazze digitali dove le persone…";unisciti-al-movimento-crea-contenuti-che-fanno-parlare-di-se;unisciti-al-movimento-crea-contenuti-che-fanno-parlare-di-se;contenuti virali
6452;post;https://maxdigitalinnovation.it/strategie-seo-per-video-virali-come-farsi-trovare-online/;Strategie SEO per Video Virali: Guida Completa Max Digital;Strategie SEO per Video Virali: Guida Completa Max Digital;58;"Scopri le strategie SEO essenziali per rendere i tuoi video virali. Dalle tecniche di ottimizzazione on-page alla promozione cross-platform, Max Digital";Strategie SEO per video virali: Scopri le strategie SEO essenziali per rendere i tuoi video virali. Dalle tecniche di ottimizzazione on-page alla promozione.;157;"Strategie SEO per video virali: come farsi trovare online Dai social alla scoperta: perché la SEO conta davvero Nel 2025, non basta creare contenuti accattivanti: bisogna renderli trovabili . ""Strategie SEO per video virali…";strategie-seo-per-video-virali-come-farsi-trovare-online;strategie-seo-per-video-virali-come-farsi-trovare-online;Strategie SEO per video virali
6454;post;https://maxdigitalinnovation.it/parole-chiave-e-viralita-il-connubio-perfetto-per-i-tuoi-video/;Parole Chiave & Viralità Video: Strategie Max Digital Innovation;Parole chiave viralità video: Max Digital Innovation;52;Scopri come le parole chiave e la viralità creano video di successo. Max Digital Innovation trasforma la ricerca in visibilità reale per il tuo brand.;Scopri come le parole chiave e la viralità creano video di successo. Max Digital Innovation trasforma la ricerca in visibilità reale per il tuo brand.;150;"Parole chiave e viralità: il connubio perfetto per i tuoi video Dove inizia tutto: la forza invisibile delle parole chiave Nel panorama digitale del 2025, le parole chiave non sono più solo uno strumento…";parole-chiave-e-viralita-il-connubio-perfetto-per-i-tuoi-video;parole-chiave-viralita-video;parole chiave viralità video
6456;post;https://maxdigitalinnovation.it/come-ottimizzare-i-tuoi-video-per-i-motori-di-ricerca-nel-2025/;Video SEO 2025: Guida Completa per Massima Visibilità;Ottimizzare i tuoi video per i motori di ricerca nel 2025;57;"Scopri come ottimizzare i tuoi video per i motori di ricerca nel 2025. Dalle anteprime ai tag, dall’engagement al monitoraggio, Max Digital Innovation ti";"Scopri come ottimizzare i tuoi video per i motori di ricerca nel 2025. Dalle anteprime AI tag, dall’engagement al monitoraggio, Max Digital Innovation ti.";154;"Come ottimizzare i tuoi video per i motori di ricerca nel 2025 Inizia tutto con un click Nel mondo digitale di oggi, i video rappresentano uno dei mezzi più potenti per comunicare, coinvolgere…";come-ottimizzare-i-tuoi-video-per-i-motori-di-ricerca-nel-2025;ottimizzare-tuoi-video-motori-ricerca-2025;ottimizzare i tuoi video per i motori di ricerca nel 2025
6458;post;https://maxdigitalinnovation.it/seo-per-contenuti-video-guida-pratica-per-aumentare-le-visualizzazioni/;SEO Video: Guida Pratica per Aumentare Visualizzazioni;SEO per contenuti video: guida pratica per aumentare le;55;"Aumenta le visualizzazioni dei tuoi video con la SEO! Scopri le strategie di Max Digital Innovation per titoli, descrizioni e interazioni efficaci. Guida";"SEO per contenuti video: Aumenta le visualizzazioni dei tuoi video con la SEO! Scopri le strategie di Max Digital Innovation per titoli, descrizioni.";149;SEO per contenuti video: guida pratica per aumentare le visualizzazioni Più di un semplice video Creare video oggi non significa solo girare e pubblicare: significa pensare strategicamente a come farsi trovare . Con l’aumento…;seo-per-contenuti-video-guida-pratica-per-aumentare-le-visualizzazioni;seo-contenuti-video;SEO per contenuti video
6460;post;https://maxdigitalinnovation.it/i-migliori-strumenti-per-analizzare-e-migliorare-la-performance-dei-tuoi-video/;Strumenti Analisi Video: Migliora Performance | Max Digital;Strumenti Analisi Video: Migliora Performance | Max Digital;59;Scopri i migliori strumenti per analizzare e ottimizzare le performance dei tuoi video. Max Digital Innovation ti guida con strategie avanzate per il;Strumenti Analisi Video: Migliora Performance: Scopri i migliori strumenti per analizzare e ottimizzare le performance dei tuoi video. Max Digital.;147;"Per comprendere meglio l’efficacia di un approccio strategico basato sull’analisi dati, possiamo osservare alcuni video pubblicati da Max Digital Innovation. Il video “3 trucchi per rendere i tuoi Reels irresistibili” ( guarda su YouTube…";i-migliori-strumenti-per-analizzare-e-migliorare-la-performance-dei-tuoi-video;strumenti-analisi-video-migliora-performance;Strumenti Analisi Video: Migliora Performance
6463;post;https://maxdigitalinnovation.it/agenzia-di-comunicazione-a-palermo-come-far-crescere-il-tuo-brand-nel-2025/;Agenzia di Comunicazione Palermo: Cresci il Tuo Brand nel 2025;Agenzia di comunicazione Palermo: Sito veloce e che converte;60;"Scopri come Max Digital Innovation, agenzia di comunicazione a Palermo, può far crescere il tuo brand nel 2025 con strategie digitali innovative e";"Agenzia di comunicazione Palermo: Scopri come Max Digital Innovation, agenzia di comunicazione a Palermo, può far crescere il tuo brand nel 2025.";145;"Agenzia di comunicazione a Palermo: come far crescere il tuo brand nel 2025 Il contesto digitale di oggi richiede strategie nuove Nel 2025, il panorama della comunicazione digitale continua a evolversi rapidamente. Non basta…";agenzia-di-comunicazione-a-palermo-come-far-crescere-il-tuo-brand-nel-2025;agenzia-comunicazione-palermo-2;agenzia di comunicazione Palermo
6465;post;https://maxdigitalinnovation.it/i-segreti-del-marketing-digitale-a-palermo-scopri-la-nostra-agenzia/;Marketing Digitale a Palermo: Max Digital Innovation;Marketing digitale Palermo: Campagne che portano clienti;56;Scopri i segreti del marketing digitale a Palermo con Max Digital Innovation. La tua agenzia di comunicazione strategica per risultati concreti e crescita online.;Marketing digitale Palermo: Scopri i segreti del marketing digitale a Palermo con Max Digital Innovation. Scopri come lavoriamo a Palermo.;138;"I segreti del marketing digitale a Palermo: scopri la nostra agenzia Un mondo digitale in continua evoluzione Nel cuore di Palermo, in un contesto sempre più digitale e competitivo, emergere online non è mai…";i-segreti-del-marketing-digitale-a-palermo-scopri-la-nostra-agenzia;marketing-digitale-palermo-2;marketing digitale Palermo
6467;post;https://maxdigitalinnovation.it/vuoi-dominare-i-social-a-palermo-affidati-ai-migliori/;Max Digital Innovation: Domina i Social a Palermo;Max Digital Innovation: Domina i Social a Palermo;49;"Vuoi dominare i social a Palermo? Affidati ai migliori. Scopri il metodo Max Digital Innovation: strategia, creatività, dati e passione.";Max Digital Innovation: Domina i Social a Palermo: Vuoi dominare i social a Palermo? Affidati AI migliori. Scopri il metodo Max Digital Innovation.;147;"Vuoi dominare i social a Palermo? Affidati ai migliori Palermo: il nuovo epicentro dei contenuti virali Negli ultimi anni, Palermo è diventata molto più di una meta turistica: si è trasformata in un laboratorio…";vuoi-dominare-i-social-a-palermo-affidati-ai-migliori;vuoi-dominare-i-social-a-palermo-affidati-ai-migliori;Max Digital Innovation: Domina i Social a Palermo
6469;post;https://maxdigitalinnovation.it/seo-e-video-virali-a-palermo-come-max-digital-innovation-sta-cambiando-le-regole/;SEO e Video Virali a Palermo: Max Digital Innovation;SEO e Video Virali a Palermo: Max Digital Innovation;52;Scopri come Max Digital Innovation rivoluziona il marketing a Palermo con SEO e video virali. Strategie innovative per la tua visibilità digitale.;Scopri come Max Digital Innovation rivoluziona il marketing a Palermo con SEO e video virali. Strategie innovative per la tua visibilità digitale.;146;"SEO e video virali a Palermo: come Max Digital Innovation sta cambiando le regole Nuove regole, nuova visibilità: Palermo diventa il laboratorio della viralità Il 2025 è l’anno delle rivoluzioni digitali, e Palermo ne…";seo-e-video-virali-a-palermo-come-max-digital-innovation-sta-cambiando-le-regole;seo-video-virali-palermo;SEO e video virali a Palermo
7294;post;https://maxdigitalinnovation.it/come-aumentare-le-visualizzazioni-su-instagram-nel-2026/;Aumentare Visualizzazioni Instagram 2026: Guida Max Digital;Aumentare Visualizzazioni Instagram 2026: Guida Max Digital;59;"Scopri come aumentare le visualizzazioni su Instagram nel 2026 con le strategie di Max Digital Innovation. Ottimizza Reel, storie e post per l'algoritmo.";"Scopri come aumentare le visualizzazioni su Instagram nel 2026 con le strategie di Max Digital Innovation. Ottimizza Reel, storie e post per l'algoritmo.";153;"Instagram continua a evolversi e, nel 2026, ottenere tante visualizzazioni non dipende più soltanto dal numero di follower. Oggi l'algoritmo premia soprattutto i contenuti che riescono a catturare l'attenzione degli utenti nei primi secondi…";come-aumentare-le-visualizzazioni-su-instagram-nel-2026;come-aumentare-le-visualizzazioni-su-instagram-nel-2026;aumentare visualizzazioni Instagram 2026
7296;post;https://maxdigitalinnovation.it/algoritmo-instagram-come-funziona-davvero/;Algoritmo Instagram 2024: Guida Completa per il Successo;Algoritmo Instagram 2024: Guida Completa per il Successo;56;Scopri come funziona l'algoritmo di Instagram nel 2024 e impara a sfruttarlo per aumentare la visibilità del tuo profilo. Consigli pratici da Max Digital Innovation.;Algoritmo Instagram: Scopri come funziona l'algoritmo di Instagram nel 2024 e impara a sfruttarlo per aumentare la visibilità del tuo profilo.;142;"Capire Algoritmo Instagram: come funziona davvero è fondamentale per chiunque voglia far crescere un profilo personale o aziendale. Negli ultimi anni Instagram ha modificato profondamente il modo in cui distribuisce i contenuti, premiando non…";algoritmo-instagram-come-funziona-davvero;algoritmo-instagram-come-funziona-davvero;algoritmo Instagram
7298;post;https://maxdigitalinnovation.it/strategie-instagram-per-far-crescere-un-profilo-aziendale/;Strategie Instagram Aziendali: Guida Completa alla Crescita;Strategie Instagram per far crescere un profilo aziendale;57;"Scopri le strategie Instagram più efficaci per far crescere il tuo profilo aziendale. Aumenta visibilità, acquisisci clienti e rafforza il tuo brand con";Strategie Instagram per far crescere un profilo aziendale: Scopri le strategie Instagram più efficaci per far crescere il tuo profilo aziendale. Aumenta.;153;"Oggi Instagram è uno degli strumenti più efficaci per aumentare la visibilità di un'azienda, acquisire nuovi clienti e rafforzare il rapporto con il proprio pubblico. Tuttavia, ottenere risultati concreti richiede una pianificazione precisa…";strategie-instagram-per-far-crescere-un-profilo-aziendale;strategie-instagram-per-far-crescere-un-profilo-aziendale;Strategie Instagram per far crescere un profilo aziendale
7300;post;https://maxdigitalinnovation.it/perche-i-tuoi-reel-non-fanno-visualizzazioni/;Reel Instagram: Perché non Fanno Visualizzazioni? | Max Digital;Reel non fanno visualizzazioni: Max Digital Innovation;54;I tuoi Reel non ottengono visualizzazioni? Scopri le cause e le strategie efficaci di Max Digital Innovation per migliorare la tua performance e;Reel non fanno visualizzazioni: I tuoi Reel non ottengono visualizzazioni? Scopri le cause e le strategie efficaci di Max Digital Innovation per migliorare.;156;"Hai pubblicato un Reel, hai dedicato tempo alle riprese e al montaggio, ma le visualizzazioni continuano a essere basse? È una situazione molto comune. Capire Perché i tuoi Reel non fanno visualizzazioni è…";perche-i-tuoi-reel-non-fanno-visualizzazioni;perche-i-tuoi-reel-non-fanno-visualizzazioni;Reel non fanno visualizzazioni
7302;post;https://maxdigitalinnovation.it/come-finire-negli-esplora-di-instagram/;Come Finire negli Esplora di Instagram: Guida Completa 2024;Come Finire negli Esplora di Instagram: Guida Completa 2024;59;Scopri le strategie SEO e i segreti dell'algoritmo per far comparire i tuoi contenuti nella sezione Esplora di Instagram.;Come finire negli esplora di Instagram: Scopri le strategie SEO e i segreti dell'algoritmo per far comparire i tuoi contenuti nella sezione Esplora.;148;Comparire nella sezione Esplora di Instagram è uno degli obiettivi più importanti per chi desidera aumentare la propria visibilità. Essere mostrati a utenti che ancora non conoscono il tuo profilo significa ottenere più visualizzazioni…;come-finire-negli-esplora-di-instagram;come-finire-negli-esplora-di-instagram;come finire negli esplora di instagram
7304;post;https://maxdigitalinnovation.it/instagram-per-aziende-errori-da-evitare/;Instagram Aziende: Errori da Evitare per il Tuo Business;Instagram per aziende: errori da evitare;40;"Evita gli errori comuni su Instagram per aziende. Massimizza visibilità, engagement e clienti con Max Digital Innovation. Scopri come migliorare la tua";"Instagram per aziende: errori da evitare: Evita gli errori comuni su Instagram per aziende. Massimizza visibilità, engagement e clienti con Max Digital.";152;"Instagram è uno dei canali più efficaci per aumentare la visibilità di un'azienda, creare una community e trovare nuovi clienti. Tuttavia, molte imprese non ottengono i risultati sperati perché commettono errori che limitano…";instagram-per-aziende-errori-da-evitare;instagram-per-aziende-errori-da-evitare;Instagram per aziende: errori da evitare
7306;post;https://maxdigitalinnovation.it/come-creare-reel-virali-su-instagram/;Reel Virali su Instagram: Guida Completa per il Tuo Brand 2024;Reel virali Instagram: Strategia social che funziona;52;"Scopri come creare Reel virali su Instagram con max digital innovation. Strategie efficaci, trucchi e consigli pratici per aumentare la visibilità del tuo";"Reel virali Instagram: Scopri come creare Reel virali su Instagram con max digital innovation. Strategie efficaci, trucchi e consigli pratici per aumentare.";156;"I Reel sono diventati il formato più potente per aumentare la visibilità su Instagram. Ogni giorno milioni di utenti scorrono centinaia di video, ma solo alcuni riescono a catturare davvero l'attenzione e a ottenere…";come-creare-reel-virali-su-instagram;come-creare-reel-virali-su-instagram;Reel virali Instagram
7308;post;https://maxdigitalinnovation.it/le-migliori-strategie-instagram-per-vendere-di-piu/;Strategie Instagram per Vendere di Più | Max Digital Innovation;Strategie Instagram per vendere: Max Digital Innovation;55;"Scopri le strategie Instagram più efficaci per aziende: ottimizzazione profilo, contenuti di valore, Reels, Storie, e collaborazioni.";"Strategie Instagram per vendere: Scopri le strategie Instagram più efficaci per aziende: ottimizzazione profilo, contenuti di valore, Reels, Storie.";148;"Instagram non è più soltanto un social network dedicato alle fotografie. Oggi rappresenta uno dei canali più efficaci per promuovere prodotti e servizi, creare fiducia e trasformare i follower in clienti. Tuttavia, per ottenere…";le-migliori-strategie-instagram-per-vendere-di-piu;le-migliori-strategie-instagram-per-vendere-di-piu;strategie instagram per vendere
7310;post;https://maxdigitalinnovation.it/come-aumentare-lengagement-su-instagram/;Aumentare Engagement Instagram: Guida Completa per Aziende;Aumentare Engagement Instagram: Guida Completa per Aziende;58;"Max Digital Innovation ti guida a massimizzare l'engagement su Instagram. Scopri strategie definitive per contenuti di valore, Reel efficaci e interazione";Aumentare engagement Instagram: Max Digital Innovation ti guida a massimizzare l'engagement su Instagram. Scopri strategie definitive per contenuti.;148;"Avere migliaia di follower non basta se i contenuti non riescono a coinvolgere il pubblico. L'engagement rappresenta il livello di interazione che gli utenti hanno con un profilo attraverso like, commenti, condivisioni, salvataggi…";come-aumentare-lengagement-su-instagram;come-aumentare-lengagement-su-instagram;aumentare engagement instagram
7312;post;https://maxdigitalinnovation.it/come-aumentare-le-visualizzazioni-su-tiktok/;Aumentare Visualizzazioni TikTok: Guida Completa Max Digital;Aumentare Visualizzazioni TikTok: Guida Completa Max Digital;60;"Scopri le strategie definitive di Max Digital Innovation per aumentare le visualizzazioni su TikTok, far crescere il tuo profilo e dominare la sezione";"Aumentare visualizzazioni TikTok: Scopri le strategie definitive di Max Digital Innovation per aumentare le visualizzazioni su TikTok, far crescere il tuo.";155;"TikTok è una delle piattaforme più potenti per raggiungere milioni di utenti in modo completamente organico. A differenza di altri social network, anche un profilo con pochi follower può ottenere migliaia di visualizzazioni grazie…";come-aumentare-le-visualizzazioni-su-tiktok;come-aumentare-le-visualizzazioni-su-tiktok;aumentare visualizzazioni TikTok
7314;post;https://maxdigitalinnovation.it/algoritmo-tiktok-tutto-quello-che-devi-sapere/;Algoritmo TikTok 2024: Guida Completa per il Successo;Algoritmo TikTok 2024: Guida Completa per il Successo;53;Scopri i segreti dell'algoritmo di TikTok nel 2024. Massimizza visualizzazioni e follower con strategie avanzate di Max Digital Innovation.;Algoritmo TikTok: Scopri i segreti dell'algoritmo di TikTok nel 2024. Massimizza visualizzazioni e follower con strategie avanzate di Max Digital Innovation.;157;TikTok è diventato uno dei social network più utilizzati al mondo grazie alla sua capacità di mostrare contenuti interessanti anche a chi non segue ancora un determinato profilo. A differenza di molte altre piattaforme…;algoritmo-tiktok-tutto-quello-che-devi-sapere;algoritmo-tiktok-tutto-quello-che-devi-sapere;algoritmo TikTok
7316;post;https://maxdigitalinnovation.it/perche-i-video-tiktok-fanno-poche-visualizzazioni/;Video TikTok Poche Visualizzazioni? Strategie Max Digital;Video TikTok Poche Visualizzazioni? Strategie Max Digital;57;I tuoi video TikTok non decollano? Scopri con Max Digital Innovation le ragioni e le strategie efficaci per aumentare visualizzazioni e engagement.;I tuoi video TikTok non decollano? Scopri con Max Digital Innovation le ragioni e le strategie efficaci per aumentare visualizzazioni e engagement.;147;"TikTok offre a ogni creator la possibilità di raggiungere migliaia di persone, anche senza avere una community numerosa. Tuttavia, molti utenti pubblicano contenuti che ottengono poche decine o centinaia di visualizzazioni, senza capire…";perche-i-video-tiktok-fanno-poche-visualizzazioni;perche-i-video-tiktok-fanno-poche-visualizzazioni;video TikTok poche visualizzazioni
7318;post;https://maxdigitalinnovation.it/come-andare-virale-su-tiktok/;Come Andare Virale su TikTok: Guida Completa per il Tuo Brand;Andare virale su TikTok: Strategia social che funziona;54;Scopri le strategie essenziali per far esplodere i tuoi video su TikTok. Max Digital Innovation ti guida passo dopo passo verso la viralità.;Scopri le strategie essenziali per far esplodere i tuoi video su TikTok. Max Digital Innovation ti guida passo dopo passo verso la viralità.;140;"Ogni giorno milioni di video vengono pubblicati su TikTok, ma solo una piccola percentuale riesce a raggiungere numeri davvero elevati. La buona notizia è che non servono milioni di follower per ottenere un video…";come-andare-virale-su-tiktok;come-andare-virale-su-tiktok;andare virale su TikTok
7320;post;https://maxdigitalinnovation.it/strategie-tiktok-per-aziende/;Strategie TikTok per Aziende: Guida Completa di Max Digital;Strategie TikTok per Aziende: Guida Completa di Max Digital;59;"Scopri come Max Digital Innovation può trasformare la tua presenza su TikTok. Strategie efficaci per aumentare visibilità, engagement e vendite per la tua azienda.";Strategie TikTok per aziende: Scopri come Max Digital Innovation può trasformare la tua presenza su TikTok. Scopri come lavoriamo a Palermo.;140;"TikTok non è più una piattaforma riservata ai creator o ai più giovani. Oggi rappresenta uno degli strumenti di marketing più efficaci anche per le imprese che desiderano aumentare la propria visibilità, raggiungere nuovi…";strategie-tiktok-per-aziende;strategie-tiktok-per-aziende;Strategie TikTok per aziende
7322;post;https://maxdigitalinnovation.it/tiktok-per-negozi-conviene-davvero/;TikTok per Negozi: Conviene Davvero? Guida Completa | Max Digital;TikTok per negozi: Strategia social che funziona;48;"Scopri se TikTok conviene davvero per il tuo negozio. Aumenta visibilità, engagement e vendite con strategie efficaci. Guida completa di Max Digital Innovation.";"TikTok per negozi: Scopri se TikTok conviene davvero per il tuo negozio. Aumenta visibilità, engagement e vendite con strategie efficaci.";137;Negli ultimi anni TikTok è diventato uno dei social network con la crescita più rapida al mondo. Sempre più attività locali e negozi stanno iniziando a utilizzarlo per promuovere i propri prodotti e servizi…;tiktok-per-negozi-conviene-davvero;tiktok-per-negozi-conviene-davvero;TikTok per negozi
7324;post;https://maxdigitalinnovation.it/quanto-dura-un-video-tiktok-ideale/;Video TikTok: Durata Ideale per Massime Visualizzazioni;Quanto dura un video TikTok ideale: Max Digital Innovation;58;Scopri la durata ideale per i video TikTok e come l'algoritmo premia i contenuti. Consigli pratici per aumentare visualizzazioni e engagement con Max;Quanto dura un video TikTok ideale: Scopri la durata ideale per i video TikTok e come l'algoritmo premia i contenuti. Consigli pratici per aumentare.;149;"Una delle domande più frequenti tra creator, aziende e professionisti è: qual è la lunghezza perfetta di un video su TikTok? La risposta non è un numero preciso, perché dipende dall'obiettivo del contenuto…";quanto-dura-un-video-tiktok-ideale;quanto-dura-un-video-tiktok-ideale;Quanto dura un video TikTok ideale
7326;post;https://maxdigitalinnovation.it/come-far-crescere-il-tuo-profilo-in-6-giorni/;Cresci su TikTok in 6 Giorni: Strategie Rapide con Max;Cresci su TikTok in 6 Giorni: Strategie Rapide con Max;54;"Scopri come far crescere il tuo profilo TikTok in soli 6 giorni con strategie pratiche di Max Digital Innovation. Ottimizza, crea e aumenta follower.";"Scopri come far crescere il tuo profilo TikTok in soli 6 giorni con strategie pratiche di Max Digital Innovation. Ottimizza, crea e aumenta follower.";149;"Molti pensano che per ottenere risultati su TikTok servano mesi di lavoro. In realtà, con una strategia ben organizzata è possibile notare i primi miglioramenti anche in meno di una settimana. Naturalmente non esiste…";come-far-crescere-il-tuo-profilo-in-6-giorni;come-far-crescere-il-tuo-profilo-in-6-giorni;Cresci su TikTok in 6 Giorni
7329;post;https://maxdigitalinnovation.it/come-far-crescere-il-tuo-profilo-tiktok-in-6-giorni/;Crescere su TikTok in 6 Giorni: Strategie per Aziende;Crescere su TikTok in 6 Giorni: Strategie per Aziende;53;"Scopri come far crescere il tuo profilo TikTok in soli 6 giorni. Strategie professionali per aziende: ottimizza, crea contenuti virali e aumenta";Crescere su TikTok in 6 Giorni: Strategie per Aziende: Scopri come far crescere il tuo profilo TikTok in soli 6 giorni. Strategie professionali per aziende.;156;TikTok è una delle piattaforme che offre le maggiori possibilità di crescita organica. Anche un profilo appena creato può raggiungere migliaia di utenti se pubblica contenuti coinvolgenti e segue una strategia ben definita…;come-far-crescere-il-tuo-profilo-tiktok-in-6-giorni;come-far-crescere-il-tuo-profilo-tiktok-in-6-giorni;Crescere su TikTok in 6 Giorni: Strategie per Aziende
7334;post;https://maxdigitalinnovation.it/produzione-video-a-palermo-come-scegliere-lagenzia-giusta/;Produzione Video a Palermo: Guida alla Scelta dell'Agenzia Giusta;Produzione video Palermo: Sito veloce e che converte;52;"Guida completa per scegliere l'agenzia giusta per la produzione video a Palermo. Scopri come esperienza, strategia e qualità con Max Digital Innovation";"Produzione video Palermo: Guida completa per scegliere l'agenzia giusta per la produzione video a Palermo. Scopri come esperienza, strategia e qualità.";151;"Oggi i video rappresentano uno degli strumenti più efficaci per promuovere un'azienda, un servizio o un prodotto. Sui social network e sui siti web, un contenuto ben realizzato può aumentare la visibilità del brand…";produzione-video-a-palermo-come-scegliere-lagenzia-giusta;produzione-video-a-palermo-come-scegliere-lagenzia-giusta;produzione video Palermo
7337;post;https://maxdigitalinnovation.it/video-aziendali-a-palermo-perche-aumentano-le-vendite/;Video Aziendali Palermo: Aumenta Vendite e Fiducia | Max Digital;Video aziendali Palermo: Video che fanno crescere il brand;58;"Scopri come i video aziendali professionali a Palermo potenziano visibilità, engagement e vendite. Max Digital Innovation: la tua agenzia di marketing.";"Scopri come i video aziendali professionali a Palermo potenziano visibilità, engagement e vendite. Max Digital Innovation: la tua agenzia di marketing.";151;Le persone preferiscono guardare un video piuttosto che leggere lunghi testi. Un contenuto ben realizzato permette di spiegare in pochi minuti ciò che richiederebbe molte pagine di descrizione.;video-aziendali-a-palermo-perche-aumentano-le-vendite;video-aziendali-a-palermo-perche-aumentano-le-vendite;video aziendali Palermo
7343;post;https://maxdigitalinnovation.it/creazione-video-virali-palermo/;Video Virali Palermo: Strategie Efficaci per il Tuo Business;Video Virali Palermo: Strategie Efficaci per il Tuo Business;60;Scopri come la creazione di video virali a Palermo può trasformare la visibilità della tua azienda. Max Digital Innovation ti guida verso il successo.;Scopri come la creazione di video virali a Palermo può trasformare la visibilità della tua azienda. Max Digital Innovation ti guida verso il successo.;150;Perché la Creazione video virali Palermo è diventata fondamentale La Creazione video virali Palermo è oggi una delle strategie più efficaci per aumentare la visibilità di un'azienda sui social network. Ogni giorno migliaia…;creazione-video-virali-palermo;creazione-video-virali-palermo;Video Virali Palermo
7345;post;https://maxdigitalinnovation.it/produzione-video-virali-palermo/;Produzione Video Virali Palermo | Max Digital Innovation;Produzione Video Virali Palermo | Max Digital Innovation;56;Max Digital Innovation è la tua agenzia a Palermo per video virali che catturano l'attenzione.;Produzione video virali Palermo: Max Digital Innovation è la tua agenzia a Palermo per video virali che catturano l'attenzione. Parla con i nostri esperti.;155;Perché la Produzione video virali Palermo è una strategia vincente La Produzione video virali Palermo rappresenta oggi uno degli strumenti più efficaci per aumentare la visibilità di un'attività sui social network. I video brevi…;produzione-video-virali-palermo;produzione-video-virali-palermo;Produzione video virali Palermo
7348;post;https://maxdigitalinnovation.it/realizzazione-video-virali-palermo/;Video Virali Palermo: Strategie di Successo per il Tuo Brand;Realizzazione video virali Palermo: Max Digital Innovation;58;Massimizza la visibilità del tuo brand a Palermo con video virali. Scopri come Max Digital Innovation crea contenuti coinvolgenti per social media e;Realizzazione video virali Palermo: Massimizza la visibilità del tuo brand a Palermo con video virali. Scopri come Max Digital Innovation crea contenuti.;153;Perché la Realizzazione video virali Palermo è sempre più richiesta La Realizzazione video virali Palermo è diventata uno degli strumenti più efficaci per aiutare aziende e professionisti a distinguersi sui social media. Oggi…;realizzazione-video-virali-palermo;realizzazione-video-virali-palermo;Realizzazione video virali Palermo
7352;post;https://maxdigitalinnovation.it/creazione-video-virali-sicilia/;Video Virali Sicilia: Max Digital per il Tuo Successo Online;Video Virali Sicilia: Max Digital per il Tuo Successo Online;60;"Max Digital Innovation è la tua agenzia in Sicilia per video virali. Trasforma la tua presenza online con contenuti che catturano, coinvolgono e";Video virali Sicilia: Max Digital Innovation è la tua agenzia in Sicilia per video virali. Trasforma la tua presenza online con contenuti che catturano.;152;"Nell'era digitale, dove l'attenzione è una moneta preziosa, la creazione video virali in Sicilia rappresenta una delle leve più potenti per le aziende che desiderano non solo farsi notare, ma dominare la scena online…";creazione-video-virali-sicilia;creazione-video-virali-sicilia;video virali Sicilia
7355;post;https://maxdigitalinnovation.it/produzione-video-virali-sicilia/;Produzione Video Virali Sicilia: Strategie Efficaci con Max;Produzione Video Virali Sicilia: Strategie Efficaci con Max;59;Max Digital Innovation è la tua agenzia per la produzione video virali Sicilia. Aumenta visibilità e clienti con strategie social efficaci e contenuti che;Max Digital Innovation è la tua agenzia per la produzione video virali Sicilia. Aumenta visibilità e clienti con strategie social efficaci e contenuti.;151;Perché la Produzione video virali Sicilia è diventata indispensabile La Produzione video virali Sicilia è oggi una delle strategie di marketing più efficaci per aumentare la notorietà di un'azienda e raggiungere nuovi clienti attraverso…;produzione-video-virali-sicilia;produzione-video-virali-sicilia;Produzione video virali Sicilia
7358;post;https://maxdigitalinnovation.it/realizzazione-video-sicilia/;Realizzazione Video Sicilia: Soluzioni Professionali;Realizzazione Video Sicilia: Soluzioni Professionali;52;"Max Digital Innovation offre servizi di realizzazione video professionale in Sicilia. Aumenta la tua visibilità, coinvolgi il pubblico e valorizza il tuo";"Realizzazione video Sicilia: Max Digital Innovation offre servizi di realizzazione video professionale in Sicilia. Aumenta la tua visibilità, coinvolgi.";152;"Perché la Realizzazione video Sicilia è fondamentale per la comunicazione moderna La Realizzazione video Sicilia è diventata uno degli strumenti più efficaci per promuovere un'attività, raccontare un servizio e aumentare la visibilità online. Oggi…";realizzazione-video-sicilia;realizzazione-video-sicilia;Realizzazione video Sicilia
7361;post;https://maxdigitalinnovation.it/produzione-video-virali-per-la-tua-attivita-palermo/;Video Virali Palermo: Strategie e Produzione per Aziende;Produzione video virali per la tua attività Palermo;51;Max Digital Innovation crea video virali professionali a Palermo per massimizzare la tua visibilità sui social media. Scopri le nostre strategie e come;Produzione video virali per la tua attività Palermo: Max Digital Innovation crea video virali professionali a Palermo per massimizzare la tua visibilità sui.;157;Perché la Produzione video virali per la tua attività Palermo è una scelta strategica La Produzione video virali per la tua attività Palermo rappresenta oggi uno degli investimenti più efficaci per aumentare la visibilità…;produzione-video-virali-per-la-tua-attivita-palermo;produzione-video-virali-per-la-tua-attivita-palermo;Produzione video virali per la tua attività Palermo
7363;post;https://maxdigitalinnovation.it/realizzazione-video-virali-trapani/;Video Virali Trapani: Strategie e Realizzazione | max;Realizzazione video virali Trapani: Max Digital Innovation;58;Max Digital Innovation a Trapani realizza video virali per la tua azienda. Aumenta visibilità e clienti con contenuti professionali e strategie efficaci.;Max Digital Innovation a Trapani realizza video virali per la tua azienda. Aumenta visibilità e clienti con contenuti professionali e strategie efficaci.;153;Perché la Realizzazione video virali Trapani è sempre più importante La Realizzazione video virali Trapani è una strategia di comunicazione che permette ad aziende e professionisti di aumentare la propria presenza online attraverso contenuti…;realizzazione-video-virali-trapani;realizzazione-video-virali-trapani;Realizzazione video virali Trapani
7366;post;https://maxdigitalinnovation.it/produzione-video-palermo-perche-oggi-e-indispensabile-per-ogni-azienda/;Produzione Video Palermo: Indispensabile per ogni Azienda;Produzione Video Palermo: Indispensabile per ogni Azienda;57;"Scopri come la produzione video a Palermo, offerta da Max Digital Innovation, può trasformare la tua comunicazione aziendale.";"Produzione video Palermo: Scopri come la produzione video a Palermo, offerta da Max Digital Innovation, può trasformare la tua comunicazione aziendale.";151;Perché la Produzione video Palermo: perché oggi è indispensabile per ogni azienda è una scelta strategica La Produzione video Palermo: perché oggi è indispensabile per ogni azienda rappresenta una delle strategie di comunicazione…;produzione-video-palermo-perche-oggi-e-indispensabile-per-ogni-azienda;produzione-video-palermo-2;Produzione video Palermo
7368;post;https://maxdigitalinnovation.it/video-promozionali-per-la-tua-azienda-palermo-funzionano-davvero/;Video Promozionali a Palermo: Funzionano Davvero? | Max Digital;Video promozionali Palermo: Strategia social che funziona;57;Scopri l'efficacia dei video promozionali per la tua azienda a Palermo. Max Digital Innovation ti spiega come incrementare visibilità e coinvolgimento con;Video promozionali Palermo: Scopri l'efficacia dei video promozionali per la tua azienda a Palermo. Max Digital Innovation ti spiega come incrementare.;151;Perché i Video promozionali per la tua azienda Palermo: funzionano davvero? sono sempre più utilizzati I Video promozionali per la tua azienda Palermo: funzionano davvero? rappresentano oggi uno degli strumenti di marketing più efficaci…;video-promozionali-per-la-tua-azienda-palermo-funzionano-davvero;video-promozionali-palermo;video promozionali Palermo
7372;post;https://maxdigitalinnovation.it/produzione-video-professionale-palermo-tutto-quello-che-devi-sapere/;Produzione Video Professionale Palermo: Guida Completa Max;Produzione Video Professionale Palermo: Guida Completa Max;58;"Max Digital Innovation: scopri come la produzione video professionale a Palermo può trasformare la tua comunicazione, aumentare visibilità e";Produzione video professionale Palermo: Max Digital Innovation: scopri come la produzione video professionale a Palermo può trasformare la tua.;143;"Perché la Produzione video professionale Palermo: tutto quello che devi sapere è così importante La Produzione video professionale Palermo: tutto quello che devi sapere è un argomento sempre più rilevante per aziende, professionisti…";produzione-video-professionale-palermo-tutto-quello-che-devi-sapere;produzione-video-professionale-palermo;Produzione video professionale Palermo
7375;post;https://maxdigitalinnovation.it/come-trasformare-un-semplice-video-in-un-contenuto-virale-a-palermo/;Video Virali a Palermo: Guida di Max Digital Innovation;Video Virali a Palermo: Guida di Max Digital Innovation;55;Trasforma i tuoi video in contenuti virali a Palermo con Max Digital Innovation. Strategie e consigli per catturare l'attenzione del pubblico.;Trasforma i tuoi video in contenuti virali a Palermo con Max Digital Innovation. Strategie e consigli per catturare l'attenzione del pubblico.;142;Perché Come trasformare un semplice video in un contenuto virale a Palermo è una domanda sempre più frequente Come trasformare un semplice video in un contenuto virale a Palermo è una delle domande…;come-trasformare-un-semplice-video-in-un-contenuto-virale-a-palermo;video-virali-palermo-guida-max-digital-innovation;Video Virali a Palermo: Guida di Max Digital Innovation
7388;post;https://maxdigitalinnovation.it/perche-ogni-attivita-di-palermo-dovrebbe-pubblicare-video-2/;Video Marketing Palermo: Crescita e Visibilità per la Tua;Video Marketing Palermo: Crescita e Visibilità per la Tua;57;"Scopri perché il video marketing è cruciale per ogni attività a Palermo. Aumenta visibilità, fiducia e coinvolgimento dei clienti con Max Digital";"Video Marketing Palermo: Scopri perché il video marketing è cruciale per ogni attività a Palermo. Aumenta visibilità, fiducia e coinvolgimento dei clienti.";155;Perché ogni attività di Palermo dovrebbe pubblicare video è una domanda sempre più attuale Perché ogni attività di Palermo dovrebbe pubblicare video è una domanda che sempre più imprenditori si pongono. Oggi la comunicazione…;perche-ogni-attivita-di-palermo-dovrebbe-pubblicare-video-2;perche-ogni-attivita-di-palermo-dovrebbe-pubblicare-video-2;Video Marketing Palermo
