Titolo;URL;Categoria;Intento;Parole attuali;Parole obiettivo;Focus keyword;Scaletta H2;FAQ;Azione
Le piccole e medie imprese e l’innovazione digitale: come restare competitivi;https://maxdigitalinnovation.it/innovazione-digitale-pmi-competitive/;riscrivere;informazionale;348;1200;innovazione digitale PMI;innovazione digitale PMI: definizione in due righe | Perché è importante adesso (con dati aggiornati) | Come funziona: spiegazione passo per passo | Esempi pratici applicati a una PMI | Errori più comuni e come evitarli | Strumenti e risorse consigliate | Domande frequenti;Quanto costa innovazione digitale PMI? | Quanto tempo serve per ottenere risultati con innovazione digitale PMI? | innovazione digitale PMI conviene a una piccola impresa? | Come si misurano i risultati di innovazione digitale PMI?;"espandere a 1.000-1.400 parole con struttura, FAQ e dati"
Palermo: un hub emergente per l’innovazione digitale;https://maxdigitalinnovation.it/innovazione-digitale-palermo/;riscrivere;informazionale;424;1200;Palermo Hub Innovazione Digitale;Palermo Hub Innovazione Digitale: definizione in due righe | Perché è importante adesso (con dati aggiornati) | Come funziona: spiegazione passo per passo | Esempi pratici applicati a una PMI | Errori più comuni e come evitarli | Strumenti e risorse consigliate | Domande frequenti;Quanto costa Palermo Hub Innovazione Digitale? | Quanto tempo serve per ottenere risultati con Palermo Hub Innovazione Digitale? | Palermo Hub Innovazione Digitale conviene a una piccola impresa? | Come si misurano i risultati di Palermo Hub Innovazione Digitale?;"espandere a 1.000-1.400 parole con struttura, FAQ e dati"
Cybersecurity per le aziende: come proteggere il tuo sito web e i dati dei clienti;https://maxdigitalinnovation.it/cybersecurity-per-aziende/;riscrivere;informazionale;393;1200;Cybersecurity Aziendale;Cybersecurity Aziendale: definizione in due righe | Perché è importante adesso (con dati aggiornati) | Come funziona: spiegazione passo per passo | Esempi pratici applicati a una PMI | Errori più comuni e come evitarli | Strumenti e risorse consigliate | Domande frequenti;Quanto costa Cybersecurity Aziendale? | Quanto tempo serve per ottenere risultati con Cybersecurity Aziendale? | Cybersecurity Aziendale conviene a una piccola impresa? | Come si misurano i risultati di Cybersecurity Aziendale?;"espandere a 1.000-1.400 parole con struttura, FAQ e dati"
Dal branding al marketing digitale: costruisci la tua strategia vincente;https://maxdigitalinnovation.it/strategia-marketing-digitale/;riscrivere;informazionale;328;1200;strategia marketing digitale;strategia marketing digitale: definizione in due righe | Perché è importante adesso (con dati aggiornati) | Come funziona: spiegazione passo per passo | Esempi pratici applicati a una PMI | Errori più comuni e come evitarli | Strumenti e risorse consigliate | Domande frequenti;Quanto costa strategia marketing digitale? | Quanto tempo serve per ottenere risultati con strategia marketing digitale? | strategia marketing digitale conviene a una piccola impresa? | Come si misurano i risultati di strategia marketing digitale?;"espandere a 1.000-1.400 parole con struttura, FAQ e dati"
Dalle campagne AI-driven al marketing automation: cosa aspettarsi dal futuro digitale;https://maxdigitalinnovation.it/campagne-ai-driven-marketing-automation/;riscrivere;informazionale;306;1200;campagne AI-driven;campagne AI-driven: definizione in due righe | Perché è importante adesso (con dati aggiornati) | Come funziona: spiegazione passo per passo | Esempi pratici applicati a una PMI | Errori più comuni e come evitarli | Strumenti e risorse consigliate | Domande frequenti;Quanto costa campagne AI-driven? | Quanto tempo serve per ottenere risultati con campagne AI-driven? | campagne AI-driven conviene a una piccola impresa? | Come si misurano i risultati di campagne AI-driven?;"espandere a 1.000-1.400 parole con struttura, FAQ e dati"
Perché un design responsive è fondamentale per il tuo sito web;https://maxdigitalinnovation.it/design-responsivo-sito-web-successo-online/;riscrivere;informazionale;497;1200;Design Responsive;Design Responsive: definizione in due righe | Perché è importante adesso (con dati aggiornati) | Come funziona: spiegazione passo per passo | Esempi pratici applicati a una PMI | Errori più comuni e come evitarli | Strumenti e risorse consigliate | Domande frequenti;Quanto costa Design Responsive? | Quanto tempo serve per ottenere risultati con Design Responsive? | Design Responsive conviene a una piccola impresa? | Come si misurano i risultati di Design Responsive?;"espandere a 1.000-1.400 parole con struttura, FAQ e dati"
Perché un sito web professionale è la chiave del successo per ogni impresa;https://maxdigitalinnovation.it/perche-un-sito-web-professionale-e-la-chiave-del-successo-per-ogni-impresa/;riscrivere;informazionale;479;1200;sito web professionale;sito web professionale: definizione in due righe | Perché è importante adesso (con dati aggiornati) | Come funziona: spiegazione passo per passo | Esempi pratici applicati a una PMI | Errori più comuni e come evitarli | Strumenti e risorse consigliate | Domande frequenti;Quanto costa sito web professionale? | Quanto tempo serve per ottenere risultati con sito web professionale? | sito web professionale conviene a una piccola impresa? | Come si misurano i risultati di sito web professionale?;"espandere a 1.000-1.400 parole con struttura, FAQ e dati"
Come creare una Landing Page efficace;https://maxdigitalinnovation.it/come-creare-una-landing-page-efficace/;riscrivere;informazionale;550;1000;creare landing page efficaci;creare landing page efficaci: definizione in due righe | Perché è importante adesso (con dati aggiornati) | Come funziona: spiegazione passo per passo | Esempi pratici applicati a una PMI | Errori più comuni e come evitarli | Strumenti e risorse consigliate | Domande frequenti;Quanto costa creare landing page efficaci? | Quanto tempo serve per ottenere risultati con creare landing page efficaci? | creare landing page efficaci conviene a una piccola impresa? | Come si misurano i risultati di creare landing page efficaci?;"espandere a 1.000-1.400 parole con struttura, FAQ e dati"
Branded Content: Come Raccontare il Tuo Brand con Max Digital Innovation;https://maxdigitalinnovation.it/branded-content-come-raccontare-il-tuo-brand-con-max-digital-innovation/;riscrivere;navigazionale;354;1200;branded content;Chi siamo e cosa facciamo | Perché scegliere branded content | I nostri lavori | Domande frequenti;Quanto costa branded content? | Quanto tempo serve per ottenere risultati con branded content? | branded content conviene a una piccola impresa? | Come si misurano i risultati di branded content?;"espandere a 1.000-1.400 parole con struttura, FAQ e dati"
"Privacy Policy, consigli utili per scriverla correttamente";https://maxdigitalinnovation.it/privacy-policy/;riscrivere;informazionale;304;1200;Privacy Policy;Privacy Policy: definizione in due righe | Perché è importante adesso (con dati aggiornati) | Come funziona: spiegazione passo per passo | Esempi pratici applicati a una PMI | Errori più comuni e come evitarli | Strumenti e risorse consigliate | Domande frequenti;Quanto costa Privacy Policy? | Quanto tempo serve per ottenere risultati con Privacy Policy? | Privacy Policy conviene a una piccola impresa? | Come si misurano i risultati di Privacy Policy?;"espandere a 1.000-1.400 parole con struttura, FAQ e dati"
Scopri come posizionare il tuo sito Web su Google;https://maxdigitalinnovation.it/scopri-come-aumentare-posizionamento-seo-per-il-tuo-sito-web-su-google/;riscrivere;informazionale;693;1200;posizionamento SEO;posizionamento SEO: definizione in due righe | Perché è importante adesso (con dati aggiornati) | Come funziona: spiegazione passo per passo | Esempi pratici applicati a una PMI | Errori più comuni e come evitarli | Strumenti e risorse consigliate | Domande frequenti;Quanto costa posizionamento SEO? | Quanto tempo serve per ottenere risultati con posizionamento SEO? | posizionamento SEO conviene a una piccola impresa? | Come si misurano i risultati di posizionamento SEO?;"espandere a 1.000-1.400 parole con struttura, FAQ e dati"
Tipologie di siti web: la guida definitiva per imprenditori;https://maxdigitalinnovation.it/tipologie-di-siti-web-la-guida-definitiva-per-imprenditori/;riscrivere;informazionale;751;1400;tipologie di siti web;tipologie di siti web: definizione in due righe | Perché è importante adesso (con dati aggiornati) | Come funziona: spiegazione passo per passo | Esempi pratici applicati a una PMI | Errori più comuni e come evitarli | Strumenti e risorse consigliate | Domande frequenti;Quanto costa tipologie di siti web? | Quanto tempo serve per ottenere risultati con tipologie di siti web? | tipologie di siti web conviene a una piccola impresa? | Come si misurano i risultati di tipologie di siti web?;"espandere a 1.000-1.400 parole con struttura, FAQ e dati"
TikTok Ads Manager: Guida Completa su Come Gestire le Tue Campagne su TikTok;https://maxdigitalinnovation.it/tiktok-ads-manager-guida-completa-su-come-gestire-le-tue-campagne-su-tiktok/;riscrivere;informazionale;646;1200;TikTok Ads Manager;TikTok Ads Manager: definizione in due righe | Perché è importante adesso (con dati aggiornati) | Come funziona: spiegazione passo per passo | Esempi pratici applicati a una PMI | Errori più comuni e come evitarli | Strumenti e risorse consigliate | Domande frequenti;Quanto costa TikTok Ads Manager? | Quanto tempo serve per ottenere risultati con TikTok Ads Manager? | TikTok Ads Manager conviene a una piccola impresa? | Come si misurano i risultati di TikTok Ads Manager?;"espandere a 1.000-1.400 parole con struttura, FAQ e dati"
Hai Bisogno Di Un E-commerce a Palermo?;https://maxdigitalinnovation.it/e-commerce-a-palermo/;riscrivere;informazionale;308;1200;e-commerce Palermo;e-commerce Palermo: definizione in due righe | Perché è importante adesso (con dati aggiornati) | Come funziona: spiegazione passo per passo | Esempi pratici applicati a una PMI | Errori più comuni e come evitarli | Strumenti e risorse consigliate | Domande frequenti;Quanto costa e-commerce Palermo? | Quanto tempo serve per ottenere risultati con e-commerce Palermo? | e-commerce Palermo conviene a una piccola impresa? | Come si misurano i risultati di e-commerce Palermo?;"espandere a 1.000-1.400 parole con struttura, FAQ e dati"
"Advertising a Palermo, Meta Ads, Google Ads, Tiktok Ads";https://maxdigitalinnovation.it/advertising-a-palermo/;riscrivere;informazionale;348;1200;Advertising Palermo;Advertising Palermo: definizione in due righe | Perché è importante adesso (con dati aggiornati) | Come funziona: spiegazione passo per passo | Esempi pratici applicati a una PMI | Errori più comuni e come evitarli | Strumenti e risorse consigliate | Domande frequenti;Quanto costa Advertising Palermo? | Quanto tempo serve per ottenere risultati con Advertising Palermo? | Advertising Palermo conviene a una piccola impresa? | Come si misurano i risultati di Advertising Palermo?;"espandere a 1.000-1.400 parole con struttura, FAQ e dati"
5 Consigli Preziosi per Pubblicizzare la Propria Azienda su Google;https://maxdigitalinnovation.it/5-consigli-preziosi-per-pubblicizzare-la-propria-azienda-a-palermo-su-google/;riscrivere;informazionale;807;1500;pubblicizzare azienda Google Palermo;pubblicizzare azienda Google Palermo: definizione in due righe | Perché è importante adesso (con dati aggiornati) | Come funziona: spiegazione passo per passo | Esempi pratici applicati a una PMI | Errori più comuni e come evitarli | Strumenti e risorse consigliate | Domande frequenti;Quanto costa pubblicizzare azienda Google Palermo? | Quanto tempo serve per ottenere risultati con pubblicizzare azienda Google Palermo? | pubblicizzare azienda Google Palermo conviene a una piccola impresa? | Come si misurano i risultati di pubblicizzare azienda Google Palermo?;"espandere a 1.000-1.400 parole con struttura, FAQ e dati"
Hai Bisogno di Pubblicizzare il Tuo Ristorante? Ecco Come Possiamo Aiutarti!;https://maxdigitalinnovation.it/hai-bisogno-di-pubblicizzare-il-tuo-ristorante-a-palermo-ecco-come-possiamo-aiutarti/;riscrivere;informazionale;776;1400;Marketing Ristoranti Palermo;Marketing Ristoranti Palermo: definizione in due righe | Perché è importante adesso (con dati aggiornati) | Come funziona: spiegazione passo per passo | Esempi pratici applicati a una PMI | Errori più comuni e come evitarli | Strumenti e risorse consigliate | Domande frequenti;Quanto costa Marketing Ristoranti Palermo? | Quanto tempo serve per ottenere risultati con Marketing Ristoranti Palermo? | Marketing Ristoranti Palermo conviene a una piccola impresa? | Come si misurano i risultati di Marketing Ristoranti Palermo?;"espandere a 1.000-1.400 parole con struttura, FAQ e dati"
Ecco Perché un Sito Web è Così Essenziale per la Tua Attività;https://maxdigitalinnovation.it/ecco-perche-un-sito-web-a-palermo-e-cosi-essenziale-per-la-tua-attivita/;riscrivere;informazionale;747;1300;sito web essenziale attività;sito web essenziale attività: definizione in due righe | Perché è importante adesso (con dati aggiornati) | Come funziona: spiegazione passo per passo | Esempi pratici applicati a una PMI | Errori più comuni e come evitarli | Strumenti e risorse consigliate | Domande frequenti;Quanto costa sito web essenziale attività? | Quanto tempo serve per ottenere risultati con sito web essenziale attività? | sito web essenziale attività conviene a una piccola impresa? | Come si misurano i risultati di sito web essenziale attività?;"espandere a 1.000-1.400 parole con struttura, FAQ e dati"
Gestione Social Media a Palermo: Come la Nostra Agenzia di Comunicazione Cura i Tuoi Social Media;https://maxdigitalinnovation.it/gestione-social-media-a-palermo-come-la-nostra-agenzia-di-comunicazione-cura-i-tuoi-social-media/;accorpare;transazionale;479;1200;gestione social media Palermo;"Che cos'è gestione social media Palermo e a chi serve | Quanto costa gestione social media Palermo a Palermo: fasce di prezzo e cosa incide | Cosa comprende il servizio, passo per passo | Tempi di realizzazione e come si svolge il lavoro | Errori da evitare nella scelta del fornitore | Caso reale: problema, intervento, risultato misurato | Domande frequenti";Chi si occupa di gestione social media Palermo a Palermo? | Quanto costa gestione social media Palermo? | Quanto tempo serve per ottenere risultati con gestione social media Palermo? | gestione social media Palermo conviene a una piccola impresa? | Come si misurano i risultati di gestione social media Palermo?;unire nel principale + 301
"Logo Aziendale: Cos’è, Caratteristiche e Come Crearne uno Efficace";https://maxdigitalinnovation.it/loghi-per-la-tua-azienda-a-palermo-caratteristiche-e-come-crearne-uno-efficace/;riscrivere;informazionale;601;1100;logo aziendale Palermo;logo aziendale Palermo: definizione in due righe | Perché è importante adesso (con dati aggiornati) | Come funziona: spiegazione passo per passo | Esempi pratici applicati a una PMI | Errori più comuni e come evitarli | Strumenti e risorse consigliate | Domande frequenti;Quanto costa logo aziendale Palermo? | Quanto tempo serve per ottenere risultati con logo aziendale Palermo? | logo aziendale Palermo conviene a una piccola impresa? | Come si misurano i risultati di logo aziendale Palermo?;"espandere a 1.000-1.400 parole con struttura, FAQ e dati"
Ottimizzare la comunicazione grazie all’utilizzo di call to action efficaci;https://maxdigitalinnovation.it/ottimizzare-la-comunicazione-grazie-allutilizzo-di-call-to-action-efficaci-per-il-tuo-sito-web-a-palermo/;riscrivere;informazionale;498;1200;CTA Efficaci: Guida Completa per il Tuo Sito Web a Palermo;CTA Efficaci: Guida Completa per il Tuo Sito Web: definizione in due righe | Perché è importante adesso (con dati aggiornati) | Come funziona: spiegazione passo per passo | Esempi pratici applicati a una PMI | Errori più comuni e come evitarli | Strumenti e risorse consigliate | Domande frequenti;Quanto costa CTA Efficaci: Guida Completa per il Tuo Sito Web a Palermo? | Quanto tempo serve per ottenere risultati con CTA Efficaci: Guida Completa per il Tuo Sito Web a Palermo? | CTA Efficaci: Guida Completa per il Tuo Sito Web a Palermo conviene a una piccola impresa? | Come si misurano i risultati di CTA Efficaci: Guida Completa per il Tuo Sito Web a Palermo?;"espandere a 1.000-1.400 parole con struttura, FAQ e dati"
11 Trend di E-commerce Marketing che Faranno Crescere il Tuo E-commerce;https://maxdigitalinnovation.it/11-trend-marketing-a-palermo-per-e-commerce-marketing-che-faranno-crescere-il-tuo-e-commerce/;riscrivere;informazionale;676;1200;trend e-commerce marketing;trend e-commerce marketing: definizione in due righe | Perché è importante adesso (con dati aggiornati) | Come funziona: spiegazione passo per passo | Esempi pratici applicati a una PMI | Errori più comuni e come evitarli | Strumenti e risorse consigliate | Domande frequenti;Quanto costa trend e-commerce marketing? | Quanto tempo serve per ottenere risultati con trend e-commerce marketing? | trend e-commerce marketing conviene a una piccola impresa? | Come si misurano i risultati di trend e-commerce marketing?;"espandere a 1.000-1.400 parole con struttura, FAQ e dati"
Come Fare Pubblicità su Internet: Guida per Principianti;https://maxdigitalinnovation.it/come-fare-pubblicita-a-palermo-su-internet-guida-per-principianti/;riscrivere;informazionale;556;1000;Pubblicità su Internet a Palermo;Pubblicità su Internet a Palermo: definizione in due righe | Perché è importante adesso (con dati aggiornati) | Come funziona: spiegazione passo per passo | Esempi pratici applicati a una PMI | Errori più comuni e come evitarli | Strumenti e risorse consigliate | Domande frequenti;Quanto costa Pubblicità su Internet a Palermo? | Quanto tempo serve per ottenere risultati con Pubblicità su Internet a Palermo? | Pubblicità su Internet a Palermo conviene a una piccola impresa? | Come si misurano i risultati di Pubblicità su Internet a Palermo?;"espandere a 1.000-1.400 parole con struttura, FAQ e dati"
Campagne Pubblicitarie a Palermo: La Soluzione per Far Crescere il Tuo Business;https://maxdigitalinnovation.it/campagne-pubblicitarie-a-palermo-la-soluzione-per-far-crescere-il-tuo-business/;riscrivere;informazionale;415;1200;campagne pubblicitarie a Palermo;campagne pubblicitarie a Palermo: definizione in due righe | Perché è importante adesso (con dati aggiornati) | Come funziona: spiegazione passo per passo | Esempi pratici applicati a una PMI | Errori più comuni e come evitarli | Strumenti e risorse consigliate | Domande frequenti;Quanto costa campagne pubblicitarie a Palermo? | Quanto tempo serve per ottenere risultati con campagne pubblicitarie a Palermo? | campagne pubblicitarie a Palermo conviene a una piccola impresa? | Come si misurano i risultati di campagne pubblicitarie a Palermo?;"espandere a 1.000-1.400 parole con struttura, FAQ e dati"
Pubblicità su TikTok a Palermo: Come Aiutiamo la Tua Azienda a Crescere;https://maxdigitalinnovation.it/pubblicita-su-tiktok-a-palermo-come-aiutiamo-la-tua-azienda-a-crescere/;riscrivere;informazionale;617;1100;pubblicità TikTok Palermo;pubblicità TikTok Palermo: definizione in due righe | Perché è importante adesso (con dati aggiornati) | Come funziona: spiegazione passo per passo | Esempi pratici applicati a una PMI | Errori più comuni e come evitarli | Strumenti e risorse consigliate | Domande frequenti;Quanto costa pubblicità TikTok Palermo? | Quanto tempo serve per ottenere risultati con pubblicità TikTok Palermo? | pubblicità TikTok Palermo conviene a una piccola impresa? | Come si misurano i risultati di pubblicità TikTok Palermo?;"espandere a 1.000-1.400 parole con struttura, FAQ e dati"
SEO e SEM;https://maxdigitalinnovation.it/seo-e-sem/;riscrivere;informazionale;575;1000;SEO e SEM;SEO e SEM: definizione in due righe | Perché è importante adesso (con dati aggiornati) | Come funziona: spiegazione passo per passo | Esempi pratici applicati a una PMI | Errori più comuni e come evitarli | Strumenti e risorse consigliate | Domande frequenti;Quanto costa SEO e SEM? | Quanto tempo serve per ottenere risultati con SEO e SEM? | SEO e SEM conviene a una piccola impresa? | Come si misurano i risultati di SEO e SEM?;"espandere a 1.000-1.400 parole con struttura, FAQ e dati"
Web Agency a Palermo;https://maxdigitalinnovation.it/web-agency-a-palermo-il-design-che-parte-dal-brand/;accorpare;informazionale;701;1300;web agency a Palermo;web agency a Palermo: definizione in due righe | Perché è importante adesso (con dati aggiornati) | Come funziona: spiegazione passo per passo | Esempi pratici applicati a una PMI | Errori più comuni e come evitarli | Strumenti e risorse consigliate | Domande frequenti;Quanto costa web agency a Palermo? | Quanto tempo serve per ottenere risultati con web agency a Palermo? | web agency a Palermo conviene a una piccola impresa? | Come si misurano i risultati di web agency a Palermo?;mantenere e ampliare
B2B a Palermo: Cosa può Imparare dal B2C per Sfruttare al Meglio il Digitale;https://maxdigitalinnovation.it/b2b-a-palermo-cosa-puo-imparare-dal-b2c-per-sfruttare-al-meglio-il-digitale/;riscrivere;informazionale;639;1200;B2B Palermo digitale;B2B Palermo digitale: definizione in due righe | Perché è importante adesso (con dati aggiornati) | Come funziona: spiegazione passo per passo | Esempi pratici applicati a una PMI | Errori più comuni e come evitarli | Strumenti e risorse consigliate | Domande frequenti;Quanto costa B2B Palermo digitale? | Quanto tempo serve per ottenere risultati con B2B Palermo digitale? | B2B Palermo digitale conviene a una piccola impresa? | Come si misurano i risultati di B2B Palermo digitale?;"espandere a 1.000-1.400 parole con struttura, FAQ e dati"
Strategie di Content Marketing per le Piccole Imprese a Palermo;https://maxdigitalinnovation.it/strategie-di-content-marketing-per-le-piccole-imprese-a-palermo/;riscrivere;informazionale;603;1100;Content Marketing Palermo;Content Marketing Palermo: definizione in due righe | Perché è importante adesso (con dati aggiornati) | Come funziona: spiegazione passo per passo | Esempi pratici applicati a una PMI | Errori più comuni e come evitarli | Strumenti e risorse consigliate | Domande frequenti;Quanto costa Content Marketing Palermo? | Quanto tempo serve per ottenere risultati con Content Marketing Palermo? | Content Marketing Palermo conviene a una piccola impresa? | Come si misurano i risultati di Content Marketing Palermo?;"espandere a 1.000-1.400 parole con struttura, FAQ e dati"
Web Marketing per Palestre e Centri sportivi;https://maxdigitalinnovation.it/web-marketing-per-palestre-e-centri-sportivi/;riscrivere;informazionale;435;1200;web marketing per palestre Palermo;web marketing per palestre Palermo: definizione in due righe | Perché è importante adesso (con dati aggiornati) | Come funziona: spiegazione passo per passo | Esempi pratici applicati a una PMI | Errori più comuni e come evitarli | Strumenti e risorse consigliate | Domande frequenti;Quanto costa web marketing per palestre Palermo? | Quanto tempo serve per ottenere risultati con web marketing per palestre Palermo? | web marketing per palestre Palermo conviene a una piccola impresa? | Come si misurano i risultati di web marketing per palestre Palermo?;"espandere a 1.000-1.400 parole con struttura, FAQ e dati"
Mi serve davvero un sito web aziendale?;https://maxdigitalinnovation.it/mi-serve-davvero-un-sito-web-aziendale/;riscrivere;informazionale;332;1200;sito web aziendale Palermo;sito web aziendale Palermo: definizione in due righe | Perché è importante adesso (con dati aggiornati) | Come funziona: spiegazione passo per passo | Esempi pratici applicati a una PMI | Errori più comuni e come evitarli | Strumenti e risorse consigliate | Domande frequenti;Quanto costa sito web aziendale Palermo? | Quanto tempo serve per ottenere risultati con sito web aziendale Palermo? | sito web aziendale Palermo conviene a una piccola impresa? | Come si misurano i risultati di sito web aziendale Palermo?;"espandere a 1.000-1.400 parole con struttura, FAQ e dati"
Quali Sono i Servizi Offerti da un’Agenzia di Comunicazione a Palermo?;https://maxdigitalinnovation.it/quali-sono-i-servizi-offerti-da-unagenzia-di-comunicazione-a-palermo/;accorpare;transazionale;443;1200;agenzia di comunicazione Palermo;"Che cos'è agenzia di comunicazione Palermo e a chi serve | Quanto costa agenzia di comunicazione Palermo a Palermo: fasce di prezzo e cosa incide | Cosa comprende il servizio, passo per passo | Tempi di realizzazione e come si svolge il lavoro | Errori da evitare nella scelta del fornitore | Caso reale: problema, intervento, risultato misurato | Domande frequenti";Chi si occupa di agenzia di comunicazione Palermo a Palermo? | Quanto costa agenzia di comunicazione Palermo? | Quanto tempo serve per ottenere risultati con agenzia di comunicazione Palermo? | agenzia di comunicazione Palermo conviene a una piccola impresa? | Come si misurano i risultati di agenzia di comunicazione Palermo?;unire nel principale + 301
L’E-commerce in Italia sta Cambiando con l’Intelligenza Artificiale;https://maxdigitalinnovation.it/le-commerce-in-italia-sta-cambiando-con-lintelligenza-artificiale/;riscrivere;informazionale;379;1200;E-commerce & IA a Palermo;E-commerce & IA a Palermo: definizione in due righe | Perché è importante adesso (con dati aggiornati) | Come funziona: spiegazione passo per passo | Esempi pratici applicati a una PMI | Errori più comuni e come evitarli | Strumenti e risorse consigliate | Domande frequenti;Quanto costa E-commerce & IA a Palermo? | Quanto tempo serve per ottenere risultati con E-commerce & IA a Palermo? | E-commerce & IA a Palermo conviene a una piccola impresa? | Come si misurano i risultati di E-commerce & IA a Palermo?;"espandere a 1.000-1.400 parole con struttura, FAQ e dati"
Il Marketing per Attività Locali;https://maxdigitalinnovation.it/il-marketing-per-attivita-locali-i-vantaggi-di-affidarsi-a-una-web-agency/;riscrivere;informazionale;487;1200;marketing per attività a Palermo;marketing per attività a Palermo: definizione in due righe | Perché è importante adesso (con dati aggiornati) | Come funziona: spiegazione passo per passo | Esempi pratici applicati a una PMI | Errori più comuni e come evitarli | Strumenti e risorse consigliate | Domande frequenti;Quanto costa marketing per attività a Palermo? | Quanto tempo serve per ottenere risultati con marketing per attività a Palermo? | marketing per attività a Palermo conviene a una piccola impresa? | Come si misurano i risultati di marketing per attività a Palermo?;"espandere a 1.000-1.400 parole con struttura, FAQ e dati"
I Social Media: Gli Alleati per il Tuo E-commerce;https://maxdigitalinnovation.it/i-social-media-gli-alleati-per-il-tuo-e-commerce/;riscrivere;informazionale;445;1200;Social Media per E-commerce;Social Media per E-commerce: definizione in due righe | Perché è importante adesso (con dati aggiornati) | Come funziona: spiegazione passo per passo | Esempi pratici applicati a una PMI | Errori più comuni e come evitarli | Strumenti e risorse consigliate | Domande frequenti;Quanto costa Social Media per E-commerce? | Quanto tempo serve per ottenere risultati con Social Media per E-commerce? | Social Media per E-commerce conviene a una piccola impresa? | Come si misurano i risultati di Social Media per E-commerce?;"espandere a 1.000-1.400 parole con struttura, FAQ e dati"
Marketing Online per la tua Concessionaria;https://maxdigitalinnovation.it/marketing-online-per-la-tua-concessionaria/;riscrivere;informazionale;509;1000;marketing digitale per concessionarie a Palermo;marketing digitale per concessionarie a Palermo: definizione in due righe | Perché è importante adesso (con dati aggiornati) | Come funziona: spiegazione passo per passo | Esempi pratici applicati a una PMI | Errori più comuni e come evitarli | Strumenti e risorse consigliate | Domande frequenti;Quanto costa marketing digitale per concessionarie a Palermo? | Quanto tempo serve per ottenere risultati con marketing digitale per concessionarie a Palermo? | marketing digitale per concessionarie a Palermo conviene a una piccola impresa? | Come si misurano i risultati di marketing digitale per concessionarie a Palermo?;"espandere a 1.000-1.400 parole con struttura, FAQ e dati"
Marketing Online per il Tuo Negozio di Abbigliamento;https://maxdigitalinnovation.it/marketing-online-per-il-tuo-negozio-di-abbigliamento/;riscrivere;informazionale;460;1200;Marketing Digitale per Negozi di Abbigliamento a Palermo;Marketing Digitale per Negozi di Abbigliamento a: definizione in due righe | Perché è importante adesso (con dati aggiornati) | Come funziona: spiegazione passo per passo | Esempi pratici applicati a una PMI | Errori più comuni e come evitarli | Strumenti e risorse consigliate | Domande frequenti;Quanto costa Marketing Digitale per Negozi di Abbigliamento a Palermo? | Quanto tempo serve per ottenere risultati con Marketing Digitale per Negozi di Abbigliamento a Palermo? | Marketing Digitale per Negozi di Abbigliamento a Palermo conviene a una piccola impresa? | Come si misurano i risultati di Marketing Digitale per Negozi di Abbigliamento a Palermo?;"espandere a 1.000-1.400 parole con struttura, FAQ e dati"
Web Marketing per la tua Parruccheria;https://maxdigitalinnovation.it/web-marketing-per-la-tua-parruccheria/;riscrivere;informazionale;473;1200;web marketing per parrucchieri a Palermo;web marketing per parrucchieri a Palermo: definizione in due righe | Perché è importante adesso (con dati aggiornati) | Come funziona: spiegazione passo per passo | Esempi pratici applicati a una PMI | Errori più comuni e come evitarli | Strumenti e risorse consigliate | Domande frequenti;Quanto costa web marketing per parrucchieri a Palermo? | Quanto tempo serve per ottenere risultati con web marketing per parrucchieri a Palermo? | web marketing per parrucchieri a Palermo conviene a una piccola impresa? | Come si misurano i risultati di web marketing per parrucchieri a Palermo?;"espandere a 1.000-1.400 parole con struttura, FAQ e dati"
Come Promuovere il Tuo Salone di Bellezza a Palermo;https://maxdigitalinnovation.it/come-promuovere-il-tuo-salone-di-bellezza-a-palermo/;riscrivere;informazionale;443;1200;Salone di Bellezza Palermo: Strategie di Marketing Digitale;Salone di Bellezza Palermo: Strategie di: definizione in due righe | Perché è importante adesso (con dati aggiornati) | Come funziona: spiegazione passo per passo | Esempi pratici applicati a una PMI | Errori più comuni e come evitarli | Strumenti e risorse consigliate | Domande frequenti;Quanto costa Salone di Bellezza Palermo: Strategie di Marketing Digitale? | Quanto tempo serve per ottenere risultati con Salone di Bellezza Palermo: Strategie di Marketing Digitale? | Salone di Bellezza Palermo: Strategie di Marketing Digitale conviene a una piccola impresa? | Come si misurano i risultati di Salone di Bellezza Palermo: Strategie di Marketing Digitale?;"espandere a 1.000-1.400 parole con struttura, FAQ e dati"
Come Pubblicizzare la tua Ottica a Palermo;https://maxdigitalinnovation.it/come-pubblicizzare-la-tua-ottica-a-palermo/;riscrivere;informazionale;472;1200;pubblicizzare ottica Palermo;pubblicizzare ottica Palermo: definizione in due righe | Perché è importante adesso (con dati aggiornati) | Come funziona: spiegazione passo per passo | Esempi pratici applicati a una PMI | Errori più comuni e come evitarli | Strumenti e risorse consigliate | Domande frequenti;Quanto costa pubblicizzare ottica Palermo? | Quanto tempo serve per ottenere risultati con pubblicizzare ottica Palermo? | pubblicizzare ottica Palermo conviene a una piccola impresa? | Come si misurano i risultati di pubblicizzare ottica Palermo?;"espandere a 1.000-1.400 parole con struttura, FAQ e dati"
Come Pubblicizzare la tua Pizzeria;https://maxdigitalinnovation.it/come-pubblicizzare-la-tua-pizzeria/;riscrivere;informazionale;493;1200;Pubblicità Pizzeria Palermo;Pubblicità Pizzeria Palermo: definizione in due righe | Perché è importante adesso (con dati aggiornati) | Come funziona: spiegazione passo per passo | Esempi pratici applicati a una PMI | Errori più comuni e come evitarli | Strumenti e risorse consigliate | Domande frequenti;Quanto costa Pubblicità Pizzeria Palermo? | Quanto tempo serve per ottenere risultati con Pubblicità Pizzeria Palermo? | Pubblicità Pizzeria Palermo conviene a una piccola impresa? | Come si misurano i risultati di Pubblicità Pizzeria Palermo?;"espandere a 1.000-1.400 parole con struttura, FAQ e dati"
Gestione Marketing per il Tuo Pub;https://maxdigitalinnovation.it/gestione-marketing-per-il-tuo-pub/;riscrivere;informazionale;511;1000;marketing per pub a Palermo;marketing per pub a Palermo: definizione in due righe | Perché è importante adesso (con dati aggiornati) | Come funziona: spiegazione passo per passo | Esempi pratici applicati a una PMI | Errori più comuni e come evitarli | Strumenti e risorse consigliate | Domande frequenti;Quanto costa marketing per pub a Palermo? | Quanto tempo serve per ottenere risultati con marketing per pub a Palermo? | marketing per pub a Palermo conviene a una piccola impresa? | Come si misurano i risultati di marketing per pub a Palermo?;"espandere a 1.000-1.400 parole con struttura, FAQ e dati"
Idee Creative per Pubblicizzare la tua Panineria;https://maxdigitalinnovation.it/idee-creative-per-pubblicizzare-la-tua-panineria/;riscrivere;informazionale;546;1000;Pubblicizzare Panineria Palermo;Pubblicizzare Panineria Palermo: definizione in due righe | Perché è importante adesso (con dati aggiornati) | Come funziona: spiegazione passo per passo | Esempi pratici applicati a una PMI | Errori più comuni e come evitarli | Strumenti e risorse consigliate | Domande frequenti;Quanto costa Pubblicizzare Panineria Palermo? | Quanto tempo serve per ottenere risultati con Pubblicizzare Panineria Palermo? | Pubblicizzare Panineria Palermo conviene a una piccola impresa? | Come si misurano i risultati di Pubblicizzare Panineria Palermo?;"espandere a 1.000-1.400 parole con struttura, FAQ e dati"
Gestione Marketing per la tua Hamburgeria;https://maxdigitalinnovation.it/gestione-marketing-per-la-tua-hamburgeria/;riscrivere;informazionale;558;1000;Marketing per Hamburgerie a Palermo;Marketing per Hamburgerie a Palermo: definizione in due righe | Perché è importante adesso (con dati aggiornati) | Come funziona: spiegazione passo per passo | Esempi pratici applicati a una PMI | Errori più comuni e come evitarli | Strumenti e risorse consigliate | Domande frequenti;Quanto costa Marketing per Hamburgerie a Palermo? | Quanto tempo serve per ottenere risultati con Marketing per Hamburgerie a Palermo? | Marketing per Hamburgerie a Palermo conviene a una piccola impresa? | Come si misurano i risultati di Marketing per Hamburgerie a Palermo?;"espandere a 1.000-1.400 parole con struttura, FAQ e dati"
Brand Strategy di Successo: I Passi Fondamentali per Distinguersi nel Mercato;https://maxdigitalinnovation.it/strategie-di-marketing-di-successo-i-passi-fondamentali-per-distinguersi-nel-mercato/;riscrivere;informazionale;585;1100;Brand Strategy di Successo;Brand Strategy di Successo: definizione in due righe | Perché è importante adesso (con dati aggiornati) | Come funziona: spiegazione passo per passo | Esempi pratici applicati a una PMI | Errori più comuni e come evitarli | Strumenti e risorse consigliate | Domande frequenti;Quanto costa Brand Strategy di Successo? | Quanto tempo serve per ottenere risultati con Brand Strategy di Successo? | Brand Strategy di Successo conviene a una piccola impresa? | Come si misurano i risultati di Brand Strategy di Successo?;"espandere a 1.000-1.400 parole con struttura, FAQ e dati"
Brand Identity di Successo: Come Differenziarsi dalla Massa;https://maxdigitalinnovation.it/pubblicita-per-il-tuo-brand-a-palermo-come-differenziarsi-dalla-massa/;riscrivere;informazionale;621;1100;brand identity;brand identity: definizione in due righe | Perché è importante adesso (con dati aggiornati) | Come funziona: spiegazione passo per passo | Esempi pratici applicati a una PMI | Errori più comuni e come evitarli | Strumenti e risorse consigliate | Domande frequenti;Quanto costa brand identity? | Quanto tempo serve per ottenere risultati con brand identity? | brand identity conviene a una piccola impresa? | Come si misurano i risultati di brand identity?;"espandere a 1.000-1.400 parole con struttura, FAQ e dati"
Restare al Passo coi Trend è Difficile? Scopri Come un'Agenzia di Comunicazione Può Aiutarti;https://maxdigitalinnovation.it/restare-al-passo-coi-trend-e-difficile-scopri-come-unagenzia-di-comunicazione-puo-aiutarti/;accorpare;transazionale;505;1000;agenzia di marketing a Palermo;"Che cos'è agenzia di marketing a Palermo e a chi serve | Quanto costa agenzia di marketing a Palermo a Palermo: fasce di prezzo e cosa incide | Cosa comprende il servizio, passo per passo | Tempi di realizzazione e come si svolge il lavoro | Errori da evitare nella scelta del fornitore | Caso reale: problema, intervento, risultato misurato | Domande frequenti";Chi si occupa di agenzia di marketing a Palermo a Palermo? | Quanto costa agenzia di marketing a Palermo? | Quanto tempo serve per ottenere risultati con agenzia di marketing a Palermo? | agenzia di marketing a Palermo conviene a una piccola impresa? | Come si misurano i risultati di agenzia di marketing a Palermo?;unire nel principale + 301
Vendere sui Social: Un'ottima Vetrina per i tuoi Prodotti;https://maxdigitalinnovation.it/vendita-online-a-palermo-sui-social-unottima-vetrina-per-i-tuoi-prodotti/;riscrivere;transazionale;563;1000;vendita online a Palermo;"Che cos'è vendita online a Palermo e a chi serve | Quanto costa vendita online a Palermo a Palermo: fasce di prezzo e cosa incide | Cosa comprende il servizio, passo per passo | Tempi di realizzazione e come si svolge il lavoro | Errori da evitare nella scelta del fornitore | Caso reale: problema, intervento, risultato misurato | Domande frequenti";Chi si occupa di vendita online a Palermo a Palermo? | Quanto costa vendita online a Palermo? | Quanto tempo serve per ottenere risultati con vendita online a Palermo? | vendita online a Palermo conviene a una piccola impresa? | Come si misurano i risultati di vendita online a Palermo?;"espandere a 1.000-1.400 parole con struttura, FAQ e dati"
Sito Web per Artisti: Fai Conoscere la Tua Arte;https://maxdigitalinnovation.it/sito-web-per-artisti-fai-conoscere-la-tua-arte/;riscrivere;informazionale;476;1200;Sito Web per Artisti a Palermo;Sito Web per Artisti a Palermo: definizione in due righe | Perché è importante adesso (con dati aggiornati) | Come funziona: spiegazione passo per passo | Esempi pratici applicati a una PMI | Errori più comuni e come evitarli | Strumenti e risorse consigliate | Domande frequenti;Quanto costa Sito Web per Artisti a Palermo? | Quanto tempo serve per ottenere risultati con Sito Web per Artisti a Palermo? | Sito Web per Artisti a Palermo conviene a una piccola impresa? | Come si misurano i risultati di Sito Web per Artisti a Palermo?;"espandere a 1.000-1.400 parole con struttura, FAQ e dati"
Quanto Costa un Sito Web nel 2024?;https://maxdigitalinnovation.it/quanto-costa-un-sito-web-a-palermo/;riscrivere;transazionale;740;1300;costo sito web Palermo;"Che cos'è costo sito web Palermo e a chi serve | Quanto costa costo sito web Palermo a Palermo: fasce di prezzo e cosa incide | Cosa comprende il servizio, passo per passo | Tempi di realizzazione e come si svolge il lavoro | Errori da evitare nella scelta del fornitore | Caso reale: problema, intervento, risultato misurato | Domande frequenti";Chi si occupa di costo sito web Palermo a Palermo? | Quanto costa costo sito web Palermo? | Quanto tempo serve per ottenere risultati con costo sito web Palermo? | costo sito web Palermo conviene a una piccola impresa? | Come si misurano i risultati di costo sito web Palermo?;"espandere a 1.000-1.400 parole con struttura, FAQ e dati"
Usa la Local SEO e Porta il Tuo Business al Top!;https://maxdigitalinnovation.it/usa-la-local-seo-e-porta-il-tuo-business-al-top/;riscrivere;informazionale;683;1200;Local SEO Palermo;Local SEO Palermo: definizione in due righe | Perché è importante adesso (con dati aggiornati) | Come funziona: spiegazione passo per passo | Esempi pratici applicati a una PMI | Errori più comuni e come evitarli | Strumenti e risorse consigliate | Domande frequenti;Quanto costa Local SEO Palermo? | Quanto tempo serve per ottenere risultati con Local SEO Palermo? | Local SEO Palermo conviene a una piccola impresa? | Come si misurano i risultati di Local SEO Palermo?;"espandere a 1.000-1.400 parole con struttura, FAQ e dati"
Mobile Marketing e Micro-Momenti;https://maxdigitalinnovation.it/mobile-marketing-e-micro-momenti/;riscrivere;informazionale;681;1200;mobile marketing Palermo;mobile marketing Palermo: definizione in due righe | Perché è importante adesso (con dati aggiornati) | Come funziona: spiegazione passo per passo | Esempi pratici applicati a una PMI | Errori più comuni e come evitarli | Strumenti e risorse consigliate | Domande frequenti;Quanto costa mobile marketing Palermo? | Quanto tempo serve per ottenere risultati con mobile marketing Palermo? | mobile marketing Palermo conviene a una piccola impresa? | Come si misurano i risultati di mobile marketing Palermo?;"espandere a 1.000-1.400 parole con struttura, FAQ e dati"
Social Media Marketing nel Settore Arredamento;https://maxdigitalinnovation.it/social-media-marketing-nel-settore-arredamento/;riscrivere;informazionale;695;1300;marketing arredamento Palermo;marketing arredamento Palermo: definizione in due righe | Perché è importante adesso (con dati aggiornati) | Come funziona: spiegazione passo per passo | Esempi pratici applicati a una PMI | Errori più comuni e come evitarli | Strumenti e risorse consigliate | Domande frequenti;Quanto costa marketing arredamento Palermo? | Quanto tempo serve per ottenere risultati con marketing arredamento Palermo? | marketing arredamento Palermo conviene a una piccola impresa? | Come si misurano i risultati di marketing arredamento Palermo?;"espandere a 1.000-1.400 parole con struttura, FAQ e dati"
Il Web Design e la sua Evoluzione;https://maxdigitalinnovation.it/il-web-design-e-la-sua-evoluzione/;riscrivere;informazionale;861;1500;web design Palermo;web design Palermo: definizione in due righe | Perché è importante adesso (con dati aggiornati) | Come funziona: spiegazione passo per passo | Esempi pratici applicati a una PMI | Errori più comuni e come evitarli | Strumenti e risorse consigliate | Domande frequenti;Quanto costa web design Palermo? | Quanto tempo serve per ottenere risultati con web design Palermo? | web design Palermo conviene a una piccola impresa? | Come si misurano i risultati di web design Palermo?;"espandere a 1.000-1.400 parole con struttura, FAQ e dati"
Marketing Esperienziale: Coinvolgi il Pubblico con Esperienze Uniche;https://maxdigitalinnovation.it/marketing-esperienziale-coinvolgi-il-pubblico-con-esperienze-uniche/;riscrivere;informazionale;739;1300;marketing esperienziale Palermo;marketing esperienziale Palermo: definizione in due righe | Perché è importante adesso (con dati aggiornati) | Come funziona: spiegazione passo per passo | Esempi pratici applicati a una PMI | Errori più comuni e come evitarli | Strumenti e risorse consigliate | Domande frequenti;Quanto costa marketing esperienziale Palermo? | Quanto tempo serve per ottenere risultati con marketing esperienziale Palermo? | marketing esperienziale Palermo conviene a una piccola impresa? | Come si misurano i risultati di marketing esperienziale Palermo?;"espandere a 1.000-1.400 parole con struttura, FAQ e dati"
Come Creare Siti Web Professionali e di Qualità;https://maxdigitalinnovation.it/come-creare-siti-web-professionali-e-di-qualita/;riscrivere;informazionale;844;1500;Creare Siti Web Professionali a Palermo;Creare Siti Web Professionali a Palermo: definizione in due righe | Perché è importante adesso (con dati aggiornati) | Come funziona: spiegazione passo per passo | Esempi pratici applicati a una PMI | Errori più comuni e come evitarli | Strumenti e risorse consigliate | Domande frequenti;Quanto costa Creare Siti Web Professionali a Palermo? | Quanto tempo serve per ottenere risultati con Creare Siti Web Professionali a Palermo? | Creare Siti Web Professionali a Palermo conviene a una piccola impresa? | Come si misurano i risultati di Creare Siti Web Professionali a Palermo?;"espandere a 1.000-1.400 parole con struttura, FAQ e dati"
Come Scegliere l’Agenzia Pubblicitaria Ideale per la Vostra Azienda;https://maxdigitalinnovation.it/come-scegliere-lagenzia-pubblicitaria-a-palermo-ideale-per-la-vostra-azienda/;riscrivere;transazionale;811;1500;agenzia pubblicitaria Palermo;"Che cos'è agenzia pubblicitaria Palermo e a chi serve | Quanto costa agenzia pubblicitaria Palermo a Palermo: fasce di prezzo e cosa incide | Cosa comprende il servizio, passo per passo | Tempi di realizzazione e come si svolge il lavoro | Errori da evitare nella scelta del fornitore | Caso reale: problema, intervento, risultato misurato | Domande frequenti";Chi si occupa di agenzia pubblicitaria Palermo a Palermo? | Quanto costa agenzia pubblicitaria Palermo? | Quanto tempo serve per ottenere risultati con agenzia pubblicitaria Palermo? | agenzia pubblicitaria Palermo conviene a una piccola impresa? | Come si misurano i risultati di agenzia pubblicitaria Palermo?;"espandere a 1.000-1.400 parole con struttura, FAQ e dati"
10 Modi per Migliorare la Visibilità del Tuo Sito Web sui Motori di Ricerca;https://maxdigitalinnovation.it/10-modi-per-migliorare-la-visibilita-del-tuo-sito-web-sui-motori-di-ricerca/;riscrivere;informazionale;655;1200;Migliora Visibilità Sito Web;Migliora Visibilità Sito Web: definizione in due righe | Perché è importante adesso (con dati aggiornati) | Come funziona: spiegazione passo per passo | Esempi pratici applicati a una PMI | Errori più comuni e come evitarli | Strumenti e risorse consigliate | Domande frequenti;Quanto costa Migliora Visibilità Sito Web? | Quanto tempo serve per ottenere risultati con Migliora Visibilità Sito Web? | Migliora Visibilità Sito Web conviene a una piccola impresa? | Come si misurano i risultati di Migliora Visibilità Sito Web?;"espandere a 1.000-1.400 parole con struttura, FAQ e dati"
Web Agency a Palermo per creare un sito professionale;https://maxdigitalinnovation.it/web-agency-a-palermo-per-creare-un-sito-professionale/;accorpare;informazionale;806;1500;web agency a Palermo;web agency a Palermo: definizione in due righe | Perché è importante adesso (con dati aggiornati) | Come funziona: spiegazione passo per passo | Esempi pratici applicati a una PMI | Errori più comuni e come evitarli | Strumenti e risorse consigliate | Domande frequenti;Quanto costa web agency a Palermo? | Quanto tempo serve per ottenere risultati con web agency a Palermo? | web agency a Palermo conviene a una piccola impresa? | Come si misurano i risultati di web agency a Palermo?;unire nel principale + 301
Digital Agency a Palermo: La Soluzione Completa per la Tua Presenza Online;https://maxdigitalinnovation.it/digital-agency-a-palermo-la-soluzione-completa-per-la-tua-presenza-online/;riscrivere;informazionale;734;1300;Digital Agency a Palermo;Digital Agency a Palermo: definizione in due righe | Perché è importante adesso (con dati aggiornati) | Come funziona: spiegazione passo per passo | Esempi pratici applicati a una PMI | Errori più comuni e come evitarli | Strumenti e risorse consigliate | Domande frequenti;Quanto costa Digital Agency a Palermo? | Quanto tempo serve per ottenere risultati con Digital Agency a Palermo? | Digital Agency a Palermo conviene a una piccola impresa? | Come si misurano i risultati di Digital Agency a Palermo?;"espandere a 1.000-1.400 parole con struttura, FAQ e dati"
"Creare un Video Aziendale Efficace, Coinvolgente e Professionale";https://maxdigitalinnovation.it/creare-un-video-aziendale-efficace-coinvolgente-e-professionale/;riscrivere;informazionale;795;1400;video aziendale Palermo;video aziendale Palermo: definizione in due righe | Perché è importante adesso (con dati aggiornati) | Come funziona: spiegazione passo per passo | Esempi pratici applicati a una PMI | Errori più comuni e come evitarli | Strumenti e risorse consigliate | Domande frequenti;Quanto costa video aziendale Palermo? | Quanto tempo serve per ottenere risultati con video aziendale Palermo? | video aziendale Palermo conviene a una piccola impresa? | Come si misurano i risultati di video aziendale Palermo?;"espandere a 1.000-1.400 parole con struttura, FAQ e dati"
Rendi la Tua Azienda Digitale: Trasformazione e Innovazione a Palermo;https://maxdigitalinnovation.it/rendi-la-tua-azienda-digitale-trasformazione-e-innovazione-a-palermo/;riscrivere;informazionale;752;1400;azienda digitale Palermo;azienda digitale Palermo: definizione in due righe | Perché è importante adesso (con dati aggiornati) | Come funziona: spiegazione passo per passo | Esempi pratici applicati a una PMI | Errori più comuni e come evitarli | Strumenti e risorse consigliate | Domande frequenti;Quanto costa azienda digitale Palermo? | Quanto tempo serve per ottenere risultati con azienda digitale Palermo? | azienda digitale Palermo conviene a una piccola impresa? | Come si misurano i risultati di azienda digitale Palermo?;"espandere a 1.000-1.400 parole con struttura, FAQ e dati"
Come Migliorare la Tua Brand Reputation con le Attività di Digital Marketing;https://maxdigitalinnovation.it/come-migliorare-la-tua-brand-reputation-con-le-attivita-di-digital-marketing/;riscrivere;informazionale;906;1600;Migliorare reputazione brand a Palermo;Migliorare reputazione brand a Palermo: definizione in due righe | Perché è importante adesso (con dati aggiornati) | Come funziona: spiegazione passo per passo | Esempi pratici applicati a una PMI | Errori più comuni e come evitarli | Strumenti e risorse consigliate | Domande frequenti;Quanto costa Migliorare reputazione brand a Palermo? | Quanto tempo serve per ottenere risultati con Migliorare reputazione brand a Palermo? | Migliorare reputazione brand a Palermo conviene a una piccola impresa? | Come si misurano i risultati di Migliorare reputazione brand a Palermo?;"espandere a 1.000-1.400 parole con struttura, FAQ e dati"
Come Realizzare un Sito Web Efficace: Le Migliori Alternative per Creare un Percorso di Successo Online;https://maxdigitalinnovation.it/come-realizzare-un-sito-web-efficace-le-migliori-alternative-per-creare-un-percorso-di-successo-online/;riscrivere;commerciale;870;1600;Creazione Sito Web a Palermo;Come scegliere Creazione Sito Web a Palermo: i criteri che contano davvero | Confronto fra le soluzioni disponibili (tabella) | Vantaggi e limiti di ciascuna opzione | Quanto budget serve e come si ripaga | Come valutare i risultati dopo tre mesi | Domande frequenti;Quanto costa Creazione Sito Web a Palermo? | Quanto tempo serve per ottenere risultati con Creazione Sito Web a Palermo? | Creazione Sito Web a Palermo conviene a una piccola impresa? | Come si misurano i risultati di Creazione Sito Web a Palermo?;"espandere a 1.000-1.400 parole con struttura, FAQ e dati"
"Sito Web Accessibile: Cos’è, Come Crearlo e Perché è Importante";https://maxdigitalinnovation.it/sito-web-accessibile-cose-come-crearlo-e-perche-e-importante/;riscrivere;informazionale;884;1600;Sito Web Accessibile;Sito Web Accessibile: definizione in due righe | Perché è importante adesso (con dati aggiornati) | Come funziona: spiegazione passo per passo | Esempi pratici applicati a una PMI | Errori più comuni e come evitarli | Strumenti e risorse consigliate | Domande frequenti;Quanto costa Sito Web Accessibile? | Quanto tempo serve per ottenere risultati con Sito Web Accessibile? | Sito Web Accessibile conviene a una piccola impresa? | Come si misurano i risultati di Sito Web Accessibile?;"espandere a 1.000-1.400 parole con struttura, FAQ e dati"
Privacy Policy Sito Web: Cos’è e Come Scriverla Correttamente;https://maxdigitalinnovation.it/privacy-policy-sito-web-cose-e-come-scriverla-correttamente/;riscrivere;informazionale;828;1500;privacy policy sito web;privacy policy sito web: definizione in due righe | Perché è importante adesso (con dati aggiornati) | Come funziona: spiegazione passo per passo | Esempi pratici applicati a una PMI | Errori più comuni e come evitarli | Strumenti e risorse consigliate | Domande frequenti;Quanto costa privacy policy sito web? | Quanto tempo serve per ottenere risultati con privacy policy sito web? | privacy policy sito web conviene a una piccola impresa? | Come si misurano i risultati di privacy policy sito web?;"espandere a 1.000-1.400 parole con struttura, FAQ e dati"
Le 11 Regole per un Sito Web Efficace;https://maxdigitalinnovation.it/le-11-regole-per-un-sito-web-efficace/;riscrivere;informazionale;836;1500;Siti Web Efficaci a Palermo;Siti Web Efficaci a Palermo: definizione in due righe | Perché è importante adesso (con dati aggiornati) | Come funziona: spiegazione passo per passo | Esempi pratici applicati a una PMI | Errori più comuni e come evitarli | Strumenti e risorse consigliate | Domande frequenti;Quanto costa Siti Web Efficaci a Palermo? | Quanto tempo serve per ottenere risultati con Siti Web Efficaci a Palermo? | Siti Web Efficaci a Palermo conviene a una piccola impresa? | Come si misurano i risultati di Siti Web Efficaci a Palermo?;"espandere a 1.000-1.400 parole con struttura, FAQ e dati"
Struttura di un Sito Web: Le Caratteristiche di un’Architettura Efficace;https://maxdigitalinnovation.it/creare-un-sito-web-a-palermo-le-caratteristiche-di-unarchitettura-efficace/;riscrivere;informazionale;816;1500;struttura sito web;struttura sito web: definizione in due righe | Perché è importante adesso (con dati aggiornati) | Come funziona: spiegazione passo per passo | Esempi pratici applicati a una PMI | Errori più comuni e come evitarli | Strumenti e risorse consigliate | Domande frequenti;Quanto costa struttura sito web? | Quanto tempo serve per ottenere risultati con struttura sito web? | struttura sito web conviene a una piccola impresa? | Come si misurano i risultati di struttura sito web?;"espandere a 1.000-1.400 parole con struttura, FAQ e dati"
"Strategie di Web Reputation: Come Costruire, Gestire e Misurare la Percezione Online";https://maxdigitalinnovation.it/strategie-di-web-reputation-come-costruire-gestire-e-misurare-la-percezione-online/;riscrivere;informazionale;888;1600;web reputation;web reputation: definizione in due righe | Perché è importante adesso (con dati aggiornati) | Come funziona: spiegazione passo per passo | Esempi pratici applicati a una PMI | Errori più comuni e come evitarli | Strumenti e risorse consigliate | Domande frequenti;Quanto costa web reputation? | Quanto tempo serve per ottenere risultati con web reputation? | web reputation conviene a una piccola impresa? | Come si misurano i risultati di web reputation?;"espandere a 1.000-1.400 parole con struttura, FAQ e dati"
Aumentare le Vendite eCommerce: Non Sei Soddisfatto della Tua Agenzia?;https://maxdigitalinnovation.it/aumentare-le-vendite-ecommerce-non-sei-soddisfatto-della-tua-agenzia/;riscrivere;transazionale;871;1600;Aumentare Vendite eCommerce Palermo;"Che cos'è Aumentare Vendite eCommerce Palermo e a chi serve | Quanto costa Aumentare Vendite eCommerce Palermo a Palermo: fasce di prezzo e cosa incide | Cosa comprende il servizio, passo per passo | Tempi di realizzazione e come si svolge il lavoro | Errori da evitare nella scelta del fornitore | Caso reale: problema, intervento, risultato misurato | Domande frequenti";Chi si occupa di Aumentare Vendite eCommerce Palermo a Palermo? | Quanto costa Aumentare Vendite eCommerce Palermo? | Quanto tempo serve per ottenere risultati con Aumentare Vendite eCommerce Palermo? | Aumentare Vendite eCommerce Palermo conviene a una piccola impresa? | Come si misurano i risultati di Aumentare Vendite eCommerce Palermo?;"espandere a 1.000-1.400 parole con struttura, FAQ e dati"
Gestione Marketing per la tua Enoteca;https://maxdigitalinnovation.it/gestione-marketing-per-la-tua-enoteca/;riscrivere;informazionale;754;1400;Marketing Enoteca Palermo;Marketing Enoteca Palermo: definizione in due righe | Perché è importante adesso (con dati aggiornati) | Come funziona: spiegazione passo per passo | Esempi pratici applicati a una PMI | Errori più comuni e come evitarli | Strumenti e risorse consigliate | Domande frequenti;Quanto costa Marketing Enoteca Palermo? | Quanto tempo serve per ottenere risultati con Marketing Enoteca Palermo? | Marketing Enoteca Palermo conviene a una piccola impresa? | Come si misurano i risultati di Marketing Enoteca Palermo?;"espandere a 1.000-1.400 parole con struttura, FAQ e dati"
Gestione Social Media per la tua Attività;https://maxdigitalinnovation.it/gestione-social-media-per-la-tua-attivita/;accorpare;informazionale;922;1700;gestione social media Palermo;gestione social media Palermo: definizione in due righe | Perché è importante adesso (con dati aggiornati) | Come funziona: spiegazione passo per passo | Esempi pratici applicati a una PMI | Errori più comuni e come evitarli | Strumenti e risorse consigliate | Domande frequenti;Quanto costa gestione social media Palermo? | Quanto tempo serve per ottenere risultati con gestione social media Palermo? | gestione social media Palermo conviene a una piccola impresa? | Come si misurano i risultati di gestione social media Palermo?;mantenere e ampliare
Vuoi Aprire un’Attività a Palermo e Non Sai a Chi Affidarti? Ecco Come Fare!;https://maxdigitalinnovation.it/vuoi-aprire-unattivita-a-palermo-e-non-sai-a-chi-affidarti-ecco-come-fare-gestione-marketing-attivita-a-palermo/;riscrivere;informazionale;895;1600;Aprire Attività a Palermo;Aprire Attività a Palermo: definizione in due righe | Perché è importante adesso (con dati aggiornati) | Come funziona: spiegazione passo per passo | Esempi pratici applicati a una PMI | Errori più comuni e come evitarli | Strumenti e risorse consigliate | Domande frequenti;Quanto costa Aprire Attività a Palermo? | Quanto tempo serve per ottenere risultati con Aprire Attività a Palermo? | Aprire Attività a Palermo conviene a una piccola impresa? | Come si misurano i risultati di Aprire Attività a Palermo?;"espandere a 1.000-1.400 parole con struttura, FAQ e dati"
La Tua Agenzia di Marketing a Palermo per una Crescita Su Misura;https://maxdigitalinnovation.it/la-tua-agenzia-di-marketing-a-palermo-per-una-crescita-su-misura/;accorpare;transazionale;816;1500;agenzia di marketing a Palermo;"Che cos'è agenzia di marketing a Palermo e a chi serve | Quanto costa agenzia di marketing a Palermo a Palermo: fasce di prezzo e cosa incide | Cosa comprende il servizio, passo per passo | Tempi di realizzazione e come si svolge il lavoro | Errori da evitare nella scelta del fornitore | Caso reale: problema, intervento, risultato misurato | Domande frequenti";Chi si occupa di agenzia di marketing a Palermo a Palermo? | Quanto costa agenzia di marketing a Palermo? | Quanto tempo serve per ottenere risultati con agenzia di marketing a Palermo? | agenzia di marketing a Palermo conviene a una piccola impresa? | Come si misurano i risultati di agenzia di marketing a Palermo?;mantenere e ampliare
Quanto Costa Realizzare un Cartello Pubblicitario a Palermo?;https://maxdigitalinnovation.it/quanto-costa-realizzare-un-cartello-pubblicitario-a-palermo/;riscrivere;transazionale;831;1500;Costo Cartello Pubblicitario a Palermo;"Che cos'è Costo Cartello Pubblicitario a Palermo e a chi serve | Quanto costa Costo Cartello Pubblicitario a Palermo a Palermo: fasce di prezzo e cosa incide | Cosa comprende il servizio, passo per passo | Tempi di realizzazione e come si svolge il lavoro | Errori da evitare nella scelta del fornitore | Caso reale: problema, intervento, risultato misurato | Domande frequenti";Chi si occupa di Costo Cartello Pubblicitario a Palermo a Palermo? | Quanto costa Costo Cartello Pubblicitario a Palermo? | Quanto tempo serve per ottenere risultati con Costo Cartello Pubblicitario a Palermo? | Costo Cartello Pubblicitario a Palermo conviene a una piccola impresa? | Come si misurano i risultati di Costo Cartello Pubblicitario a Palermo?;"espandere a 1.000-1.400 parole con struttura, FAQ e dati"
Cosa Fare per Indicizzare il Tuo Sito Web?;https://maxdigitalinnovation.it/cosa-fare-per-indicizzare-il-tuo-sito-web/;riscrivere;informazionale;642;1200;come indicizzare un sito web;come indicizzare un sito web: definizione in due righe | Perché è importante adesso (con dati aggiornati) | Come funziona: spiegazione passo per passo | Esempi pratici applicati a una PMI | Errori più comuni e come evitarli | Strumenti e risorse consigliate | Domande frequenti;Quanto costa come indicizzare un sito web? | Quanto tempo serve per come indicizzare un sito web? | come indicizzare un sito web conviene a una piccola impresa? | Come si misurano i risultati di come indicizzare un sito web?;"espandere a 1.000-1.400 parole con struttura, FAQ e dati"
Non Sai Come Sponsorizzare il Tuo Progetto Artistico? Scopri le Strategie Vincenti;https://maxdigitalinnovation.it/non-sai-come-sponsorizzare-il-tuo-progetto-artistico-scopri-le-strategie-vincenti/;riscrivere;informazionale;745;1300;sponsorizzare progetto artistico;sponsorizzare progetto artistico: definizione in due righe | Perché è importante adesso (con dati aggiornati) | Come funziona: spiegazione passo per passo | Esempi pratici applicati a una PMI | Errori più comuni e come evitarli | Strumenti e risorse consigliate | Domande frequenti;Quanto costa sponsorizzare progetto artistico? | Quanto tempo serve per ottenere risultati con sponsorizzare progetto artistico? | sponsorizzare progetto artistico conviene a una piccola impresa? | Come si misurano i risultati di sponsorizzare progetto artistico?;"espandere a 1.000-1.400 parole con struttura, FAQ e dati"
Il Partner Giusto per il Tuo Successo: Come Trovare uno Sponsor Affidabile a Palermo;https://maxdigitalinnovation.it/il-partner-giusto-per-il-tuo-successo-come-trovare-uno-sponsor-affidabile-a-palermo/;riscrivere;informazionale;601;1100;sponsor affidabile Palermo;sponsor affidabile Palermo: definizione in due righe | Perché è importante adesso (con dati aggiornati) | Come funziona: spiegazione passo per passo | Esempi pratici applicati a una PMI | Errori più comuni e come evitarli | Strumenti e risorse consigliate | Domande frequenti;Quanto costa sponsor affidabile Palermo? | Quanto tempo serve per ottenere risultati con sponsor affidabile Palermo? | sponsor affidabile Palermo conviene a una piccola impresa? | Come si misurano i risultati di sponsor affidabile Palermo?;"espandere a 1.000-1.400 parole con struttura, FAQ e dati"
Marketing per Imprese Edili;https://maxdigitalinnovation.it/marketing-per-imprese-edili/;riscrivere;informazionale;630;1100;Marketing Imprese Edili Palermo;Marketing Imprese Edili Palermo: definizione in due righe | Perché è importante adesso (con dati aggiornati) | Come funziona: spiegazione passo per passo | Esempi pratici applicati a una PMI | Errori più comuni e come evitarli | Strumenti e risorse consigliate | Domande frequenti;Quanto costa Marketing Imprese Edili Palermo? | Quanto tempo serve per ottenere risultati con Marketing Imprese Edili Palermo? | Marketing Imprese Edili Palermo conviene a una piccola impresa? | Come si misurano i risultati di Marketing Imprese Edili Palermo?;"espandere a 1.000-1.400 parole con struttura, FAQ e dati"
Web Agency a Palermo: La Guida Completa per Far Crescere la Tua Attività Online;https://maxdigitalinnovation.it/web-agency-a-palermo-la-guida-completa-per-far-crescere-la-tua-attivita-online/;accorpare;informazionale;613;1100;web agency a Palermo;web agency a Palermo: definizione in due righe | Perché è importante adesso (con dati aggiornati) | Come funziona: spiegazione passo per passo | Esempi pratici applicati a una PMI | Errori più comuni e come evitarli | Strumenti e risorse consigliate | Domande frequenti;Quanto costa web agency a Palermo? | Quanto tempo serve per ottenere risultati con web agency a Palermo? | web agency a Palermo conviene a una piccola impresa? | Come si misurano i risultati di web agency a Palermo?;unire nel principale + 301
Copywriter seo per i social media: perché a Google piace;https://maxdigitalinnovation.it/copywriter-seo-per-i-social-media-perche-a-google-piace-web-agency-seo-a-palermo/;riscrivere;informazionale;685;1200;Web agency SEO Palermo;Web agency SEO Palermo: definizione in due righe | Perché è importante adesso (con dati aggiornati) | Come funziona: spiegazione passo per passo | Esempi pratici applicati a una PMI | Errori più comuni e come evitarli | Strumenti e risorse consigliate | Domande frequenti;Quanto costa Web agency SEO Palermo? | Quanto tempo serve per ottenere risultati con Web agency SEO Palermo? | Web agency SEO Palermo conviene a una piccola impresa? | Come si misurano i risultati di Web agency SEO Palermo?;"espandere a 1.000-1.400 parole con struttura, FAQ e dati"
Web Agency a Palermo per il Settore Immobiliare: La Chiave per il Successo Online;https://maxdigitalinnovation.it/web-agency-a-palermo-per-il-settore-immobiliare-la-chiave-per-il-successo-online/;riscrivere;informazionale;535;1000;Web Agency Palermo Immobiliare;Web Agency Palermo Immobiliare: definizione in due righe | Perché è importante adesso (con dati aggiornati) | Come funziona: spiegazione passo per passo | Esempi pratici applicati a una PMI | Errori più comuni e come evitarli | Strumenti e risorse consigliate | Domande frequenti;Quanto costa Web Agency Palermo Immobiliare? | Quanto tempo serve per ottenere risultati con Web Agency Palermo Immobiliare? | Web Agency Palermo Immobiliare conviene a una piccola impresa? | Come si misurano i risultati di Web Agency Palermo Immobiliare?;"espandere a 1.000-1.400 parole con struttura, FAQ e dati"
Web Agency per Startup a Palermo: La Tua Guida al Successo Digitale;https://maxdigitalinnovation.it/web-agency-per-startup-a-palermo-la-tua-guida-al-successo-digitale/;riscrivere;informazionale;560;1000;web agency startup Palermo;web agency startup Palermo: definizione in due righe | Perché è importante adesso (con dati aggiornati) | Come funziona: spiegazione passo per passo | Esempi pratici applicati a una PMI | Errori più comuni e come evitarli | Strumenti e risorse consigliate | Domande frequenti;Quanto costa web agency startup Palermo? | Quanto tempo serve per ottenere risultati con web agency startup Palermo? | web agency startup Palermo conviene a una piccola impresa? | Come si misurano i risultati di web agency startup Palermo?;"espandere a 1.000-1.400 parole con struttura, FAQ e dati"
Web Agency per E-commerce a Palermo: Come Incrementare le Vendite Online;https://maxdigitalinnovation.it/web-agency-per-e-commerce-a-palermo-come-incrementare-le-vendite-online/;riscrivere;informazionale;550;1000;web agency e-commerce Palermo;web agency e-commerce Palermo: definizione in due righe | Perché è importante adesso (con dati aggiornati) | Come funziona: spiegazione passo per passo | Esempi pratici applicati a una PMI | Errori più comuni e come evitarli | Strumenti e risorse consigliate | Domande frequenti;Quanto costa web agency e-commerce Palermo? | Quanto tempo serve per ottenere risultati con web agency e-commerce Palermo? | web agency e-commerce Palermo conviene a una piccola impresa? | Come si misurano i risultati di web agency e-commerce Palermo?;"espandere a 1.000-1.400 parole con struttura, FAQ e dati"
Web Agency a Palermo per Eventi: Massimizza la Partecipazione al Tuo Evento;https://maxdigitalinnovation.it/web-agency-a-palermo-per-eventi-massimizza-la-partecipazione-al-tuo-evento/;riscrivere;informazionale;527;1000;Web Agency Palermo Eventi;Web Agency Palermo Eventi: definizione in due righe | Perché è importante adesso (con dati aggiornati) | Come funziona: spiegazione passo per passo | Esempi pratici applicati a una PMI | Errori più comuni e come evitarli | Strumenti e risorse consigliate | Domande frequenti;Quanto costa Web Agency Palermo Eventi? | Quanto tempo serve per ottenere risultati con Web Agency Palermo Eventi? | Web Agency Palermo Eventi conviene a una piccola impresa? | Come si misurano i risultati di Web Agency Palermo Eventi?;"espandere a 1.000-1.400 parole con struttura, FAQ e dati"
Web Agency Locale a Palermo: La Tua Guida per Conquistare il Pubblico della Città;https://maxdigitalinnovation.it/web-agency-locale-a-palermo-la-tua-guida-per-conquistare-il-pubblico-della-citta/;riscrivere;informazionale;591;1100;web agency locale Palermo;web agency locale Palermo: definizione in due righe | Perché è importante adesso (con dati aggiornati) | Come funziona: spiegazione passo per passo | Esempi pratici applicati a una PMI | Errori più comuni e come evitarli | Strumenti e risorse consigliate | Domande frequenti;Quanto costa web agency locale Palermo? | Quanto tempo serve per ottenere risultati con web agency locale Palermo? | web agency locale Palermo conviene a una piccola impresa? | Come si misurano i risultati di web agency locale Palermo?;"espandere a 1.000-1.400 parole con struttura, FAQ e dati"
Pubblicità Digitale a Palermo: Come Aumentare la Visibilità della Tua Attività;https://maxdigitalinnovation.it/pubblicita-digitale-a-palermo-come-aumentare-la-visibilita-della-tua-attivita/;riscrivere;informazionale;429;1200;pubblicità digitale Palermo;pubblicità digitale Palermo: definizione in due righe | Perché è importante adesso (con dati aggiornati) | Come funziona: spiegazione passo per passo | Esempi pratici applicati a una PMI | Errori più comuni e come evitarli | Strumenti e risorse consigliate | Domande frequenti;Quanto costa pubblicità digitale Palermo? | Quanto tempo serve per ottenere risultati con pubblicità digitale Palermo? | pubblicità digitale Palermo conviene a una piccola impresa? | Come si misurano i risultati di pubblicità digitale Palermo?;"espandere a 1.000-1.400 parole con struttura, FAQ e dati"
Creazione Siti Web Professionali a Palermo: Costruisci la Tua Identità Digitale;https://maxdigitalinnovation.it/creazione-siti-web-professionali-a-palermo-costruisci-la-tua-identita-digitale/;riscrivere;informazionale;406;1200;siti web professionali Palermo;siti web professionali Palermo: definizione in due righe | Perché è importante adesso (con dati aggiornati) | Come funziona: spiegazione passo per passo | Esempi pratici applicati a una PMI | Errori più comuni e come evitarli | Strumenti e risorse consigliate | Domande frequenti;Quanto costa siti web professionali Palermo? | Quanto tempo serve per ottenere risultati con siti web professionali Palermo? | siti web professionali Palermo conviene a una piccola impresa? | Come si misurano i risultati di siti web professionali Palermo?;"espandere a 1.000-1.400 parole con struttura, FAQ e dati"
Marketing su Misura per il Tuo Negozio di Giocattoli;https://maxdigitalinnovation.it/marketing-su-misura-per-il-tuo-negozio-di-giocattoli/;riscrivere;informazionale;369;1200;marketing negozi giocattoli Palermo;marketing negozi giocattoli Palermo: definizione in due righe | Perché è importante adesso (con dati aggiornati) | Come funziona: spiegazione passo per passo | Esempi pratici applicati a una PMI | Errori più comuni e come evitarli | Strumenti e risorse consigliate | Domande frequenti;Quanto costa marketing negozi giocattoli Palermo? | Quanto tempo serve per ottenere risultati con marketing negozi giocattoli Palermo? | marketing negozi giocattoli Palermo conviene a una piccola impresa? | Come si misurano i risultati di marketing negozi giocattoli Palermo?;"espandere a 1.000-1.400 parole con struttura, FAQ e dati"
Marketing per Farmacie: Come Aumentare Visibilità e Fidelizzare i Clienti;https://maxdigitalinnovation.it/marketing-per-farmacie-come-aumentare-visibilita-e-fidelizzare-i-clienti/;accorpare;informazionale;380;1200;marketing per farmacie a Palermo;marketing per farmacie a Palermo: definizione in due righe | Perché è importante adesso (con dati aggiornati) | Come funziona: spiegazione passo per passo | Esempi pratici applicati a una PMI | Errori più comuni e come evitarli | Strumenti e risorse consigliate | Domande frequenti;Quanto costa marketing per farmacie a Palermo? | Quanto tempo serve per ottenere risultati con marketing per farmacie a Palermo? | marketing per farmacie a Palermo conviene a una piccola impresa? | Come si misurano i risultati di marketing per farmacie a Palermo?;mantenere e ampliare
Marketing Digitale a Palermo: La Chiave per il Successo della Tua Attività;https://maxdigitalinnovation.it/marketing-digitale-a-palermo-la-chiave-per-il-successo-della-tua-attivita/;accorpare;informazionale;443;1200;marketing digitale Palermo;marketing digitale Palermo: definizione in due righe | Perché è importante adesso (con dati aggiornati) | Come funziona: spiegazione passo per passo | Esempi pratici applicati a una PMI | Errori più comuni e come evitarli | Strumenti e risorse consigliate | Domande frequenti;Quanto costa marketing digitale Palermo? | Quanto tempo serve per ottenere risultati con marketing digitale Palermo? | marketing digitale Palermo conviene a una piccola impresa? | Come si misurano i risultati di marketing digitale Palermo?;unire nel principale + 301
Cosa si intende per sito web? Una guida per capirne l’importanza;https://maxdigitalinnovation.it/cosa-si-intende-per-sito-web-una-guida-per-capirne-limportanza/;riscrivere;informazionale;422;1200;cosa si intende per sito web;cosa si intende per sito web: definizione in due righe | Perché è importante adesso (con dati aggiornati) | Come funziona: spiegazione passo per passo | Esempi pratici applicati a una PMI | Errori più comuni e come evitarli | Strumenti e risorse consigliate | Domande frequenti;Quanto costa cosa si intende per sito web? | Quanto tempo serve per ottenere risultati con cosa si intende per sito web? | cosa si intende per sito web conviene a una piccola impresa? | Come si misurano i risultati di cosa si intende per sito web?;"espandere a 1.000-1.400 parole con struttura, FAQ e dati"
Quali sono i siti web più visitati? Scopri le piattaforme più popolari al mondo;https://maxdigitalinnovation.it/quali-sono-i-siti-web-piu-visitati-scopri-le-piattaforme-piu-popolari-al-mondo/;riscrivere;informazionale;420;1200;siti web più visitati;siti web più visitati: definizione in due righe | Perché è importante adesso (con dati aggiornati) | Come funziona: spiegazione passo per passo | Esempi pratici applicati a una PMI | Errori più comuni e come evitarli | Strumenti e risorse consigliate | Domande frequenti;Quanto costa siti web più visitati? | Quanto tempo serve per ottenere risultati con siti web più visitati? | siti web più visitati conviene a una piccola impresa? | Come si misurano i risultati di siti web più visitati?;"espandere a 1.000-1.400 parole con struttura, FAQ e dati"
Che tipi di siti web esistono? Una guida per scegliere quello giusto per te;https://maxdigitalinnovation.it/che-tipi-di-siti-web-esistono-una-guida-per-scegliere-quello-giusto-per-te/;riscrivere;commerciale;400;1200;tipi di siti web;Come scegliere tipi di siti web: i criteri che contano davvero | Confronto fra le soluzioni disponibili (tabella) | Vantaggi e limiti di ciascuna opzione | Quanto budget serve e come si ripaga | Come valutare i risultati dopo tre mesi | Domande frequenti;Quanto costa tipi di siti web? | Quanto tempo serve per ottenere risultati con tipi di siti web? | tipi di siti web conviene a una piccola impresa? | Come si misurano i risultati di tipi di siti web?;"espandere a 1.000-1.400 parole con struttura, FAQ e dati"
Come si chiama chi crea un sito web? Scopri la figura del Web Developer;https://maxdigitalinnovation.it/come-si-chiama-chi-crea-un-sito-web-scopri-la-figura-del-web-developer/;riscrivere;informazionale;414;1200;chi crea un sito web;chi crea un sito web: definizione in due righe | Perché è importante adesso (con dati aggiornati) | Come funziona: spiegazione passo per passo | Esempi pratici applicati a una PMI | Errori più comuni e come evitarli | Strumenti e risorse consigliate | Domande frequenti;Quanto costa chi crea un sito web? | Quanto tempo serve per ottenere risultati con chi crea un sito web? | chi crea un sito web conviene a una piccola impresa? | Come si misurano i risultati di chi crea un sito web?;"espandere a 1.000-1.400 parole con struttura, FAQ e dati"
Che cosa fa una web agency? Una guida ai servizi digitali più richiesti;https://maxdigitalinnovation.it/che-cosa-fa-una-web-agency-una-guida-ai-servizi-digitali-piu-richiesti/;riscrivere;transazionale;394;1200;cosa fa una web agency;"Che cos'è cosa fa una web agency e a chi serve | Quanto costa cosa fa una web agency a Palermo: fasce di prezzo e cosa incide | Cosa comprende il servizio, passo per passo | Tempi di realizzazione e come si svolge il lavoro | Errori da evitare nella scelta del fornitore | Caso reale: problema, intervento, risultato misurato | Domande frequenti";Chi si occupa di cosa fa una web agency a Palermo? | Quanto costa cosa fa una web agency? | Quanto tempo serve per ottenere risultati con cosa fa una web agency? | cosa fa una web agency conviene a una piccola impresa? | Come si misurano i risultati di cosa fa una web agency?;"espandere a 1.000-1.400 parole con struttura, FAQ e dati"
Quante sono le web agency in Italia? Un'analisi del panorama digitale italiano;https://maxdigitalinnovation.it/quante-sono-le-web-agency-in-italia-unanalisi-del-panorama-digitale-italiano/;riscrivere;informazionale;384;1200;web agency Italia;web agency Italia: definizione in due righe | Perché è importante adesso (con dati aggiornati) | Come funziona: spiegazione passo per passo | Esempi pratici applicati a una PMI | Errori più comuni e come evitarli | Strumenti e risorse consigliate | Domande frequenti;Quanto costa web agency Italia? | Quanto tempo serve per ottenere risultati con web agency Italia? | web agency Italia conviene a una piccola impresa? | Come si misurano i risultati di web agency Italia?;"espandere a 1.000-1.400 parole con struttura, FAQ e dati"
Quanto guadagna una web agency? Analisi dei fattori che influenzano i ricavi;https://maxdigitalinnovation.it/quanto-guadagna-una-web-agency-analisi-dei-fattori-che-influenzano-i-ricavi/;riscrivere;informazionale;465;1200;quanto guadagna web agency;quanto guadagna web agency: definizione in due righe | Perché è importante adesso (con dati aggiornati) | Come funziona: spiegazione passo per passo | Esempi pratici applicati a una PMI | Errori più comuni e come evitarli | Strumenti e risorse consigliate | Domande frequenti;Quanto costa quanto guadagna web agency? | Quanto tempo serve per ottenere risultati con quanto guadagna web agency? | quanto guadagna web agency conviene a una piccola impresa? | Come si misurano i risultati di quanto guadagna web agency?;"espandere a 1.000-1.400 parole con struttura, FAQ e dati"
Chi lavora in una web agency? Scopri i ruoli principali;https://maxdigitalinnovation.it/chi-lavora-in-una-web-agency-scopri-i-ruoli-principali/;riscrivere;informazionale;401;1200;chi lavora in una web agency;chi lavora in una web agency: definizione in due righe | Perché è importante adesso (con dati aggiornati) | Come funziona: spiegazione passo per passo | Esempi pratici applicati a una PMI | Errori più comuni e come evitarli | Strumenti e risorse consigliate | Domande frequenti;Quanto costa chi lavora in una web agency? | Quanto tempo serve per ottenere risultati con chi lavora in una web agency? | chi lavora in una web agency conviene a una piccola impresa? | Come si misurano i risultati di chi lavora in una web agency?;"espandere a 1.000-1.400 parole con struttura, FAQ e dati"
Cos’è un’agency? Scopri il ruolo e i servizi di un’agenzia moderna;https://maxdigitalinnovation.it/cose-unagency-scopri-il-ruolo-e-i-servizi-di-unagenzia-moderna/;riscrivere;transazionale;362;1200;cos'è un'agency;"Che cos'è cos'è un'agency e a chi serve | Quanto costa cos'è un'agency a Palermo: fasce di prezzo e cosa incide | Cosa comprende il servizio, passo per passo | Tempi di realizzazione e come si svolge il lavoro | Errori da evitare nella scelta del fornitore | Caso reale: problema, intervento, risultato misurato | Domande frequenti";Chi si occupa di cos'è un'agency a Palermo? | Quanto costa cos'è un'agency? | Quanto tempo serve per ottenere risultati con cos'è un'agency? | cos'è un'agency conviene a una piccola impresa? | Come si misurano i risultati di cos'è un'agency?;"espandere a 1.000-1.400 parole con struttura, FAQ e dati"
Cosa si intende per pubblicità? Una guida completa al mondo pubblicitario;https://maxdigitalinnovation.it/cosa-si-intende-per-pubblicita-una-guida-completa-al-mondo-pubblicitario/;riscrivere;informazionale;380;1200;cosa si intende per pubblicità;cosa si intende per pubblicità: definizione in due righe | Perché è importante adesso (con dati aggiornati) | Come funziona: spiegazione passo per passo | Esempi pratici applicati a una PMI | Errori più comuni e come evitarli | Strumenti e risorse consigliate | Domande frequenti;Quanto costa cosa si intende per pubblicità? | Quanto tempo serve per ottenere risultati con cosa si intende per pubblicità? | cosa si intende per pubblicità conviene a una piccola impresa? | Come si misurano i risultati di cosa si intende per pubblicità?;"espandere a 1.000-1.400 parole con struttura, FAQ e dati"
Come farsi pubblicità gratis? Strategie efficaci per aumentare la visibilità;https://maxdigitalinnovation.it/come-farsi-pubblicita-gratis-strategie-efficaci-per-aumentare-la-visibilita/;riscrivere;informazionale;402;1200;come farsi pubblicità gratis;come farsi pubblicità gratis: definizione in due righe | Perché è importante adesso (con dati aggiornati) | Come funziona: spiegazione passo per passo | Esempi pratici applicati a una PMI | Errori più comuni e come evitarli | Strumenti e risorse consigliate | Domande frequenti;Quanto costa come farsi pubblicità gratis? | Quanto tempo serve per come farsi pubblicità gratis? | come farsi pubblicità gratis conviene a una piccola impresa? | Come si misurano i risultati di come farsi pubblicità gratis?;"espandere a 1.000-1.400 parole con struttura, FAQ e dati"
Qual è il compito della pubblicità? Capire l’obiettivo e il valore della comunicazione pubblicitaria;https://maxdigitalinnovation.it/qual-e-il-compito-della-pubblicita-capire-lobiettivo-e-il-valore-della-comunicazione-pubblicitaria/;riscrivere;informazionale;446;1200;compito della pubblicità;compito della pubblicità: definizione in due righe | Perché è importante adesso (con dati aggiornati) | Come funziona: spiegazione passo per passo | Esempi pratici applicati a una PMI | Errori più comuni e come evitarli | Strumenti e risorse consigliate | Domande frequenti;Quanto costa compito della pubblicità? | Quanto tempo serve per ottenere risultati con compito della pubblicità? | compito della pubblicità conviene a una piccola impresa? | Come si misurano i risultati di compito della pubblicità?;"espandere a 1.000-1.400 parole con struttura, FAQ e dati"
Quanto si paga un'agenzia di comunicazione? Guida ai costi dei servizi di comunicazione;https://maxdigitalinnovation.it/quanto-si-paga-unagenzia-di-comunicazione-guida-ai-costi-dei-servizi-di-comunicazione/;riscrivere;transazionale;449;1200;Costi Agenzia di Comunicazione;"Che cos'è Costi Agenzia di Comunicazione e a chi serve | Quanto costa Costi Agenzia di Comunicazione a Palermo: fasce di prezzo e cosa incide | Cosa comprende il servizio, passo per passo | Tempi di realizzazione e come si svolge il lavoro | Errori da evitare nella scelta del fornitore | Caso reale: problema, intervento, risultato misurato | Domande frequenti";Chi si occupa di Costi Agenzia di Comunicazione a Palermo? | Quanto costa Costi Agenzia di Comunicazione? | Quanto tempo serve per ottenere risultati con Costi Agenzia di Comunicazione? | Costi Agenzia di Comunicazione conviene a una piccola impresa? | Come si misurano i risultati di Costi Agenzia di Comunicazione?;"espandere a 1.000-1.400 parole con struttura, FAQ e dati"
Cosa fa l'agenzia di marketing? Una guida ai servizi e al ruolo strategico;https://maxdigitalinnovation.it/cosa-fa-lagenzia-di-marketing-una-guida-ai-servizi-e-al-ruolo-strategico/;riscrivere;transazionale;376;1200;agenzia di marketing;"Che cos'è agenzia di marketing e a chi serve | Quanto costa agenzia di marketing a Palermo: fasce di prezzo e cosa incide | Cosa comprende il servizio, passo per passo | Tempi di realizzazione e come si svolge il lavoro | Errori da evitare nella scelta del fornitore | Caso reale: problema, intervento, risultato misurato | Domande frequenti";Chi si occupa di agenzia di marketing a Palermo? | Quanto costa agenzia di marketing? | Quanto tempo serve per ottenere risultati con agenzia di marketing? | agenzia di marketing conviene a una piccola impresa? | Come si misurano i risultati di agenzia di marketing?;"espandere a 1.000-1.400 parole con struttura, FAQ e dati"
Che cos’è un’azienda di marketing? Scopri il motore del successo aziendale;https://maxdigitalinnovation.it/che-cose-unazienda-di-marketing-scopri-il-motore-del-successo-aziendale/;riscrivere;informazionale;434;1200;azienda di marketing;azienda di marketing: definizione in due righe | Perché è importante adesso (con dati aggiornati) | Come funziona: spiegazione passo per passo | Esempi pratici applicati a una PMI | Errori più comuni e come evitarli | Strumenti e risorse consigliate | Domande frequenti;Quanto costa azienda di marketing? | Quanto tempo serve per ottenere risultati con azienda di marketing? | azienda di marketing conviene a una piccola impresa? | Come si misurano i risultati di azienda di marketing?;"espandere a 1.000-1.400 parole con struttura, FAQ e dati"
3 Tipi di Marketing a Palermo: Scopri le Strategie per il Successo della Tua Attività;https://maxdigitalinnovation.it/3-tipi-di-marketing-a-palermo-scopri-le-strategie-per-il-successo-della-tua-attivita/;riscrivere;informazionale;417;1200;marketing a Palermo;marketing a Palermo: definizione in due righe | Perché è importante adesso (con dati aggiornati) | Come funziona: spiegazione passo per passo | Esempi pratici applicati a una PMI | Errori più comuni e come evitarli | Strumenti e risorse consigliate | Domande frequenti;Quanto costa marketing a Palermo? | Quanto tempo serve per ottenere risultati con marketing a Palermo? | marketing a Palermo conviene a una piccola impresa? | Come si misurano i risultati di marketing a Palermo?;"espandere a 1.000-1.400 parole con struttura, FAQ e dati"
Che lavoro fa il marketing? Il motore che trasforma idee in successo;https://maxdigitalinnovation.it/che-lavoro-fa-il-marketing-il-motore-che-trasforma-idee-in-successo/;riscrivere;informazionale;389;1200;che lavoro fa il marketing;che lavoro fa il marketing: definizione in due righe | Perché è importante adesso (con dati aggiornati) | Come funziona: spiegazione passo per passo | Esempi pratici applicati a una PMI | Errori più comuni e come evitarli | Strumenti e risorse consigliate | Domande frequenti;Quanto costa che lavoro fa il marketing? | Quanto tempo serve per ottenere risultati con che lavoro fa il marketing? | che lavoro fa il marketing conviene a una piccola impresa? | Come si misurano i risultati di che lavoro fa il marketing?;"espandere a 1.000-1.400 parole con struttura, FAQ e dati"
Come fare un’ottima pubblicità? Strategie vincenti per il tuo successo;https://maxdigitalinnovation.it/come-fare-unottima-pubblicita-strategie-vincenti-per-il-tuo-successo/;riscrivere;informazionale;501;1000;ottima pubblicità;ottima pubblicità: definizione in due righe | Perché è importante adesso (con dati aggiornati) | Come funziona: spiegazione passo per passo | Esempi pratici applicati a una PMI | Errori più comuni e come evitarli | Strumenti e risorse consigliate | Domande frequenti;Quanto costa ottima pubblicità? | Quanto tempo serve per ottenere risultati con ottima pubblicità? | ottima pubblicità conviene a una piccola impresa? | Come si misurano i risultati di ottima pubblicità?;"espandere a 1.000-1.400 parole con struttura, FAQ e dati"
Dove fare pubblicità a basso costo? Scopri le migliori strategie economiche per promuovere la tua attività;https://maxdigitalinnovation.it/dove-fare-pubblicita-a-basso-costo-scopri-le-migliori-strategie-economiche-per-promuovere-la-tua-attivita/;riscrivere;transazionale;379;1200;pubblicità a basso costo;"Che cos'è pubblicità a basso costo e a chi serve | Quanto costa pubblicità a basso costo a Palermo: fasce di prezzo e cosa incide | Cosa comprende il servizio, passo per passo | Tempi di realizzazione e come si svolge il lavoro | Errori da evitare nella scelta del fornitore | Caso reale: problema, intervento, risultato misurato | Domande frequenti";Chi si occupa di pubblicità a basso costo a Palermo? | Quanto costa pubblicità a basso costo? | Quanto tempo serve per ottenere risultati con pubblicità a basso costo? | pubblicità a basso costo conviene a una piccola impresa? | Come si misurano i risultati di pubblicità a basso costo?;"espandere a 1.000-1.400 parole con struttura, FAQ e dati"
Quale pubblicità funziona di più? Scopri le strategie più efficaci per il tuo business;https://maxdigitalinnovation.it/quale-pubblicita-funziona-di-piu-scopri-le-strategie-piu-efficaci-per-il-tuo-business/;riscrivere;informazionale;433;1200;Pubblicità Efficace: Strategie per il Tuo Business;Pubblicità Efficace: Strategie per il Tuo Business: definizione in due righe | Perché è importante adesso (con dati aggiornati) | Come funziona: spiegazione passo per passo | Esempi pratici applicati a una PMI | Errori più comuni e come evitarli | Strumenti e risorse consigliate | Domande frequenti;Quanto costa Pubblicità Efficace: Strategie per il Tuo Business? | Quanto tempo serve per ottenere risultati con Pubblicità Efficace: Strategie per il Tuo Business? | Pubblicità Efficace: Strategie per il Tuo Business conviene a una piccola impresa? | Come si misurano i risultati di Pubblicità Efficace: Strategie per il Tuo Business?;"espandere a 1.000-1.400 parole con struttura, FAQ e dati"
Come iniziare a fare digital marketing? Guida pratica per chi vuole emergere online;https://maxdigitalinnovation.it/come-iniziare-a-fare-digital-marketing-guida-pratica-per-chi-vuole-emergere-online/;riscrivere;informazionale;434;1200;Come Iniziare Digital Marketing;Come Iniziare Digital Marketing: definizione in due righe | Perché è importante adesso (con dati aggiornati) | Come funziona: spiegazione passo per passo | Esempi pratici applicati a una PMI | Errori più comuni e come evitarli | Strumenti e risorse consigliate | Domande frequenti;Quanto costa Come Iniziare Digital Marketing? | Quanto tempo serve per Come Iniziare Digital Marketing? | Come Iniziare Digital Marketing conviene a una piccola impresa? | Come si misurano i risultati di Come Iniziare Digital Marketing?;"espandere a 1.000-1.400 parole con struttura, FAQ e dati"
Portfolio fotografico online: cos’è e perché è importante crearlo;https://maxdigitalinnovation.it/portfolio-fotografico-online-cose-e-perche-e-importante-crearlo/;riscrivere;informazionale;508;1000;portfolio fotografico online;portfolio fotografico online: definizione in due righe | Perché è importante adesso (con dati aggiornati) | Come funziona: spiegazione passo per passo | Esempi pratici applicati a una PMI | Errori più comuni e come evitarli | Strumenti e risorse consigliate | Domande frequenti;Quanto costa portfolio fotografico online? | Quanto tempo serve per ottenere risultati con portfolio fotografico online? | portfolio fotografico online conviene a una piccola impresa? | Come si misurano i risultati di portfolio fotografico online?;"espandere a 1.000-1.400 parole con struttura, FAQ e dati"
Rispondere alle recensioni con l'AI: la nuova frontiera dell'automazione;https://maxdigitalinnovation.it/rispondere-alle-recensioni-con-lai-la-nuova-frontiera-dellautomazione/;riscrivere;informazionale;554;1000;rispondere alle recensioni con l'AI;rispondere alle recensioni con l'AI: definizione in due righe | Perché è importante adesso (con dati aggiornati) | Come funziona: spiegazione passo per passo | Esempi pratici applicati a una PMI | Errori più comuni e come evitarli | Strumenti e risorse consigliate | Domande frequenti;Quanto costa rispondere alle recensioni con l'AI? | Quanto tempo serve per ottenere risultati con rispondere alle recensioni con l'AI? | rispondere alle recensioni con l'AI conviene a una piccola impresa? | Come si misurano i risultati di rispondere alle recensioni con l'AI?;"espandere a 1.000-1.400 parole con struttura, FAQ e dati"
"Focus group: cos’è, a che serve e come farlo al meglio";https://maxdigitalinnovation.it/focus-group-cose-a-che-serve-e-come-farlo-al-meglio/;riscrivere;informazionale;483;1200;focus group;focus group: definizione in due righe | Perché è importante adesso (con dati aggiornati) | Come funziona: spiegazione passo per passo | Esempi pratici applicati a una PMI | Errori più comuni e come evitarli | Strumenti e risorse consigliate | Domande frequenti;Quanto costa focus group? | Quanto tempo serve per ottenere risultati con focus group? | focus group conviene a una piccola impresa? | Come si misurano i risultati di focus group?;"espandere a 1.000-1.400 parole con struttura, FAQ e dati"
Come creare sondaggi online e raggiungere il tuo pubblico in modo efficace;https://maxdigitalinnovation.it/come-creare-sondaggi-online-e-raggiungere-il-tuo-pubblico-in-modo-efficace/;riscrivere;informazionale;573;1000;creare sondaggi online;creare sondaggi online: definizione in due righe | Perché è importante adesso (con dati aggiornati) | Come funziona: spiegazione passo per passo | Esempi pratici applicati a una PMI | Errori più comuni e come evitarli | Strumenti e risorse consigliate | Domande frequenti;Quanto costa creare sondaggi online? | Quanto tempo serve per ottenere risultati con creare sondaggi online? | creare sondaggi online conviene a una piccola impresa? | Come si misurano i risultati di creare sondaggi online?;"espandere a 1.000-1.400 parole con struttura, FAQ e dati"
Come ridurre peso delle foto: consigli pratici per immagini più leggere;https://maxdigitalinnovation.it/come-ridurre-peso-delle-foto-consigli-pratici-per-immagini-piu-leggere/;riscrivere;informazionale;644;1200;ridurre peso foto;ridurre peso foto: definizione in due righe | Perché è importante adesso (con dati aggiornati) | Come funziona: spiegazione passo per passo | Esempi pratici applicati a una PMI | Errori più comuni e come evitarli | Strumenti e risorse consigliate | Domande frequenti;Quanto costa ridurre peso foto? | Quanto tempo serve per ottenere risultati con ridurre peso foto? | ridurre peso foto conviene a una piccola impresa? | Come si misurano i risultati di ridurre peso foto?;"espandere a 1.000-1.400 parole con struttura, FAQ e dati"
Cosa fa un ufficio di comunicazione? Scopri il cuore della strategia aziendale;https://maxdigitalinnovation.it/cosa-fa-un-ufficio-di-comunicazione-scopri-il-cuore-della-strategia-aziendale/;riscrivere;informazionale;490;1200;ufficio di comunicazione;ufficio di comunicazione: definizione in due righe | Perché è importante adesso (con dati aggiornati) | Come funziona: spiegazione passo per passo | Esempi pratici applicati a una PMI | Errori più comuni e come evitarli | Strumenti e risorse consigliate | Domande frequenti;Quanto costa ufficio di comunicazione? | Quanto tempo serve per ottenere risultati con ufficio di comunicazione? | ufficio di comunicazione conviene a una piccola impresa? | Come si misurano i risultati di ufficio di comunicazione?;"espandere a 1.000-1.400 parole con struttura, FAQ e dati"
Come si chiama chi si occupa di comunicazione? Scopri i ruoli e le competenze di questi professionisti;https://maxdigitalinnovation.it/come-si-chiama-chi-si-occupa-di-comunicazione-scopri-i-ruoli-e-le-competenze-di-questi-professionisti/;riscrivere;informazionale;515;1000;chi si occupa di comunicazione;chi si occupa di comunicazione: definizione in due righe | Perché è importante adesso (con dati aggiornati) | Come funziona: spiegazione passo per passo | Esempi pratici applicati a una PMI | Errori più comuni e come evitarli | Strumenti e risorse consigliate | Domande frequenti;Quanto costa chi si occupa di comunicazione? | Quanto tempo serve per ottenere risultati con chi si occupa di comunicazione? | chi si occupa di comunicazione conviene a una piccola impresa? | Come si misurano i risultati di chi si occupa di comunicazione?;"espandere a 1.000-1.400 parole con struttura, FAQ e dati"
Come trovare un'agenzia di comunicazione? Consigli per scegliere il partner giusto;https://maxdigitalinnovation.it/come-trovare-unagenzia-di-comunicazione-consigli-per-scegliere-il-partner-giusto/;riscrivere;transazionale;536;1000;agenzia di comunicazione;"Che cos'è agenzia di comunicazione e a chi serve | Quanto costa agenzia di comunicazione a Palermo: fasce di prezzo e cosa incide | Cosa comprende il servizio, passo per passo | Tempi di realizzazione e come si svolge il lavoro | Errori da evitare nella scelta del fornitore | Caso reale: problema, intervento, risultato misurato | Domande frequenti";Chi si occupa di agenzia di comunicazione a Palermo? | Quanto costa agenzia di comunicazione? | Quanto tempo serve per ottenere risultati con agenzia di comunicazione? | agenzia di comunicazione conviene a una piccola impresa? | Come si misurano i risultati di agenzia di comunicazione?;"espandere a 1.000-1.400 parole con struttura, FAQ e dati"
Scegliere la giusta agenzia di comunicazione: consigli e strategie per trovare il partner ideale;https://maxdigitalinnovation.it/scegliere-la-giusta-agenzia-di-comunicazione-consigli-e-strategie-per-trovare-il-partner-ideale/;riscrivere;transazionale;577;1000;Scegliere Agenzia Comunicazione;"Che cos'è Scegliere Agenzia Comunicazione e a chi serve | Quanto costa Scegliere Agenzia Comunicazione a Palermo: fasce di prezzo e cosa incide | Cosa comprende il servizio, passo per passo | Tempi di realizzazione e come si svolge il lavoro | Errori da evitare nella scelta del fornitore | Caso reale: problema, intervento, risultato misurato | Domande frequenti";Chi si occupa di Scegliere Agenzia Comunicazione a Palermo? | Quanto costa Scegliere Agenzia Comunicazione? | Quanto tempo serve per ottenere risultati con Scegliere Agenzia Comunicazione? | Scegliere Agenzia Comunicazione conviene a una piccola impresa? | Come si misurano i risultati di Scegliere Agenzia Comunicazione?;"espandere a 1.000-1.400 parole con struttura, FAQ e dati"
Come sfruttare al meglio i Test A/B per aumentare le conversioni;https://maxdigitalinnovation.it/come-sfruttare-al-meglio-i-test-a-b-per-aumentare-le-conversioni/;riscrivere;informazionale;606;1100;Test A/B conversioni;Test A/B conversioni: definizione in due righe | Perché è importante adesso (con dati aggiornati) | Come funziona: spiegazione passo per passo | Esempi pratici applicati a una PMI | Errori più comuni e come evitarli | Strumenti e risorse consigliate | Domande frequenti;Quanto costa Test A/B conversioni? | Quanto tempo serve per ottenere risultati con Test A/B conversioni? | Test A/B conversioni conviene a una piccola impresa? | Come si misurano i risultati di Test A/B conversioni?;"espandere a 1.000-1.400 parole con struttura, FAQ e dati"
Come creare un podcast aziendale per migliorare il posizionamento del brand;https://maxdigitalinnovation.it/come-creare-un-podcast-aziendale-per-migliorare-il-posizionamento-del-brand/;riscrivere;informazionale;509;1000;podcast aziendale;podcast aziendale: definizione in due righe | Perché è importante adesso (con dati aggiornati) | Come funziona: spiegazione passo per passo | Esempi pratici applicati a una PMI | Errori più comuni e come evitarli | Strumenti e risorse consigliate | Domande frequenti;Quanto costa podcast aziendale? | Quanto tempo serve per ottenere risultati con podcast aziendale? | podcast aziendale conviene a una piccola impresa? | Come si misurano i risultati di podcast aziendale?;"espandere a 1.000-1.400 parole con struttura, FAQ e dati"
Come trovare il Co-Founder perfetto per la tua Startup e lo sponsor ideale per la tua crescita;https://maxdigitalinnovation.it/come-trovare-il-co-founder-perfetto-per-la-tua-startup-e-lo-sponsor-ideale-per-la-tua-crescita/;riscrivere;informazionale;692;1200;sponsor ideale per la tua startup;sponsor ideale per la tua startup: definizione in due righe | Perché è importante adesso (con dati aggiornati) | Come funziona: spiegazione passo per passo | Esempi pratici applicati a una PMI | Errori più comuni e come evitarli | Strumenti e risorse consigliate | Domande frequenti;Quanto costa sponsor ideale per la tua startup? | Quanto tempo serve per ottenere risultati con sponsor ideale per la tua startup? | sponsor ideale per la tua startup conviene a una piccola impresa? | Come si misurano i risultati di sponsor ideale per la tua startup?;"espandere a 1.000-1.400 parole con struttura, FAQ e dati"
I Migliori Formati Banner per ottimizzare le tue campagne pubblicitarie;https://maxdigitalinnovation.it/i-migliori-formati-banner-per-ottimizzare-le-tue-campagne-pubblicitarie/;riscrivere;commerciale;618;1100;formati banner;Come scegliere formati banner: i criteri che contano davvero | Confronto fra le soluzioni disponibili (tabella) | Vantaggi e limiti di ciascuna opzione | Quanto budget serve e come si ripaga | Come valutare i risultati dopo tre mesi | Domande frequenti;Quanto costa formati banner? | Quanto tempo serve per ottenere risultati con formati banner? | formati banner conviene a una piccola impresa? | Come si misurano i risultati di formati banner?;"espandere a 1.000-1.400 parole con struttura, FAQ e dati"
Come crescere su Instagram: 8 Tattiche per sfruttare l’algoritmo e aumentare l’engagement;https://maxdigitalinnovation.it/come-crescere-su-instagram-8-tattiche-per-sfruttare-lalgoritmo-e-aumentare-lengagement/;riscrivere;informazionale;507;1000;Crescere su Instagram;Crescere su Instagram: definizione in due righe | Perché è importante adesso (con dati aggiornati) | Come funziona: spiegazione passo per passo | Esempi pratici applicati a una PMI | Errori più comuni e come evitarli | Strumenti e risorse consigliate | Domande frequenti;Quanto costa Crescere su Instagram? | Quanto tempo serve per ottenere risultati con Crescere su Instagram? | Crescere su Instagram conviene a una piccola impresa? | Come si misurano i risultati di Crescere su Instagram?;"espandere a 1.000-1.400 parole con struttura, FAQ e dati"
TikTok adv o Instagram adv? Qual è la piattaforma migliore per la tua campagna online?;https://maxdigitalinnovation.it/tiktok-adv-o-instagram-adv-qual-e-la-piattaforma-migliore-per-la-tua-campagna-online/;riscrivere;informazionale;645;1200;TikTok adv o Instagram adv;TikTok adv o Instagram adv: definizione in due righe | Perché è importante adesso (con dati aggiornati) | Come funziona: spiegazione passo per passo | Esempi pratici applicati a una PMI | Errori più comuni e come evitarli | Strumenti e risorse consigliate | Domande frequenti;Quanto costa TikTok adv o Instagram adv? | Quanto tempo serve per ottenere risultati con TikTok adv o Instagram adv? | TikTok adv o Instagram adv conviene a una piccola impresa? | Come si misurano i risultati di TikTok adv o Instagram adv?;"espandere a 1.000-1.400 parole con struttura, FAQ e dati"
La potenza dei micro influencer e il loro impatto online per le aziende;https://maxdigitalinnovation.it/la-potenza-dei-micro-influencer-e-il-loro-impatto-online-per-le-aziende/;riscrivere;informazionale;665;1200;Micro Influencer per Aziende;Micro Influencer per Aziende: definizione in due righe | Perché è importante adesso (con dati aggiornati) | Come funziona: spiegazione passo per passo | Esempi pratici applicati a una PMI | Errori più comuni e come evitarli | Strumenti e risorse consigliate | Domande frequenti;Quanto costa Micro Influencer per Aziende? | Quanto tempo serve per ottenere risultati con Micro Influencer per Aziende? | Micro Influencer per Aziende conviene a una piccola impresa? | Come si misurano i risultati di Micro Influencer per Aziende?;"espandere a 1.000-1.400 parole con struttura, FAQ e dati"
Black Friday 2024: come preparare il tuo e-commerce a Palermo per massimizzare le vendite;https://maxdigitalinnovation.it/black-friday-2024-come-preparare-il-tuo-e-commerce-a-palermo-per-massimizzare-le-vendite/;riscrivere;informazionale;486;1200;Black Friday 2024 Palermo e-commerce;Black Friday 2024 Palermo e-commerce: definizione in due righe | Perché è importante adesso (con dati aggiornati) | Come funziona: spiegazione passo per passo | Esempi pratici applicati a una PMI | Errori più comuni e come evitarli | Strumenti e risorse consigliate | Domande frequenti;Quanto costa Black Friday 2024 Palermo e-commerce? | Quanto tempo serve per ottenere risultati con Black Friday 2024 Palermo e-commerce? | Black Friday 2024 Palermo e-commerce conviene a una piccola impresa? | Come si misurano i risultati di Black Friday 2024 Palermo e-commerce?;"espandere a 1.000-1.400 parole con struttura, FAQ e dati"
Integrazione di piattaforme TikTok E-Commerce: un nuovo orizzonte per i commercianti a Palermo;https://maxdigitalinnovation.it/integrazione-di-piattaforme-tiktok-e-commerce-un-nuovo-orizzonte-per-i-commercianti-a-palermo/;riscrivere;informazionale;486;1200;TikTok E-commerce a Palermo;TikTok E-commerce a Palermo: definizione in due righe | Perché è importante adesso (con dati aggiornati) | Come funziona: spiegazione passo per passo | Esempi pratici applicati a una PMI | Errori più comuni e come evitarli | Strumenti e risorse consigliate | Domande frequenti;Quanto costa TikTok E-commerce a Palermo? | Quanto tempo serve per ottenere risultati con TikTok E-commerce a Palermo? | TikTok E-commerce a Palermo conviene a una piccola impresa? | Come si misurano i risultati di TikTok E-commerce a Palermo?;"espandere a 1.000-1.400 parole con struttura, FAQ e dati"
Quanto è importante il feedback dei clienti per migliorare il tuo business?;https://maxdigitalinnovation.it/quanto-e-importante-il-feedback-dei-clienti-per-migliorare-il-tuo-business/;riscrivere;informazionale;540;1000;feedback clienti;feedback clienti: definizione in due righe | Perché è importante adesso (con dati aggiornati) | Come funziona: spiegazione passo per passo | Esempi pratici applicati a una PMI | Errori più comuni e come evitarli | Strumenti e risorse consigliate | Domande frequenti;Quanto costa feedback clienti? | Quanto tempo serve per ottenere risultati con feedback clienti? | feedback clienti conviene a una piccola impresa? | Come si misurano i risultati di feedback clienti?;"espandere a 1.000-1.400 parole con struttura, FAQ e dati"
La Gen Z e il nuovo percorso di acquisto: come adattare la tua strategia di marketing;https://maxdigitalinnovation.it/la-gen-z-e-il-nuovo-percorso-di-acquisto-come-adattare-la-tua-strategia-di-marketing/;riscrivere;informazionale;656;1200;Gen Z: Strategie di Marketing per il Nuovo Percorso;Gen Z: Strategie di Marketing per il Nuovo: definizione in due righe | Perché è importante adesso (con dati aggiornati) | Come funziona: spiegazione passo per passo | Esempi pratici applicati a una PMI | Errori più comuni e come evitarli | Strumenti e risorse consigliate | Domande frequenti;Quanto costa Gen Z: Strategie di Marketing per il Nuovo Percorso? | Quanto tempo serve per ottenere risultati con Gen Z: Strategie di Marketing per il Nuovo Percorso? | Gen Z: Strategie di Marketing per il Nuovo Percorso conviene a una piccola impresa? | Come si misurano i risultati di Gen Z: Strategie di Marketing per il Nuovo Percorso?;"espandere a 1.000-1.400 parole con struttura, FAQ e dati"
Marketing sostenibile: cos’è e come farlo;https://maxdigitalinnovation.it/marketing-sostenibile-cose-e-come-farlo/;riscrivere;informazionale;595;1100;marketing sostenibile Palermo;marketing sostenibile Palermo: definizione in due righe | Perché è importante adesso (con dati aggiornati) | Come funziona: spiegazione passo per passo | Esempi pratici applicati a una PMI | Errori più comuni e come evitarli | Strumenti e risorse consigliate | Domande frequenti;Quanto costa marketing sostenibile Palermo? | Quanto tempo serve per ottenere risultati con marketing sostenibile Palermo? | marketing sostenibile Palermo conviene a una piccola impresa? | Come si misurano i risultati di marketing sostenibile Palermo?;"espandere a 1.000-1.400 parole con struttura, FAQ e dati"
Video verticali: l’uso strategico per i tuoi social;https://maxdigitalinnovation.it/video-verticali-luso-strategico-per-i-tuoi-social/;riscrivere;informazionale;601;1100;Video Verticali: Strategia Social per il Tuo Marketing;Video Verticali: Strategia Social per il Tuo: definizione in due righe | Perché è importante adesso (con dati aggiornati) | Come funziona: spiegazione passo per passo | Esempi pratici applicati a una PMI | Errori più comuni e come evitarli | Strumenti e risorse consigliate | Domande frequenti;Quanto costa Video Verticali: Strategia Social per il Tuo Marketing? | Quanto tempo serve per ottenere risultati con Video Verticali: Strategia Social per il Tuo Marketing? | Video Verticali: Strategia Social per il Tuo Marketing conviene a una piccola impresa? | Come si misurano i risultati di Video Verticali: Strategia Social per il Tuo Marketing?;"espandere a 1.000-1.400 parole con struttura, FAQ e dati"
Video Marketing: cos’è e perché dovresti farlo;https://maxdigitalinnovation.it/video-marketing-cose-e-perche-dovresti-farlo/;riscrivere;informazionale;501;1000;video marketing;video marketing: definizione in due righe | Perché è importante adesso (con dati aggiornati) | Come funziona: spiegazione passo per passo | Esempi pratici applicati a una PMI | Errori più comuni e come evitarli | Strumenti e risorse consigliate | Domande frequenti;Quanto costa video marketing? | Quanto tempo serve per ottenere risultati con video marketing? | video marketing conviene a una piccola impresa? | Come si misurano i risultati di video marketing?;"espandere a 1.000-1.400 parole con struttura, FAQ e dati"
Visual Storytelling: una storia di successo;https://maxdigitalinnovation.it/visual-storytelling-una-storia-di-successo/;riscrivere;informazionale;579;1000;visual storytelling;visual storytelling: definizione in due righe | Perché è importante adesso (con dati aggiornati) | Come funziona: spiegazione passo per passo | Esempi pratici applicati a una PMI | Errori più comuni e come evitarli | Strumenti e risorse consigliate | Domande frequenti;Quanto costa visual storytelling? | Quanto tempo serve per ottenere risultati con visual storytelling? | visual storytelling conviene a una piccola impresa? | Come si misurano i risultati di visual storytelling?;"espandere a 1.000-1.400 parole con struttura, FAQ e dati"
Tutti i vantaggi di scegliere una web agency per il tuo business;https://maxdigitalinnovation.it/tutti-i-vantaggi-di-scegliere-una-web-agency-per-il-tuo-business/;riscrivere;commerciale;585;1100;vantaggi di scegliere una web agency;Come scegliere vantaggi di scegliere una web agency: i criteri che contano davvero | Confronto fra le soluzioni disponibili (tabella) | Vantaggi e limiti di ciascuna opzione | Quanto budget serve e come si ripaga | Come valutare i risultati dopo tre mesi | Domande frequenti;Quanto costa vantaggi di scegliere una web agency? | Quanto tempo serve per ottenere risultati con vantaggi di scegliere una web agency? | vantaggi di scegliere una web agency conviene a una piccola impresa? | Come si misurano i risultati di vantaggi di scegliere una web agency?;"espandere a 1.000-1.400 parole con struttura, FAQ e dati"
Il diario segreto di una web agency: storie di successi digitali;https://maxdigitalinnovation.it/il-diario-segreto-di-una-web-agency-storie-di-successi-digitali/;riscrivere;informazionale;427;1200;diario web agency;diario web agency: definizione in due righe | Perché è importante adesso (con dati aggiornati) | Come funziona: spiegazione passo per passo | Esempi pratici applicati a una PMI | Errori più comuni e come evitarli | Strumenti e risorse consigliate | Domande frequenti;Quanto costa diario web agency? | Quanto tempo serve per ottenere risultati con diario web agency? | diario web agency conviene a una piccola impresa? | Come si misurano i risultati di diario web agency?;"espandere a 1.000-1.400 parole con struttura, FAQ e dati"
Il laboratorio creativo di una web agency: dove nascono le idee;https://maxdigitalinnovation.it/il-laboratorio-creativo-di-una-web-agency-dove-nascono-le-idee/;riscrivere;navigazionale;298;1200;Laboratorio Creativo Max Digital Innovation;Chi siamo e cosa facciamo | Perché scegliere Laboratorio Creativo Max Digital Innovation | I nostri lavori | Domande frequenti;Quanto costa Laboratorio Creativo Max Digital Innovation? | Quanto tempo serve per ottenere risultati con Laboratorio Creativo Max Digital Innovation? | Laboratorio Creativo Max Digital Innovation conviene a una piccola impresa? | Come si misurano i risultati di Laboratorio Creativo Max Digital Innovation?;"espandere a 1.000-1.400 parole con struttura, FAQ e dati"
Quando la web agency incontra l’intelligenza artificiale;https://maxdigitalinnovation.it/quando-la-web-agency-incontra-lintelligenza-artificiale/;riscrivere;informazionale;360;1200;Web agency e intelligenza artificiale;Web agency e intelligenza artificiale: definizione in due righe | Perché è importante adesso (con dati aggiornati) | Come funziona: spiegazione passo per passo | Esempi pratici applicati a una PMI | Errori più comuni e come evitarli | Strumenti e risorse consigliate | Domande frequenti;Quanto costa Web agency e intelligenza artificiale? | Quanto tempo serve per ottenere risultati con Web agency e intelligenza artificiale? | Web agency e intelligenza artificiale conviene a una piccola impresa? | Come si misurano i risultati di Web agency e intelligenza artificiale?;"espandere a 1.000-1.400 parole con struttura, FAQ e dati"
I siti web del futuro: come saranno nel 2050?;https://maxdigitalinnovation.it/i-siti-web-del-futuro-come-saranno-nel-2050/;riscrivere;informazionale;330;1200;Siti web del futuro;Siti web del futuro: definizione in due righe | Perché è importante adesso (con dati aggiornati) | Come funziona: spiegazione passo per passo | Esempi pratici applicati a una PMI | Errori più comuni e come evitarli | Strumenti e risorse consigliate | Domande frequenti;Quanto costa Siti web del futuro? | Quanto tempo serve per ottenere risultati con Siti web del futuro? | Siti web del futuro conviene a una piccola impresa? | Come si misurano i risultati di Siti web del futuro?;"espandere a 1.000-1.400 parole con struttura, FAQ e dati"
Siti web: quando il design incontra l’anima;https://maxdigitalinnovation.it/siti-web-quando-il-design-incontra-lanima/;riscrivere;informazionale;325;1200;Siti web: design;Siti web: design: definizione in due righe | Perché è importante adesso (con dati aggiornati) | Come funziona: spiegazione passo per passo | Esempi pratici applicati a una PMI | Errori più comuni e come evitarli | Strumenti e risorse consigliate | Domande frequenti;Quanto costa Siti web: design? | Quanto tempo serve per ottenere risultati con Siti web: design? | Siti web: design conviene a una piccola impresa? | Come si misurano i risultati di Siti web: design?;"espandere a 1.000-1.400 parole con struttura, FAQ e dati"
I custodi dei siti web: chi protegge i tuoi dati?;https://maxdigitalinnovation.it/i-custodi-dei-siti-web-chi-protegge-i-tuoi-dati/;riscrivere;informazionale;338;1200;Sicurezza Siti Web;Sicurezza Siti Web: definizione in due righe | Perché è importante adesso (con dati aggiornati) | Come funziona: spiegazione passo per passo | Esempi pratici applicati a una PMI | Errori più comuni e come evitarli | Strumenti e risorse consigliate | Domande frequenti;Quanto costa Sicurezza Siti Web? | Quanto tempo serve per ottenere risultati con Sicurezza Siti Web? | Sicurezza Siti Web conviene a una piccola impresa? | Come si misurano i risultati di Sicurezza Siti Web?;"espandere a 1.000-1.400 parole con struttura, FAQ e dati"
Siti web intelligenti: come reagiscono ai tuoi bisogni;https://maxdigitalinnovation.it/siti-web-intelligenti-come-reagiscono-ai-tuoi-bisogni/;riscrivere;informazionale;311;1200;siti web intelligenti;siti web intelligenti: definizione in due righe | Perché è importante adesso (con dati aggiornati) | Come funziona: spiegazione passo per passo | Esempi pratici applicati a una PMI | Errori più comuni e come evitarli | Strumenti e risorse consigliate | Domande frequenti;Quanto costa siti web intelligenti? | Quanto tempo serve per ottenere risultati con siti web intelligenti? | siti web intelligenti conviene a una piccola impresa? | Come si misurano i risultati di siti web intelligenti?;"espandere a 1.000-1.400 parole con struttura, FAQ e dati"
La magia dietro i siti web che conquistano;https://maxdigitalinnovation.it/la-magia-dietro-i-siti-web-che-conquistano/;riscrivere;informazionale;362;1200;siti web che funzionano;siti web che funzionano: definizione in due righe | Perché è importante adesso (con dati aggiornati) | Come funziona: spiegazione passo per passo | Esempi pratici applicati a una PMI | Errori più comuni e come evitarli | Strumenti e risorse consigliate | Domande frequenti;Quanto costa siti web che funzionano? | Quanto tempo serve per ottenere risultati con siti web che funzionano? | siti web che funzionano conviene a una piccola impresa? | Come si misurano i risultati di siti web che funzionano?;"espandere a 1.000-1.400 parole con struttura, FAQ e dati"
Agenzia di comunicazione digitale: il futuro della promozione online;https://maxdigitalinnovation.it/agenzia-di-comunicazione-digitale-il-futuro-della-promozione-online/;riscrivere;transazionale;465;1200;agenzia di comunicazione digitale;"Che cos'è agenzia di comunicazione digitale e a chi serve | Quanto costa agenzia di comunicazione digitale a Palermo: fasce di prezzo e cosa incide | Cosa comprende il servizio, passo per passo | Tempi di realizzazione e come si svolge il lavoro | Errori da evitare nella scelta del fornitore | Caso reale: problema, intervento, risultato misurato | Domande frequenti";Chi si occupa di agenzia di comunicazione digitale a Palermo? | Quanto costa agenzia di comunicazione digitale? | Quanto tempo serve per ottenere risultati con agenzia di comunicazione digitale? | agenzia di comunicazione digitale conviene a una piccola impresa? | Come si misurano i risultati di agenzia di comunicazione digitale?;"espandere a 1.000-1.400 parole con struttura, FAQ e dati"
Agenzia di comunicazione creativa: idee e strategie per il tuo brand;https://maxdigitalinnovation.it/agenzia-di-comunicazione-creativa-idee-e-strategie-per-il-tuo-brand/;riscrivere;transazionale;492;1200;agenzia di comunicazione creativa;"Che cos'è agenzia di comunicazione creativa e a chi serve | Quanto costa agenzia di comunicazione creativa a Palermo: fasce di prezzo e cosa incide | Cosa comprende il servizio, passo per passo | Tempi di realizzazione e come si svolge il lavoro | Errori da evitare nella scelta del fornitore | Caso reale: problema, intervento, risultato misurato | Domande frequenti";Chi si occupa di agenzia di comunicazione creativa a Palermo? | Quanto costa agenzia di comunicazione creativa? | Quanto tempo serve per ottenere risultati con agenzia di comunicazione creativa? | agenzia di comunicazione creativa conviene a una piccola impresa? | Come si misurano i risultati di agenzia di comunicazione creativa?;"espandere a 1.000-1.400 parole con struttura, FAQ e dati"
Agenzia di comunicazione visiva: come catturare l’attenzione del pubblico;https://maxdigitalinnovation.it/agenzia-di-comunicazione-visiva-come-catturare-lattenzione-del-pubblico/;riscrivere;transazionale;500;1000;agenzia comunicazione visiva;"Che cos'è agenzia comunicazione visiva e a chi serve | Quanto costa agenzia comunicazione visiva a Palermo: fasce di prezzo e cosa incide | Cosa comprende il servizio, passo per passo | Tempi di realizzazione e come si svolge il lavoro | Errori da evitare nella scelta del fornitore | Caso reale: problema, intervento, risultato misurato | Domande frequenti";Chi si occupa di agenzia comunicazione visiva a Palermo? | Quanto costa agenzia comunicazione visiva? | Quanto tempo serve per ottenere risultati con agenzia comunicazione visiva? | agenzia comunicazione visiva conviene a una piccola impresa? | Come si misurano i risultati di agenzia comunicazione visiva?;"espandere a 1.000-1.400 parole con struttura, FAQ e dati"
Agenzia di comunicazione strategica: come pianificare il successo;https://maxdigitalinnovation.it/agenzia-di-comunicazione-strategica-come-pianificare-il-successo/;riscrivere;transazionale;489;1200;agenzia di comunicazione strategica;"Che cos'è agenzia di comunicazione strategica e a chi serve | Quanto costa agenzia di comunicazione strategica a Palermo: fasce di prezzo e cosa incide | Cosa comprende il servizio, passo per passo | Tempi di realizzazione e come si svolge il lavoro | Errori da evitare nella scelta del fornitore | Caso reale: problema, intervento, risultato misurato | Domande frequenti";Chi si occupa di agenzia di comunicazione strategica a Palermo? | Quanto costa agenzia di comunicazione strategica? | Quanto tempo serve per ottenere risultati con agenzia di comunicazione strategica? | agenzia di comunicazione strategica conviene a una piccola impresa? | Come si misurano i risultati di agenzia di comunicazione strategica?;"espandere a 1.000-1.400 parole con struttura, FAQ e dati"
Agenzia di comunicazione per eventi: trasformare ogni occasione in opportunità di successo;https://maxdigitalinnovation.it/agenzia-di-comunicazione-per-eventi-trasformare-ogni-occasione-in-opportunita-di-successo/;riscrivere;transazionale;532;1000;agenzia di comunicazione per eventi;"Che cos'è agenzia di comunicazione per eventi e a chi serve | Quanto costa agenzia di comunicazione per eventi a Palermo: fasce di prezzo e cosa incide | Cosa comprende il servizio, passo per passo | Tempi di realizzazione e come si svolge il lavoro | Errori da evitare nella scelta del fornitore | Caso reale: problema, intervento, risultato misurato | Domande frequenti";Chi si occupa di agenzia di comunicazione per eventi a Palermo? | Quanto costa agenzia di comunicazione per eventi? | Quanto tempo serve per ottenere risultati con agenzia di comunicazione per eventi? | agenzia di comunicazione per eventi conviene a una piccola impresa? | Come si misurano i risultati di agenzia di comunicazione per eventi?;"espandere a 1.000-1.400 parole con struttura, FAQ e dati"
Agenzia di comunicazione per e-commerce: vendere di più online;https://maxdigitalinnovation.it/agenzia-di-comunicazione-per-e-commerce-vendere-di-piu-online/;riscrivere;transazionale;552;1000;agenzia di comunicazione per e-commerce;"Che cos'è agenzia di comunicazione per e-commerce e a chi serve | Quanto costa agenzia di comunicazione per e-commerce a Palermo: fasce di prezzo e cosa incide | Cosa comprende il servizio, passo per passo | Tempi di realizzazione e come si svolge il lavoro | Errori da evitare nella scelta del fornitore | Caso reale: problema, intervento, risultato misurato | Domande frequenti";Chi si occupa di agenzia di comunicazione per e-commerce a Palermo? | Quanto costa agenzia di comunicazione per e-commerce? | Quanto tempo serve per ottenere risultati con agenzia di comunicazione per e-commerce? | agenzia di comunicazione per e-commerce conviene a una piccola impresa? | Come si misurano i risultati di agenzia di comunicazione per e-commerce?;"espandere a 1.000-1.400 parole con struttura, FAQ e dati"
Agenzia di comunicazione video: l’impatto del visual marketing;https://maxdigitalinnovation.it/agenzia-di-comunicazione-video-limpatto-del-visual-marketing/;riscrivere;transazionale;520;1000;agenzia comunicazione video;"Che cos'è agenzia comunicazione video e a chi serve | Quanto costa agenzia comunicazione video a Palermo: fasce di prezzo e cosa incide | Cosa comprende il servizio, passo per passo | Tempi di realizzazione e come si svolge il lavoro | Errori da evitare nella scelta del fornitore | Caso reale: problema, intervento, risultato misurato | Domande frequenti";Chi si occupa di agenzia comunicazione video a Palermo? | Quanto costa agenzia comunicazione video? | Quanto tempo serve per ottenere risultati con agenzia comunicazione video? | agenzia comunicazione video conviene a una piccola impresa? | Come si misurano i risultati di agenzia comunicazione video?;"espandere a 1.000-1.400 parole con struttura, FAQ e dati"
Come raggiungere al meglio il proprio pubblico: strategie efficaci per comunicare con successo;https://maxdigitalinnovation.it/come-raggiungere-al-meglio-il-proprio-pubblico-strategie-efficaci-per-comunicare-con-successo/;riscrivere;informazionale;502;1000;come raggiungere il proprio pubblico;come raggiungere il proprio pubblico: definizione in due righe | Perché è importante adesso (con dati aggiornati) | Come funziona: spiegazione passo per passo | Esempi pratici applicati a una PMI | Errori più comuni e come evitarli | Strumenti e risorse consigliate | Domande frequenti;Quanto costa come raggiungere il proprio pubblico? | Quanto tempo serve per come raggiungere il proprio pubblico? | come raggiungere il proprio pubblico conviene a una piccola impresa? | Come si misurano i risultati di come raggiungere il proprio pubblico?;"espandere a 1.000-1.400 parole con struttura, FAQ e dati"
Perché hai bisogno di un social media manager a Palermo?;https://maxdigitalinnovation.it/perche-hai-bisogno-di-un-social-media-manager-a-palermo/;accorpare;informazionale;542;1000;social media manager Palermo;social media manager Palermo: definizione in due righe | Perché è importante adesso (con dati aggiornati) | Come funziona: spiegazione passo per passo | Esempi pratici applicati a una PMI | Errori più comuni e come evitarli | Strumenti e risorse consigliate | Domande frequenti;Quanto costa social media manager Palermo? | Quanto tempo serve per ottenere risultati con social media manager Palermo? | social media manager Palermo conviene a una piccola impresa? | Come si misurano i risultati di social media manager Palermo?;unire nel principale + 301
Come strutturare una strategia digitale efficace;https://maxdigitalinnovation.it/come-strutturare-una-strategia-digitale-efficace/;riscrivere;informazionale;609;1100;strategia digitale efficace;strategia digitale efficace: definizione in due righe | Perché è importante adesso (con dati aggiornati) | Come funziona: spiegazione passo per passo | Esempi pratici applicati a una PMI | Errori più comuni e come evitarli | Strumenti e risorse consigliate | Domande frequenti;Quanto costa strategia digitale efficace? | Quanto tempo serve per ottenere risultati con strategia digitale efficace? | strategia digitale efficace conviene a una piccola impresa? | Come si misurano i risultati di strategia digitale efficace?;"espandere a 1.000-1.400 parole con struttura, FAQ e dati"
Progettare un packaging efficace: guida per valorizzare il tuo prodotto;https://maxdigitalinnovation.it/progettare-un-packaging-efficace-guida-per-valorizzare-il-tuo-prodotto/;riscrivere;informazionale;564;1000;packaging efficace;packaging efficace: definizione in due righe | Perché è importante adesso (con dati aggiornati) | Come funziona: spiegazione passo per passo | Esempi pratici applicati a una PMI | Errori più comuni e come evitarli | Strumenti e risorse consigliate | Domande frequenti;Quanto costa packaging efficace? | Quanto tempo serve per ottenere risultati con packaging efficace? | packaging efficace conviene a una piccola impresa? | Come si misurano i risultati di packaging efficace?;"espandere a 1.000-1.400 parole con struttura, FAQ e dati"
La penna magica di un’agenzia di comunicazione: il potere dello storytelling che emoziona e conquista;https://maxdigitalinnovation.it/la-penna-magica-di-unagenzia-di-comunicazione-il-potere-dello-storytelling-che-emoziona-e-conquista/;riscrivere;transazionale;460;1200;agenzia di comunicazione e storytelling;"Che cos'è agenzia di comunicazione e storytelling e a chi serve | Quanto costa agenzia di comunicazione e storytelling a Palermo: fasce di prezzo e cosa incide | Cosa comprende il servizio, passo per passo | Tempi di realizzazione e come si svolge il lavoro | Errori da evitare nella scelta del fornitore | Caso reale: problema, intervento, risultato misurato | Domande frequenti";Chi si occupa di agenzia di comunicazione e storytelling a Palermo? | Quanto costa agenzia di comunicazione e storytelling? | Quanto tempo serve per ottenere risultati con agenzia di comunicazione e storytelling? | agenzia di comunicazione e storytelling conviene a una piccola impresa? | Come si misurano i risultati di agenzia di comunicazione e storytelling?;"espandere a 1.000-1.400 parole con struttura, FAQ e dati"
L’arte della comunicazione di lusso: strategie esclusive per conquistare clienti premium;https://maxdigitalinnovation.it/larte-della-comunicazione-di-lusso-strategie-esclusive-per-conquistare-clienti-premium/;riscrivere;transazionale;567;1000;agenzia di comunicazione per il lusso;"Che cos'è agenzia di comunicazione per il lusso e a chi serve | Quanto costa agenzia di comunicazione per il lusso a Palermo: fasce di prezzo e cosa incide | Cosa comprende il servizio, passo per passo | Tempi di realizzazione e come si svolge il lavoro | Errori da evitare nella scelta del fornitore | Caso reale: problema, intervento, risultato misurato | Domande frequenti";Chi si occupa di agenzia di comunicazione per il lusso a Palermo? | Quanto costa agenzia di comunicazione per il lusso? | Quanto tempo serve per ottenere risultati con agenzia di comunicazione per il lusso? | agenzia di comunicazione per il lusso conviene a una piccola impresa? | Come si misurano i risultati di agenzia di comunicazione per il lusso?;"espandere a 1.000-1.400 parole con struttura, FAQ e dati"
Viaggi nell’era digitale: come un’agenzia di comunicazione trasforma il turismo in emozione;https://maxdigitalinnovation.it/viaggi-nellera-digitale-come-unagenzia-di-comunicazione-trasforma-il-turismo-in-emozione/;riscrivere;transazionale;552;1000;agenzia di comunicazione per il turismo;"Che cos'è agenzia di comunicazione per il turismo e a chi serve | Quanto costa agenzia di comunicazione per il turismo a Palermo: fasce di prezzo e cosa incide | Cosa comprende il servizio, passo per passo | Tempi di realizzazione e come si svolge il lavoro | Errori da evitare nella scelta del fornitore | Caso reale: problema, intervento, risultato misurato | Domande frequenti";Chi si occupa di agenzia di comunicazione per il turismo a Palermo? | Quanto costa agenzia di comunicazione per il turismo? | Quanto tempo serve per ottenere risultati con agenzia di comunicazione per il turismo? | agenzia di comunicazione per il turismo conviene a una piccola impresa? | Come si misurano i risultati di agenzia di comunicazione per il turismo?;"espandere a 1.000-1.400 parole con struttura, FAQ e dati"
Strategie su misura: come un’agenzia di comunicazione per PMI guida al successo nel mercato locale;https://maxdigitalinnovation.it/strategie-su-misura-come-unagenzia-di-comunicazione-per-pmi-guida-al-successo-nel-mercato-locale/;riscrivere;transazionale;528;1000;agenzia di comunicazione per PMI;"Che cos'è agenzia di comunicazione per PMI e a chi serve | Quanto costa agenzia di comunicazione per PMI a Palermo: fasce di prezzo e cosa incide | Cosa comprende il servizio, passo per passo | Tempi di realizzazione e come si svolge il lavoro | Errori da evitare nella scelta del fornitore | Caso reale: problema, intervento, risultato misurato | Domande frequenti";Chi si occupa di agenzia di comunicazione per PMI a Palermo? | Quanto costa agenzia di comunicazione per PMI? | Quanto tempo serve per ottenere risultati con agenzia di comunicazione per PMI? | agenzia di comunicazione per PMI conviene a una piccola impresa? | Come si misurano i risultati di agenzia di comunicazione per PMI?;"espandere a 1.000-1.400 parole con struttura, FAQ e dati"
Come un’agenzia di comunicazione e influencer marketing trasforma la pubblicità moderna;https://maxdigitalinnovation.it/come-unagenzia-di-comunicazione-e-influencer-marketing-trasforma-la-pubblicita-moderna/;riscrivere;transazionale;602;1100;agenzia di comunicazione e influencer marketing;"Che cos'è agenzia di comunicazione e influencer marketing e a chi serve | Quanto costa agenzia di comunicazione e influencer marketing a Palermo: fasce di prezzo e cosa incide | Cosa comprende il servizio, passo per passo | Tempi di realizzazione e come si svolge il lavoro | Errori da evitare nella scelta del fornitore | Caso reale: problema, intervento, risultato misurato | Domande frequenti";Chi si occupa di agenzia di comunicazione e influencer marketing a Palermo? | Quanto costa agenzia di comunicazione e influencer marketing? | Quanto tempo serve per ottenere risultati con agenzia di comunicazione e influencer marketing? | agenzia di comunicazione e influencer marketing conviene a una piccola impresa? | Come si misurano i risultati di agenzia di comunicazione e influencer marketing?;"espandere a 1.000-1.400 parole con struttura, FAQ e dati"
Come scegliere un’agenzia di comunicazione efficace: la guida per il successo del tuo brand;https://maxdigitalinnovation.it/come-scegliere-unagenzia-di-comunicazione-efficace-la-guida-per-il-successo-del-tuo-brand/;riscrivere;transazionale;611;1100;agenzia di comunicazione efficace;"Che cos'è agenzia di comunicazione efficace e a chi serve | Quanto costa agenzia di comunicazione efficace a Palermo: fasce di prezzo e cosa incide | Cosa comprende il servizio, passo per passo | Tempi di realizzazione e come si svolge il lavoro | Errori da evitare nella scelta del fornitore | Caso reale: problema, intervento, risultato misurato | Domande frequenti";Chi si occupa di agenzia di comunicazione efficace a Palermo? | Quanto costa agenzia di comunicazione efficace? | Quanto tempo serve per ottenere risultati con agenzia di comunicazione efficace? | agenzia di comunicazione efficace conviene a una piccola impresa? | Come si misurano i risultati di agenzia di comunicazione efficace?;"espandere a 1.000-1.400 parole con struttura, FAQ e dati"
Servizi di comunicazione digitale: la chiave per il successo nel mondo online;https://maxdigitalinnovation.it/servizi-di-comunicazione-digitale-la-chiave-per-il-successo-nel-mondo-online/;riscrivere;transazionale;507;1000;servizi di comunicazione digitale;"Che cos'è servizi di comunicazione digitale e a chi serve | Quanto costa servizi di comunicazione digitale a Palermo: fasce di prezzo e cosa incide | Cosa comprende il servizio, passo per passo | Tempi di realizzazione e come si svolge il lavoro | Errori da evitare nella scelta del fornitore | Caso reale: problema, intervento, risultato misurato | Domande frequenti";Chi si occupa di servizi di comunicazione digitale a Palermo? | Quanto costa servizi di comunicazione digitale? | Quanto tempo serve per ottenere risultati con servizi di comunicazione digitale? | servizi di comunicazione digitale conviene a una piccola impresa? | Come si misurano i risultati di servizi di comunicazione digitale?;"espandere a 1.000-1.400 parole con struttura, FAQ e dati"
Creazione di strategie di comunicazione: guida per un successo garantito;https://maxdigitalinnovation.it/creazione-di-strategie-di-comunicazione-guida-per-un-successo-garantito/;riscrivere;informazionale;351;1200;strategie di comunicazione;strategie di comunicazione: definizione in due righe | Perché è importante adesso (con dati aggiornati) | Come funziona: spiegazione passo per passo | Esempi pratici applicati a una PMI | Errori più comuni e come evitarli | Strumenti e risorse consigliate | Domande frequenti;Quanto costa strategie di comunicazione? | Quanto tempo serve per ottenere risultati con strategie di comunicazione? | strategie di comunicazione conviene a una piccola impresa? | Come si misurano i risultati di strategie di comunicazione?;"espandere a 1.000-1.400 parole con struttura, FAQ e dati"
Soluzioni per la comunicazione aziendale: strategie per far crescere il tuo brand;https://maxdigitalinnovation.it/soluzioni-per-la-comunicazione-aziendale-strategie-per-far-crescere-il-tuo-brand/;riscrivere;informazionale;516;1000;soluzioni per la comunicazione aziendale;soluzioni per la comunicazione aziendale: definizione in due righe | Perché è importante adesso (con dati aggiornati) | Come funziona: spiegazione passo per passo | Esempi pratici applicati a una PMI | Errori più comuni e come evitarli | Strumenti e risorse consigliate | Domande frequenti;Quanto costa soluzioni per la comunicazione aziendale? | Quanto tempo serve per ottenere risultati con soluzioni per la comunicazione aziendale? | soluzioni per la comunicazione aziendale conviene a una piccola impresa? | Come si misurano i risultati di soluzioni per la comunicazione aziendale?;"espandere a 1.000-1.400 parole con struttura, FAQ e dati"
Esperti in comunicazione e branding: il segreto per un brand di successo;https://maxdigitalinnovation.it/esperti-in-comunicazione-e-branding-il-segreto-per-un-brand-di-successo/;riscrivere;informazionale;611;1100;Comunicazione e Branding;Comunicazione e Branding: definizione in due righe | Perché è importante adesso (con dati aggiornati) | Come funziona: spiegazione passo per passo | Esempi pratici applicati a una PMI | Errori più comuni e come evitarli | Strumenti e risorse consigliate | Domande frequenti;Quanto costa Comunicazione e Branding? | Quanto tempo serve per ottenere risultati con Comunicazione e Branding? | Comunicazione e Branding conviene a una piccola impresa? | Come si misurano i risultati di Comunicazione e Branding?;"espandere a 1.000-1.400 parole con struttura, FAQ e dati"
Branding da sogno: come un’agenzia di comunicazione costruisce un’identità vincente;https://maxdigitalinnovation.it/branding-da-sogno-come-unagenzia-di-comunicazione-costruisce-unidentita-vincente/;riscrivere;transazionale;721;1300;agenzia di branding a Palermo;"Che cos'è agenzia di branding a Palermo e a chi serve | Quanto costa agenzia di branding a Palermo a Palermo: fasce di prezzo e cosa incide | Cosa comprende il servizio, passo per passo | Tempi di realizzazione e come si svolge il lavoro | Errori da evitare nella scelta del fornitore | Caso reale: problema, intervento, risultato misurato | Domande frequenti";Chi si occupa di agenzia di branding a Palermo a Palermo? | Quanto costa agenzia di branding a Palermo? | Quanto tempo serve per ottenere risultati con agenzia di branding a Palermo? | agenzia di branding a Palermo conviene a una piccola impresa? | Come si misurano i risultati di agenzia di branding a Palermo?;"espandere a 1.000-1.400 parole con struttura, FAQ e dati"
Strategie di marketing per aziende: come costruire un piano di successo;https://maxdigitalinnovation.it/strategie-di-marketing-per-aziende-come-costruire-un-piano-di-successo/;riscrivere;informazionale;744;1300;strategie di marketing per aziende;strategie di marketing per aziende: definizione in due righe | Perché è importante adesso (con dati aggiornati) | Come funziona: spiegazione passo per passo | Esempi pratici applicati a una PMI | Errori più comuni e come evitarli | Strumenti e risorse consigliate | Domande frequenti;Quanto costa strategie di marketing per aziende? | Quanto tempo serve per ottenere risultati con strategie di marketing per aziende? | strategie di marketing per aziende conviene a una piccola impresa? | Come si misurano i risultati di strategie di marketing per aziende?;"espandere a 1.000-1.400 parole con struttura, FAQ e dati"
Consulenza per la creazione di brand: costruisci un’identità vincente;https://maxdigitalinnovation.it/consulenza-per-la-creazione-di-brand-costruisci-unidentita-vincente/;riscrivere;informazionale;704;1300;consulenza per la creazione di brand;consulenza per la creazione di brand: definizione in due righe | Perché è importante adesso (con dati aggiornati) | Come funziona: spiegazione passo per passo | Esempi pratici applicati a una PMI | Errori più comuni e come evitarli | Strumenti e risorse consigliate | Domande frequenti;Quanto costa consulenza per la creazione di brand? | Quanto tempo serve per ottenere risultati con consulenza per la creazione di brand? | consulenza per la creazione di brand conviene a una piccola impresa? | Come si misurano i risultati di consulenza per la creazione di brand?;"espandere a 1.000-1.400 parole con struttura, FAQ e dati"
Creazione di marchi aziendali: come costruire un’identità forte e riconoscibile;https://maxdigitalinnovation.it/creazione-di-marchi-aziendali-come-costruire-unidentita-forte-e-riconoscibile/;riscrivere;informazionale;702;1300;creazione marchi aziendali;creazione marchi aziendali: definizione in due righe | Perché è importante adesso (con dati aggiornati) | Come funziona: spiegazione passo per passo | Esempi pratici applicati a una PMI | Errori più comuni e come evitarli | Strumenti e risorse consigliate | Domande frequenti;Quanto costa creazione marchi aziendali? | Quanto tempo serve per ottenere risultati con creazione marchi aziendali? | creazione marchi aziendali conviene a una piccola impresa? | Come si misurano i risultati di creazione marchi aziendali?;"espandere a 1.000-1.400 parole con struttura, FAQ e dati"
Sviluppo e gestione del brand: come costruire un marchio di successo;https://maxdigitalinnovation.it/come-costruire-un-marchio-di-successo-con-lo-sviluppo-e-gestione-del-brand-a-palermo/;riscrivere;informazionale;817;1500;sviluppo e gestione del brand a Palermo;sviluppo e gestione del brand a Palermo: definizione in due righe | Perché è importante adesso (con dati aggiornati) | Come funziona: spiegazione passo per passo | Esempi pratici applicati a una PMI | Errori più comuni e come evitarli | Strumenti e risorse consigliate | Domande frequenti;Quanto costa sviluppo e gestione del brand a Palermo? | Quanto tempo serve per ottenere risultati con sviluppo e gestione del brand a Palermo? | sviluppo e gestione del brand a Palermo conviene a una piccola impresa? | Come si misurano i risultati di sviluppo e gestione del brand a Palermo?;"espandere a 1.000-1.400 parole con struttura, FAQ e dati"
Gestione della reputazione online: come proteggere e migliorare l’immagine del tuo brand;https://maxdigitalinnovation.it/gestione-della-reputazione-online-come-proteggere-e-migliorare-limmagine-del-tuo-brand/;riscrivere;informazionale;803;1400;gestione reputazione online;gestione reputazione online: definizione in due righe | Perché è importante adesso (con dati aggiornati) | Come funziona: spiegazione passo per passo | Esempi pratici applicati a una PMI | Errori più comuni e come evitarli | Strumenti e risorse consigliate | Domande frequenti;Quanto costa gestione reputazione online? | Quanto tempo serve per ottenere risultati con gestione reputazione online? | gestione reputazione online conviene a una piccola impresa? | Come si misurano i risultati di gestione reputazione online?;"espandere a 1.000-1.400 parole con struttura, FAQ e dati"
Comunicazione per la crescita aziendale: strategie per raggiungere il successo;https://maxdigitalinnovation.it/comunicazione-per-la-crescita-aziendale-strategie-per-raggiungere-il-successo/;riscrivere;informazionale;753;1400;comunicazione per la crescita aziendale;comunicazione per la crescita aziendale: definizione in due righe | Perché è importante adesso (con dati aggiornati) | Come funziona: spiegazione passo per passo | Esempi pratici applicati a una PMI | Errori più comuni e come evitarli | Strumenti e risorse consigliate | Domande frequenti;Quanto costa comunicazione per la crescita aziendale? | Quanto tempo serve per ottenere risultati con comunicazione per la crescita aziendale? | comunicazione per la crescita aziendale conviene a una piccola impresa? | Come si misurano i risultati di comunicazione per la crescita aziendale?;"espandere a 1.000-1.400 parole con struttura, FAQ e dati"
Agenzia TikTok: come sfruttare il potenziale di TikTok per il tuo brand;https://maxdigitalinnovation.it/agenzia-tiktok-come-sfruttare-il-potenziale-di-tiktok-per-il-tuo-brand/;riscrivere;transazionale;751;1400;agenzia TikTok;"Che cos'è agenzia TikTok e a chi serve | Quanto costa agenzia TikTok a Palermo: fasce di prezzo e cosa incide | Cosa comprende il servizio, passo per passo | Tempi di realizzazione e come si svolge il lavoro | Errori da evitare nella scelta del fornitore | Caso reale: problema, intervento, risultato misurato | Domande frequenti";Chi si occupa di agenzia TikTok a Palermo? | Quanto costa agenzia TikTok? | Quanto tempo serve per ottenere risultati con agenzia TikTok? | agenzia TikTok conviene a una piccola impresa? | Come si misurano i risultati di agenzia TikTok?;"espandere a 1.000-1.400 parole con struttura, FAQ e dati"
Come funzionano le agenzie su TikTok? Scopri come potenziare il tuo brand;https://maxdigitalinnovation.it/come-funzionano-le-agenzie-su-tiktok-scopri-come-potenziare-il-tuo-brand/;riscrivere;informazionale;781;1400;agenzie TikTok;agenzie TikTok: definizione in due righe | Perché è importante adesso (con dati aggiornati) | Come funziona: spiegazione passo per passo | Esempi pratici applicati a una PMI | Errori più comuni e come evitarli | Strumenti e risorse consigliate | Domande frequenti;Quanto costa agenzie TikTok? | Quanto tempo serve per ottenere risultati con agenzie TikTok? | agenzie TikTok conviene a una piccola impresa? | Come si misurano i risultati di agenzie TikTok?;"espandere a 1.000-1.400 parole con struttura, FAQ e dati"
Come si fa a crescere su TikTok? Strategie per aumentare visibilità e engagement;https://maxdigitalinnovation.it/come-si-fa-a-crescere-su-tiktok-strategie-per-aumentare-visibilita-e-engagement/;riscrivere;informazionale;833;1500;crescere su TikTok;crescere su TikTok: definizione in due righe | Perché è importante adesso (con dati aggiornati) | Come funziona: spiegazione passo per passo | Esempi pratici applicati a una PMI | Errori più comuni e come evitarli | Strumenti e risorse consigliate | Domande frequenti;Quanto costa crescere su TikTok? | Quanto tempo serve per ottenere risultati con crescere su TikTok? | crescere su TikTok conviene a una piccola impresa? | Come si misurano i risultati di crescere su TikTok?;"espandere a 1.000-1.400 parole con struttura, FAQ e dati"
Agenzia per eventi a Palermo: come organizzare eventi indimenticabili;https://maxdigitalinnovation.it/agenzia-per-eventi-a-palermo-come-organizzare-eventi-indimenticabili/;riscrivere;transazionale;756;1400;agenzia per eventi a Palermo;"Che cos'è agenzia per eventi a Palermo e a chi serve | Quanto costa agenzia per eventi a Palermo a Palermo: fasce di prezzo e cosa incide | Cosa comprende il servizio, passo per passo | Tempi di realizzazione e come si svolge il lavoro | Errori da evitare nella scelta del fornitore | Caso reale: problema, intervento, risultato misurato | Domande frequenti";Chi si occupa di agenzia per eventi a Palermo a Palermo? | Quanto costa agenzia per eventi a Palermo? | Quanto tempo serve per ottenere risultati con agenzia per eventi a Palermo? | agenzia per eventi a Palermo conviene a una piccola impresa? | Come si misurano i risultati di agenzia per eventi a Palermo?;"espandere a 1.000-1.400 parole con struttura, FAQ e dati"
Organizzare eventi a Palermo: come creare esperienze indimenticabili;https://maxdigitalinnovation.it/organizzare-eventi-a-palermo-come-creare-esperienze-indimenticabili/;riscrivere;informazionale;899;1600;organizzare eventi a Palermo;organizzare eventi a Palermo: definizione in due righe | Perché è importante adesso (con dati aggiornati) | Come funziona: spiegazione passo per passo | Esempi pratici applicati a una PMI | Errori più comuni e come evitarli | Strumenti e risorse consigliate | Domande frequenti;Quanto costa organizzare eventi a Palermo? | Quanto tempo serve per ottenere risultati con organizzare eventi a Palermo? | organizzare eventi a Palermo conviene a una piccola impresa? | Come si misurano i risultati di organizzare eventi a Palermo?;"espandere a 1.000-1.400 parole con struttura, FAQ e dati"
Come organizzare eventi aziendali di successo: strategie vincenti per il tuo business;https://maxdigitalinnovation.it/come-organizzare-eventi-aziendali-di-successo-strategie-vincenti-per-il-tuo-business/;riscrivere;informazionale;871;1600;eventi aziendali a Palermo;eventi aziendali a Palermo: definizione in due righe | Perché è importante adesso (con dati aggiornati) | Come funziona: spiegazione passo per passo | Esempi pratici applicati a una PMI | Errori più comuni e come evitarli | Strumenti e risorse consigliate | Domande frequenti;Quanto costa eventi aziendali a Palermo? | Quanto tempo serve per ottenere risultati con eventi aziendali a Palermo? | eventi aziendali a Palermo conviene a una piccola impresa? | Come si misurano i risultati di eventi aziendali a Palermo?;"espandere a 1.000-1.400 parole con struttura, FAQ e dati"
Come gestire eventi privati con successo: dalla festa di compleanno a eventi esclusivi;https://maxdigitalinnovation.it/come-gestire-eventi-privati-con-successo-dalla-festa-di-compleanno-a-eventi-esclusivi/;riscrivere;informazionale;873;1600;gestione eventi privati Palermo;gestione eventi privati Palermo: definizione in due righe | Perché è importante adesso (con dati aggiornati) | Come funziona: spiegazione passo per passo | Esempi pratici applicati a una PMI | Errori più comuni e come evitarli | Strumenti e risorse consigliate | Domande frequenti;Quanto costa gestione eventi privati Palermo? | Quanto tempo serve per ottenere risultati con gestione eventi privati Palermo? | gestione eventi privati Palermo conviene a una piccola impresa? | Come si misurano i risultati di gestione eventi privati Palermo?;"espandere a 1.000-1.400 parole con struttura, FAQ e dati"
Social Media Manager a Palermo: come scegliere il professionista giusto per il tuo brand;https://maxdigitalinnovation.it/social-media-manager-a-palermo-come-scegliere-il-professionista-giusto-per-il-tuo-brand/;accorpare;commerciale;1016;1800;social media manager Palermo;Come scegliere social media manager Palermo: i criteri che contano davvero | Confronto fra le soluzioni disponibili (tabella) | Vantaggi e limiti di ciascuna opzione | Quanto budget serve e come si ripaga | Come valutare i risultati dopo tre mesi | Domande frequenti;Quanto costa social media manager Palermo? | Quanto tempo serve per ottenere risultati con social media manager Palermo? | social media manager Palermo conviene a una piccola impresa? | Come si misurano i risultati di social media manager Palermo?;mantenere e ampliare
Che cosa fa una social media manager?;https://maxdigitalinnovation.it/che-cosa-fa-una-social-media-manager/;riscrivere;informazionale;792;1400;social media manager;social media manager: definizione in due righe | Perché è importante adesso (con dati aggiornati) | Come funziona: spiegazione passo per passo | Esempi pratici applicati a una PMI | Errori più comuni e come evitarli | Strumenti e risorse consigliate | Domande frequenti;Quanto costa social media manager? | Quanto tempo serve per ottenere risultati con social media manager? | social media manager conviene a una piccola impresa? | Come si misurano i risultati di social media manager?;"espandere a 1.000-1.400 parole con struttura, FAQ e dati"
5 Errori Silenziosi che Stai Commettendo nel Tuo Sito Web Aziendale;https://maxdigitalinnovation.it/5-errori-silenziosi-che-stai-commettendo-nel-tuo-sito-web-aziendale/;riscrivere;informazionale;422;1200;errori sito web aziendale;errori sito web aziendale: definizione in due righe | Perché è importante adesso (con dati aggiornati) | Come funziona: spiegazione passo per passo | Esempi pratici applicati a una PMI | Errori più comuni e come evitarli | Strumenti e risorse consigliate | Domande frequenti;Quanto costa errori sito web aziendale? | Quanto tempo serve per ottenere risultati con errori sito web aziendale? | errori sito web aziendale conviene a una piccola impresa? | Come si misurano i risultati di errori sito web aziendale?;"espandere a 1.000-1.400 parole con struttura, FAQ e dati"
Strategie Digitali per Artigiani Locali: Come Vendere di Più Online;https://maxdigitalinnovation.it/strategie-digitali-per-artigiani-locali-come-vendere-di-piu-online-marketing/;riscrivere;informazionale;367;1200;marketing per artigiani a Palermo;marketing per artigiani a Palermo: definizione in due righe | Perché è importante adesso (con dati aggiornati) | Come funziona: spiegazione passo per passo | Esempi pratici applicati a una PMI | Errori più comuni e come evitarli | Strumenti e risorse consigliate | Domande frequenti;Quanto costa marketing per artigiani a Palermo? | Quanto tempo serve per ottenere risultati con marketing per artigiani a Palermo? | marketing per artigiani a Palermo conviene a una piccola impresa? | Come si misurano i risultati di marketing per artigiani a Palermo?;"espandere a 1.000-1.400 parole con struttura, FAQ e dati"
Il Potere delle Landing Page Locali: Converti i Clienti della Tua Città;https://maxdigitalinnovation.it/il-potere-delle-landing-page-per-attivita-locali-converti-i-clienti-della-tua-citta/;riscrivere;informazionale;381;1200;landing page per attività locali;landing page per attività locali: definizione in due righe | Perché è importante adesso (con dati aggiornati) | Come funziona: spiegazione passo per passo | Esempi pratici applicati a una PMI | Errori più comuni e come evitarli | Strumenti e risorse consigliate | Domande frequenti;Quanto costa landing page per attività locali? | Quanto tempo serve per ottenere risultati con landing page per attività locali? | landing page per attività locali conviene a una piccola impresa? | Come si misurano i risultati di landing page per attività locali?;"espandere a 1.000-1.400 parole con struttura, FAQ e dati"
Micro-Influencer Locali: Come Usarli per Far Crescere la Tua Azienda;https://maxdigitalinnovation.it/micro-influencer-locale-come-usarli-per-far-crescere-la-tua-azienda-marketing-palermo/;riscrivere;informazionale;362;1200;influencer marketing locale Palermo;influencer marketing locale Palermo: definizione in due righe | Perché è importante adesso (con dati aggiornati) | Come funziona: spiegazione passo per passo | Esempi pratici applicati a una PMI | Errori più comuni e come evitarli | Strumenti e risorse consigliate | Domande frequenti;Quanto costa influencer marketing locale Palermo? | Quanto tempo serve per ottenere risultati con influencer marketing locale Palermo? | influencer marketing locale Palermo conviene a una piccola impresa? | Come si misurano i risultati di influencer marketing locale Palermo?;"espandere a 1.000-1.400 parole con struttura, FAQ e dati"
Posizionamento Zero su Google: Cos’è e Come Ottenerlo;https://maxdigitalinnovation.it/posizionamento-zero-su-google-cose-e-come-ottenerlo/;riscrivere;informazionale;345;1200;Posizionamento Zero Google;Posizionamento Zero Google: definizione in due righe | Perché è importante adesso (con dati aggiornati) | Come funziona: spiegazione passo per passo | Esempi pratici applicati a una PMI | Errori più comuni e come evitarli | Strumenti e risorse consigliate | Domande frequenti;Quanto costa Posizionamento Zero Google? | Quanto tempo serve per ottenere risultati con Posizionamento Zero Google? | Posizionamento Zero Google conviene a una piccola impresa? | Come si misurano i risultati di Posizionamento Zero Google?;"espandere a 1.000-1.400 parole con struttura, FAQ e dati"
Come Unire SEO e Branding Visivo in un Solo Progetto Web;https://maxdigitalinnovation.it/come-unire-seo-e-branding-visivo-in-un-solo-progetto-web/;riscrivere;informazionale;367;1200;integrare SEO e brand identity;integrare SEO e brand identity: definizione in due righe | Perché è importante adesso (con dati aggiornati) | Come funziona: spiegazione passo per passo | Esempi pratici applicati a una PMI | Errori più comuni e come evitarli | Strumenti e risorse consigliate | Domande frequenti;Quanto costa integrare SEO e brand identity? | Quanto tempo serve per ottenere risultati con integrare SEO e brand identity? | integrare SEO e brand identity conviene a una piccola impresa? | Come si misurano i risultati di integrare SEO e brand identity?;"espandere a 1.000-1.400 parole con struttura, FAQ e dati"
L’Effetto Domino delle Recensioni Online per le Attività Locali;https://maxdigitalinnovation.it/leffetto-domino-delle-recensioni-online-per-le-attivita-locali/;riscrivere;informazionale;338;1200;recensioni Google aziende Palermo;recensioni Google aziende Palermo: definizione in due righe | Perché è importante adesso (con dati aggiornati) | Come funziona: spiegazione passo per passo | Esempi pratici applicati a una PMI | Errori più comuni e come evitarli | Strumenti e risorse consigliate | Domande frequenti;Quanto costa recensioni Google aziende Palermo? | Quanto tempo serve per ottenere risultati con recensioni Google aziende Palermo? | recensioni Google aziende Palermo conviene a una piccola impresa? | Come si misurano i risultati di recensioni Google aziende Palermo?;"espandere a 1.000-1.400 parole con struttura, FAQ e dati"
SEO per Podcast e Audio Contenuti: Come Farli Trovare Online;https://maxdigitalinnovation.it/seo-per-podcast-e-audio-contenuti-come-farli-trovare-online/;riscrivere;informazionale;346;1200;marketing per podcast Palermo;marketing per podcast Palermo: definizione in due righe | Perché è importante adesso (con dati aggiornati) | Come funziona: spiegazione passo per passo | Esempi pratici applicati a una PMI | Errori più comuni e come evitarli | Strumenti e risorse consigliate | Domande frequenti;Quanto costa marketing per podcast Palermo? | Quanto tempo serve per ottenere risultati con marketing per podcast Palermo? | marketing per podcast Palermo conviene a una piccola impresa? | Come si misurano i risultati di marketing per podcast Palermo?;"espandere a 1.000-1.400 parole con struttura, FAQ e dati"
Siti One Page: Quando Funzionano Davvero?;https://maxdigitalinnovation.it/siti-one-page-quando-funzionano-davvero/;riscrivere;informazionale;409;1200;vantaggi sito one page Palermo;vantaggi sito one page Palermo: definizione in due righe | Perché è importante adesso (con dati aggiornati) | Come funziona: spiegazione passo per passo | Esempi pratici applicati a una PMI | Errori più comuni e come evitarli | Strumenti e risorse consigliate | Domande frequenti;Quanto costa vantaggi sito one page Palermo? | Quanto tempo serve per ottenere risultati con vantaggi sito one page Palermo? | vantaggi sito one page Palermo conviene a una piccola impresa? | Come si misurano i risultati di vantaggi sito one page Palermo?;"espandere a 1.000-1.400 parole con struttura, FAQ e dati"
Strategie Digitali per Chi Apre una Start-Up Culturale a Palermo;https://maxdigitalinnovation.it/strategie-digitali-per-chi-apre-una-start-up-culturale-a-palermo/;riscrivere;informazionale;346;1200;Marketing Digitale Startup Culturali Palermo;Marketing Digitale Startup Culturali Palermo: definizione in due righe | Perché è importante adesso (con dati aggiornati) | Come funziona: spiegazione passo per passo | Esempi pratici applicati a una PMI | Errori più comuni e come evitarli | Strumenti e risorse consigliate | Domande frequenti;Quanto costa Marketing Digitale Startup Culturali Palermo? | Quanto tempo serve per ottenere risultati con Marketing Digitale Startup Culturali Palermo? | Marketing Digitale Startup Culturali Palermo conviene a una piccola impresa? | Come si misurano i risultati di Marketing Digitale Startup Culturali Palermo?;"espandere a 1.000-1.400 parole con struttura, FAQ e dati"
Come Promuovere la Tua Casa Vacanze con il Marketing Locale Digitale;https://maxdigitalinnovation.it/come-promuovere-la-tua-casa-vacanze-con-il-marketing-locale-digitale/;riscrivere;informazionale;358;1200;promozione casa vacanze Palermo;promozione casa vacanze Palermo: definizione in due righe | Perché è importante adesso (con dati aggiornati) | Come funziona: spiegazione passo per passo | Esempi pratici applicati a una PMI | Errori più comuni e come evitarli | Strumenti e risorse consigliate | Domande frequenti;Quanto costa promozione casa vacanze Palermo? | Quanto tempo serve per ottenere risultati con promozione casa vacanze Palermo? | promozione casa vacanze Palermo conviene a una piccola impresa? | Come si misurano i risultati di promozione casa vacanze Palermo?;"espandere a 1.000-1.400 parole con struttura, FAQ e dati"
Brand Identity per Artisti e Creativi: Distinguersi Online in Modo Autentico;https://maxdigitalinnovation.it/brand-identity-per-artisti-e-creativi-distinguersi-online-in-modo-autentico/;riscrivere;navigazionale;358;1200;Brand Identity Artisti: Distinguersi Online | Max Digital;Chi siamo e cosa facciamo | Perché scegliere Brand Identity Artisti: Distinguersi Online | Max Digital | I nostri lavori | Domande frequenti;Quanto costa Brand Identity Artisti: Distinguersi Online | Max Digital? | Quanto tempo serve per ottenere risultati con Brand Identity Artisti: Distinguersi Online | Max Digital? | Brand Identity Artisti: Distinguersi Online | Max Digital conviene a una piccola impresa? | Come si misurano i risultati di Brand Identity Artisti: Distinguersi Online | Max Digital?;"espandere a 1.000-1.400 parole con struttura, FAQ e dati"
Il Ruolo del Marketing Digitale per le Librerie Indipendenti;https://maxdigitalinnovation.it/il-ruolo-del-marketing-digitale-per-le-librerie-indipendenti/;riscrivere;informazionale;334;1200;marketing per librerie palermo;marketing per librerie palermo: definizione in due righe | Perché è importante adesso (con dati aggiornati) | Come funziona: spiegazione passo per passo | Esempi pratici applicati a una PMI | Errori più comuni e come evitarli | Strumenti e risorse consigliate | Domande frequenti;Quanto costa marketing per librerie palermo? | Quanto tempo serve per ottenere risultati con marketing per librerie palermo? | marketing per librerie palermo conviene a una piccola impresa? | Come si misurano i risultati di marketing per librerie palermo?;"espandere a 1.000-1.400 parole con struttura, FAQ e dati"
Comunicazione Digitale per Associazioni No Profit: Come Farsi Conoscere;https://maxdigitalinnovation.it/comunicazione-digitale-per-associazioni-no-profit-come-farsi-conoscere/;riscrivere;informazionale;329;1200;marketing per associazioni Palermo;marketing per associazioni Palermo: definizione in due righe | Perché è importante adesso (con dati aggiornati) | Come funziona: spiegazione passo per passo | Esempi pratici applicati a una PMI | Errori più comuni e come evitarli | Strumenti e risorse consigliate | Domande frequenti;Quanto costa marketing per associazioni Palermo? | Quanto tempo serve per ottenere risultati con marketing per associazioni Palermo? | marketing per associazioni Palermo conviene a una piccola impresa? | Come si misurano i risultati di marketing per associazioni Palermo?;"espandere a 1.000-1.400 parole con struttura, FAQ e dati"
Strategie Web per Eventi Teatrali e Spettacoli Indipendenti;https://maxdigitalinnovation.it/strategie-web-per-eventi-teatrali-e-spettacoli-indipendenti/;riscrivere;informazionale;346;1200;pubblicità eventi teatrali Palermo;pubblicità eventi teatrali Palermo: definizione in due righe | Perché è importante adesso (con dati aggiornati) | Come funziona: spiegazione passo per passo | Esempi pratici applicati a una PMI | Errori più comuni e come evitarli | Strumenti e risorse consigliate | Domande frequenti;Quanto costa pubblicità eventi teatrali Palermo? | Quanto tempo serve per ottenere risultati con pubblicità eventi teatrali Palermo? | pubblicità eventi teatrali Palermo conviene a una piccola impresa? | Come si misurano i risultati di pubblicità eventi teatrali Palermo?;"espandere a 1.000-1.400 parole con struttura, FAQ e dati"
Digitale e Tradizione: Come Promuovere un’Attività Storica con Nuove Strategie;https://maxdigitalinnovation.it/digitale-e-tradizione-come-promuovere-botteghe-storiche-con-nuove-strategie-comunicazione/;riscrivere;informazionale;338;1200;comunicazione per botteghe storiche Palermo;comunicazione per botteghe storiche Palermo: definizione in due righe | Perché è importante adesso (con dati aggiornati) | Come funziona: spiegazione passo per passo | Esempi pratici applicati a una PMI | Errori più comuni e come evitarli | Strumenti e risorse consigliate | Domande frequenti;Quanto costa comunicazione per botteghe storiche Palermo? | Quanto tempo serve per ottenere risultati con comunicazione per botteghe storiche Palermo? | comunicazione per botteghe storiche Palermo conviene a una piccola impresa? | Come si misurano i risultati di comunicazione per botteghe storiche Palermo?;"espandere a 1.000-1.400 parole con struttura, FAQ e dati"
Formazione Online: Come Promuovere il Tuo Corso o Workshop sul Web;https://maxdigitalinnovation.it/formazione-online-come-promuovere-il-tuo-corso-o-workshop-sul-web/;riscrivere;informazionale;341;1200;pubblicità corsi e workshop Palermo;pubblicità corsi e workshop Palermo: definizione in due righe | Perché è importante adesso (con dati aggiornati) | Come funziona: spiegazione passo per passo | Esempi pratici applicati a una PMI | Errori più comuni e come evitarli | Strumenti e risorse consigliate | Domande frequenti;Quanto costa pubblicità corsi e workshop Palermo? | Quanto tempo serve per ottenere risultati con pubblicità corsi e workshop Palermo? | pubblicità corsi e workshop Palermo conviene a una piccola impresa? | Come si misurano i risultati di pubblicità corsi e workshop Palermo?;"espandere a 1.000-1.400 parole con struttura, FAQ e dati"
Dalla Strada al Web: Come Promuovere un Food Truck a Palermo;https://maxdigitalinnovation.it/dalla-strada-al-web-come-promuovere-un-food-truck-a-palermo/;riscrivere;informazionale;349;1200;marketing food Palermo;marketing food Palermo: definizione in due righe | Perché è importante adesso (con dati aggiornati) | Come funziona: spiegazione passo per passo | Esempi pratici applicati a una PMI | Errori più comuni e come evitarli | Strumenti e risorse consigliate | Domande frequenti;Quanto costa marketing food Palermo? | Quanto tempo serve per ottenere risultati con marketing food Palermo? | marketing food Palermo conviene a una piccola impresa? | Come si misurano i risultati di marketing food Palermo?;"espandere a 1.000-1.400 parole con struttura, FAQ e dati"
Digital Strategy per Laboratori di Analisi: Come Farsi Scegliere Online;https://maxdigitalinnovation.it/digital-strategy-per-laboratori-di-analisi-come-farsi-scegliere-online/;riscrivere;commerciale;321;1200;marketing per laboratori analisi Palermo;Come scegliere marketing per laboratori analisi Palermo: i criteri che contano davvero | Confronto fra le soluzioni disponibili (tabella) | Vantaggi e limiti di ciascuna opzione | Quanto budget serve e come si ripaga | Come valutare i risultati dopo tre mesi | Domande frequenti;Quanto costa marketing per laboratori analisi Palermo? | Quanto tempo serve per ottenere risultati con marketing per laboratori analisi Palermo? | marketing per laboratori analisi Palermo conviene a una piccola impresa? | Come si misurano i risultati di marketing per laboratori analisi Palermo?;"espandere a 1.000-1.400 parole con struttura, FAQ e dati"
Come Comunicare Online per una Scuola di Musica o Danza a Palermo;https://maxdigitalinnovation.it/come-comunicare-online-per-una-scuola-di-musica-o-danza-a-palermo/;riscrivere;informazionale;328;1200;promozione scuola di musica Palermo;promozione scuola di musica Palermo: definizione in due righe | Perché è importante adesso (con dati aggiornati) | Come funziona: spiegazione passo per passo | Esempi pratici applicati a una PMI | Errori più comuni e come evitarli | Strumenti e risorse consigliate | Domande frequenti;Quanto costa promozione scuola di musica Palermo? | Quanto tempo serve per ottenere risultati con promozione scuola di musica Palermo? | promozione scuola di musica Palermo conviene a una piccola impresa? | Come si misurano i risultati di promozione scuola di musica Palermo?;"espandere a 1.000-1.400 parole con struttura, FAQ e dati"
Come Far Crescere una Sartoria o Atelier Online: Strategie su Misura;https://maxdigitalinnovation.it/come-far-crescere-una-sartoria-o-atelier-online-strategie-su-misura/;riscrivere;informazionale;331;1200;Marketing per Sartorie e Atelier Online;Marketing per Sartorie e Atelier Online: definizione in due righe | Perché è importante adesso (con dati aggiornati) | Come funziona: spiegazione passo per passo | Esempi pratici applicati a una PMI | Errori più comuni e come evitarli | Strumenti e risorse consigliate | Domande frequenti;Quanto costa Marketing per Sartorie e Atelier Online? | Quanto tempo serve per ottenere risultati con Marketing per Sartorie e Atelier Online? | Marketing per Sartorie e Atelier Online conviene a una piccola impresa? | Come si misurano i risultati di Marketing per Sartorie e Atelier Online?;"espandere a 1.000-1.400 parole con struttura, FAQ e dati"
Pet Business: Come Farsi Conoscere Online con una Comunicazione Mirata;https://maxdigitalinnovation.it/pet-business-come-farsi-conoscere-online-con-una-comunicazione-mirata/;riscrivere;informazionale;350;1200;marketing per negozi di animali Palermo;marketing per negozi di animali Palermo: definizione in due righe | Perché è importante adesso (con dati aggiornati) | Come funziona: spiegazione passo per passo | Esempi pratici applicati a una PMI | Errori più comuni e come evitarli | Strumenti e risorse consigliate | Domande frequenti;Quanto costa marketing per negozi di animali Palermo? | Quanto tempo serve per ottenere risultati con marketing per negozi di animali Palermo? | marketing per negozi di animali Palermo conviene a una piccola impresa? | Come si misurano i risultati di marketing per negozi di animali Palermo?;"espandere a 1.000-1.400 parole con struttura, FAQ e dati"
Vendere Arte Online: Come Costruire una Strategia Digitale per Gallerie e Artisti;https://maxdigitalinnovation.it/vendere-arte-online-come-costruire-una-strategia-digitale-per-gallerie-e-artisti/;riscrivere;informazionale;325;1200;vendere arte online;vendere arte online: definizione in due righe | Perché è importante adesso (con dati aggiornati) | Come funziona: spiegazione passo per passo | Esempi pratici applicati a una PMI | Errori più comuni e come evitarli | Strumenti e risorse consigliate | Domande frequenti;Quanto costa vendere arte online? | Quanto tempo serve per ottenere risultati con vendere arte online? | vendere arte online conviene a una piccola impresa? | Come si misurano i risultati di vendere arte online?;"espandere a 1.000-1.400 parole con struttura, FAQ e dati"
Ristorazione Vegetariana e Vegana: Come Comunicare i Tuoi Valori Online;https://maxdigitalinnovation.it/ristorazione-vegetariana-e-vegana-come-comunicare-i-tuoi-valori-online/;riscrivere;informazionale;353;1200;marketing ristoranti vegani Palermo;marketing ristoranti vegani Palermo: definizione in due righe | Perché è importante adesso (con dati aggiornati) | Come funziona: spiegazione passo per passo | Esempi pratici applicati a una PMI | Errori più comuni e come evitarli | Strumenti e risorse consigliate | Domande frequenti;Quanto costa marketing ristoranti vegani Palermo? | Quanto tempo serve per ottenere risultati con marketing ristoranti vegani Palermo? | marketing ristoranti vegani Palermo conviene a una piccola impresa? | Come si misurano i risultati di marketing ristoranti vegani Palermo?;"espandere a 1.000-1.400 parole con struttura, FAQ e dati"
Digital Strategy per Wedding Planner e Servizi per Eventi Privati;https://maxdigitalinnovation.it/digital-strategy-per-wedding-planner-e-servizi-per-eventi-privati/;riscrivere;transazionale;341;1200;Digital Strategy per Wedding Planner Palermo;"Che cos'è Digital Strategy per Wedding Planner Palermo e a chi serve | Quanto costa Digital Strategy per Wedding Planner Palermo a Palermo: fasce di prezzo e cosa incide | Cosa comprende il servizio, passo per passo | Tempi di realizzazione e come si svolge il lavoro | Errori da evitare nella scelta del fornitore | Caso reale: problema, intervento, risultato misurato | Domande frequenti";Chi si occupa di Digital Strategy per Wedding Planner Palermo a Palermo? | Quanto costa Digital Strategy per Wedding Planner Palermo? | Quanto tempo serve per ottenere risultati con Digital Strategy per Wedding Planner Palermo? | Digital Strategy per Wedding Planner Palermo conviene a una piccola impresa? | Come si misurano i risultati di Digital Strategy per Wedding Planner Palermo?;"espandere a 1.000-1.400 parole con struttura, FAQ e dati"
"Consulenti, Psicologi e Coach: Come Trovare Clienti Online a Palermo";https://maxdigitalinnovation.it/consulenti-psicologi-e-coach-come-trovare-clienti-online-a-palermo/;riscrivere;informazionale;322;1200;visibilità online per professionisti Palermo;visibilità online per professionisti Palermo: definizione in due righe | Perché è importante adesso (con dati aggiornati) | Come funziona: spiegazione passo per passo | Esempi pratici applicati a una PMI | Errori più comuni e come evitarli | Strumenti e risorse consigliate | Domande frequenti;Quanto costa visibilità online per professionisti Palermo? | Quanto tempo serve per ottenere risultati con visibilità online per professionisti Palermo? | visibilità online per professionisti Palermo conviene a una piccola impresa? | Come si misurano i risultati di visibilità online per professionisti Palermo?;"espandere a 1.000-1.400 parole con struttura, FAQ e dati"
Come Lanciare un Prodotto Artigianale Siciliano con l’E-commerce;https://maxdigitalinnovation.it/come-lanciare-prodotti-tipici-siciliani-online-vendita/;riscrivere;transazionale;330;1200;vendita prodotti tipici siciliani online;"Che cos'è vendita prodotti tipici siciliani online e a chi serve | Quanto costa vendita prodotti tipici siciliani online a Palermo: fasce di prezzo e cosa incide | Cosa comprende il servizio, passo per passo | Tempi di realizzazione e come si svolge il lavoro | Errori da evitare nella scelta del fornitore | Caso reale: problema, intervento, risultato misurato | Domande frequenti";Chi si occupa di vendita prodotti tipici siciliani online a Palermo? | Quanto costa vendita prodotti tipici siciliani online? | Quanto tempo serve per ottenere risultati con vendita prodotti tipici siciliani online? | vendita prodotti tipici siciliani online conviene a una piccola impresa? | Come si misurano i risultati di vendita prodotti tipici siciliani online?;"espandere a 1.000-1.400 parole con struttura, FAQ e dati"
"Servizi alla Persona: Promuovere Online Estetiste, Massaggiatori e Parrucchieri";https://maxdigitalinnovation.it/servizi-alla-persona-promuovere-online-estetiste-massaggiatori-e-parrucchieri/;riscrivere;transazionale;327;1200;Marketing servizi benessere Palermo;"Che cos'è Marketing servizi benessere Palermo e a chi serve | Quanto costa Marketing servizi benessere Palermo a Palermo: fasce di prezzo e cosa incide | Cosa comprende il servizio, passo per passo | Tempi di realizzazione e come si svolge il lavoro | Errori da evitare nella scelta del fornitore | Caso reale: problema, intervento, risultato misurato | Domande frequenti";Chi si occupa di Marketing servizi benessere Palermo a Palermo? | Quanto costa Marketing servizi benessere Palermo? | Quanto tempo serve per ottenere risultati con Marketing servizi benessere Palermo? | Marketing servizi benessere Palermo conviene a una piccola impresa? | Come si misurano i risultati di Marketing servizi benessere Palermo?;"espandere a 1.000-1.400 parole con struttura, FAQ e dati"
Digital Branding per Studi Legali e Professionisti del Diritto;https://maxdigitalinnovation.it/digital-branding-per-studi-legali-e-professionisti-del-diritto/;riscrivere;informazionale;328;1200;marketing per avvocati Palermo;marketing per avvocati Palermo: definizione in due righe | Perché è importante adesso (con dati aggiornati) | Come funziona: spiegazione passo per passo | Esempi pratici applicati a una PMI | Errori più comuni e come evitarli | Strumenti e risorse consigliate | Domande frequenti;Quanto costa marketing per avvocati Palermo? | Quanto tempo serve per ottenere risultati con marketing per avvocati Palermo? | marketing per avvocati Palermo conviene a una piccola impresa? | Come si misurano i risultati di marketing per avvocati Palermo?;"espandere a 1.000-1.400 parole con struttura, FAQ e dati"
Come Comunicare in Modo Efficace per Studi di Fisioterapia a Palermo;https://maxdigitalinnovation.it/come-comunicare-in-modo-efficacer-studi-di-fisioterapia/;riscrivere;informazionale;309;1200;marketing per fisioterapisti Palermo;marketing per fisioterapisti Palermo: definizione in due righe | Perché è importante adesso (con dati aggiornati) | Come funziona: spiegazione passo per passo | Esempi pratici applicati a una PMI | Errori più comuni e come evitarli | Strumenti e risorse consigliate | Domande frequenti;Quanto costa marketing per fisioterapisti Palermo? | Quanto tempo serve per ottenere risultati con marketing per fisioterapisti Palermo? | marketing per fisioterapisti Palermo conviene a una piccola impresa? | Come si misurano i risultati di marketing per fisioterapisti Palermo?;"espandere a 1.000-1.400 parole con struttura, FAQ e dati"
Psicologi Online: Come Promuoversi nel Rispetto della Deontologia;https://maxdigitalinnovation.it/psicologi-online-come-promuoversi-nel-rispetto-della-deontologia/;riscrivere;informazionale;316;1200;Psicologi Online: Promozione Etica e Visibilità a Palermo;Psicologi Online: Promozione Etica e Visibilità a: definizione in due righe | Perché è importante adesso (con dati aggiornati) | Come funziona: spiegazione passo per passo | Esempi pratici applicati a una PMI | Errori più comuni e come evitarli | Strumenti e risorse consigliate | Domande frequenti;Quanto costa Psicologi Online: Promozione Etica e Visibilità a Palermo? | Quanto tempo serve per ottenere risultati con Psicologi Online: Promozione Etica e Visibilità a Palermo? | Psicologi Online: Promozione Etica e Visibilità a Palermo conviene a una piccola impresa? | Come si misurano i risultati di Psicologi Online: Promozione Etica e Visibilità a Palermo?;"espandere a 1.000-1.400 parole con struttura, FAQ e dati"
Come Promuovere un Centro Odontoiatrico sul Web Senza Perdere Serietà;https://maxdigitalinnovation.it/come-promuovere-un-centro-odontoiatrico-sul-web-senza-perdere-serieta/;riscrivere;informazionale;304;1200;marketing per dentisti Palermo;marketing per dentisti Palermo: definizione in due righe | Perché è importante adesso (con dati aggiornati) | Come funziona: spiegazione passo per passo | Esempi pratici applicati a una PMI | Errori più comuni e come evitarli | Strumenti e risorse consigliate | Domande frequenti;Quanto costa marketing per dentisti Palermo? | Quanto tempo serve per ottenere risultati con marketing per dentisti Palermo? | marketing per dentisti Palermo conviene a una piccola impresa? | Come si misurano i risultati di marketing per dentisti Palermo?;"espandere a 1.000-1.400 parole con struttura, FAQ e dati"
Farmacie e Parafarmacie: Strategie Locali per Aumentare la Clientela;https://maxdigitalinnovation.it/farmacie-e-parafarmacie-strategie-locali-per-aumentare-la-clientela/;accorpare;informazionale;342;1200;marketing per farmacie Palermo;marketing per farmacie Palermo: definizione in due righe | Perché è importante adesso (con dati aggiornati) | Come funziona: spiegazione passo per passo | Esempi pratici applicati a una PMI | Errori più comuni e come evitarli | Strumenti e risorse consigliate | Domande frequenti;Quanto costa marketing per farmacie Palermo? | Quanto tempo serve per ottenere risultati con marketing per farmacie Palermo? | marketing per farmacie Palermo conviene a una piccola impresa? | Come si misurano i risultati di marketing per farmacie Palermo?;unire nel principale + 301
Come Far Crescere un Centro Logopedico con il Supporto Digitale;https://maxdigitalinnovation.it/come-far-crescere-un-centro-logopedico-con-il-supporto-digitale/;riscrivere;informazionale;346;1200;marketing per logopedisti Palermo;marketing per logopedisti Palermo: definizione in due righe | Perché è importante adesso (con dati aggiornati) | Come funziona: spiegazione passo per passo | Esempi pratici applicati a una PMI | Errori più comuni e come evitarli | Strumenti e risorse consigliate | Domande frequenti;Quanto costa marketing per logopedisti Palermo? | Quanto tempo serve per ottenere risultati con marketing per logopedisti Palermo? | marketing per logopedisti Palermo conviene a una piccola impresa? | Come si misurano i risultati di marketing per logopedisti Palermo?;"espandere a 1.000-1.400 parole con struttura, FAQ e dati"
Visibilità Online per Nutrizionisti e Biologi: Cosa Funziona Davvero?;https://maxdigitalinnovation.it/visibilita-online-per-nutrizionisti-e-biologi-cosa-funziona-davvero/;riscrivere;informazionale;327;1200;Marketing Nutrizionisti Palermo;Marketing Nutrizionisti Palermo: definizione in due righe | Perché è importante adesso (con dati aggiornati) | Come funziona: spiegazione passo per passo | Esempi pratici applicati a una PMI | Errori più comuni e come evitarli | Strumenti e risorse consigliate | Domande frequenti;Quanto costa Marketing Nutrizionisti Palermo? | Quanto tempo serve per ottenere risultati con Marketing Nutrizionisti Palermo? | Marketing Nutrizionisti Palermo conviene a una piccola impresa? | Come si misurano i risultati di Marketing Nutrizionisti Palermo?;"espandere a 1.000-1.400 parole con struttura, FAQ e dati"
Come Lanciare una Clinica Estetica: Digital Branding per la Bellezza;https://maxdigitalinnovation.it/come-lanciare-una-clinica-estetica-digital-branding-per-la-bellezza/;riscrivere;informazionale;324;1200;Clinica Estetica Palermo;Clinica Estetica Palermo: definizione in due righe | Perché è importante adesso (con dati aggiornati) | Come funziona: spiegazione passo per passo | Esempi pratici applicati a una PMI | Errori più comuni e come evitarli | Strumenti e risorse consigliate | Domande frequenti;Quanto costa Clinica Estetica Palermo? | Quanto tempo serve per ottenere risultati con Clinica Estetica Palermo? | Clinica Estetica Palermo conviene a una piccola impresa? | Come si misurano i risultati di Clinica Estetica Palermo?;"espandere a 1.000-1.400 parole con struttura, FAQ e dati"
Servizi Veterinari: Come Raggiungere Più Clienti Online in Modo Etico;https://maxdigitalinnovation.it/servizi-veterinari-come-raggiungere-piu-clienti-online-in-modo-etico/;riscrivere;transazionale;335;1200;marketing per veterinari Palermo;"Che cos'è marketing per veterinari Palermo e a chi serve | Quanto costa marketing per veterinari Palermo a Palermo: fasce di prezzo e cosa incide | Cosa comprende il servizio, passo per passo | Tempi di realizzazione e come si svolge il lavoro | Errori da evitare nella scelta del fornitore | Caso reale: problema, intervento, risultato misurato | Domande frequenti";Chi si occupa di marketing per veterinari Palermo a Palermo? | Quanto costa marketing per veterinari Palermo? | Quanto tempo serve per ottenere risultati con marketing per veterinari Palermo? | marketing per veterinari Palermo conviene a una piccola impresa? | Come si misurano i risultati di marketing per veterinari Palermo?;"espandere a 1.000-1.400 parole con struttura, FAQ e dati"
Come Farsi Scegliere Online come Ostetrica o Operatore del Benessere Femminile;https://maxdigitalinnovation.it/come-farsi-scegliere-online-come-ostetrica-o-operatore-del-benessere-femminile/;riscrivere;commerciale;336;1200;visibilità per ostetriche Palermo;Come scegliere visibilità per ostetriche Palermo: i criteri che contano davvero | Confronto fra le soluzioni disponibili (tabella) | Vantaggi e limiti di ciascuna opzione | Quanto budget serve e come si ripaga | Come valutare i risultati dopo tre mesi | Domande frequenti;Quanto costa visibilità per ostetriche Palermo? | Quanto tempo serve per ottenere risultati con visibilità per ostetriche Palermo? | visibilità per ostetriche Palermo conviene a una piccola impresa? | Come si misurano i risultati di visibilità per ostetriche Palermo?;"espandere a 1.000-1.400 parole con struttura, FAQ e dati"
Digital Strategy per Studi di Podologia e Professionisti del Piede;https://maxdigitalinnovation.it/digital-strategy-per-studi-di-podologia-e-professionisti-del-piede/;riscrivere;informazionale;315;1200;marketing per podologi Palermo;marketing per podologi Palermo: definizione in due righe | Perché è importante adesso (con dati aggiornati) | Come funziona: spiegazione passo per passo | Esempi pratici applicati a una PMI | Errori più comuni e come evitarli | Strumenti e risorse consigliate | Domande frequenti;Quanto costa marketing per podologi Palermo? | Quanto tempo serve per ottenere risultati con marketing per podologi Palermo? | marketing per podologi Palermo conviene a una piccola impresa? | Come si misurano i risultati di marketing per podologi Palermo?;"espandere a 1.000-1.400 parole con struttura, FAQ e dati"
Come Promuovere Online una Scuola Privata o Centro di Formazione a Palermo;https://maxdigitalinnovation.it/come-promuovere-online-una-scuola-privata-o-centro-di-formazione-a-palermo/;riscrivere;informazionale;336;1200;marketing per scuole private Palermo;marketing per scuole private Palermo: definizione in due righe | Perché è importante adesso (con dati aggiornati) | Come funziona: spiegazione passo per passo | Esempi pratici applicati a una PMI | Errori più comuni e come evitarli | Strumenti e risorse consigliate | Domande frequenti;Quanto costa marketing per scuole private Palermo? | Quanto tempo serve per ottenere risultati con marketing per scuole private Palermo? | marketing per scuole private Palermo conviene a una piccola impresa? | Come si misurano i risultati di marketing per scuole private Palermo?;"espandere a 1.000-1.400 parole con struttura, FAQ e dati"
Comunicazione per Architetti e Interior Designer: Il Progetto Parte dal Web;https://maxdigitalinnovation.it/comunicazione-per-architetti-e-interior-designer-il-progetto-parte-dal-web/;riscrivere;informazionale;338;1200;marketing per architetti Palermo;marketing per architetti Palermo: definizione in due righe | Perché è importante adesso (con dati aggiornati) | Come funziona: spiegazione passo per passo | Esempi pratici applicati a una PMI | Errori più comuni e come evitarli | Strumenti e risorse consigliate | Domande frequenti;Quanto costa marketing per architetti Palermo? | Quanto tempo serve per ottenere risultati con marketing per architetti Palermo? | marketing per architetti Palermo conviene a una piccola impresa? | Come si misurano i risultati di marketing per architetti Palermo?;"espandere a 1.000-1.400 parole con struttura, FAQ e dati"
Come Far Crescere un’Azienda Agricola con E-commerce e Promozione Locale;https://maxdigitalinnovation.it/come-far-crescere-unazienda-agricola-con-e-commerce-e-promozione-locale/;riscrivere;transazionale;326;1200;vendita prodotti agricoli Palermo;"Che cos'è vendita prodotti agricoli Palermo e a chi serve | Quanto costa vendita prodotti agricoli Palermo a Palermo: fasce di prezzo e cosa incide | Cosa comprende il servizio, passo per passo | Tempi di realizzazione e come si svolge il lavoro | Errori da evitare nella scelta del fornitore | Caso reale: problema, intervento, risultato misurato | Domande frequenti";Chi si occupa di vendita prodotti agricoli Palermo a Palermo? | Quanto costa vendita prodotti agricoli Palermo? | Quanto tempo serve per ottenere risultati con vendita prodotti agricoli Palermo? | vendita prodotti agricoli Palermo conviene a una piccola impresa? | Come si misurano i risultati di vendita prodotti agricoli Palermo?;"espandere a 1.000-1.400 parole con struttura, FAQ e dati"
Pet Sitter e Pensioni per Animali: Come Attirare Più Clienti Online;https://maxdigitalinnovation.it/pet-sitter-e-pensioni-per-animali-come-attirare-piu-clienti-online/;riscrivere;transazionale;340;1200;promozione servizi pet Palermo;"Che cos'è promozione servizi pet Palermo e a chi serve | Quanto costa promozione servizi pet Palermo a Palermo: fasce di prezzo e cosa incide | Cosa comprende il servizio, passo per passo | Tempi di realizzazione e come si svolge il lavoro | Errori da evitare nella scelta del fornitore | Caso reale: problema, intervento, risultato misurato | Domande frequenti";Chi si occupa di promozione servizi pet Palermo a Palermo? | Quanto costa promozione servizi pet Palermo? | Quanto tempo serve per ottenere risultati con promozione servizi pet Palermo? | promozione servizi pet Palermo conviene a una piccola impresa? | Come si misurano i risultati di promozione servizi pet Palermo?;"espandere a 1.000-1.400 parole con struttura, FAQ e dati"
Servizi per l’Infanzia: Come Farsi Conoscere Online come Baby Sitter o Tata Qualificata;https://maxdigitalinnovation.it/servizi-per-linfanzia-come-farsi-conoscere-online-come-baby-sitter-o-tata-qualificata/;riscrivere;transazionale;331;1200;promozione servizi infanzia Palermo;"Che cos'è promozione servizi infanzia Palermo e a chi serve | Quanto costa promozione servizi infanzia Palermo a Palermo: fasce di prezzo e cosa incide | Cosa comprende il servizio, passo per passo | Tempi di realizzazione e come si svolge il lavoro | Errori da evitare nella scelta del fornitore | Caso reale: problema, intervento, risultato misurato | Domande frequenti";Chi si occupa di promozione servizi infanzia Palermo a Palermo? | Quanto costa promozione servizi infanzia Palermo? | Quanto tempo serve per ottenere risultati con promozione servizi infanzia Palermo? | promozione servizi infanzia Palermo conviene a una piccola impresa? | Come si misurano i risultati di promozione servizi infanzia Palermo?;"espandere a 1.000-1.400 parole con struttura, FAQ e dati"
Come Promuovere Online una Cooperativa Sociale a Palermo;https://maxdigitalinnovation.it/come-promuovere-online-una-cooperativa-sociale-a-palermo/;riscrivere;informazionale;330;1200;marketing per cooperative sociali Palermo;marketing per cooperative sociali Palermo: definizione in due righe | Perché è importante adesso (con dati aggiornati) | Come funziona: spiegazione passo per passo | Esempi pratici applicati a una PMI | Errori più comuni e come evitarli | Strumenti e risorse consigliate | Domande frequenti;Quanto costa marketing per cooperative sociali Palermo? | Quanto tempo serve per ottenere risultati con marketing per cooperative sociali Palermo? | marketing per cooperative sociali Palermo conviene a una piccola impresa? | Come si misurano i risultati di marketing per cooperative sociali Palermo?;"espandere a 1.000-1.400 parole con struttura, FAQ e dati"
Digital Strategy per Agenzie Investigative e Professionisti della Sicurezza;https://maxdigitalinnovation.it/digital-strategy-per-agenzie-investigative-e-professionisti-della-sicurezza/;riscrivere;transazionale;340;1200;visibilità per agenzia investigativa Palermo;"Che cos'è visibilità per agenzia investigativa Palermo e a chi serve | Quanto costa visibilità per agenzia investigativa Palermo a Palermo: fasce di prezzo e cosa incide | Cosa comprende il servizio, passo per passo | Tempi di realizzazione e come si svolge il lavoro | Errori da evitare nella scelta del fornitore | Caso reale: problema, intervento, risultato misurato | Domande frequenti";Chi si occupa di visibilità per agenzia investigativa Palermo a Palermo? | Quanto costa visibilità per agenzia investigativa Palermo? | Quanto tempo serve per ottenere risultati con visibilità per agenzia investigativa Palermo? | visibilità per agenzia investigativa Palermo conviene a una piccola impresa? | Come si misurano i risultati di visibilità per agenzia investigativa Palermo?;"espandere a 1.000-1.400 parole con struttura, FAQ e dati"
Comunicazione per Traduttori e Interpreti: Come Trovare Clienti Online;https://maxdigitalinnovation.it/comunicazione-per-traduttori-e-interpreti-come-trovare-clienti-online/;riscrivere;informazionale;336;1200;Marketing per Traduttori e Interpreti: Trova Clienti Online;Marketing per Traduttori e Interpreti: Trova: definizione in due righe | Perché è importante adesso (con dati aggiornati) | Come funziona: spiegazione passo per passo | Esempi pratici applicati a una PMI | Errori più comuni e come evitarli | Strumenti e risorse consigliate | Domande frequenti;Quanto costa Marketing per Traduttori e Interpreti: Trova Clienti Online? | Quanto tempo serve per ottenere risultati con Marketing per Traduttori e Interpreti: Trova Clienti Online? | Marketing per Traduttori e Interpreti: Trova Clienti Online conviene a una piccola impresa? | Come si misurano i risultati di Marketing per Traduttori e Interpreti: Trova Clienti Online?;"espandere a 1.000-1.400 parole con struttura, FAQ e dati"
Social Media Manager a Palermo: Quanto Conta Davvero per un’Azienda Locale?;https://maxdigitalinnovation.it/social-media-manager-a-palermo-quanto-conta-davvero-per-unazienda-locale/;accorpare;informazionale;331;1200;Social Media Manager Palermo;Social Media Manager Palermo: definizione in due righe | Perché è importante adesso (con dati aggiornati) | Come funziona: spiegazione passo per passo | Esempi pratici applicati a una PMI | Errori più comuni e come evitarli | Strumenti e risorse consigliate | Domande frequenti;Quanto costa Social Media Manager Palermo? | Quanto tempo serve per ottenere risultati con Social Media Manager Palermo? | Social Media Manager Palermo conviene a una piccola impresa? | Come si misurano i risultati di Social Media Manager Palermo?;unire nel principale + 301
Agenzia Marketing a Palermo: Come Sceglierne una adatta alla Tua Attività?;https://maxdigitalinnovation.it/agenzia-marketing-a-palermo-come-sceglierne-una-adatta-alla-tua-attivita/;accorpare;transazionale;341;1200;agenzia marketing Palermo;"Che cos'è agenzia marketing Palermo e a chi serve | Quanto costa agenzia marketing Palermo a Palermo: fasce di prezzo e cosa incide | Cosa comprende il servizio, passo per passo | Tempi di realizzazione e come si svolge il lavoro | Errori da evitare nella scelta del fornitore | Caso reale: problema, intervento, risultato misurato | Domande frequenti";Chi si occupa di agenzia marketing Palermo a Palermo? | Quanto costa agenzia marketing Palermo? | Quanto tempo serve per ottenere risultati con agenzia marketing Palermo? | agenzia marketing Palermo conviene a una piccola impresa? | Come si misurano i risultati di agenzia marketing Palermo?;unire nel principale + 301
Web Agency a Palermo per Professionisti: Siti e Strategie Personalizzate;https://maxdigitalinnovation.it/web-agency-a-palermo-per-professionisti-siti-e-strategie-personalizzate/;riscrivere;informazionale;331;1200;web agency Palermo per professionisti;web agency Palermo per professionisti: definizione in due righe | Perché è importante adesso (con dati aggiornati) | Come funziona: spiegazione passo per passo | Esempi pratici applicati a una PMI | Errori più comuni e come evitarli | Strumenti e risorse consigliate | Domande frequenti;Quanto costa web agency Palermo per professionisti? | Quanto tempo serve per ottenere risultati con web agency Palermo per professionisti? | web agency Palermo per professionisti conviene a una piccola impresa? | Come si misurano i risultati di web agency Palermo per professionisti?;"espandere a 1.000-1.400 parole con struttura, FAQ e dati"
TikTok e Instagram Reels: Perché Ogni Impresa a Palermo Deve Sfruttarli Ora;https://maxdigitalinnovation.it/tiktok-e-instagram-reels-perche-ogni-impresa-a-palermo-deve-sfruttarli-ora/;riscrivere;informazionale;262;1200;TikTok & Instagram Reels Palermo;TikTok & Instagram Reels Palermo: definizione in due righe | Perché è importante adesso (con dati aggiornati) | Come funziona: spiegazione passo per passo | Esempi pratici applicati a una PMI | Errori più comuni e come evitarli | Strumenti e risorse consigliate | Domande frequenti;Quanto costa TikTok & Instagram Reels Palermo? | Quanto tempo serve per ottenere risultati con TikTok & Instagram Reels Palermo? | TikTok & Instagram Reels Palermo conviene a una piccola impresa? | Come si misurano i risultati di TikTok & Instagram Reels Palermo?;"espandere a 1.000-1.400 parole con struttura, FAQ e dati"
I segreti dei video virali: tecniche e strumenti da conoscere;https://maxdigitalinnovation.it/i-segreti-dei-video-virali-tecniche-e-strumenti-da-conoscere/;riscrivere;informazionale;850;1500;video virali;video virali: definizione in due righe | Perché è importante adesso (con dati aggiornati) | Come funziona: spiegazione passo per passo | Esempi pratici applicati a una PMI | Errori più comuni e come evitarli | Strumenti e risorse consigliate | Domande frequenti;Quanto costa video virali? | Quanto tempo serve per ottenere risultati con video virali? | video virali conviene a una piccola impresa? | Come si misurano i risultati di video virali?;riscrittura sostanziale
3 trucchi per rendere i tuoi Reels irresistibili;https://maxdigitalinnovation.it/3-trucchi-per-rendere-i-tuoi-reels-irresistibili/;riscrivere;informazionale;794;1400;Reels Irresistibili;Reels Irresistibili: definizione in due righe | Perché è importante adesso (con dati aggiornati) | Come funziona: spiegazione passo per passo | Esempi pratici applicati a una PMI | Errori più comuni e come evitarli | Strumenti e risorse consigliate | Domande frequenti;Quanto costa Reels Irresistibili? | Quanto tempo serve per ottenere risultati con Reels Irresistibili? | Reels Irresistibili conviene a una piccola impresa? | Come si misurano i risultati di Reels Irresistibili?;riscrittura sostanziale
Agenzia di comunicazione a Palermo: come far crescere il tuo brand nel 2025;https://maxdigitalinnovation.it/agenzia-di-comunicazione-a-palermo-come-far-crescere-il-tuo-brand-nel-2025/;accorpare;transazionale;812;1500;agenzia di comunicazione Palermo;"Che cos'è agenzia di comunicazione Palermo e a chi serve | Quanto costa agenzia di comunicazione Palermo a Palermo: fasce di prezzo e cosa incide | Cosa comprende il servizio, passo per passo | Tempi di realizzazione e come si svolge il lavoro | Errori da evitare nella scelta del fornitore | Caso reale: problema, intervento, risultato misurato | Domande frequenti";Chi si occupa di agenzia di comunicazione Palermo a Palermo? | Quanto costa agenzia di comunicazione Palermo? | Quanto tempo serve per ottenere risultati con agenzia di comunicazione Palermo? | agenzia di comunicazione Palermo conviene a una piccola impresa? | Come si misurano i risultati di agenzia di comunicazione Palermo?;mantenere e ampliare
I segreti del marketing digitale a Palermo: scopri la nostra agenzia;https://maxdigitalinnovation.it/i-segreti-del-marketing-digitale-a-palermo-scopri-la-nostra-agenzia/;accorpare;transazionale;883;1600;marketing digitale Palermo;"Che cos'è marketing digitale Palermo e a chi serve | Quanto costa marketing digitale Palermo a Palermo: fasce di prezzo e cosa incide | Cosa comprende il servizio, passo per passo | Tempi di realizzazione e come si svolge il lavoro | Errori da evitare nella scelta del fornitore | Caso reale: problema, intervento, risultato misurato | Domande frequenti";Chi si occupa di marketing digitale Palermo a Palermo? | Quanto costa marketing digitale Palermo? | Quanto tempo serve per ottenere risultati con marketing digitale Palermo? | marketing digitale Palermo conviene a una piccola impresa? | Come si misurano i risultati di marketing digitale Palermo?;mantenere e ampliare
Produzione video a Palermo: come scegliere l'agenzia giusta;https://maxdigitalinnovation.it/produzione-video-a-palermo-come-scegliere-lagenzia-giusta/;accorpare;transazionale;534;1000;produzione video Palermo;"Che cos'è produzione video Palermo e a chi serve | Quanto costa produzione video Palermo a Palermo: fasce di prezzo e cosa incide | Cosa comprende il servizio, passo per passo | Tempi di realizzazione e come si svolge il lavoro | Errori da evitare nella scelta del fornitore | Caso reale: problema, intervento, risultato misurato | Domande frequenti";Chi si occupa di produzione video Palermo a Palermo? | Quanto costa produzione video Palermo? | Quanto tempo serve per ottenere risultati con produzione video Palermo? | produzione video Palermo conviene a una piccola impresa? | Come si misurano i risultati di produzione video Palermo?;unire nel principale + 301
Produzione video Palermo: perché oggi è indispensabile per ogni azienda;https://maxdigitalinnovation.it/produzione-video-palermo-perche-oggi-e-indispensabile-per-ogni-azienda/;accorpare;informazionale;976;1800;Produzione video Palermo;Produzione video Palermo: definizione in due righe | Perché è importante adesso (con dati aggiornati) | Come funziona: spiegazione passo per passo | Esempi pratici applicati a una PMI | Errori più comuni e come evitarli | Strumenti e risorse consigliate | Domande frequenti;Quanto costa Produzione video Palermo? | Quanto tempo serve per ottenere risultati con Produzione video Palermo? | Produzione video Palermo conviene a una piccola impresa? | Come si misurano i risultati di Produzione video Palermo?;mantenere e ampliare
