Pagina di partenza;Titolo partenza;Pagina di destinazione;Titolo destinazione;Anchor text;Motivo;Punteggio
/;Home;/servizi-digitali-palermo;Servizi digitali Palermo;servizi digitali;pagina servizio pertinente;0.829
/;Home;/lavora-con-noi;Lavora con noi;Carriere in Max Digital Innovation;pagina servizio pertinente;0.569
/;Home;/agenzia-di-comunicazione-video-limpatto-del-visual-marketing;Agenzia di comunicazione video: l’impatto del visual marketing;agenzia comunicazione video;articolo correlato;0.564
/;Home;/agenzia-di-comunicazione-creativa-idee-e-strategie-per-il-tuo-brand;Agenzia di comunicazione creativa: idee e strategie per il tuo brand;agenzia di comunicazione creativa;articolo correlato;0.532
/digital-strategies;Digital Strategies;/servizi-digitali-palermo;Servizi digitali Palermo;servizi digitali;pagina servizio pertinente;0.463
/digital-strategies;Digital Strategies;/produzione-video-palermo;Produzione video Palermo;Produzione video Palermo;pagina servizio pertinente;0.463
/digital-strategies;Digital Strategies;/che-cosa-fa-una-web-agency-una-guida-ai-servizi-digitali-piu-richiesti;Che cosa fa una web agency? Una guida ai servizi digitali più richiesti;cosa fa una web agency;articolo correlato;0.398
/digital-strategies;Digital Strategies;/ecco-perche-un-sito-web-a-palermo-e-cosi-essenziale-per-la-tua-attivita;Ecco Perché un Sito Web è Così Essenziale per la Tua Attività;sito web essenziale attività;articolo correlato;0.39
/servizi-digitali-palermo;Servizi digitali Palermo;/;Home;Agenzia Marketing;pagina servizio pertinente;0.829
/servizi-digitali-palermo;Servizi digitali Palermo;/agenzia-di-comunicazione-creativa-idee-e-strategie-per-il-tuo-brand;Agenzia di comunicazione creativa: idee e strategie per il tuo brand;agenzia di comunicazione creativa;articolo correlato;0.572
/servizi-digitali-palermo;Servizi digitali Palermo;/marketing-esperienziale-coinvolgi-il-pubblico-con-esperienze-uniche;Marketing Esperienziale: Coinvolgi il Pubblico con Esperienze Uniche;marketing esperienziale Palermo;articolo correlato;0.558
/servizi-digitali-palermo;Servizi digitali Palermo;/marketing-digitale-a-palermo-la-chiave-per-il-successo-della-tua-attivita;Marketing Digitale a Palermo: La Chiave per il Successo della Tua Attività;marketing digitale Palermo;articolo correlato;0.558
/realizzazione-siti-web-a-palermo;Realizzazione siti web a Palermo;/digital-marketing-palermo;Digital marketing Palermo;Digital marketing Palermo;pagina servizio pertinente;0.62
/realizzazione-siti-web-a-palermo;Realizzazione siti web a Palermo;/servizi-digitali-palermo;Servizi digitali Palermo;servizi digitali;pagina servizio pertinente;0.487
/realizzazione-siti-web-a-palermo;Realizzazione siti web a Palermo;/5-consigli-preziosi-per-pubblicizzare-la-propria-azienda-a-palermo-su-google;5 Consigli Preziosi per Pubblicizzare la Propria Azienda su Google;pubblicizzare azienda Google Palermo;articolo correlato;0.485
/realizzazione-siti-web-a-palermo;Realizzazione siti web a Palermo;/copywriter-seo-per-i-social-media-perche-a-google-piace-web-agency-seo-a-palermo;Copywriter seo per i social media: perché a Google piace;Web agency SEO Palermo;articolo correlato;0.466
/gestione-social-media-palermo;Gestione social media Palermo;/produzione-video-palermo;Produzione video Palermo;Produzione video Palermo;pagina servizio pertinente;0.801
/gestione-social-media-palermo;Gestione social media Palermo;/;Home;Agenzia Marketing;pagina servizio pertinente;0.574
/gestione-social-media-palermo;Gestione social media Palermo;/social-media-manager-a-palermo-come-scegliere-il-professionista-giusto-per-il-tuo-brand;Social Media Manager a Palermo: come scegliere il professionista giusto per il tuo brand;social media manager Palermo;articolo correlato;0.544
/gestione-social-media-palermo;Gestione social media Palermo;/vendita-online-a-palermo-sui-social-unottima-vetrina-per-i-tuoi-prodotti;Vendere sui Social: Un'ottima Vetrina per i tuoi Prodotti;vendita online a Palermo;articolo correlato;0.521
/digital-marketing-palermo;Digital marketing Palermo;/servizi-digitali-palermo;Servizi digitali Palermo;servizi digitali;pagina servizio pertinente;0.687
/digital-marketing-palermo;Digital marketing Palermo;/realizzazione-siti-web-a-palermo;Realizzazione siti web a Palermo;Realizzazione Siti Web Palermo;pagina servizio pertinente;0.62
/digital-marketing-palermo;Digital marketing Palermo;/marketing-digitale-a-palermo-la-chiave-per-il-successo-della-tua-attivita;Marketing Digitale a Palermo: La Chiave per il Successo della Tua Attività;marketing digitale Palermo;articolo correlato;0.558
/digital-marketing-palermo;Digital marketing Palermo;/social-media-marketing-nel-settore-arredamento;Social Media Marketing nel Settore Arredamento;marketing arredamento Palermo;articolo correlato;0.52
/produzione-video-palermo;Produzione video Palermo;/gestione-social-media-palermo;Gestione social media Palermo;Gestione social media;pagina servizio pertinente;0.801
/produzione-video-palermo;Produzione video Palermo;/servizi-digitali-palermo;Servizi digitali Palermo;servizi digitali;pagina servizio pertinente;0.553
/produzione-video-palermo;Produzione video Palermo;/pubblicita-su-tiktok-a-palermo-come-aiutiamo-la-tua-azienda-a-crescere;Pubblicità su TikTok a Palermo: Come Aiutiamo la Tua Azienda a Crescere;pubblicità TikTok Palermo;articolo correlato;0.433
/produzione-video-palermo;Produzione video Palermo;/tiktok-adv-o-instagram-adv-qual-e-la-piattaforma-migliore-per-la-tua-campagna-online;TikTok adv o Instagram adv? Qual è la piattaforma migliore per la tua campagna online?;TikTok adv o Instagram adv;articolo correlato;0.424
/realizzazione-e-commerce-palermo;Realizzazione E-commerce Palermo;/sviluppo-crm-gestionali-palermo;Sviluppo CRM e Gestionali Palermo;Sviluppo CRM e Gestionali Palermo;pagina servizio pertinente;0.632
/realizzazione-e-commerce-palermo;Realizzazione E-commerce Palermo;/realizzazione-siti-web-a-palermo;Realizzazione siti web a Palermo;Realizzazione Siti Web Palermo;pagina servizio pertinente;0.47
/realizzazione-e-commerce-palermo;Realizzazione E-commerce Palermo;/hai-bisogno-di-uno-store-online-per-la-tua-attivita-offriamo-realizzazione-e-commerce-a-palermo;Hai Bisogno di uno Store Online per la tua Attività?;realizzazione e-commerce Palermo;articolo correlato;0.363
/realizzazione-e-commerce-palermo;Realizzazione E-commerce Palermo;/come-costruire-un-marchio-di-successo-con-lo-sviluppo-e-gestione-del-brand-a-palermo;Sviluppo e gestione del brand: come costruire un marchio di successo;sviluppo e gestione del brand a Palermo;articolo correlato;0.363
/graphic-design-palermo;Graphic Design Palermo;/produzione-video-palermo;Produzione video Palermo;Produzione video Palermo;pagina servizio pertinente;0.487
/graphic-design-palermo;Graphic Design Palermo;/gestione-social-media-palermo;Gestione social media Palermo;Gestione social media;pagina servizio pertinente;0.478
/graphic-design-palermo;Graphic Design Palermo;/come-costruire-un-marchio-di-successo-con-lo-sviluppo-e-gestione-del-brand-a-palermo;Sviluppo e gestione del brand: come costruire un marchio di successo;sviluppo e gestione del brand a Palermo;articolo correlato;0.443
/graphic-design-palermo;Graphic Design Palermo;/come-unire-seo-e-branding-visivo-in-un-solo-progetto-web;Come Unire SEO e Branding Visivo in un Solo Progetto Web;integrare SEO e brand identity;articolo correlato;0.416
/sviluppo-crm-gestionali-palermo;Sviluppo CRM e Gestionali Palermo;/realizzazione-e-commerce-palermo;Realizzazione E-commerce Palermo;Realizzazione E-commerce Palermo;pagina servizio pertinente;0.632
/sviluppo-crm-gestionali-palermo;Sviluppo CRM e Gestionali Palermo;/realizzazione-siti-web-a-palermo;Realizzazione siti web a Palermo;Realizzazione Siti Web Palermo;pagina servizio pertinente;0.408
/sviluppo-crm-gestionali-palermo;Sviluppo CRM e Gestionali Palermo;/la-tua-agenzia-di-marketing-a-palermo-per-una-crescita-su-misura;La Tua Agenzia di Marketing a Palermo per una Crescita Su Misura;agenzia di marketing a Palermo;articolo correlato;0.355
/sviluppo-crm-gestionali-palermo;Sviluppo CRM e Gestionali Palermo;/marketing-online-per-la-tua-concessionaria;Marketing Online per la tua Concessionaria;marketing digitale per concessionarie a Palermo;articolo correlato;0.308
/naming-palermo;Naming Palermo;/servizi-digitali-palermo;Servizi digitali Palermo;servizi digitali;pagina servizio pertinente;0.607
/naming-palermo;Naming Palermo;/quali-sono-i-servizi-offerti-da-unagenzia-di-comunicazione-a-palermo;Quali Sono i Servizi Offerti da un’Agenzia di Comunicazione a Palermo?;agenzia di comunicazione Palermo;articolo correlato;0.495
/naming-palermo;Naming Palermo;/realizzazione-siti-web-a-palermo;Realizzazione siti web a Palermo;Realizzazione Siti Web Palermo;pagina servizio pertinente;0.478
/naming-palermo;Naming Palermo;/web-agency-locale-a-palermo-la-tua-guida-per-conquistare-il-pubblico-della-citta;Web Agency Locale a Palermo: La Tua Guida per Conquistare il Pubblico della Città;web agency locale Palermo;articolo correlato;0.415
/stampe-digitali-palermo;Stampe digitali e produzione pannelli;/servizi-digitali-palermo;Servizi digitali Palermo;servizi digitali;pagina servizio pertinente;0.403
/stampe-digitali-palermo;Stampe digitali e produzione pannelli;/produzione-video-palermo;Produzione video Palermo;Produzione video Palermo;pagina servizio pertinente;0.403
/stampe-digitali-palermo;Stampe digitali e produzione pannelli;/web-agency-a-palermo-per-eventi-massimizza-la-partecipazione-al-tuo-evento;Web Agency a Palermo per Eventi: Massimizza la Partecipazione al Tuo Evento;Web Agency Palermo Eventi;articolo correlato;0.297
/stampe-digitali-palermo;Stampe digitali e produzione pannelli;/innovazione-digitale-palermo;Palermo: un hub emergente per l’innovazione digitale;Palermo Hub Innovazione Digitale;articolo correlato;0.238
/lavora-con-noi;Lavora con noi;/;Home;Agenzia Marketing;pagina servizio pertinente;0.449
/lavora-con-noi;Lavora con noi;/agenzia-di-comunicazione-creativa-idee-e-strategie-per-il-tuo-brand;Agenzia di comunicazione creativa: idee e strategie per il tuo brand;agenzia di comunicazione creativa;articolo correlato;0.423
/lavora-con-noi;Lavora con noi;/servizi-digitali-palermo;Servizi digitali Palermo;servizi digitali;pagina servizio pertinente;0.408
/lavora-con-noi;Lavora con noi;/video-marketing-cose-e-perche-dovresti-farlo;Video Marketing: cos’è e perché dovresti farlo;video marketing;articolo correlato;0.406
/innovazione-digitale-pmi-competitive;Le piccole e medie imprese e l’innovazione digitale: come restare competitivi;/innovazione-digitale-palermo;Palermo: un hub emergente per l’innovazione digitale;Palermo Hub Innovazione Digitale;articolo correlato;0.521
/innovazione-digitale-pmi-competitive;Le piccole e medie imprese e l’innovazione digitale: come restare competitivi;/lavora-con-noi;Lavora con noi;Carriere in Max Digital Innovation;pagina servizio pertinente;0.451
/innovazione-digitale-pmi-competitive;Le piccole e medie imprese e l’innovazione digitale: come restare competitivi;/web-agency-a-palermo-per-il-settore-immobiliare-la-chiave-per-il-successo-online;Web Agency a Palermo per il Settore Immobiliare: La Chiave per il Successo Online;Web Agency Palermo Immobiliare;articolo correlato;0.436
/innovazione-digitale-pmi-competitive;Le piccole e medie imprese e l’innovazione digitale: come restare competitivi;/web-agency-per-startup-a-palermo-la-tua-guida-al-successo-digitale;Web Agency per Startup a Palermo: La Tua Guida al Successo Digitale;web agency startup Palermo;articolo correlato;0.407
/innovazione-digitale-palermo;Palermo: un hub emergente per l’innovazione digitale;/mi-serve-davvero-un-sito-web-aziendale;Mi serve davvero un sito web aziendale?;sito web aziendale Palermo;articolo correlato;0.544
/innovazione-digitale-palermo;Palermo: un hub emergente per l’innovazione digitale;/servizi-digitali-palermo;Servizi digitali Palermo;servizi digitali;pagina servizio pertinente;0.543
/innovazione-digitale-palermo;Palermo: un hub emergente per l’innovazione digitale;/innovazione-digitale-pmi-competitive;Le piccole e medie imprese e l’innovazione digitale: come restare competitivi;innovazione digitale PMI;articolo correlato;0.521
/innovazione-digitale-palermo;Palermo: un hub emergente per l’innovazione digitale;/business-innovation-cosa-chiede-il-mercato-oggi;Business Innovation: Cosa Chiede il Mercato Oggi?;Business Innovation;articolo correlato;0.474
/cybersecurity-per-aziende;Cybersecurity per le aziende: come proteggere il tuo sito web e i dati dei clienti;/il-web-design-e-la-sua-evoluzione;Il Web Design e la sua Evoluzione;web design Palermo;articolo correlato;0.557
/cybersecurity-per-aziende;Cybersecurity per le aziende: come proteggere il tuo sito web e i dati dei clienti;/tipologie-di-siti-web-la-guida-definitiva-per-imprenditori;Tipologie di siti web: la guida definitiva per imprenditori;tipologie di siti web;articolo correlato;0.532
/cybersecurity-per-aziende;Cybersecurity per le aziende: come proteggere il tuo sito web e i dati dei clienti;/i-custodi-dei-siti-web-chi-protegge-i-tuoi-dati;I custodi dei siti web: chi protegge i tuoi dati?;Sicurezza Siti Web;articolo correlato;0.532
/cybersecurity-per-aziende;Cybersecurity per le aziende: come proteggere il tuo sito web e i dati dei clienti;/web-agency-a-palermo-per-creare-un-sito-professionale;Web Agency a Palermo per creare un sito professionale;web agency a Palermo;articolo correlato;0.484
/strategia-marketing-digitale;Dal branding al marketing digitale: costruisci la tua strategia vincente;/strategie-di-marketing-per-aziende-come-costruire-un-piano-di-successo;Strategie di marketing per aziende: come costruire un piano di successo;strategie di marketing per aziende;articolo correlato;0.634
/strategia-marketing-digitale;Dal branding al marketing digitale: costruisci la tua strategia vincente;/che-lavoro-fa-il-marketing-il-motore-che-trasforma-idee-in-successo;Che lavoro fa il marketing? Il motore che trasforma idee in successo;che lavoro fa il marketing;articolo correlato;0.621
/strategia-marketing-digitale;Dal branding al marketing digitale: costruisci la tua strategia vincente;/strategie-di-marketing-di-successo-i-passi-fondamentali-per-distinguersi-nel-mercato;Brand Strategy di Successo: I Passi Fondamentali per Distinguersi nel Mercato;Brand Strategy di Successo;articolo correlato;0.608
/strategia-marketing-digitale;Dal branding al marketing digitale: costruisci la tua strategia vincente;/marketing-digitale-a-palermo-la-chiave-per-il-successo-della-tua-attivita;Marketing Digitale a Palermo: La Chiave per il Successo della Tua Attività;marketing digitale Palermo;articolo correlato;0.591
/campagne-ai-driven-marketing-automation;Dalle campagne AI-driven al marketing automation: cosa aspettarsi dal futuro digitale;/agenzia-di-comunicazione-per-e-commerce-vendere-di-piu-online;Agenzia di comunicazione per e-commerce: vendere di più online;agenzia di comunicazione per e-commerce;articolo correlato;0.464
/campagne-ai-driven-marketing-automation;Dalle campagne AI-driven al marketing automation: cosa aspettarsi dal futuro digitale;/strategia-marketing-digitale;Dal branding al marketing digitale: costruisci la tua strategia vincente;strategia marketing digitale;articolo correlato;0.454
/campagne-ai-driven-marketing-automation;Dalle campagne AI-driven al marketing automation: cosa aspettarsi dal futuro digitale;/marketing-digitale-a-palermo-la-chiave-per-il-successo-della-tua-attivita;Marketing Digitale a Palermo: La Chiave per il Successo della Tua Attività;marketing digitale Palermo;articolo correlato;0.454
/campagne-ai-driven-marketing-automation;Dalle campagne AI-driven al marketing automation: cosa aspettarsi dal futuro digitale;/agenzia-di-comunicazione-digitale-il-futuro-della-promozione-online;Agenzia di comunicazione digitale: il futuro della promozione online;agenzia di comunicazione digitale;articolo correlato;0.454
/gestione-social-media-presenza-online;Gestire i social media per migliorare la tua presenza online;/social-media-manager-a-palermo-come-scegliere-il-professionista-giusto-per-il-tuo-brand;Social Media Manager a Palermo: come scegliere il professionista giusto per il tuo brand;social media manager Palermo;articolo correlato;0.649
/gestione-social-media-presenza-online;Gestire i social media per migliorare la tua presenza online;/gestione-social-media-per-la-tua-attivita;Gestione Social Media per la tua Attività;gestione social media Palermo;articolo correlato;0.621
/gestione-social-media-presenza-online;Gestire i social media per migliorare la tua presenza online;/vendita-online-a-palermo-sui-social-unottima-vetrina-per-i-tuoi-prodotti;Vendere sui Social: Un'ottima Vetrina per i tuoi Prodotti;vendita online a Palermo;articolo correlato;0.621
/gestione-social-media-presenza-online;Gestire i social media per migliorare la tua presenza online;/gestione-social-media-a-palermo-come-la-nostra-agenzia-di-comunicazione-cura-i-tuoi-social-media;Gestione Social Media a Palermo: Come la Nostra Agenzia di Comunicazione Cura i Tuoi Social Media;gestione social media Palermo;articolo correlato;0.605
/design-responsivo-sito-web-successo-online;Perché un design responsive è fondamentale per il tuo sito web;/il-web-design-e-la-sua-evoluzione;Il Web Design e la sua Evoluzione;web design Palermo;articolo correlato;0.605
/design-responsivo-sito-web-successo-online;Perché un design responsive è fondamentale per il tuo sito web;/le-11-regole-per-un-sito-web-efficace;Le 11 Regole per un Sito Web Efficace;Siti Web Efficaci a Palermo;articolo correlato;0.473
/design-responsivo-sito-web-successo-online;Perché un design responsive è fondamentale per il tuo sito web;/creare-un-sito-web-a-palermo-le-caratteristiche-di-unarchitettura-efficace;Struttura di un Sito Web: Le Caratteristiche di un’Architettura Efficace;struttura sito web;articolo correlato;0.473
/design-responsivo-sito-web-successo-online;Perché un design responsive è fondamentale per il tuo sito web;/creazione-siti-web-professionali-a-palermo-costruisci-la-tua-identita-digitale;Creazione Siti Web Professionali a Palermo: Costruisci la Tua Identità Digitale;siti web professionali Palermo;articolo correlato;0.473
/perche-un-sito-web-professionale-e-la-chiave-del-successo-per-ogni-impresa;Perché un sito web professionale è la chiave del successo per ogni impresa;/ecco-perche-un-sito-web-a-palermo-e-cosi-essenziale-per-la-tua-attivita;Ecco Perché un Sito Web è Così Essenziale per la Tua Attività;sito web essenziale attività;articolo correlato;0.488
/perche-un-sito-web-professionale-e-la-chiave-del-successo-per-ogni-impresa;Perché un sito web professionale è la chiave del successo per ogni impresa;/come-realizzare-un-sito-web-efficace-le-migliori-alternative-per-creare-un-percorso-di-successo-online;Come Realizzare un Sito Web Efficace: Le Migliori Alternative per Creare un Percorso di Successo Online;Creazione Sito Web a Palermo;articolo correlato;0.47
/perche-un-sito-web-professionale-e-la-chiave-del-successo-per-ogni-impresa;Perché un sito web professionale è la chiave del successo per ogni impresa;/cybersecurity-per-aziende;Cybersecurity per le aziende: come proteggere il tuo sito web e i dati dei clienti;Cybersecurity Aziendale;articolo correlato;0.464
/perche-un-sito-web-professionale-e-la-chiave-del-successo-per-ogni-impresa;Perché un sito web professionale è la chiave del successo per ogni impresa;/lavora-con-noi;Lavora con noi;Carriere in Max Digital Innovation;pagina servizio pertinente;0.451
/come-creare-una-strategia-di-comunicazione-digitale-efficace-per-piccole-imprese;Come Creare una Strategia di Comunicazione Digitale Efficace per Piccole Imprese;/come-strutturare-una-strategia-digitale-efficace;Come strutturare una strategia digitale efficace;strategia digitale efficace;articolo correlato;0.776
/come-creare-una-strategia-di-comunicazione-digitale-efficace-per-piccole-imprese;Come Creare una Strategia di Comunicazione Digitale Efficace per Piccole Imprese;/come-il-social-media-manager-puo-potenziare-la-tua-strategia-di-content-marketing;Come il Social Media Manager può potenziare la tua strategia di content marketing;social media manager content marketing;articolo correlato;0.655
/come-creare-una-strategia-di-comunicazione-digitale-efficace-per-piccole-imprese;Come Creare una Strategia di Comunicazione Digitale Efficace per Piccole Imprese;/il-ruolo-di-un-social-media-manager-nelle-piccole-e-medie-imprese;Il ruolo di un Social Media Manager nelle piccole e medie imprese;Social Media Manager per PMI;articolo correlato;0.641
/come-creare-una-strategia-di-comunicazione-digitale-efficace-per-piccole-imprese;Come Creare una Strategia di Comunicazione Digitale Efficace per Piccole Imprese;/strategie-di-content-marketing-per-le-piccole-imprese-a-palermo;Strategie di Content Marketing per le Piccole Imprese a Palermo;Content Marketing Palermo;articolo correlato;0.608
/reputazione_online_cose_perche_conta_e_come_verificarla;Reputazione online: perché è importante e come gestirla efficacemente;/rendi-la-tua-azienda-digitale-trasformazione-e-innovazione-a-palermo;Rendi la Tua Azienda Digitale: Trasformazione e Innovazione a Palermo;azienda digitale Palermo;articolo correlato;0.657
/reputazione_online_cose_perche_conta_e_come_verificarla;Reputazione online: perché è importante e come gestirla efficacemente;/come-migliorare-la-tua-brand-reputation-con-le-attivita-di-digital-marketing;Come Migliorare la Tua Brand Reputation con le Attività di Digital Marketing;Migliorare reputazione brand a Palermo;articolo correlato;0.629
/reputazione_online_cose_perche_conta_e_come_verificarla;Reputazione online: perché è importante e come gestirla efficacemente;/marketing-digitale-a-palermo-la-chiave-per-il-successo-della-tua-attivita;Marketing Digitale a Palermo: La Chiave per il Successo della Tua Attività;marketing digitale Palermo;articolo correlato;0.615
/reputazione_online_cose_perche_conta_e_come_verificarla;Reputazione online: perché è importante e come gestirla efficacemente;/strategie-di-web-reputation-come-costruire-gestire-e-misurare-la-percezione-online;"Strategie di Web Reputation: Come Costruire, Gestire e Misurare la Percezione Online";web reputation;articolo correlato;0.603
/come-creare-una-landing-page-efficace;Come creare una Landing Page efficace;/cose-unagency-scopri-il-ruolo-e-i-servizi-di-unagenzia-moderna;Cos’è un’agency? Scopri il ruolo e i servizi di un’agenzia moderna;cos'è un'agency;articolo correlato;0.55
/come-creare-una-landing-page-efficace;Come creare una Landing Page efficace;/progettare-un-packaging-efficace-guida-per-valorizzare-il-tuo-prodotto;Progettare un packaging efficace: guida per valorizzare il tuo prodotto;packaging efficace;articolo correlato;0.523
/come-creare-una-landing-page-efficace;Come creare una Landing Page efficace;/agenzia-di-comunicazione-per-e-commerce-vendere-di-piu-online;Agenzia di comunicazione per e-commerce: vendere di più online;agenzia di comunicazione per e-commerce;articolo correlato;0.473
/come-creare-una-landing-page-efficace;Come creare una Landing Page efficace;/digital-marketing-palermo;Digital marketing Palermo;Digital marketing Palermo;pagina servizio pertinente;0.47
/branded-content-come-raccontare-il-tuo-brand-con-max-digital-innovation;Branded Content: Come Raccontare il Tuo Brand con Max Digital Innovation;/lavora-con-noi;Lavora con noi;Carriere in Max Digital Innovation;pagina servizio pertinente;0.643
/branded-content-come-raccontare-il-tuo-brand-con-max-digital-innovation;Branded Content: Come Raccontare il Tuo Brand con Max Digital Innovation;/visual-storytelling-una-storia-di-successo;Visual Storytelling: una storia di successo;visual storytelling;articolo correlato;0.608
/branded-content-come-raccontare-il-tuo-brand-con-max-digital-innovation;Branded Content: Come Raccontare il Tuo Brand con Max Digital Innovation;/come-il-social-media-manager-puo-potenziare-la-tua-strategia-di-content-marketing;Come il Social Media Manager può potenziare la tua strategia di content marketing;social media manager content marketing;articolo correlato;0.608
/branded-content-come-raccontare-il-tuo-brand-con-max-digital-innovation;Branded Content: Come Raccontare il Tuo Brand con Max Digital Innovation;/marketing-esperienziale-coinvolgi-il-pubblico-con-esperienze-uniche;Marketing Esperienziale: Coinvolgi il Pubblico con Esperienze Uniche;marketing esperienziale Palermo;articolo correlato;0.594
/piano-di-marketing-cose-e-come-crearlo-con-successo;Piano di Marketing: Cos’è e Come Crearlo con Successo;/strategie-di-marketing-per-aziende-come-costruire-un-piano-di-successo;Strategie di marketing per aziende: come costruire un piano di successo;strategie di marketing per aziende;articolo correlato;0.684
/piano-di-marketing-cose-e-come-crearlo-con-successo;Piano di Marketing: Cos’è e Come Crearlo con Successo;/che-lavoro-fa-il-marketing-il-motore-che-trasforma-idee-in-successo;Che lavoro fa il marketing? Il motore che trasforma idee in successo;che lavoro fa il marketing;articolo correlato;0.671
/piano-di-marketing-cose-e-come-crearlo-con-successo;Piano di Marketing: Cos’è e Come Crearlo con Successo;/strategie-di-marketing-di-successo-i-passi-fondamentali-per-distinguersi-nel-mercato;Brand Strategy di Successo: I Passi Fondamentali per Distinguersi nel Mercato;Brand Strategy di Successo;articolo correlato;0.658
/piano-di-marketing-cose-e-come-crearlo-con-successo;Piano di Marketing: Cos’è e Come Crearlo con Successo;/agenzia-di-comunicazione-strategica-come-pianificare-il-successo;Agenzia di comunicazione strategica: come pianificare il successo;agenzia di comunicazione strategica;articolo correlato;0.608
/scopri-come-aumentare-posizionamento-seo-per-il-tuo-sito-web-su-google;Scopri come posizionare il tuo sito Web su Google;/10-modi-per-migliorare-la-visibilita-del-tuo-sito-web-sui-motori-di-ricerca;10 Modi per Migliorare la Visibilità del Tuo Sito Web sui Motori di Ricerca;Migliora Visibilità Sito Web;articolo correlato;0.473
/scopri-come-aumentare-posizionamento-seo-per-il-tuo-sito-web-su-google;Scopri come posizionare il tuo sito Web su Google;/pubblicita-digitale-a-palermo-come-aumentare-la-visibilita-della-tua-attivita;Pubblicità Digitale a Palermo: Come Aumentare la Visibilità della Tua Attività;pubblicità digitale Palermo;articolo correlato;0.463
/scopri-come-aumentare-posizionamento-seo-per-il-tuo-sito-web-su-google;Scopri come posizionare il tuo sito Web su Google;/lavora-con-noi;Lavora con noi;Carriere in Max Digital Innovation;pagina servizio pertinente;0.458
/scopri-come-aumentare-posizionamento-seo-per-il-tuo-sito-web-su-google;Scopri come posizionare il tuo sito Web su Google;/copywriter-seo-per-i-social-media-perche-a-google-piace-web-agency-seo-a-palermo;Copywriter seo per i social media: perché a Google piace;Web agency SEO Palermo;articolo correlato;0.445
/tipologie-di-siti-web-la-guida-definitiva-per-imprenditori;Tipologie di siti web: la guida definitiva per imprenditori;/il-web-design-e-la-sua-evoluzione;Il Web Design e la sua Evoluzione;web design Palermo;articolo correlato;0.591
/tipologie-di-siti-web-la-guida-definitiva-per-imprenditori;Tipologie di siti web: la guida definitiva per imprenditori;/web-agency-a-palermo-la-guida-completa-per-far-crescere-la-tua-attivita-online;Web Agency a Palermo: La Guida Completa per Far Crescere la Tua Attività Online;web agency a Palermo;articolo correlato;0.564
/tipologie-di-siti-web-la-guida-definitiva-per-imprenditori;Tipologie di siti web: la guida definitiva per imprenditori;/cybersecurity-per-aziende;Cybersecurity per le aziende: come proteggere il tuo sito web e i dati dei clienti;Cybersecurity Aziendale;articolo correlato;0.532
/tipologie-di-siti-web-la-guida-definitiva-per-imprenditori;Tipologie di siti web: la guida definitiva per imprenditori;/quanto-costa-un-sito-web-a-palermo;Quanto Costa un Sito Web nel 2024?;costo sito web Palermo;articolo correlato;0.52
/tiktok-ads-manager-guida-completa-su-come-gestire-le-tue-campagne-su-tiktok;TikTok Ads Manager: Guida Completa su Come Gestire le Tue Campagne su TikTok;/cosa-si-intende-per-pubblicita-una-guida-completa-al-mondo-pubblicitario;Cosa si intende per pubblicità? Una guida completa al mondo pubblicitario;cosa si intende per pubblicità;articolo correlato;0.594
/tiktok-ads-manager-guida-completa-su-come-gestire-le-tue-campagne-su-tiktok;TikTok Ads Manager: Guida Completa su Come Gestire le Tue Campagne su TikTok;/gestione-social-media-palermo;Gestione social media Palermo;Gestione social media;pagina servizio pertinente;0.564
/tiktok-ads-manager-guida-completa-su-come-gestire-le-tue-campagne-su-tiktok;TikTok Ads Manager: Guida Completa su Come Gestire le Tue Campagne su TikTok;/lavora-con-noi;Lavora con noi;Carriere in Max Digital Innovation;pagina servizio pertinente;0.563
/tiktok-ads-manager-guida-completa-su-come-gestire-le-tue-campagne-su-tiktok;TikTok Ads Manager: Guida Completa su Come Gestire le Tue Campagne su TikTok;/gestione-social-media-presenza-online;Gestire i social media per migliorare la tua presenza online;gestione social media;articolo correlato;0.559
/dem-marketing-come-usarlo-nel-2024-per-massimizzare-i-risultati;DEM Marketing: Come Usarlo nel 2024 per Massimizzare i Risultati;/servizi-digitali-palermo;Servizi digitali Palermo;servizi digitali;pagina servizio pertinente;0.524
/dem-marketing-come-usarlo-nel-2024-per-massimizzare-i-risultati;DEM Marketing: Come Usarlo nel 2024 per Massimizzare i Risultati;/digital-marketing-palermo;Digital marketing Palermo;Digital marketing Palermo;pagina servizio pertinente;0.524
/dem-marketing-come-usarlo-nel-2024-per-massimizzare-i-risultati;DEM Marketing: Come Usarlo nel 2024 per Massimizzare i Risultati;/agenzia-di-comunicazione-creativa-idee-e-strategie-per-il-tuo-brand;Agenzia di comunicazione creativa: idee e strategie per il tuo brand;agenzia di comunicazione creativa;articolo correlato;0.524
/dem-marketing-come-usarlo-nel-2024-per-massimizzare-i-risultati;DEM Marketing: Come Usarlo nel 2024 per Massimizzare i Risultati;/come-creare-una-landing-page-efficace;Come creare una Landing Page efficace;creare landing page efficaci;articolo correlato;0.456
/e-commerce-a-palermo;Hai Bisogno Di Un E-commerce a Palermo?;/marketing-digitale-a-palermo-la-chiave-per-il-successo-della-tua-attivita;Marketing Digitale a Palermo: La Chiave per il Successo della Tua Attività;marketing digitale Palermo;articolo correlato;0.594
/e-commerce-a-palermo;Hai Bisogno Di Un E-commerce a Palermo?;/che-cose-unazienda-di-marketing-scopri-il-motore-del-successo-aziendale;Che cos’è un’azienda di marketing? Scopri il motore del successo aziendale;azienda di marketing;articolo correlato;0.582
/e-commerce-a-palermo;Hai Bisogno Di Un E-commerce a Palermo?;/il-marketing-per-attivita-locali-i-vantaggi-di-affidarsi-a-una-web-agency;Il Marketing per Attività Locali;marketing per attività a Palermo;articolo correlato;0.557
/e-commerce-a-palermo;Hai Bisogno Di Un E-commerce a Palermo?;/marketing-online-per-il-tuo-negozio-di-abbigliamento;Marketing Online per il Tuo Negozio di Abbigliamento;Marketing Digitale per Negozi di Abbigliamento a Palermo;articolo correlato;0.545
/business-innovation-cosa-chiede-il-mercato-oggi;Business Innovation: Cosa Chiede il Mercato Oggi?;/che-cosa-fa-una-web-agency-una-guida-ai-servizi-digitali-piu-richiesti;Che cosa fa una web agency? Una guida ai servizi digitali più richiesti;cosa fa una web agency;articolo correlato;0.503
/business-innovation-cosa-chiede-il-mercato-oggi;Business Innovation: Cosa Chiede il Mercato Oggi?;/innovazione-digitale-palermo;Palermo: un hub emergente per l’innovazione digitale;Palermo Hub Innovazione Digitale;articolo correlato;0.474
/business-innovation-cosa-chiede-il-mercato-oggi;Business Innovation: Cosa Chiede il Mercato Oggi?;/come-scegliere-unagenzia-di-comunicazione-efficace-la-guida-per-il-successo-del-tuo-brand;Come scegliere un’agenzia di comunicazione efficace: la guida per il successo del tuo brand;agenzia di comunicazione efficace;articolo correlato;0.465
/business-innovation-cosa-chiede-il-mercato-oggi;Business Innovation: Cosa Chiede il Mercato Oggi?;/servizi-digitali-palermo;Servizi digitali Palermo;servizi digitali;pagina servizio pertinente;0.463
/advertising-a-palermo;"Advertising a Palermo, Meta Ads, Google Ads, Tiktok Ads";/il-marketing-per-attivita-locali-i-vantaggi-di-affidarsi-a-una-web-agency;Il Marketing per Attività Locali;marketing per attività a Palermo;articolo correlato;0.57
/advertising-a-palermo;"Advertising a Palermo, Meta Ads, Google Ads, Tiktok Ads";/10-modi-per-migliorare-la-visibilita-del-tuo-sito-web-sui-motori-di-ricerca;10 Modi per Migliorare la Visibilità del Tuo Sito Web sui Motori di Ricerca;Migliora Visibilità Sito Web;articolo correlato;0.546
/advertising-a-palermo;"Advertising a Palermo, Meta Ads, Google Ads, Tiktok Ads";/marketing-e-pubblicita-a-palermo-tutti-i-tipi-di-pubblicita-per-far-crescere-la-tua-attivita;Marketing e Pubblicità a Palermo: Tutti i Tipi di Pubblicità per Far Crescere la Tua Attività;marketing e pubblicità Palermo;articolo correlato;0.546
/advertising-a-palermo;"Advertising a Palermo, Meta Ads, Google Ads, Tiktok Ads";/aumentare-le-vendite-ecommerce-non-sei-soddisfatto-della-tua-agenzia;Aumentare le Vendite eCommerce: Non Sei Soddisfatto della Tua Agenzia?;Aumentare Vendite eCommerce Palermo;articolo correlato;0.535
/5-consigli-preziosi-per-pubblicizzare-la-propria-azienda-a-palermo-su-google;5 Consigli Preziosi per Pubblicizzare la Propria Azienda su Google;/realizzazione-siti-web-a-palermo;Realizzazione siti web a Palermo;Realizzazione Siti Web Palermo;pagina servizio pertinente;0.585
/5-consigli-preziosi-per-pubblicizzare-la-propria-azienda-a-palermo-su-google;5 Consigli Preziosi per Pubblicizzare la Propria Azienda su Google;/hai-bisogno-di-pubblicizzare-il-tuo-ristorante-a-palermo-ecco-come-possiamo-aiutarti;Hai Bisogno di Pubblicizzare il Tuo Ristorante? Ecco Come Possiamo Aiutarti!;Marketing Ristoranti Palermo;articolo correlato;0.542
/5-consigli-preziosi-per-pubblicizzare-la-propria-azienda-a-palermo-su-google;5 Consigli Preziosi per Pubblicizzare la Propria Azienda su Google;/come-fare-pubblicita-a-palermo-su-internet-guida-per-principianti;Come Fare Pubblicità su Internet: Guida per Principianti;Pubblicità su Internet a Palermo;articolo correlato;0.456
/5-consigli-preziosi-per-pubblicizzare-la-propria-azienda-a-palermo-su-google;5 Consigli Preziosi per Pubblicizzare la Propria Azienda su Google;/gestione-social-media-palermo;Gestione social media Palermo;Gestione social media;pagina servizio pertinente;0.456
/realizzazione-siti-web-per-bb-a-palermo-hotel-motel-e-strutture-ricettive-tutto-quello-che-ce-da-sapere;"Realizzazione Siti Web per B&amp;B, Hotel, Motel e Strutture Ricettive: Tutto Quello che C'è da Sapere!";/hai-bisogno-di-uno-store-online-per-la-tua-attivita-offriamo-realizzazione-e-commerce-a-palermo;Hai Bisogno di uno Store Online per la tua Attività?;realizzazione e-commerce Palermo;articolo correlato;0.534
/realizzazione-siti-web-per-bb-a-palermo-hotel-motel-e-strutture-ricettive-tutto-quello-che-ce-da-sapere;"Realizzazione Siti Web per B&amp;B, Hotel, Motel e Strutture Ricettive: Tutto Quello che C'è da Sapere!";/web-agency-a-palermo-la-guida-completa-per-far-crescere-la-tua-attivita-online;Web Agency a Palermo: La Guida Completa per Far Crescere la Tua Attività Online;web agency a Palermo;articolo correlato;0.513
/realizzazione-siti-web-per-bb-a-palermo-hotel-motel-e-strutture-ricettive-tutto-quello-che-ce-da-sapere;"Realizzazione Siti Web per B&amp;B, Hotel, Motel e Strutture Ricettive: Tutto Quello che C'è da Sapere!";/ecco-perche-un-sito-web-a-palermo-e-cosi-essenziale-per-la-tua-attivita;Ecco Perché un Sito Web è Così Essenziale per la Tua Attività;sito web essenziale attività;articolo correlato;0.509
/realizzazione-siti-web-per-bb-a-palermo-hotel-motel-e-strutture-ricettive-tutto-quello-che-ce-da-sapere;"Realizzazione Siti Web per B&amp;B, Hotel, Motel e Strutture Ricettive: Tutto Quello che C'è da Sapere!";/marketing-online-per-la-tua-concessionaria;Marketing Online per la tua Concessionaria;marketing digitale per concessionarie a Palermo;articolo correlato;0.483
/hai-bisogno-di-pubblicizzare-il-tuo-ristorante-a-palermo-ecco-come-possiamo-aiutarti;Hai Bisogno di Pubblicizzare il Tuo Ristorante? Ecco Come Possiamo Aiutarti!;/restare-al-passo-coi-trend-e-difficile-scopri-come-unagenzia-di-comunicazione-puo-aiutarti;Restare al Passo coi Trend è Difficile? Scopri Come un'Agenzia di Comunicazione Può Aiutarti;agenzia di marketing a Palermo;articolo correlato;0.543
/hai-bisogno-di-pubblicizzare-il-tuo-ristorante-a-palermo-ecco-come-possiamo-aiutarti;Hai Bisogno di Pubblicizzare il Tuo Ristorante? Ecco Come Possiamo Aiutarti!;/5-consigli-preziosi-per-pubblicizzare-la-propria-azienda-a-palermo-su-google;5 Consigli Preziosi per Pubblicizzare la Propria Azienda su Google;pubblicizzare azienda Google Palermo;articolo correlato;0.542
/hai-bisogno-di-pubblicizzare-il-tuo-ristorante-a-palermo-ecco-come-possiamo-aiutarti;Hai Bisogno di Pubblicizzare il Tuo Ristorante? Ecco Come Possiamo Aiutarti!;/vuoi-aprire-unattivita-a-palermo-e-non-sai-a-chi-affidarti-ecco-come-fare-gestione-marketing-attivita-a-palermo;Vuoi Aprire un’Attività a Palermo e Non Sai a Chi Affidarti? Ecco Come Fare!;Aprire Attività a Palermo;articolo correlato;0.529
/hai-bisogno-di-pubblicizzare-il-tuo-ristorante-a-palermo-ecco-come-possiamo-aiutarti;Hai Bisogno di Pubblicizzare il Tuo Ristorante? Ecco Come Possiamo Aiutarti!;/marketing-online-per-il-tuo-negozio-di-abbigliamento;Marketing Online per il Tuo Negozio di Abbigliamento;Marketing Digitale per Negozi di Abbigliamento a Palermo;articolo correlato;0.505
/ecco-perche-un-sito-web-a-palermo-e-cosi-essenziale-per-la-tua-attivita;Ecco Perché un Sito Web è Così Essenziale per la Tua Attività;/cosa-si-intende-per-sito-web-una-guida-per-capirne-limportanza;Cosa si intende per sito web? Una guida per capirne l’importanza;cosa si intende per sito web;articolo correlato;0.661
/ecco-perche-un-sito-web-a-palermo-e-cosi-essenziale-per-la-tua-attivita;Ecco Perché un Sito Web è Così Essenziale per la Tua Attività;/web-agency-a-palermo-la-guida-completa-per-far-crescere-la-tua-attivita-online;Web Agency a Palermo: La Guida Completa per Far Crescere la Tua Attività Online;web agency a Palermo;articolo correlato;0.607
/ecco-perche-un-sito-web-a-palermo-e-cosi-essenziale-per-la-tua-attivita;Ecco Perché un Sito Web è Così Essenziale per la Tua Attività;/hai-bisogno-di-uno-store-online-per-la-tua-attivita-offriamo-realizzazione-e-commerce-a-palermo;Hai Bisogno di uno Store Online per la tua Attività?;realizzazione e-commerce Palermo;articolo correlato;0.579
/ecco-perche-un-sito-web-a-palermo-e-cosi-essenziale-per-la-tua-attivita;Ecco Perché un Sito Web è Così Essenziale per la Tua Attività;/quanto-costa-un-sito-web-a-palermo;Quanto Costa un Sito Web nel 2024?;costo sito web Palermo;articolo correlato;0.565
/gestione-social-media-a-palermo-come-la-nostra-agenzia-di-comunicazione-cura-i-tuoi-social-media;Gestione Social Media a Palermo: Come la Nostra Agenzia di Comunicazione Cura i Tuoi Social Media;/vendita-online-a-palermo-sui-social-unottima-vetrina-per-i-tuoi-prodotti;Vendere sui Social: Un'ottima Vetrina per i tuoi Prodotti;vendita online a Palermo;articolo correlato;0.801
/gestione-social-media-a-palermo-come-la-nostra-agenzia-di-comunicazione-cura-i-tuoi-social-media;Gestione Social Media a Palermo: Come la Nostra Agenzia di Comunicazione Cura i Tuoi Social Media;/marketing-digitale-a-palermo-la-chiave-per-il-successo-della-tua-attivita;Marketing Digitale a Palermo: La Chiave per il Successo della Tua Attività;marketing digitale Palermo;articolo correlato;0.716
/gestione-social-media-a-palermo-come-la-nostra-agenzia-di-comunicazione-cura-i-tuoi-social-media;Gestione Social Media a Palermo: Come la Nostra Agenzia di Comunicazione Cura i Tuoi Social Media;/servizi-di-comunicazione-digitale-la-chiave-per-il-successo-nel-mondo-online;Servizi di comunicazione digitale: la chiave per il successo nel mondo online;servizi di comunicazione digitale;articolo correlato;0.7
/gestione-social-media-a-palermo-come-la-nostra-agenzia-di-comunicazione-cura-i-tuoi-social-media;Gestione Social Media a Palermo: Come la Nostra Agenzia di Comunicazione Cura i Tuoi Social Media;/gestione-social-media-per-la-tua-attivita;Gestione Social Media per la tua Attività;gestione social media Palermo;articolo correlato;0.686
/loghi-per-la-tua-azienda-a-palermo-caratteristiche-e-come-crearne-uno-efficace;"Logo Aziendale: Cos’è, Caratteristiche e Come Crearne uno Efficace";/creare-un-video-aziendale-efficace-coinvolgente-e-professionale;"Creare un Video Aziendale Efficace, Coinvolgente e Professionale";video aziendale Palermo;articolo correlato;0.484
/loghi-per-la-tua-azienda-a-palermo-caratteristiche-e-come-crearne-uno-efficace;"Logo Aziendale: Cos’è, Caratteristiche e Come Crearne uno Efficace";/graphic-design-palermo;Graphic Design Palermo;Graphic Design Palermo;pagina servizio pertinente;0.478
/loghi-per-la-tua-azienda-a-palermo-caratteristiche-e-come-crearne-uno-efficace;"Logo Aziendale: Cos’è, Caratteristiche e Come Crearne uno Efficace";/creare-un-sito-web-a-palermo-le-caratteristiche-di-unarchitettura-efficace;Struttura di un Sito Web: Le Caratteristiche di un’Architettura Efficace;struttura sito web;articolo correlato;0.423
/loghi-per-la-tua-azienda-a-palermo-caratteristiche-e-come-crearne-uno-efficace;"Logo Aziendale: Cos’è, Caratteristiche e Come Crearne uno Efficace";/come-creare-un-podcast-aziendale-per-migliorare-il-posizionamento-del-brand;Come creare un podcast aziendale per migliorare il posizionamento del brand;podcast aziendale;articolo correlato;0.423
/ottimizzare-la-comunicazione-grazie-allutilizzo-di-call-to-action-efficaci-per-il-tuo-sito-web-a-palermo;Ottimizzare la comunicazione grazie all’utilizzo di call to action efficaci;/realizzazione-siti-web-a-palermo;Realizzazione siti web a Palermo;Realizzazione Siti Web Palermo;pagina servizio pertinente;0.451
/ottimizzare-la-comunicazione-grazie-allutilizzo-di-call-to-action-efficaci-per-il-tuo-sito-web-a-palermo;Ottimizzare la comunicazione grazie all’utilizzo di call to action efficaci;/realizzazione-siti-web-per-bb-a-palermo-hotel-motel-e-strutture-ricettive-tutto-quello-che-ce-da-sapere;"Realizzazione Siti Web per B&amp;B, Hotel, Motel e Strutture Ricettive: Tutto Quello che C'è da Sapere!";Siti Web per B&B;articolo correlato;0.445
/ottimizzare-la-comunicazione-grazie-allutilizzo-di-call-to-action-efficaci-per-il-tuo-sito-web-a-palermo;Ottimizzare la comunicazione grazie all’utilizzo di call to action efficaci;/5-consigli-preziosi-per-pubblicizzare-la-propria-azienda-a-palermo-su-google;5 Consigli Preziosi per Pubblicizzare la Propria Azienda su Google;pubblicizzare azienda Google Palermo;articolo correlato;0.434
/ottimizzare-la-comunicazione-grazie-allutilizzo-di-call-to-action-efficaci-per-il-tuo-sito-web-a-palermo;Ottimizzare la comunicazione grazie all’utilizzo di call to action efficaci;/ecco-perche-un-sito-web-a-palermo-e-cosi-essenziale-per-la-tua-attivita;Ecco Perché un Sito Web è Così Essenziale per la Tua Attività;sito web essenziale attività;articolo correlato;0.426
/11-trend-marketing-a-palermo-per-e-commerce-marketing-che-faranno-crescere-il-tuo-e-commerce;11 Trend di E-commerce Marketing che Faranno Crescere il Tuo E-commerce;/campagne-pubblicitarie-a-palermo-la-soluzione-per-far-crescere-il-tuo-business;Campagne Pubblicitarie a Palermo: La Soluzione per Far Crescere il Tuo Business;campagne pubblicitarie a Palermo;articolo correlato;0.627
/11-trend-marketing-a-palermo-per-e-commerce-marketing-che-faranno-crescere-il-tuo-e-commerce;11 Trend di E-commerce Marketing che Faranno Crescere il Tuo E-commerce;/marketing-digitale-a-palermo-la-chiave-per-il-successo-della-tua-attivita;Marketing Digitale a Palermo: La Chiave per il Successo della Tua Attività;marketing digitale Palermo;articolo correlato;0.591
/11-trend-marketing-a-palermo-per-e-commerce-marketing-che-faranno-crescere-il-tuo-e-commerce;11 Trend di E-commerce Marketing che Faranno Crescere il Tuo E-commerce;/digital-marketing-palermo;Digital marketing Palermo;Digital marketing Palermo;pagina servizio pertinente;0.533
/11-trend-marketing-a-palermo-per-e-commerce-marketing-che-faranno-crescere-il-tuo-e-commerce;11 Trend di E-commerce Marketing che Faranno Crescere il Tuo E-commerce;/marketing-esperienziale-coinvolgi-il-pubblico-con-esperienze-uniche;Marketing Esperienziale: Coinvolgi il Pubblico con Esperienze Uniche;marketing esperienziale Palermo;articolo correlato;0.532
/come-fare-pubblicita-a-palermo-su-internet-guida-per-principianti;Come Fare Pubblicità su Internet: Guida per Principianti;/gestione-social-media-a-palermo-come-la-nostra-agenzia-di-comunicazione-cura-i-tuoi-social-media;Gestione Social Media a Palermo: Come la Nostra Agenzia di Comunicazione Cura i Tuoi Social Media;gestione social media Palermo;articolo correlato;0.605
/come-fare-pubblicita-a-palermo-su-internet-guida-per-principianti;Come Fare Pubblicità su Internet: Guida per Principianti;/come-scegliere-unagenzia-di-comunicazione-efficace-la-guida-per-il-successo-del-tuo-brand;Come scegliere un’agenzia di comunicazione efficace: la guida per il successo del tuo brand;agenzia di comunicazione efficace;articolo correlato;0.605
/come-fare-pubblicita-a-palermo-su-internet-guida-per-principianti;Come Fare Pubblicità su Internet: Guida per Principianti;/la-tua-agenzia-di-marketing-a-palermo-per-una-crescita-su-misura;La Tua Agenzia di Marketing a Palermo per una Crescita Su Misura;agenzia di marketing a Palermo;articolo correlato;0.591
/come-fare-pubblicita-a-palermo-su-internet-guida-per-principianti;Come Fare Pubblicità su Internet: Guida per Principianti;/agenzia-di-comunicazione-digitale-il-futuro-della-promozione-online;Agenzia di comunicazione digitale: il futuro della promozione online;agenzia di comunicazione digitale;articolo correlato;0.591
/campagne-pubblicitarie-a-palermo-la-soluzione-per-far-crescere-il-tuo-business;Campagne Pubblicitarie a Palermo: La Soluzione per Far Crescere il Tuo Business;/11-trend-marketing-a-palermo-per-e-commerce-marketing-che-faranno-crescere-il-tuo-e-commerce;11 Trend di E-commerce Marketing che Faranno Crescere il Tuo E-commerce;trend e-commerce marketing;articolo correlato;0.627
/campagne-pubblicitarie-a-palermo-la-soluzione-per-far-crescere-il-tuo-business;Campagne Pubblicitarie a Palermo: La Soluzione per Far Crescere il Tuo Business;/digital-agency-a-palermo-la-soluzione-completa-per-la-tua-presenza-online;Digital Agency a Palermo: La Soluzione Completa per la Tua Presenza Online;Digital Agency a Palermo;articolo correlato;0.577
/campagne-pubblicitarie-a-palermo-la-soluzione-per-far-crescere-il-tuo-business;Campagne Pubblicitarie a Palermo: La Soluzione per Far Crescere il Tuo Business;/marketing-e-pubblicita-a-palermo-tutti-i-tipi-di-pubblicita-per-far-crescere-la-tua-attivita;Marketing e Pubblicità a Palermo: Tutti i Tipi di Pubblicità per Far Crescere la Tua Attività;marketing e pubblicità Palermo;articolo correlato;0.577
/campagne-pubblicitarie-a-palermo-la-soluzione-per-far-crescere-il-tuo-business;Campagne Pubblicitarie a Palermo: La Soluzione per Far Crescere il Tuo Business;/servizi-di-comunicazione-digitale-la-chiave-per-il-successo-nel-mondo-online;Servizi di comunicazione digitale: la chiave per il successo nel mondo online;servizi di comunicazione digitale;articolo correlato;0.564
/pubblicita-su-tiktok-a-palermo-come-aiutiamo-la-tua-azienda-a-crescere;Pubblicità su TikTok a Palermo: Come Aiutiamo la Tua Azienda a Crescere;/gestione-social-media-palermo;Gestione social media Palermo;Gestione social media;pagina servizio pertinente;0.584
/pubblicita-su-tiktok-a-palermo-come-aiutiamo-la-tua-azienda-a-crescere;Pubblicità su TikTok a Palermo: Come Aiutiamo la Tua Azienda a Crescere;/lavora-con-noi;Lavora con noi;Carriere in Max Digital Innovation;pagina servizio pertinente;0.575
/pubblicita-su-tiktok-a-palermo-come-aiutiamo-la-tua-azienda-a-crescere;Pubblicità su TikTok a Palermo: Come Aiutiamo la Tua Azienda a Crescere;/tiktok-ads-manager-guida-completa-su-come-gestire-le-tue-campagne-su-tiktok;TikTok Ads Manager: Guida Completa su Come Gestire le Tue Campagne su TikTok;TikTok Ads Manager;articolo correlato;0.559
/pubblicita-su-tiktok-a-palermo-come-aiutiamo-la-tua-azienda-a-crescere;Pubblicità su TikTok a Palermo: Come Aiutiamo la Tua Azienda a Crescere;/gestione-social-media-a-palermo-come-la-nostra-agenzia-di-comunicazione-cura-i-tuoi-social-media;Gestione Social Media a Palermo: Come la Nostra Agenzia di Comunicazione Cura i Tuoi Social Media;gestione social media Palermo;articolo correlato;0.544
/seo-e-sem;SEO e SEM;/digital-marketing-palermo;Digital marketing Palermo;Digital marketing Palermo;pagina servizio pertinente;0.487
/seo-e-sem;SEO e SEM;/migliorare-lindicizzazione-su-google-strategie-efficaci-per-scalare-la-serp;Migliorare l’indicizzazione su Google: strategie efficaci per scalare la SERP;migliorare indicizzazione google;articolo correlato;0.485
/seo-e-sem;SEO e SEM;/tiktok-ads-manager-guida-completa-su-come-gestire-le-tue-campagne-su-tiktok;TikTok Ads Manager: Guida Completa su Come Gestire le Tue Campagne su TikTok;TikTok Ads Manager;articolo correlato;0.466
/seo-e-sem;SEO e SEM;/come-essere-in-prima-pagina-su-google-le-bugie-piu-diffuse-sulla-seo;Come Essere in Prima Pagina su Google? Le Bugie Più Diffuse sulla SEO;Prima Pagina Google;articolo correlato;0.433
/web-agency-a-palermo-il-design-che-parte-dal-brand;Web Agency a Palermo;/cose-unagency-scopri-il-ruolo-e-i-servizi-di-unagenzia-moderna;Cos’è un’agency? Scopri il ruolo e i servizi di un’agenzia moderna;cos'è un'agency;articolo correlato;0.632
/web-agency-a-palermo-il-design-che-parte-dal-brand;Web Agency a Palermo;/agenzia-di-comunicazione-creativa-idee-e-strategie-per-il-tuo-brand;Agenzia di comunicazione creativa: idee e strategie per il tuo brand;agenzia di comunicazione creativa;articolo correlato;0.622
/web-agency-a-palermo-il-design-che-parte-dal-brand;Web Agency a Palermo;/agenzia-di-comunicazione-per-e-commerce-vendere-di-piu-online;Agenzia di comunicazione per e-commerce: vendere di più online;agenzia di comunicazione per e-commerce;articolo correlato;0.622
/web-agency-a-palermo-il-design-che-parte-dal-brand;Web Agency a Palermo;/il-marketing-per-attivita-locali-i-vantaggi-di-affidarsi-a-una-web-agency;Il Marketing per Attività Locali;marketing per attività a Palermo;articolo correlato;0.57
/b2b-a-palermo-cosa-puo-imparare-dal-b2c-per-sfruttare-al-meglio-il-digitale;B2B a Palermo: Cosa può Imparare dal B2C per Sfruttare al Meglio il Digitale;/e-commerce-a-palermo;Hai Bisogno Di Un E-commerce a Palermo?;e-commerce Palermo;articolo correlato;0.514
/b2b-a-palermo-cosa-puo-imparare-dal-b2c-per-sfruttare-al-meglio-il-digitale;B2B a Palermo: Cosa può Imparare dal B2C per Sfruttare al Meglio il Digitale;/marketing-online-per-il-tuo-negozio-di-abbigliamento;Marketing Online per il Tuo Negozio di Abbigliamento;Marketing Digitale per Negozi di Abbigliamento a Palermo;articolo correlato;0.514
/b2b-a-palermo-cosa-puo-imparare-dal-b2c-per-sfruttare-al-meglio-il-digitale;B2B a Palermo: Cosa può Imparare dal B2C per Sfruttare al Meglio il Digitale;/digital-agency-a-palermo-la-soluzione-completa-per-la-tua-presenza-online;Digital Agency a Palermo: La Soluzione Completa per la Tua Presenza Online;Digital Agency a Palermo;articolo correlato;0.504
/b2b-a-palermo-cosa-puo-imparare-dal-b2c-per-sfruttare-al-meglio-il-digitale;B2B a Palermo: Cosa può Imparare dal B2C per Sfruttare al Meglio il Digitale;/marketing-digitale-a-palermo-la-chiave-per-il-successo-della-tua-attivita;Marketing Digitale a Palermo: La Chiave per il Successo della Tua Attività;marketing digitale Palermo;articolo correlato;0.504
/strategie-di-content-marketing-per-le-piccole-imprese-a-palermo;Strategie di Content Marketing per le Piccole Imprese a Palermo;/il-marketing-per-attivita-locali-i-vantaggi-di-affidarsi-a-una-web-agency;Il Marketing per Attività Locali;marketing per attività a Palermo;articolo correlato;0.637
/strategie-di-content-marketing-per-le-piccole-imprese-a-palermo;Strategie di Content Marketing per le Piccole Imprese a Palermo;/marketing-per-imprese-edili;Marketing per Imprese Edili;Marketing Imprese Edili Palermo;articolo correlato;0.637
/strategie-di-content-marketing-per-le-piccole-imprese-a-palermo;Strategie di Content Marketing per le Piccole Imprese a Palermo;/quali-sono-i-servizi-offerti-da-unagenzia-di-comunicazione-a-palermo;Quali Sono i Servizi Offerti da un’Agenzia di Comunicazione a Palermo?;agenzia di comunicazione Palermo;articolo correlato;0.622
/strategie-di-content-marketing-per-le-piccole-imprese-a-palermo;Strategie di Content Marketing per le Piccole Imprese a Palermo;/marketing-esperienziale-coinvolgi-il-pubblico-con-esperienze-uniche;Marketing Esperienziale: Coinvolgi il Pubblico con Esperienze Uniche;marketing esperienziale Palermo;articolo correlato;0.608
/web-marketing-per-palestre-e-centri-sportivi;Web Marketing per Palestre e Centri sportivi;/web-agency-a-palermo-la-guida-completa-per-far-crescere-la-tua-attivita-online;Web Agency a Palermo: La Guida Completa per Far Crescere la Tua Attività Online;web agency a Palermo;articolo correlato;0.657
/web-marketing-per-palestre-e-centri-sportivi;Web Marketing per Palestre e Centri sportivi;/gestione-social-media-a-palermo-come-la-nostra-agenzia-di-comunicazione-cura-i-tuoi-social-media;Gestione Social Media a Palermo: Come la Nostra Agenzia di Comunicazione Cura i Tuoi Social Media;gestione social media Palermo;articolo correlato;0.622
/web-marketing-per-palestre-e-centri-sportivi;Web Marketing per Palestre e Centri sportivi;/web-agency-a-palermo-per-creare-un-sito-professionale;Web Agency a Palermo per creare un sito professionale;web agency a Palermo;articolo correlato;0.608
/web-marketing-per-palestre-e-centri-sportivi;Web Marketing per Palestre e Centri sportivi;/restare-al-passo-coi-trend-e-difficile-scopri-come-unagenzia-di-comunicazione-puo-aiutarti;Restare al Passo coi Trend è Difficile? Scopri Come un'Agenzia di Comunicazione Può Aiutarti;agenzia di marketing a Palermo;articolo correlato;0.601
/mi-serve-davvero-un-sito-web-aziendale;Mi serve davvero un sito web aziendale?;/web-agency-a-palermo-la-guida-completa-per-far-crescere-la-tua-attivita-online;Web Agency a Palermo: La Guida Completa per Far Crescere la Tua Attività Online;web agency a Palermo;articolo correlato;0.684
/mi-serve-davvero-un-sito-web-aziendale;Mi serve davvero un sito web aziendale?;/strategie-digitali-per-artigiani-locali-come-vendere-di-piu-online-marketing;Strategie Digitali per Artigiani Locali: Come Vendere di Più Online;marketing per artigiani a Palermo;articolo correlato;0.671
/mi-serve-davvero-un-sito-web-aziendale;Mi serve davvero un sito web aziendale?;/micro-influencer-locale-come-usarli-per-far-crescere-la-tua-azienda-marketing-palermo;Micro-Influencer Locali: Come Usarli per Far Crescere la Tua Azienda;influencer marketing locale Palermo;articolo correlato;0.615
/mi-serve-davvero-un-sito-web-aziendale;Mi serve davvero un sito web aziendale?;/gestione-marketing-per-la-tua-hamburgeria;Gestione Marketing per la tua Hamburgeria;Marketing per Hamburgerie a Palermo;articolo correlato;0.582
/quali-sono-i-servizi-offerti-da-unagenzia-di-comunicazione-a-palermo;Quali Sono i Servizi Offerti da un’Agenzia di Comunicazione a Palermo?;/strategie-di-content-marketing-per-le-piccole-imprese-a-palermo;Strategie di Content Marketing per le Piccole Imprese a Palermo;Content Marketing Palermo;articolo correlato;0.622
/quali-sono-i-servizi-offerti-da-unagenzia-di-comunicazione-a-palermo;Quali Sono i Servizi Offerti da un’Agenzia di Comunicazione a Palermo?;/naming-palermo;Naming Palermo;Naming Palermo;pagina servizio pertinente;0.595
/quali-sono-i-servizi-offerti-da-unagenzia-di-comunicazione-a-palermo;Quali Sono i Servizi Offerti da un’Agenzia di Comunicazione a Palermo?;/strategie-di-marketing-di-successo-i-passi-fondamentali-per-distinguersi-nel-mercato;Brand Strategy di Successo: I Passi Fondamentali per Distinguersi nel Mercato;Brand Strategy di Successo;articolo correlato;0.561
/quali-sono-i-servizi-offerti-da-unagenzia-di-comunicazione-a-palermo;Quali Sono i Servizi Offerti da un’Agenzia di Comunicazione a Palermo?;/branding-da-sogno-come-unagenzia-di-comunicazione-costruisce-unidentita-vincente;Branding da sogno: come un’agenzia di comunicazione costruisce un’identità vincente;agenzia di branding a Palermo;articolo correlato;0.561
/le-commerce-in-italia-sta-cambiando-con-lintelligenza-artificiale;L’E-commerce in Italia sta Cambiando con l’Intelligenza Artificiale;/hai-bisogno-di-uno-store-online-per-la-tua-attivita-offriamo-realizzazione-e-commerce-a-palermo;Hai Bisogno di uno Store Online per la tua Attività?;realizzazione e-commerce Palermo;articolo correlato;0.473
/le-commerce-in-italia-sta-cambiando-con-lintelligenza-artificiale;L’E-commerce in Italia sta Cambiando con l’Intelligenza Artificiale;/quando-la-web-agency-incontra-lintelligenza-artificiale;Quando la web agency incontra l’intelligenza artificiale;Web agency e intelligenza artificiale;articolo correlato;0.473
/le-commerce-in-italia-sta-cambiando-con-lintelligenza-artificiale;L’E-commerce in Italia sta Cambiando con l’Intelligenza Artificiale;/realizzazione-e-commerce-palermo;Realizzazione E-commerce Palermo;Realizzazione E-commerce Palermo;pagina servizio pertinente;0.455
/le-commerce-in-italia-sta-cambiando-con-lintelligenza-artificiale;L’E-commerce in Italia sta Cambiando con l’Intelligenza Artificiale;/11-trend-marketing-a-palermo-per-e-commerce-marketing-che-faranno-crescere-il-tuo-e-commerce;11 Trend di E-commerce Marketing che Faranno Crescere il Tuo E-commerce;trend e-commerce marketing;articolo correlato;0.414
/il-marketing-per-attivita-locali-i-vantaggi-di-affidarsi-a-una-web-agency;Il Marketing per Attività Locali;/marketing-digitale-a-palermo-la-chiave-per-il-successo-della-tua-attivita;Marketing Digitale a Palermo: La Chiave per il Successo della Tua Attività;marketing digitale Palermo;articolo correlato;0.734
/il-marketing-per-attivita-locali-i-vantaggi-di-affidarsi-a-una-web-agency;Il Marketing per Attività Locali;/web-agency-locale-a-palermo-la-tua-guida-per-conquistare-il-pubblico-della-citta;Web Agency Locale a Palermo: La Tua Guida per Conquistare il Pubblico della Città;web agency locale Palermo;articolo correlato;0.718
/il-marketing-per-attivita-locali-i-vantaggi-di-affidarsi-a-una-web-agency;Il Marketing per Attività Locali;/marketing-e-pubblicita-a-palermo-tutti-i-tipi-di-pubblicita-per-far-crescere-la-tua-attivita;Marketing e Pubblicità a Palermo: Tutti i Tipi di Pubblicità per Far Crescere la Tua Attività;marketing e pubblicità Palermo;articolo correlato;0.671
/il-marketing-per-attivita-locali-i-vantaggi-di-affidarsi-a-una-web-agency;Il Marketing per Attività Locali;/3-tipi-di-marketing-a-palermo-scopri-le-strategie-per-il-successo-della-tua-attivita;3 Tipi di Marketing a Palermo: Scopri le Strategie per il Successo della Tua Attività;marketing a Palermo;articolo correlato;0.671
/i-social-media-gli-alleati-per-il-tuo-e-commerce;I Social Media: Gli Alleati per il Tuo E-commerce;/marketing-digitale-a-palermo-la-chiave-per-il-successo-della-tua-attivita;Marketing Digitale a Palermo: La Chiave per il Successo della Tua Attività;marketing digitale Palermo;articolo correlato;0.716
/i-social-media-gli-alleati-per-il-tuo-e-commerce;I Social Media: Gli Alleati per il Tuo E-commerce;/vendita-online-a-palermo-sui-social-unottima-vetrina-per-i-tuoi-prodotti;Vendere sui Social: Un'ottima Vetrina per i tuoi Prodotti;vendita online a Palermo;articolo correlato;0.686
/i-social-media-gli-alleati-per-il-tuo-e-commerce;I Social Media: Gli Alleati per il Tuo E-commerce;/social-media-manager-per-e-commerce-aumentare-le-vendite-con-strategie-mirate;Social Media Manager per e-commerce: aumentare le vendite con strategie mirate;Social Media Manager per e-commerce;articolo correlato;0.67
/i-social-media-gli-alleati-per-il-tuo-e-commerce;I Social Media: Gli Alleati per il Tuo E-commerce;/servizi-di-comunicazione-digitale-la-chiave-per-il-successo-nel-mondo-online;Servizi di comunicazione digitale: la chiave per il successo nel mondo online;servizi di comunicazione digitale;articolo correlato;0.582
/marketing-online-per-la-tua-concessionaria;Marketing Online per la tua Concessionaria;/come-promuovere-il-tuo-salone-di-bellezza-a-palermo;Come Promuovere il Tuo Salone di Bellezza a Palermo;Salone di Bellezza Palermo: Strategie di Marketing Digitale;articolo correlato;0.779
/marketing-online-per-la-tua-concessionaria;Marketing Online per la tua Concessionaria;/marketing-online-per-il-tuo-negozio-di-abbigliamento;Marketing Online per il Tuo Negozio di Abbigliamento;Marketing Digitale per Negozi di Abbigliamento a Palermo;articolo correlato;0.751
/marketing-online-per-la-tua-concessionaria;Marketing Online per la tua Concessionaria;/web-marketing-per-la-tua-parruccheria;Web Marketing per la tua Parruccheria;web marketing per parrucchieri a Palermo;articolo correlato;0.751
/marketing-online-per-la-tua-concessionaria;Marketing Online per la tua Concessionaria;/gestione-marketing-per-il-tuo-pub;Gestione Marketing per il Tuo Pub;marketing per pub a Palermo;articolo correlato;0.686
/marketing-online-per-il-tuo-negozio-di-abbigliamento;Marketing Online per il Tuo Negozio di Abbigliamento;/marketing-digitale-a-palermo-la-chiave-per-il-successo-della-tua-attivita;Marketing Digitale a Palermo: La Chiave per il Successo della Tua Attività;marketing digitale Palermo;articolo correlato;0.776
/marketing-online-per-il-tuo-negozio-di-abbigliamento;Marketing Online per il Tuo Negozio di Abbigliamento;/marketing-online-per-la-tua-concessionaria;Marketing Online per la tua Concessionaria;marketing digitale per concessionarie a Palermo;articolo correlato;0.751
/marketing-online-per-il-tuo-negozio-di-abbigliamento;Marketing Online per il Tuo Negozio di Abbigliamento;/come-promuovere-il-tuo-salone-di-bellezza-a-palermo;Come Promuovere il Tuo Salone di Bellezza a Palermo;Salone di Bellezza Palermo: Strategie di Marketing Digitale;articolo correlato;0.7
/marketing-online-per-il-tuo-negozio-di-abbigliamento;Marketing Online per il Tuo Negozio di Abbigliamento;/web-marketing-per-la-tua-parruccheria;Web Marketing per la tua Parruccheria;web marketing per parrucchieri a Palermo;articolo correlato;0.67
/web-marketing-per-la-tua-parruccheria;Web Marketing per la tua Parruccheria;/come-promuovere-il-tuo-salone-di-bellezza-a-palermo;Come Promuovere il Tuo Salone di Bellezza a Palermo;Salone di Bellezza Palermo: Strategie di Marketing Digitale;articolo correlato;0.877
/web-marketing-per-la-tua-parruccheria;Web Marketing per la tua Parruccheria;/marketing-online-per-la-tua-concessionaria;Marketing Online per la tua Concessionaria;marketing digitale per concessionarie a Palermo;articolo correlato;0.751
/web-marketing-per-la-tua-parruccheria;Web Marketing per la tua Parruccheria;/gestione-marketing-per-il-tuo-pub;Gestione Marketing per il Tuo Pub;marketing per pub a Palermo;articolo correlato;0.733
/web-marketing-per-la-tua-parruccheria;Web Marketing per la tua Parruccheria;/come-pubblicizzare-la-tua-ottica-a-palermo;Come Pubblicizzare la tua Ottica a Palermo;pubblicizzare ottica Palermo;articolo correlato;0.686
/come-promuovere-il-tuo-salone-di-bellezza-a-palermo;Come Promuovere il Tuo Salone di Bellezza a Palermo;/web-marketing-per-la-tua-parruccheria;Web Marketing per la tua Parruccheria;web marketing per parrucchieri a Palermo;articolo correlato;0.877
/come-promuovere-il-tuo-salone-di-bellezza-a-palermo;Come Promuovere il Tuo Salone di Bellezza a Palermo;/marketing-online-per-la-tua-concessionaria;Marketing Online per la tua Concessionaria;marketing digitale per concessionarie a Palermo;articolo correlato;0.779
/come-promuovere-il-tuo-salone-di-bellezza-a-palermo;Come Promuovere il Tuo Salone di Bellezza a Palermo;/marketing-online-per-il-tuo-negozio-di-abbigliamento;Marketing Online per il Tuo Negozio di Abbigliamento;Marketing Digitale per Negozi di Abbigliamento a Palermo;articolo correlato;0.7
/come-promuovere-il-tuo-salone-di-bellezza-a-palermo;Come Promuovere il Tuo Salone di Bellezza a Palermo;/come-pubblicizzare-la-tua-ottica-a-palermo;Come Pubblicizzare la tua Ottica a Palermo;pubblicizzare ottica Palermo;articolo correlato;0.657
/come-pubblicizzare-la-tua-ottica-a-palermo;Come Pubblicizzare la tua Ottica a Palermo;/web-marketing-per-la-tua-parruccheria;Web Marketing per la tua Parruccheria;web marketing per parrucchieri a Palermo;articolo correlato;0.686
/come-pubblicizzare-la-tua-ottica-a-palermo;Come Pubblicizzare la tua Ottica a Palermo;/come-promuovere-il-tuo-salone-di-bellezza-a-palermo;Come Promuovere il Tuo Salone di Bellezza a Palermo;Salone di Bellezza Palermo: Strategie di Marketing Digitale;articolo correlato;0.657
/come-pubblicizzare-la-tua-ottica-a-palermo;Come Pubblicizzare la tua Ottica a Palermo;/marketing-online-per-la-tua-concessionaria;Marketing Online per la tua Concessionaria;marketing digitale per concessionarie a Palermo;articolo correlato;0.637
/come-pubblicizzare-la-tua-ottica-a-palermo;Come Pubblicizzare la tua Ottica a Palermo;/gestione-marketing-per-il-tuo-fast-food;Gestione Marketing per il tuo Fast Food;Marketing Fast Food Palermo;articolo correlato;0.637
/come-pubblicizzare-la-tua-pizzeria;Come Pubblicizzare la tua Pizzeria;/come-pubblicizzare-la-tua-ottica-a-palermo;Come Pubblicizzare la tua Ottica a Palermo;pubblicizzare ottica Palermo;articolo correlato;0.557
/come-pubblicizzare-la-tua-pizzeria;Come Pubblicizzare la tua Pizzeria;/gestione-marketing-per-il-tuo-pub;Gestione Marketing per il Tuo Pub;marketing per pub a Palermo;articolo correlato;0.545
/come-pubblicizzare-la-tua-pizzeria;Come Pubblicizzare la tua Pizzeria;/come-promuovere-il-tuo-salone-di-bellezza-a-palermo;Come Promuovere il Tuo Salone di Bellezza a Palermo;Salone di Bellezza Palermo: Strategie di Marketing Digitale;articolo correlato;0.524
/come-pubblicizzare-la-tua-pizzeria;Come Pubblicizzare la tua Pizzeria;/gestione-marketing-per-il-tuo-fast-food;Gestione Marketing per il tuo Fast Food;Marketing Fast Food Palermo;articolo correlato;0.493
/gestione-marketing-per-il-tuo-pub;Gestione Marketing per il Tuo Pub;/web-marketing-per-la-tua-parruccheria;Web Marketing per la tua Parruccheria;web marketing per parrucchieri a Palermo;articolo correlato;0.733
/gestione-marketing-per-il-tuo-pub;Gestione Marketing per il Tuo Pub;/marketing-online-per-la-tua-concessionaria;Marketing Online per la tua Concessionaria;marketing digitale per concessionarie a Palermo;articolo correlato;0.686
/gestione-marketing-per-il-tuo-pub;Gestione Marketing per il Tuo Pub;/gestione-marketing-per-il-tuo-fast-food;Gestione Marketing per il tuo Fast Food;Marketing Fast Food Palermo;articolo correlato;0.686
/gestione-marketing-per-il-tuo-pub;Gestione Marketing per il Tuo Pub;/marketing-online-per-il-tuo-negozio-di-abbigliamento;Marketing Online per il Tuo Negozio di Abbigliamento;Marketing Digitale per Negozi di Abbigliamento a Palermo;articolo correlato;0.67
/idee-creative-per-pubblicizzare-la-tua-panineria;Idee Creative per Pubblicizzare la tua Panineria;/pubblicita-per-il-tuo-brand-a-palermo-come-differenziarsi-dalla-massa;Brand Identity di Successo: Come Differenziarsi dalla Massa;brand identity;articolo correlato;0.57
/idee-creative-per-pubblicizzare-la-tua-panineria;Idee Creative per Pubblicizzare la tua Panineria;/vendita-online-a-palermo-sui-social-unottima-vetrina-per-i-tuoi-prodotti;Vendere sui Social: Un'ottima Vetrina per i tuoi Prodotti;vendita online a Palermo;articolo correlato;0.559
/idee-creative-per-pubblicizzare-la-tua-panineria;Idee Creative per Pubblicizzare la tua Panineria;/gestione-social-media-per-la-tua-attivita;Gestione Social Media per la tua Attività;gestione social media Palermo;articolo correlato;0.546
/idee-creative-per-pubblicizzare-la-tua-panineria;Idee Creative per Pubblicizzare la tua Panineria;/marketing-per-imprese-edili;Marketing per Imprese Edili;Marketing Imprese Edili Palermo;articolo correlato;0.546
/gestione-marketing-per-la-tua-hamburgeria;Gestione Marketing per la tua Hamburgeria;/aumentare-le-vendite-ecommerce-non-sei-soddisfatto-della-tua-agenzia;Aumentare le Vendite eCommerce: Non Sei Soddisfatto della Tua Agenzia?;Aumentare Vendite eCommerce Palermo;articolo correlato;0.627
/gestione-marketing-per-la-tua-hamburgeria;Gestione Marketing per la tua Hamburgeria;/vuoi-aprire-unattivita-a-palermo-e-non-sai-a-chi-affidarti-ecco-come-fare-gestione-marketing-attivita-a-palermo;Vuoi Aprire un’Attività a Palermo e Non Sai a Chi Affidarti? Ecco Come Fare!;Aprire Attività a Palermo;articolo correlato;0.615
/gestione-marketing-per-la-tua-hamburgeria;Gestione Marketing per la tua Hamburgeria;/social-media-marketing-nel-settore-arredamento;Social Media Marketing nel Settore Arredamento;marketing arredamento Palermo;articolo correlato;0.608
/gestione-marketing-per-la-tua-hamburgeria;Gestione Marketing per la tua Hamburgeria;/gestione-marketing-per-la-tua-enoteca;Gestione Marketing per la tua Enoteca;Marketing Enoteca Palermo;articolo correlato;0.608
/strategie-di-marketing-di-successo-i-passi-fondamentali-per-distinguersi-nel-mercato;Brand Strategy di Successo: I Passi Fondamentali per Distinguersi nel Mercato;/marketing-esperienziale-coinvolgi-il-pubblico-con-esperienze-uniche;Marketing Esperienziale: Coinvolgi il Pubblico con Esperienze Uniche;marketing esperienziale Palermo;articolo correlato;0.712
/strategie-di-marketing-di-successo-i-passi-fondamentali-per-distinguersi-nel-mercato;Brand Strategy di Successo: I Passi Fondamentali per Distinguersi nel Mercato;/pubblicita-per-il-tuo-brand-a-palermo-come-differenziarsi-dalla-massa;Brand Identity di Successo: Come Differenziarsi dalla Massa;brand identity;articolo correlato;0.697
/strategie-di-marketing-di-successo-i-passi-fondamentali-per-distinguersi-nel-mercato;Brand Strategy di Successo: I Passi Fondamentali per Distinguersi nel Mercato;/marketing-digitale-a-palermo-la-chiave-per-il-successo-della-tua-attivita;Marketing Digitale a Palermo: La Chiave per il Successo della Tua Attività;marketing digitale Palermo;articolo correlato;0.658
/strategie-di-marketing-di-successo-i-passi-fondamentali-per-distinguersi-nel-mercato;Brand Strategy di Successo: I Passi Fondamentali per Distinguersi nel Mercato;/strategie-di-marketing-per-aziende-come-costruire-un-piano-di-successo;Strategie di marketing per aziende: come costruire un piano di successo;strategie di marketing per aziende;articolo correlato;0.644
/pubblicita-per-il-tuo-brand-a-palermo-come-differenziarsi-dalla-massa;Brand Identity di Successo: Come Differenziarsi dalla Massa;/strategie-di-marketing-di-successo-i-passi-fondamentali-per-distinguersi-nel-mercato;Brand Strategy di Successo: I Passi Fondamentali per Distinguersi nel Mercato;Brand Strategy di Successo;articolo correlato;0.697
/pubblicita-per-il-tuo-brand-a-palermo-come-differenziarsi-dalla-massa;Brand Identity di Successo: Come Differenziarsi dalla Massa;/marketing-esperienziale-coinvolgi-il-pubblico-con-esperienze-uniche;Marketing Esperienziale: Coinvolgi il Pubblico con Esperienze Uniche;marketing esperienziale Palermo;articolo correlato;0.627
/pubblicita-per-il-tuo-brand-a-palermo-come-differenziarsi-dalla-massa;Brand Identity di Successo: Come Differenziarsi dalla Massa;/vendita-online-a-palermo-sui-social-unottima-vetrina-per-i-tuoi-prodotti;Vendere sui Social: Un'ottima Vetrina per i tuoi Prodotti;vendita online a Palermo;articolo correlato;0.603
/pubblicita-per-il-tuo-brand-a-palermo-come-differenziarsi-dalla-massa;Brand Identity di Successo: Come Differenziarsi dalla Massa;/marketing-per-imprese-edili;Marketing per Imprese Edili;Marketing Imprese Edili Palermo;articolo correlato;0.596
/restare-al-passo-coi-trend-e-difficile-scopri-come-unagenzia-di-comunicazione-puo-aiutarti;Restare al Passo coi Trend è Difficile? Scopri Come un'Agenzia di Comunicazione Può Aiutarti;/gestione-social-media-per-la-tua-attivita;Gestione Social Media per la tua Attività;gestione social media Palermo;articolo correlato;0.655
/restare-al-passo-coi-trend-e-difficile-scopri-come-unagenzia-di-comunicazione-puo-aiutarti;Restare al Passo coi Trend è Difficile? Scopri Come un'Agenzia di Comunicazione Può Aiutarti;/vuoi-aprire-unattivita-a-palermo-e-non-sai-a-chi-affidarti-ecco-come-fare-gestione-marketing-attivita-a-palermo;Vuoi Aprire un’Attività a Palermo e Non Sai a Chi Affidarti? Ecco Come Fare!;Aprire Attività a Palermo;articolo correlato;0.648
/restare-al-passo-coi-trend-e-difficile-scopri-come-unagenzia-di-comunicazione-puo-aiutarti;Restare al Passo coi Trend è Difficile? Scopri Come un'Agenzia di Comunicazione Può Aiutarti;/rendi-la-tua-azienda-digitale-trasformazione-e-innovazione-a-palermo;Rendi la Tua Azienda Digitale: Trasformazione e Innovazione a Palermo;azienda digitale Palermo;articolo correlato;0.612
/restare-al-passo-coi-trend-e-difficile-scopri-come-unagenzia-di-comunicazione-puo-aiutarti;Restare al Passo coi Trend è Difficile? Scopri Come un'Agenzia di Comunicazione Può Aiutarti;/web-marketing-per-palestre-e-centri-sportivi;Web Marketing per Palestre e Centri sportivi;web marketing per palestre Palermo;articolo correlato;0.601
/hai-bisogno-di-uno-store-online-per-la-tua-attivita-offriamo-realizzazione-e-commerce-a-palermo;Hai Bisogno di uno Store Online per la tua Attività?;/come-migliorare-la-tua-brand-reputation-con-le-attivita-di-digital-marketing;Come Migliorare la Tua Brand Reputation con le Attività di Digital Marketing;Migliorare reputazione brand a Palermo;articolo correlato;0.67
/hai-bisogno-di-uno-store-online-per-la-tua-attivita-offriamo-realizzazione-e-commerce-a-palermo;Hai Bisogno di uno Store Online per la tua Attività?;/marketing-per-farmacie-come-aumentare-visibilita-e-fidelizzare-i-clienti;Marketing per Farmacie: Come Aumentare Visibilità e Fidelizzare i Clienti;marketing per farmacie a Palermo;articolo correlato;0.641
/hai-bisogno-di-uno-store-online-per-la-tua-attivita-offriamo-realizzazione-e-commerce-a-palermo;Hai Bisogno di uno Store Online per la tua Attività?;/il-web-design-e-la-sua-evoluzione;Il Web Design e la sua Evoluzione;web design Palermo;articolo correlato;0.608
/hai-bisogno-di-uno-store-online-per-la-tua-attivita-offriamo-realizzazione-e-commerce-a-palermo;Hai Bisogno di uno Store Online per la tua Attività?;/quanto-costa-un-sito-web-a-palermo;Quanto Costa un Sito Web nel 2024?;costo sito web Palermo;articolo correlato;0.594
/vendita-online-a-palermo-sui-social-unottima-vetrina-per-i-tuoi-prodotti;Vendere sui Social: Un'ottima Vetrina per i tuoi Prodotti;/gestione-social-media-a-palermo-come-la-nostra-agenzia-di-comunicazione-cura-i-tuoi-social-media;Gestione Social Media a Palermo: Come la Nostra Agenzia di Comunicazione Cura i Tuoi Social Media;gestione social media Palermo;articolo correlato;0.801
/vendita-online-a-palermo-sui-social-unottima-vetrina-per-i-tuoi-prodotti;Vendere sui Social: Un'ottima Vetrina per i tuoi Prodotti;/marketing-digitale-a-palermo-la-chiave-per-il-successo-della-tua-attivita;Marketing Digitale a Palermo: La Chiave per il Successo della Tua Attività;marketing digitale Palermo;articolo correlato;0.726
/vendita-online-a-palermo-sui-social-unottima-vetrina-per-i-tuoi-prodotti;Vendere sui Social: Un'ottima Vetrina per i tuoi Prodotti;/gestione-social-media-per-la-tua-attivita;Gestione Social Media per la tua Attività;gestione social media Palermo;articolo correlato;0.703
/vendita-online-a-palermo-sui-social-unottima-vetrina-per-i-tuoi-prodotti;Vendere sui Social: Un'ottima Vetrina per i tuoi Prodotti;/i-social-media-gli-alleati-per-il-tuo-e-commerce;I Social Media: Gli Alleati per il Tuo E-commerce;Social Media per E-commerce;articolo correlato;0.686
/sito-web-per-artisti-fai-conoscere-la-tua-arte;Sito Web per Artisti: Fai Conoscere la Tua Arte;/gestione-social-media-a-palermo-come-la-nostra-agenzia-di-comunicazione-cura-i-tuoi-social-media;Gestione Social Media a Palermo: Come la Nostra Agenzia di Comunicazione Cura i Tuoi Social Media;gestione social media Palermo;articolo correlato;0.534
/sito-web-per-artisti-fai-conoscere-la-tua-arte;Sito Web per Artisti: Fai Conoscere la Tua Arte;/hai-bisogno-di-uno-store-online-per-la-tua-attivita-offriamo-realizzazione-e-commerce-a-palermo;Hai Bisogno di uno Store Online per la tua Attività?;realizzazione e-commerce Palermo;articolo correlato;0.534
/sito-web-per-artisti-fai-conoscere-la-tua-arte;Sito Web per Artisti: Fai Conoscere la Tua Arte;/il-web-design-e-la-sua-evoluzione;Il Web Design e la sua Evoluzione;web design Palermo;articolo correlato;0.534
/sito-web-per-artisti-fai-conoscere-la-tua-arte;Sito Web per Artisti: Fai Conoscere la Tua Arte;/quanto-costa-un-sito-web-a-palermo;Quanto Costa un Sito Web nel 2024?;costo sito web Palermo;articolo correlato;0.523
/quanto-costa-un-sito-web-a-palermo;Quanto Costa un Sito Web nel 2024?;/hai-bisogno-di-uno-store-online-per-la-tua-attivita-offriamo-realizzazione-e-commerce-a-palermo;Hai Bisogno di uno Store Online per la tua Attività?;realizzazione e-commerce Palermo;articolo correlato;0.594
/quanto-costa-un-sito-web-a-palermo;Quanto Costa un Sito Web nel 2024?;/web-agency-a-palermo-per-creare-un-sito-professionale;Web Agency a Palermo per creare un sito professionale;web agency a Palermo;articolo correlato;0.582
/quanto-costa-un-sito-web-a-palermo;Quanto Costa un Sito Web nel 2024?;/creazione-siti-web-professionali-a-palermo-costruisci-la-tua-identita-digitale;Creazione Siti Web Professionali a Palermo: Costruisci la Tua Identità Digitale;siti web professionali Palermo;articolo correlato;0.582
/quanto-costa-un-sito-web-a-palermo;Quanto Costa un Sito Web nel 2024?;/web-agency-a-palermo-la-guida-completa-per-far-crescere-la-tua-attivita-online;Web Agency a Palermo: La Guida Completa per Far Crescere la Tua Attività Online;web agency a Palermo;articolo correlato;0.57
/usa-la-local-seo-e-porta-il-tuo-business-al-top;Usa la Local SEO e Porta il Tuo Business al Top!;/web-agency-a-palermo-la-guida-completa-per-far-crescere-la-tua-attivita-online;Web Agency a Palermo: La Guida Completa per Far Crescere la Tua Attività Online;web agency a Palermo;articolo correlato;0.641
/usa-la-local-seo-e-porta-il-tuo-business-al-top;Usa la Local SEO e Porta il Tuo Business al Top!;/gestione-social-media-per-la-tua-attivita;Gestione Social Media per la tua Attività;gestione social media Palermo;articolo correlato;0.622
/usa-la-local-seo-e-porta-il-tuo-business-al-top;Usa la Local SEO e Porta il Tuo Business al Top!;/gestione-marketing-per-la-tua-hamburgeria;Gestione Marketing per la tua Hamburgeria;Marketing per Hamburgerie a Palermo;articolo correlato;0.594
/usa-la-local-seo-e-porta-il-tuo-business-al-top;Usa la Local SEO e Porta il Tuo Business al Top!;/google-ai-search-la-nuova-era-della-ricerca-intelligente-e-le-opportunita-per-il-marketing;Google AI Search: La Nuova Era della Ricerca Intelligente e le Opportunità per il Marketing;Google AI Search Palermo;articolo correlato;0.594
/mobile-marketing-e-micro-momenti;Mobile Marketing e Micro-Momenti;/aumentare-le-vendite-ecommerce-non-sei-soddisfatto-della-tua-agenzia;Aumentare le Vendite eCommerce: Non Sei Soddisfatto della Tua Agenzia?;Aumentare Vendite eCommerce Palermo;articolo correlato;0.657
/mobile-marketing-e-micro-momenti;Mobile Marketing e Micro-Momenti;/come-migliorare-la-tua-brand-reputation-con-le-attivita-di-digital-marketing;Come Migliorare la Tua Brand Reputation con le Attività di Digital Marketing;Migliorare reputazione brand a Palermo;articolo correlato;0.622
/mobile-marketing-e-micro-momenti;Mobile Marketing e Micro-Momenti;/gestione-marketing-per-la-tua-enoteca;Gestione Marketing per la tua Enoteca;Marketing Enoteca Palermo;articolo correlato;0.57
/mobile-marketing-e-micro-momenti;Mobile Marketing e Micro-Momenti;/gestione-social-media-per-la-tua-attivita;Gestione Social Media per la tua Attività;gestione social media Palermo;articolo correlato;0.57
/social-media-marketing-nel-settore-arredamento;Social Media Marketing nel Settore Arredamento;/gestione-social-media-per-la-tua-attivita;Gestione Social Media per la tua Attività;gestione social media Palermo;articolo correlato;0.703
/social-media-marketing-nel-settore-arredamento;Social Media Marketing nel Settore Arredamento;/marketing-esperienziale-coinvolgi-il-pubblico-con-esperienze-uniche;Marketing Esperienziale: Coinvolgi il Pubblico con Esperienze Uniche;marketing esperienziale Palermo;articolo correlato;0.671
/social-media-marketing-nel-settore-arredamento;Social Media Marketing nel Settore Arredamento;/marketing-digitale-a-palermo-la-chiave-per-il-successo-della-tua-attivita;Marketing Digitale a Palermo: La Chiave per il Successo della Tua Attività;marketing digitale Palermo;articolo correlato;0.671
/social-media-marketing-nel-settore-arredamento;Social Media Marketing nel Settore Arredamento;/vendita-online-a-palermo-sui-social-unottima-vetrina-per-i-tuoi-prodotti;Vendere sui Social: Un'ottima Vetrina per i tuoi Prodotti;vendita online a Palermo;articolo correlato;0.644
/il-web-design-e-la-sua-evoluzione;Il Web Design e la sua Evoluzione;/creazione-siti-web-professionali-a-palermo-costruisci-la-tua-identita-digitale;Creazione Siti Web Professionali a Palermo: Costruisci la Tua Identità Digitale;siti web professionali Palermo;articolo correlato;0.655
/il-web-design-e-la-sua-evoluzione;Il Web Design e la sua Evoluzione;/hai-bisogno-di-uno-store-online-per-la-tua-attivita-offriamo-realizzazione-e-commerce-a-palermo;Hai Bisogno di uno Store Online per la tua Attività?;realizzazione e-commerce Palermo;articolo correlato;0.608
/il-web-design-e-la-sua-evoluzione;Il Web Design e la sua Evoluzione;/come-realizzare-un-sito-web-efficace-le-migliori-alternative-per-creare-un-percorso-di-successo-online;Come Realizzare un Sito Web Efficace: Le Migliori Alternative per Creare un Percorso di Successo Online;Creazione Sito Web a Palermo;articolo correlato;0.606
/il-web-design-e-la-sua-evoluzione;Il Web Design e la sua Evoluzione;/design-responsivo-sito-web-successo-online;Perché un design responsive è fondamentale per il tuo sito web;Design Responsive;articolo correlato;0.605
/marketing-esperienziale-coinvolgi-il-pubblico-con-esperienze-uniche;Marketing Esperienziale: Coinvolgi il Pubblico con Esperienze Uniche;/strategie-di-marketing-di-successo-i-passi-fondamentali-per-distinguersi-nel-mercato;Brand Strategy di Successo: I Passi Fondamentali per Distinguersi nel Mercato;Brand Strategy di Successo;articolo correlato;0.712
/marketing-esperienziale-coinvolgi-il-pubblico-con-esperienze-uniche;Marketing Esperienziale: Coinvolgi il Pubblico con Esperienze Uniche;/social-media-marketing-nel-settore-arredamento;Social Media Marketing nel Settore Arredamento;marketing arredamento Palermo;articolo correlato;0.671
/marketing-esperienziale-coinvolgi-il-pubblico-con-esperienze-uniche;Marketing Esperienziale: Coinvolgi il Pubblico con Esperienze Uniche;/servizi-digitali-palermo;Servizi digitali Palermo;servizi digitali;pagina servizio pertinente;0.658
/marketing-esperienziale-coinvolgi-il-pubblico-con-esperienze-uniche;Marketing Esperienziale: Coinvolgi il Pubblico con Esperienze Uniche;/web-agency-a-palermo-per-creare-un-sito-professionale;Web Agency a Palermo per creare un sito professionale;web agency a Palermo;articolo correlato;0.641
/come-creare-siti-web-professionali-e-di-qualita;Come Creare Siti Web Professionali e di Qualità;/web-agency-a-palermo-per-creare-un-sito-professionale;Web Agency a Palermo per creare un sito professionale;web agency a Palermo;articolo correlato;0.716
/come-creare-siti-web-professionali-e-di-qualita;Come Creare Siti Web Professionali e di Qualità;/copywriter-seo-per-i-social-media-perche-a-google-piace-web-agency-seo-a-palermo;Copywriter seo per i social media: perché a Google piace;Web agency SEO Palermo;articolo correlato;0.617
/come-creare-siti-web-professionali-e-di-qualita;Come Creare Siti Web Professionali e di Qualità;/creare-un-video-aziendale-efficace-coinvolgente-e-professionale;"Creare un Video Aziendale Efficace, Coinvolgente e Professionale";video aziendale Palermo;articolo correlato;0.594
/come-creare-siti-web-professionali-e-di-qualita;Come Creare Siti Web Professionali e di Qualità;/le-11-regole-per-un-sito-web-efficace;Le 11 Regole per un Sito Web Efficace;Siti Web Efficaci a Palermo;articolo correlato;0.594
/come-scegliere-lagenzia-pubblicitaria-a-palermo-ideale-per-la-vostra-azienda;Come Scegliere l’Agenzia Pubblicitaria Ideale per la Vostra Azienda;/come-scegliere-unagenzia-di-comunicazione-efficace-la-guida-per-il-successo-del-tuo-brand;Come scegliere un’agenzia di comunicazione efficace: la guida per il successo del tuo brand;agenzia di comunicazione efficace;articolo correlato;0.514
/come-scegliere-lagenzia-pubblicitaria-a-palermo-ideale-per-la-vostra-azienda;Come Scegliere l’Agenzia Pubblicitaria Ideale per la Vostra Azienda;/la-tua-agenzia-di-marketing-a-palermo-per-una-crescita-su-misura;La Tua Agenzia di Marketing a Palermo per una Crescita Su Misura;agenzia di marketing a Palermo;articolo correlato;0.504
/come-scegliere-lagenzia-pubblicitaria-a-palermo-ideale-per-la-vostra-azienda;Come Scegliere l’Agenzia Pubblicitaria Ideale per la Vostra Azienda;/agenzia-di-comunicazione-digitale-il-futuro-della-promozione-online;Agenzia di comunicazione digitale: il futuro della promozione online;agenzia di comunicazione digitale;articolo correlato;0.504
/come-scegliere-lagenzia-pubblicitaria-a-palermo-ideale-per-la-vostra-azienda;Come Scegliere l’Agenzia Pubblicitaria Ideale per la Vostra Azienda;/graphic-design-palermo;Graphic Design Palermo;Graphic Design Palermo;pagina servizio pertinente;0.457
/10-modi-per-migliorare-la-visibilita-del-tuo-sito-web-sui-motori-di-ricerca;10 Modi per Migliorare la Visibilità del Tuo Sito Web sui Motori di Ricerca;/google-ai-search-la-nuova-era-della-ricerca-intelligente-e-le-opportunita-per-il-marketing;Google AI Search: La Nuova Era della Ricerca Intelligente e le Opportunità per il Marketing;Google AI Search Palermo;articolo correlato;0.582
/10-modi-per-migliorare-la-visibilita-del-tuo-sito-web-sui-motori-di-ricerca;10 Modi per Migliorare la Visibilità del Tuo Sito Web sui Motori di Ricerca;/copywriter-seo-per-i-social-media-perche-a-google-piace-web-agency-seo-a-palermo;Copywriter seo per i social media: perché a Google piace;Web agency SEO Palermo;articolo correlato;0.55
/10-modi-per-migliorare-la-visibilita-del-tuo-sito-web-sui-motori-di-ricerca;10 Modi per Migliorare la Visibilità del Tuo Sito Web sui Motori di Ricerca;/advertising-a-palermo;"Advertising a Palermo, Meta Ads, Google Ads, Tiktok Ads";Advertising Palermo;articolo correlato;0.546
/10-modi-per-migliorare-la-visibilita-del-tuo-sito-web-sui-motori-di-ricerca;10 Modi per Migliorare la Visibilità del Tuo Sito Web sui Motori di Ricerca;/il-marketing-per-attivita-locali-i-vantaggi-di-affidarsi-a-una-web-agency;Il Marketing per Attività Locali;marketing per attività a Palermo;articolo correlato;0.546
/web-agency-a-palermo-per-creare-un-sito-professionale;Web Agency a Palermo per creare un sito professionale;/digital-agency-a-palermo-la-soluzione-completa-per-la-tua-presenza-online;Digital Agency a Palermo: La Soluzione Completa per la Tua Presenza Online;Digital Agency a Palermo;articolo correlato;0.758
/web-agency-a-palermo-per-creare-un-sito-professionale;Web Agency a Palermo per creare un sito professionale;/come-creare-siti-web-professionali-e-di-qualita;Come Creare Siti Web Professionali e di Qualità;Creare Siti Web Professionali a Palermo;articolo correlato;0.716
/web-agency-a-palermo-per-creare-un-sito-professionale;Web Agency a Palermo per creare un sito professionale;/web-agency-a-palermo-la-guida-completa-per-far-crescere-la-tua-attivita-online;Web Agency a Palermo: La Guida Completa per Far Crescere la Tua Attività Online;web agency a Palermo;articolo correlato;0.684
/web-agency-a-palermo-per-creare-un-sito-professionale;Web Agency a Palermo per creare un sito professionale;/vendita-online-a-palermo-sui-social-unottima-vetrina-per-i-tuoi-prodotti;Vendere sui Social: Un'ottima Vetrina per i tuoi Prodotti;vendita online a Palermo;articolo correlato;0.671
/digital-agency-a-palermo-la-soluzione-completa-per-la-tua-presenza-online;Digital Agency a Palermo: La Soluzione Completa per la Tua Presenza Online;/web-agency-a-palermo-per-creare-un-sito-professionale;Web Agency a Palermo per creare un sito professionale;web agency a Palermo;articolo correlato;0.758
/digital-agency-a-palermo-la-soluzione-completa-per-la-tua-presenza-online;Digital Agency a Palermo: La Soluzione Completa per la Tua Presenza Online;/pubblicita-digitale-a-palermo-come-aumentare-la-visibilita-della-tua-attivita;Pubblicità Digitale a Palermo: Come Aumentare la Visibilità della Tua Attività;pubblicità digitale Palermo;articolo correlato;0.742
/digital-agency-a-palermo-la-soluzione-completa-per-la-tua-presenza-online;Digital Agency a Palermo: La Soluzione Completa per la Tua Presenza Online;/web-agency-per-e-commerce-a-palermo-come-incrementare-le-vendite-online;Web Agency per E-commerce a Palermo: Come Incrementare le Vendite Online;web agency e-commerce Palermo;articolo correlato;0.699
/digital-agency-a-palermo-la-soluzione-completa-per-la-tua-presenza-online;Digital Agency a Palermo: La Soluzione Completa per la Tua Presenza Online;/marketing-digitale-a-palermo-la-chiave-per-il-successo-della-tua-attivita;Marketing Digitale a Palermo: La Chiave per il Successo della Tua Attività;marketing digitale Palermo;articolo correlato;0.699
/creare-un-video-aziendale-efficace-coinvolgente-e-professionale;"Creare un Video Aziendale Efficace, Coinvolgente e Professionale";/come-creare-un-podcast-aziendale-per-migliorare-il-posizionamento-del-brand;Come creare un podcast aziendale per migliorare il posizionamento del brand;podcast aziendale;articolo correlato;0.641
/creare-un-video-aziendale-efficace-coinvolgente-e-professionale;"Creare un Video Aziendale Efficace, Coinvolgente e Professionale";/come-creare-siti-web-professionali-e-di-qualita;Come Creare Siti Web Professionali e di Qualità;Creare Siti Web Professionali a Palermo;articolo correlato;0.594
/creare-un-video-aziendale-efficace-coinvolgente-e-professionale;"Creare un Video Aziendale Efficace, Coinvolgente e Professionale";/lavora-con-noi;Lavora con noi;Carriere in Max Digital Innovation;pagina servizio pertinente;0.575
/creare-un-video-aziendale-efficace-coinvolgente-e-professionale;"Creare un Video Aziendale Efficace, Coinvolgente e Professionale";/che-cose-unazienda-di-marketing-scopri-il-motore-del-successo-aziendale;Che cos’è un’azienda di marketing? Scopri il motore del successo aziendale;azienda di marketing;articolo correlato;0.57
/rendi-la-tua-azienda-digitale-trasformazione-e-innovazione-a-palermo;Rendi la Tua Azienda Digitale: Trasformazione e Innovazione a Palermo;/marketing-digitale-a-palermo-la-chiave-per-il-successo-della-tua-attivita;Marketing Digitale a Palermo: La Chiave per il Successo della Tua Attività;marketing digitale Palermo;articolo correlato;0.742
/rendi-la-tua-azienda-digitale-trasformazione-e-innovazione-a-palermo;Rendi la Tua Azienda Digitale: Trasformazione e Innovazione a Palermo;/gestione-social-media-per-la-tua-attivita;Gestione Social Media per la tua Attività;gestione social media Palermo;articolo correlato;0.718
/rendi-la-tua-azienda-digitale-trasformazione-e-innovazione-a-palermo;Rendi la Tua Azienda Digitale: Trasformazione e Innovazione a Palermo;/come-migliorare-la-tua-brand-reputation-con-le-attivita-di-digital-marketing;Come Migliorare la Tua Brand Reputation con le Attività di Digital Marketing;Migliorare reputazione brand a Palermo;articolo correlato;0.7
/rendi-la-tua-azienda-digitale-trasformazione-e-innovazione-a-palermo;Rendi la Tua Azienda Digitale: Trasformazione e Innovazione a Palermo;/digital-agency-a-palermo-la-soluzione-completa-per-la-tua-presenza-online;Digital Agency a Palermo: La Soluzione Completa per la Tua Presenza Online;Digital Agency a Palermo;articolo correlato;0.684
/come-migliorare-la-tua-brand-reputation-con-le-attivita-di-digital-marketing;Come Migliorare la Tua Brand Reputation con le Attività di Digital Marketing;/marketing-digitale-a-palermo-la-chiave-per-il-successo-della-tua-attivita;Marketing Digitale a Palermo: La Chiave per il Successo della Tua Attività;marketing digitale Palermo;articolo correlato;0.776
/come-migliorare-la-tua-brand-reputation-con-le-attivita-di-digital-marketing;Come Migliorare la Tua Brand Reputation con le Attività di Digital Marketing;/strategie-di-marketing-per-aziende-come-costruire-un-piano-di-successo;Strategie di marketing per aziende: come costruire un piano di successo;strategie di marketing per aziende;articolo correlato;0.759
/come-migliorare-la-tua-brand-reputation-con-le-attivita-di-digital-marketing;Come Migliorare la Tua Brand Reputation con le Attività di Digital Marketing;/gestione-social-media-per-la-tua-attivita;Gestione Social Media per la tua Attività;gestione social media Palermo;articolo correlato;0.751
/come-migliorare-la-tua-brand-reputation-con-le-attivita-di-digital-marketing;Come Migliorare la Tua Brand Reputation con le Attività di Digital Marketing;/rendi-la-tua-azienda-digitale-trasformazione-e-innovazione-a-palermo;Rendi la Tua Azienda Digitale: Trasformazione e Innovazione a Palermo;azienda digitale Palermo;articolo correlato;0.7
/come-realizzare-un-sito-web-efficace-le-migliori-alternative-per-creare-un-percorso-di-successo-online;Come Realizzare un Sito Web Efficace: Le Migliori Alternative per Creare un Percorso di Successo Online;/il-web-design-e-la-sua-evoluzione;Il Web Design e la sua Evoluzione;web design Palermo;articolo correlato;0.606
/come-realizzare-un-sito-web-efficace-le-migliori-alternative-per-creare-un-percorso-di-successo-online;Come Realizzare un Sito Web Efficace: Le Migliori Alternative per Creare un Percorso di Successo Online;/web-agency-a-palermo-per-creare-un-sito-professionale;Web Agency a Palermo per creare un sito professionale;web agency a Palermo;articolo correlato;0.593
/come-realizzare-un-sito-web-efficace-le-migliori-alternative-per-creare-un-percorso-di-successo-online;Come Realizzare un Sito Web Efficace: Le Migliori Alternative per Creare un Percorso di Successo Online;/le-11-regole-per-un-sito-web-efficace;Le 11 Regole per un Sito Web Efficace;Siti Web Efficaci a Palermo;articolo correlato;0.593
/come-realizzare-un-sito-web-efficace-le-migliori-alternative-per-creare-un-percorso-di-successo-online;Come Realizzare un Sito Web Efficace: Le Migliori Alternative per Creare un Percorso di Successo Online;/creazione-siti-web-professionali-a-palermo-costruisci-la-tua-identita-digitale;Creazione Siti Web Professionali a Palermo: Costruisci la Tua Identità Digitale;siti web professionali Palermo;articolo correlato;0.593
/sito-web-accessibile-cose-come-crearlo-e-perche-e-importante;"Sito Web Accessibile: Cos’è, Come Crearlo e Perché è Importante";/copywriter-seo-per-i-social-media-perche-a-google-piace-web-agency-seo-a-palermo;Copywriter seo per i social media: perché a Google piace;Web agency SEO Palermo;articolo correlato;0.539
/sito-web-accessibile-cose-come-crearlo-e-perche-e-importante;"Sito Web Accessibile: Cos’è, Come Crearlo e Perché è Importante";/il-web-design-e-la-sua-evoluzione;Il Web Design e la sua Evoluzione;web design Palermo;articolo correlato;0.524
/sito-web-accessibile-cose-come-crearlo-e-perche-e-importante;"Sito Web Accessibile: Cos’è, Come Crearlo e Perché è Importante";/sito-web-per-artisti-fai-conoscere-la-tua-arte;Sito Web per Artisti: Fai Conoscere la Tua Arte;Sito Web per Artisti a Palermo;articolo correlato;0.513
/sito-web-accessibile-cose-come-crearlo-e-perche-e-importante;"Sito Web Accessibile: Cos’è, Come Crearlo e Perché è Importante";/web-agency-a-palermo-per-creare-un-sito-professionale;Web Agency a Palermo per creare un sito professionale;web agency a Palermo;articolo correlato;0.513
/le-11-regole-per-un-sito-web-efficace;Le 11 Regole per un Sito Web Efficace;/creare-un-sito-web-a-palermo-le-caratteristiche-di-unarchitettura-efficace;Struttura di un Sito Web: Le Caratteristiche di un’Architettura Efficace;struttura sito web;articolo correlato;0.641
/le-11-regole-per-un-sito-web-efficace;Le 11 Regole per un Sito Web Efficace;/il-web-design-e-la-sua-evoluzione;Il Web Design e la sua Evoluzione;web design Palermo;articolo correlato;0.594
/le-11-regole-per-un-sito-web-efficace;Le 11 Regole per un Sito Web Efficace;/come-creare-siti-web-professionali-e-di-qualita;Come Creare Siti Web Professionali e di Qualità;Creare Siti Web Professionali a Palermo;articolo correlato;0.594
/le-11-regole-per-un-sito-web-efficace;Le 11 Regole per un Sito Web Efficace;/come-realizzare-un-sito-web-efficace-le-migliori-alternative-per-creare-un-percorso-di-successo-online;Come Realizzare un Sito Web Efficace: Le Migliori Alternative per Creare un Percorso di Successo Online;Creazione Sito Web a Palermo;articolo correlato;0.593
/creare-un-sito-web-a-palermo-le-caratteristiche-di-unarchitettura-efficace;Struttura di un Sito Web: Le Caratteristiche di un’Architettura Efficace;/le-11-regole-per-un-sito-web-efficace;Le 11 Regole per un Sito Web Efficace;Siti Web Efficaci a Palermo;articolo correlato;0.641
/creare-un-sito-web-a-palermo-le-caratteristiche-di-unarchitettura-efficace;Struttura di un Sito Web: Le Caratteristiche di un’Architettura Efficace;/5-errori-silenziosi-che-stai-commettendo-nel-tuo-sito-web-aziendale;5 Errori Silenziosi che Stai Commettendo nel Tuo Sito Web Aziendale;errori sito web aziendale;articolo correlato;0.57
/creare-un-sito-web-a-palermo-le-caratteristiche-di-unarchitettura-efficace;Struttura di un Sito Web: Le Caratteristiche di un’Architettura Efficace;/come-realizzare-un-sito-web-efficace-le-migliori-alternative-per-creare-un-percorso-di-successo-online;Come Realizzare un Sito Web Efficace: Le Migliori Alternative per Creare un Percorso di Successo Online;Creazione Sito Web a Palermo;articolo correlato;0.54
/creare-un-sito-web-a-palermo-le-caratteristiche-di-unarchitettura-efficace;Struttura di un Sito Web: Le Caratteristiche di un’Architettura Efficace;/hai-bisogno-di-uno-store-online-per-la-tua-attivita-offriamo-realizzazione-e-commerce-a-palermo;Hai Bisogno di uno Store Online per la tua Attività?;realizzazione e-commerce Palermo;articolo correlato;0.534
/strategie-di-web-reputation-come-costruire-gestire-e-misurare-la-percezione-online;"Strategie di Web Reputation: Come Costruire, Gestire e Misurare la Percezione Online";/come-migliorare-la-tua-brand-reputation-con-le-attivita-di-digital-marketing;Come Migliorare la Tua Brand Reputation con le Attività di Digital Marketing;Migliorare reputazione brand a Palermo;articolo correlato;0.7
/strategie-di-web-reputation-come-costruire-gestire-e-misurare-la-percezione-online;"Strategie di Web Reputation: Come Costruire, Gestire e Misurare la Percezione Online";/reputazione_online_cose_perche_conta_e_come_verificarla;Reputazione online: perché è importante e come gestirla efficacemente;reputazione online;articolo correlato;0.603
/strategie-di-web-reputation-come-costruire-gestire-e-misurare-la-percezione-online;"Strategie di Web Reputation: Come Costruire, Gestire e Misurare la Percezione Online";/marketing-digitale-a-palermo-la-chiave-per-il-successo-della-tua-attivita;Marketing Digitale a Palermo: La Chiave per il Successo della Tua Attività;marketing digitale Palermo;articolo correlato;0.57
/strategie-di-web-reputation-come-costruire-gestire-e-misurare-la-percezione-online;"Strategie di Web Reputation: Come Costruire, Gestire e Misurare la Percezione Online";/strategie-di-marketing-per-aziende-come-costruire-un-piano-di-successo;Strategie di marketing per aziende: come costruire un piano di successo;strategie di marketing per aziende;articolo correlato;0.559
/sognavi-un-hotel-sempre-pieno-il-web-marketing-per-il-turismo-puo-trasformare-il-tuo-sogno-in-realta;Sognavi un Hotel Sempre Pieno? Il Web Marketing per il Turismo Può Trasformare il Tuo Sogno in Realtà;/marketing-digitale-a-palermo-la-chiave-per-il-successo-della-tua-attivita;Marketing Digitale a Palermo: La Chiave per il Successo della Tua Attività;marketing digitale Palermo;articolo correlato;0.635
/sognavi-un-hotel-sempre-pieno-il-web-marketing-per-il-turismo-puo-trasformare-il-tuo-sogno-in-realta;Sognavi un Hotel Sempre Pieno? Il Web Marketing per il Turismo Può Trasformare il Tuo Sogno in Realtà;/gestione-marketing-per-la-tua-enoteca;Gestione Marketing per la tua Enoteca;Marketing Enoteca Palermo;articolo correlato;0.555
/sognavi-un-hotel-sempre-pieno-il-web-marketing-per-il-turismo-puo-trasformare-il-tuo-sogno-in-realta;Sognavi un Hotel Sempre Pieno? Il Web Marketing per il Turismo Può Trasformare il Tuo Sogno in Realtà;/digital-marketing-palermo;Digital marketing Palermo;Digital marketing Palermo;pagina servizio pertinente;0.55
/sognavi-un-hotel-sempre-pieno-il-web-marketing-per-il-turismo-puo-trasformare-il-tuo-sogno-in-realta;Sognavi un Hotel Sempre Pieno? Il Web Marketing per il Turismo Può Trasformare il Tuo Sogno in Realtà;/agenzia-di-comunicazione-creativa-idee-e-strategie-per-il-tuo-brand;Agenzia di comunicazione creativa: idee e strategie per il tuo brand;agenzia di comunicazione creativa;articolo correlato;0.543
/google-ai-search-la-nuova-era-della-ricerca-intelligente-e-le-opportunita-per-il-marketing;Google AI Search: La Nuova Era della Ricerca Intelligente e le Opportunità per il Marketing;/il-marketing-per-attivita-locali-i-vantaggi-di-affidarsi-a-una-web-agency;Il Marketing per Attività Locali;marketing per attività a Palermo;articolo correlato;0.608
/google-ai-search-la-nuova-era-della-ricerca-intelligente-e-le-opportunita-per-il-marketing;Google AI Search: La Nuova Era della Ricerca Intelligente e le Opportunità per il Marketing;/gestione-marketing-per-la-tua-enoteca;Gestione Marketing per la tua Enoteca;Marketing Enoteca Palermo;articolo correlato;0.608
/google-ai-search-la-nuova-era-della-ricerca-intelligente-e-le-opportunita-per-il-marketing;Google AI Search: La Nuova Era della Ricerca Intelligente e le Opportunità per il Marketing;/usa-la-local-seo-e-porta-il-tuo-business-al-top;Usa la Local SEO e Porta il Tuo Business al Top!;Local SEO Palermo;articolo correlato;0.594
/google-ai-search-la-nuova-era-della-ricerca-intelligente-e-le-opportunita-per-il-marketing;Google AI Search: La Nuova Era della Ricerca Intelligente e le Opportunità per il Marketing;/10-modi-per-migliorare-la-visibilita-del-tuo-sito-web-sui-motori-di-ricerca;10 Modi per Migliorare la Visibilità del Tuo Sito Web sui Motori di Ricerca;Migliora Visibilità Sito Web;articolo correlato;0.582
/aumentare-le-vendite-ecommerce-non-sei-soddisfatto-della-tua-agenzia;Aumentare le Vendite eCommerce: Non Sei Soddisfatto della Tua Agenzia?;/agenzia-di-comunicazione-per-e-commerce-vendere-di-piu-online;Agenzia di comunicazione per e-commerce: vendere di più online;agenzia di comunicazione per e-commerce;articolo correlato;0.7
/aumentare-le-vendite-ecommerce-non-sei-soddisfatto-della-tua-agenzia;Aumentare le Vendite eCommerce: Non Sei Soddisfatto della Tua Agenzia?;/mobile-marketing-e-micro-momenti;Mobile Marketing e Micro-Momenti;mobile marketing Palermo;articolo correlato;0.657
/aumentare-le-vendite-ecommerce-non-sei-soddisfatto-della-tua-agenzia;Aumentare le Vendite eCommerce: Non Sei Soddisfatto della Tua Agenzia?;/gestione-marketing-per-la-tua-enoteca;Gestione Marketing per la tua Enoteca;Marketing Enoteca Palermo;articolo correlato;0.657
/aumentare-le-vendite-ecommerce-non-sei-soddisfatto-della-tua-agenzia;Aumentare le Vendite eCommerce: Non Sei Soddisfatto della Tua Agenzia?;/come-migliorare-la-tua-brand-reputation-con-le-attivita-di-digital-marketing;Come Migliorare la Tua Brand Reputation con le Attività di Digital Marketing;Migliorare reputazione brand a Palermo;articolo correlato;0.641
/come-essere-in-prima-pagina-su-google-le-bugie-piu-diffuse-sulla-seo;Come Essere in Prima Pagina su Google? Le Bugie Più Diffuse sulla SEO;/migliorare-lindicizzazione-su-google-strategie-efficaci-per-scalare-la-serp;Migliorare l’indicizzazione su Google: strategie efficaci per scalare la SERP;migliorare indicizzazione google;articolo correlato;0.57
/come-essere-in-prima-pagina-su-google-le-bugie-piu-diffuse-sulla-seo;Come Essere in Prima Pagina su Google? Le Bugie Più Diffuse sulla SEO;/posizionamento-zero-su-google-cose-e-come-ottenerlo;Posizionamento Zero su Google: Cos’è e Come Ottenerlo;Posizionamento Zero Google;articolo correlato;0.523
/come-essere-in-prima-pagina-su-google-le-bugie-piu-diffuse-sulla-seo;Come Essere in Prima Pagina su Google? Le Bugie Più Diffuse sulla SEO;/seo-e-sem;SEO e SEM;SEO e SEM;articolo correlato;0.433
/come-essere-in-prima-pagina-su-google-le-bugie-piu-diffuse-sulla-seo;Come Essere in Prima Pagina su Google? Le Bugie Più Diffuse sulla SEO;/scopri-come-aumentare-posizionamento-seo-per-il-tuo-sito-web-su-google;Scopri come posizionare il tuo sito Web su Google;posizionamento SEO;articolo correlato;0.414
/gestione-marketing-per-la-tua-enoteca;Gestione Marketing per la tua Enoteca;/gestione-marketing-per-il-tuo-fast-food;Gestione Marketing per il tuo Fast Food;Marketing Fast Food Palermo;articolo correlato;0.77
/gestione-marketing-per-la-tua-enoteca;Gestione Marketing per la tua Enoteca;/aumentare-le-vendite-ecommerce-non-sei-soddisfatto-della-tua-agenzia;Aumentare le Vendite eCommerce: Non Sei Soddisfatto della Tua Agenzia?;Aumentare Vendite eCommerce Palermo;articolo correlato;0.657
/gestione-marketing-per-la-tua-enoteca;Gestione Marketing per la tua Enoteca;/gestione-social-media-per-la-tua-attivita;Gestione Social Media per la tua Attività;gestione social media Palermo;articolo correlato;0.637
/gestione-marketing-per-la-tua-enoteca;Gestione Marketing per la tua Enoteca;/strategie-di-marketing-di-successo-i-passi-fondamentali-per-distinguersi-nel-mercato;Brand Strategy di Successo: I Passi Fondamentali per Distinguersi nel Mercato;Brand Strategy di Successo;articolo correlato;0.632
/gestione-marketing-per-il-tuo-fast-food;Gestione Marketing per il tuo Fast Food;/gestione-marketing-per-la-tua-enoteca;Gestione Marketing per la tua Enoteca;Marketing Enoteca Palermo;articolo correlato;0.77
/gestione-marketing-per-il-tuo-fast-food;Gestione Marketing per il tuo Fast Food;/gestione-marketing-per-il-tuo-pub;Gestione Marketing per il Tuo Pub;marketing per pub a Palermo;articolo correlato;0.686
/gestione-marketing-per-il-tuo-fast-food;Gestione Marketing per il tuo Fast Food;/come-promuovere-il-tuo-salone-di-bellezza-a-palermo;Come Promuovere il Tuo Salone di Bellezza a Palermo;Salone di Bellezza Palermo: Strategie di Marketing Digitale;articolo correlato;0.657
/gestione-marketing-per-il-tuo-fast-food;Gestione Marketing per il tuo Fast Food;/il-marketing-per-attivita-locali-i-vantaggi-di-affidarsi-a-una-web-agency;Il Marketing per Attività Locali;marketing per attività a Palermo;articolo correlato;0.637
/gestione-social-media-per-la-tua-attivita;Gestione Social Media per la tua Attività;/marketing-digitale-a-palermo-la-chiave-per-il-successo-della-tua-attivita;Marketing Digitale a Palermo: La Chiave per il Successo della Tua Attività;marketing digitale Palermo;articolo correlato;0.796
/gestione-social-media-per-la-tua-attivita;Gestione Social Media per la tua Attività;/come-migliorare-la-tua-brand-reputation-con-le-attivita-di-digital-marketing;Come Migliorare la Tua Brand Reputation con le Attività di Digital Marketing;Migliorare reputazione brand a Palermo;articolo correlato;0.751
/gestione-social-media-per-la-tua-attivita;Gestione Social Media per la tua Attività;/rendi-la-tua-azienda-digitale-trasformazione-e-innovazione-a-palermo;Rendi la Tua Azienda Digitale: Trasformazione e Innovazione a Palermo;azienda digitale Palermo;articolo correlato;0.718
/gestione-social-media-per-la-tua-attivita;Gestione Social Media per la tua Attività;/web-agency-a-palermo-la-guida-completa-per-far-crescere-la-tua-attivita-online;Web Agency a Palermo: La Guida Completa per Far Crescere la Tua Attività Online;web agency a Palermo;articolo correlato;0.718
/marketing-e-pubblicita-a-palermo-tutti-i-tipi-di-pubblicita-per-far-crescere-la-tua-attivita;Marketing e Pubblicità a Palermo: Tutti i Tipi di Pubblicità per Far Crescere la Tua Attività;/pubblicita-digitale-a-palermo-come-aumentare-la-visibilita-della-tua-attivita;Pubblicità Digitale a Palermo: Come Aumentare la Visibilità della Tua Attività;pubblicità digitale Palermo;articolo correlato;0.742
/marketing-e-pubblicita-a-palermo-tutti-i-tipi-di-pubblicita-per-far-crescere-la-tua-attivita;Marketing e Pubblicità a Palermo: Tutti i Tipi di Pubblicità per Far Crescere la Tua Attività;/la-tua-agenzia-di-marketing-a-palermo-per-una-crescita-su-misura;La Tua Agenzia di Marketing a Palermo per una Crescita Su Misura;agenzia di marketing a Palermo;articolo correlato;0.699
/marketing-e-pubblicita-a-palermo-tutti-i-tipi-di-pubblicita-per-far-crescere-la-tua-attivita;Marketing e Pubblicità a Palermo: Tutti i Tipi di Pubblicità per Far Crescere la Tua Attività;/marketing-digitale-a-palermo-la-chiave-per-il-successo-della-tua-attivita;Marketing Digitale a Palermo: La Chiave per il Successo della Tua Attività;marketing digitale Palermo;articolo correlato;0.699
/marketing-e-pubblicita-a-palermo-tutti-i-tipi-di-pubblicita-per-far-crescere-la-tua-attivita;Marketing e Pubblicità a Palermo: Tutti i Tipi di Pubblicità per Far Crescere la Tua Attività;/il-marketing-per-attivita-locali-i-vantaggi-di-affidarsi-a-una-web-agency;Il Marketing per Attività Locali;marketing per attività a Palermo;articolo correlato;0.671
/vuoi-aprire-unattivita-a-palermo-e-non-sai-a-chi-affidarti-ecco-come-fare-gestione-marketing-attivita-a-palermo;Vuoi Aprire un’Attività a Palermo e Non Sai a Chi Affidarti? Ecco Come Fare!;/restare-al-passo-coi-trend-e-difficile-scopri-come-unagenzia-di-comunicazione-puo-aiutarti;Restare al Passo coi Trend è Difficile? Scopri Come un'Agenzia di Comunicazione Può Aiutarti;agenzia di marketing a Palermo;articolo correlato;0.648
/vuoi-aprire-unattivita-a-palermo-e-non-sai-a-chi-affidarti-ecco-come-fare-gestione-marketing-attivita-a-palermo;Vuoi Aprire un’Attività a Palermo e Non Sai a Chi Affidarti? Ecco Come Fare!;/gestione-social-media-per-la-tua-attivita;Gestione Social Media per la tua Attività;gestione social media Palermo;articolo correlato;0.644
/vuoi-aprire-unattivita-a-palermo-e-non-sai-a-chi-affidarti-ecco-come-fare-gestione-marketing-attivita-a-palermo;Vuoi Aprire un’Attività a Palermo e Non Sai a Chi Affidarti? Ecco Come Fare!;/strategie-di-marketing-di-successo-i-passi-fondamentali-per-distinguersi-nel-mercato;Brand Strategy di Successo: I Passi Fondamentali per Distinguersi nel Mercato;Brand Strategy di Successo;articolo correlato;0.632
/vuoi-aprire-unattivita-a-palermo-e-non-sai-a-chi-affidarti-ecco-come-fare-gestione-marketing-attivita-a-palermo;Vuoi Aprire un’Attività a Palermo e Non Sai a Chi Affidarti? Ecco Come Fare!;/gestione-marketing-per-la-tua-hamburgeria;Gestione Marketing per la tua Hamburgeria;Marketing per Hamburgerie a Palermo;articolo correlato;0.615
/la-tua-agenzia-di-marketing-a-palermo-per-una-crescita-su-misura;La Tua Agenzia di Marketing a Palermo per una Crescita Su Misura;/marketing-e-pubblicita-a-palermo-tutti-i-tipi-di-pubblicita-per-far-crescere-la-tua-attivita;Marketing e Pubblicità a Palermo: Tutti i Tipi di Pubblicità per Far Crescere la Tua Attività;marketing e pubblicità Palermo;articolo correlato;0.699
/la-tua-agenzia-di-marketing-a-palermo-per-una-crescita-su-misura;La Tua Agenzia di Marketing a Palermo per una Crescita Su Misura;/marketing-per-farmacie-come-aumentare-visibilita-e-fidelizzare-i-clienti;Marketing per Farmacie: Come Aumentare Visibilità e Fidelizzare i Clienti;marketing per farmacie a Palermo;articolo correlato;0.684
/la-tua-agenzia-di-marketing-a-palermo-per-una-crescita-su-misura;La Tua Agenzia di Marketing a Palermo per una Crescita Su Misura;/come-migliorare-la-tua-brand-reputation-con-le-attivita-di-digital-marketing;Come Migliorare la Tua Brand Reputation con le Attività di Digital Marketing;Migliorare reputazione brand a Palermo;articolo correlato;0.655
/la-tua-agenzia-di-marketing-a-palermo-per-una-crescita-su-misura;La Tua Agenzia di Marketing a Palermo per una Crescita Su Misura;/marketing-digitale-a-palermo-la-chiave-per-il-successo-della-tua-attivita;Marketing Digitale a Palermo: La Chiave per il Successo della Tua Attività;marketing digitale Palermo;articolo correlato;0.641
/quanto-costa-realizzare-un-cartello-pubblicitario-a-palermo;Quanto Costa Realizzare un Cartello Pubblicitario a Palermo?;/pubblicita-per-il-tuo-brand-a-palermo-come-differenziarsi-dalla-massa;Brand Identity di Successo: Come Differenziarsi dalla Massa;brand identity;articolo correlato;0.524
/quanto-costa-realizzare-un-cartello-pubblicitario-a-palermo;Quanto Costa Realizzare un Cartello Pubblicitario a Palermo?;/cosa-si-intende-per-pubblicita-una-guida-completa-al-mondo-pubblicitario;Cosa si intende per pubblicità? Una guida completa al mondo pubblicitario;cosa si intende per pubblicità;articolo correlato;0.514
/quanto-costa-realizzare-un-cartello-pubblicitario-a-palermo;Quanto Costa Realizzare un Cartello Pubblicitario a Palermo?;/come-migliorare-la-tua-brand-reputation-con-le-attivita-di-digital-marketing;Come Migliorare la Tua Brand Reputation con le Attività di Digital Marketing;Migliorare reputazione brand a Palermo;articolo correlato;0.482
/quanto-costa-realizzare-un-cartello-pubblicitario-a-palermo;Quanto Costa Realizzare un Cartello Pubblicitario a Palermo?;/quanto-costa-un-sito-web-a-palermo;Quanto Costa un Sito Web nel 2024?;costo sito web Palermo;articolo correlato;0.473
/cosa-fare-per-indicizzare-il-tuo-sito-web;Cosa Fare per Indicizzare il Tuo Sito Web?;/migliorare-lindicizzazione-su-google-strategie-efficaci-per-scalare-la-serp;Migliorare l’indicizzazione su Google: strategie efficaci per scalare la SERP;migliorare indicizzazione google;articolo correlato;0.582
/cosa-fare-per-indicizzare-il-tuo-sito-web;Cosa Fare per Indicizzare il Tuo Sito Web?;/copywriter-seo-per-i-social-media-perche-a-google-piace-web-agency-seo-a-palermo;Copywriter seo per i social media: perché a Google piace;Web agency SEO Palermo;articolo correlato;0.561
/cosa-fare-per-indicizzare-il-tuo-sito-web;Cosa Fare per Indicizzare il Tuo Sito Web?;/quali-sono-i-siti-web-piu-visitati-scopri-le-piattaforme-piu-popolari-al-mondo;Quali sono i siti web più visitati? Scopri le piattaforme più popolari al mondo;siti web più visitati;articolo correlato;0.534
/cosa-fare-per-indicizzare-il-tuo-sito-web;Cosa Fare per Indicizzare il Tuo Sito Web?;/lavora-con-noi;Lavora con noi;Carriere in Max Digital Innovation;pagina servizio pertinente;0.522
/non-sai-come-sponsorizzare-il-tuo-progetto-artistico-scopri-le-strategie-vincenti;Non Sai Come Sponsorizzare il Tuo Progetto Artistico? Scopri le Strategie Vincenti;/strategie-di-marketing-per-aziende-come-costruire-un-piano-di-successo;Strategie di marketing per aziende: come costruire un piano di successo;strategie di marketing per aziende;articolo correlato;0.559
/non-sai-come-sponsorizzare-il-tuo-progetto-artistico-scopri-le-strategie-vincenti;Non Sai Come Sponsorizzare il Tuo Progetto Artistico? Scopri le Strategie Vincenti;/come-migliorare-la-tua-brand-reputation-con-le-attivita-di-digital-marketing;Come Migliorare la Tua Brand Reputation con le Attività di Digital Marketing;Migliorare reputazione brand a Palermo;articolo correlato;0.524
/non-sai-come-sponsorizzare-il-tuo-progetto-artistico-scopri-le-strategie-vincenti;Non Sai Come Sponsorizzare il Tuo Progetto Artistico? Scopri le Strategie Vincenti;/sito-web-per-artisti-fai-conoscere-la-tua-arte;Sito Web per Artisti: Fai Conoscere la Tua Arte;Sito Web per Artisti a Palermo;articolo correlato;0.513
/non-sai-come-sponsorizzare-il-tuo-progetto-artistico-scopri-le-strategie-vincenti;Non Sai Come Sponsorizzare il Tuo Progetto Artistico? Scopri le Strategie Vincenti;/marketing-digitale-a-palermo-la-chiave-per-il-successo-della-tua-attivita;Marketing Digitale a Palermo: La Chiave per il Successo della Tua Attività;marketing digitale Palermo;articolo correlato;0.513
/il-partner-giusto-per-il-tuo-successo-come-trovare-uno-sponsor-affidabile-a-palermo;Il Partner Giusto per il Tuo Successo: Come Trovare uno Sponsor Affidabile a Palermo;/vuoi-aprire-unattivita-a-palermo-e-non-sai-a-chi-affidarti-ecco-come-fare-gestione-marketing-attivita-a-palermo;Vuoi Aprire un’Attività a Palermo e Non Sai a Chi Affidarti? Ecco Come Fare!;Aprire Attività a Palermo;articolo correlato;0.549
/il-partner-giusto-per-il-tuo-successo-come-trovare-uno-sponsor-affidabile-a-palermo;Il Partner Giusto per il Tuo Successo: Come Trovare uno Sponsor Affidabile a Palermo;/che-cose-unazienda-di-marketing-scopri-il-motore-del-successo-aziendale;Che cos’è un’azienda di marketing? Scopri il motore del successo aziendale;azienda di marketing;articolo correlato;0.503
/il-partner-giusto-per-il-tuo-successo-come-trovare-uno-sponsor-affidabile-a-palermo;Il Partner Giusto per il Tuo Successo: Come Trovare uno Sponsor Affidabile a Palermo;/come-creare-siti-web-professionali-e-di-qualita;Come Creare Siti Web Professionali e di Qualità;Creare Siti Web Professionali a Palermo;articolo correlato;0.465
/il-partner-giusto-per-il-tuo-successo-come-trovare-uno-sponsor-affidabile-a-palermo;Il Partner Giusto per il Tuo Successo: Come Trovare uno Sponsor Affidabile a Palermo;/web-agency-per-startup-a-palermo-la-tua-guida-al-successo-digitale;Web Agency per Startup a Palermo: La Tua Guida al Successo Digitale;web agency startup Palermo;articolo correlato;0.465
/marketing-per-imprese-edili;Marketing per Imprese Edili;/marketing-digitale-a-palermo-la-chiave-per-il-successo-della-tua-attivita;Marketing Digitale a Palermo: La Chiave per il Successo della Tua Attività;marketing digitale Palermo;articolo correlato;0.671
/marketing-per-imprese-edili;Marketing per Imprese Edili;/strategie-di-content-marketing-per-le-piccole-imprese-a-palermo;Strategie di Content Marketing per le Piccole Imprese a Palermo;Content Marketing Palermo;articolo correlato;0.637
/marketing-per-imprese-edili;Marketing per Imprese Edili;/social-media-marketing-nel-settore-arredamento;Social Media Marketing nel Settore Arredamento;marketing arredamento Palermo;articolo correlato;0.637
/marketing-per-imprese-edili;Marketing per Imprese Edili;/gestione-social-media-per-la-tua-attivita;Gestione Social Media per la tua Attività;gestione social media Palermo;articolo correlato;0.637
/web-agency-a-palermo-la-guida-completa-per-far-crescere-la-tua-attivita-online;Web Agency a Palermo: La Guida Completa per Far Crescere la Tua Attività Online;/gestione-social-media-per-la-tua-attivita;Gestione Social Media per la tua Attività;gestione social media Palermo;articolo correlato;0.718
/web-agency-a-palermo-la-guida-completa-per-far-crescere-la-tua-attivita-online;Web Agency a Palermo: La Guida Completa per Far Crescere la Tua Attività Online;/copywriter-seo-per-i-social-media-perche-a-google-piace-web-agency-seo-a-palermo;Copywriter seo per i social media: perché a Google piace;Web agency SEO Palermo;articolo correlato;0.697
/web-agency-a-palermo-la-guida-completa-per-far-crescere-la-tua-attivita-online;Web Agency a Palermo: La Guida Completa per Far Crescere la Tua Attività Online;/mi-serve-davvero-un-sito-web-aziendale;Mi serve davvero un sito web aziendale?;sito web aziendale Palermo;articolo correlato;0.684
/web-agency-a-palermo-la-guida-completa-per-far-crescere-la-tua-attivita-online;Web Agency a Palermo: La Guida Completa per Far Crescere la Tua Attività Online;/web-agency-a-palermo-per-creare-un-sito-professionale;Web Agency a Palermo per creare un sito professionale;web agency a Palermo;articolo correlato;0.684
/copywriter-seo-per-i-social-media-perche-a-google-piace-web-agency-seo-a-palermo;Copywriter seo per i social media: perché a Google piace;/web-agency-a-palermo-la-guida-completa-per-far-crescere-la-tua-attivita-online;Web Agency a Palermo: La Guida Completa per Far Crescere la Tua Attività Online;web agency a Palermo;articolo correlato;0.697
/copywriter-seo-per-i-social-media-perche-a-google-piace-web-agency-seo-a-palermo;Copywriter seo per i social media: perché a Google piace;/web-agency-a-palermo-per-creare-un-sito-professionale;Web Agency a Palermo per creare un sito professionale;web agency a Palermo;articolo correlato;0.658
/copywriter-seo-per-i-social-media-perche-a-google-piace-web-agency-seo-a-palermo;Copywriter seo per i social media: perché a Google piace;/come-pubblicizzare-la-tua-ottica-a-palermo;Come Pubblicizzare la tua Ottica a Palermo;pubblicizzare ottica Palermo;articolo correlato;0.632
/copywriter-seo-per-i-social-media-perche-a-google-piace-web-agency-seo-a-palermo;Copywriter seo per i social media: perché a Google piace;/social-media-marketing-nel-settore-arredamento;Social Media Marketing nel Settore Arredamento;marketing arredamento Palermo;articolo correlato;0.632
/web-agency-a-palermo-per-il-settore-immobiliare-la-chiave-per-il-successo-online;Web Agency a Palermo per il Settore Immobiliare: La Chiave per il Successo Online;/web-agency-a-palermo-per-creare-un-sito-professionale;Web Agency a Palermo per creare un sito professionale;web agency a Palermo;articolo correlato;0.615
/web-agency-a-palermo-per-il-settore-immobiliare-la-chiave-per-il-successo-online;Web Agency a Palermo per il Settore Immobiliare: La Chiave per il Successo Online;/digital-agency-a-palermo-la-soluzione-completa-per-la-tua-presenza-online;Digital Agency a Palermo: La Soluzione Completa per la Tua Presenza Online;Digital Agency a Palermo;articolo correlato;0.615
/web-agency-a-palermo-per-il-settore-immobiliare-la-chiave-per-il-successo-online;Web Agency a Palermo per il Settore Immobiliare: La Chiave per il Successo Online;/web-agency-per-e-commerce-a-palermo-come-incrementare-le-vendite-online;Web Agency per E-commerce a Palermo: Come Incrementare le Vendite Online;web agency e-commerce Palermo;articolo correlato;0.559
/web-agency-a-palermo-per-il-settore-immobiliare-la-chiave-per-il-successo-online;Web Agency a Palermo per il Settore Immobiliare: La Chiave per il Successo Online;/marketing-digitale-a-palermo-la-chiave-per-il-successo-della-tua-attivita;Marketing Digitale a Palermo: La Chiave per il Successo della Tua Attività;marketing digitale Palermo;articolo correlato;0.559
/web-agency-per-startup-a-palermo-la-tua-guida-al-successo-digitale;Web Agency per Startup a Palermo: La Tua Guida al Successo Digitale;/digital-agency-a-palermo-la-soluzione-completa-per-la-tua-presenza-online;Digital Agency a Palermo: La Soluzione Completa per la Tua Presenza Online;Digital Agency a Palermo;articolo correlato;0.655
/web-agency-per-startup-a-palermo-la-tua-guida-al-successo-digitale;Web Agency per Startup a Palermo: La Tua Guida al Successo Digitale;/marketing-digitale-a-palermo-la-chiave-per-il-successo-della-tua-attivita;Marketing Digitale a Palermo: La Chiave per il Successo della Tua Attività;marketing digitale Palermo;articolo correlato;0.655
/web-agency-per-startup-a-palermo-la-tua-guida-al-successo-digitale;Web Agency per Startup a Palermo: La Tua Guida al Successo Digitale;/web-agency-locale-a-palermo-la-tua-guida-per-conquistare-il-pubblico-della-citta;Web Agency Locale a Palermo: La Tua Guida per Conquistare il Pubblico della Città;web agency locale Palermo;articolo correlato;0.641
/web-agency-per-startup-a-palermo-la-tua-guida-al-successo-digitale;Web Agency per Startup a Palermo: La Tua Guida al Successo Digitale;/gestione-social-media-a-palermo-come-la-nostra-agenzia-di-comunicazione-cura-i-tuoi-social-media;Gestione Social Media a Palermo: Come la Nostra Agenzia di Comunicazione Cura i Tuoi Social Media;gestione social media Palermo;articolo correlato;0.608
/web-agency-per-e-commerce-a-palermo-come-incrementare-le-vendite-online;Web Agency per E-commerce a Palermo: Come Incrementare le Vendite Online;/digital-agency-a-palermo-la-soluzione-completa-per-la-tua-presenza-online;Digital Agency a Palermo: La Soluzione Completa per la Tua Presenza Online;Digital Agency a Palermo;articolo correlato;0.699
/web-agency-per-e-commerce-a-palermo-come-incrementare-le-vendite-online;Web Agency per E-commerce a Palermo: Come Incrementare le Vendite Online;/marketing-digitale-a-palermo-la-chiave-per-il-successo-della-tua-attivita;Marketing Digitale a Palermo: La Chiave per il Successo della Tua Attività;marketing digitale Palermo;articolo correlato;0.641
/web-agency-per-e-commerce-a-palermo-come-incrementare-le-vendite-online;Web Agency per E-commerce a Palermo: Come Incrementare le Vendite Online;/rendi-la-tua-azienda-digitale-trasformazione-e-innovazione-a-palermo;Rendi la Tua Azienda Digitale: Trasformazione e Innovazione a Palermo;azienda digitale Palermo;articolo correlato;0.627
/web-agency-per-e-commerce-a-palermo-come-incrementare-le-vendite-online;Web Agency per E-commerce a Palermo: Come Incrementare le Vendite Online;/aumentare-le-vendite-ecommerce-non-sei-soddisfatto-della-tua-agenzia;Aumentare le Vendite eCommerce: Non Sei Soddisfatto della Tua Agenzia?;Aumentare Vendite eCommerce Palermo;articolo correlato;0.627
/web-agency-a-palermo-per-eventi-massimizza-la-partecipazione-al-tuo-evento;Web Agency a Palermo per Eventi: Massimizza la Partecipazione al Tuo Evento;/web-agency-locale-a-palermo-la-tua-guida-per-conquistare-il-pubblico-della-citta;Web Agency Locale a Palermo: La Tua Guida per Conquistare il Pubblico della Città;web agency locale Palermo;articolo correlato;0.582
/web-agency-a-palermo-per-eventi-massimizza-la-partecipazione-al-tuo-evento;Web Agency a Palermo per Eventi: Massimizza la Partecipazione al Tuo Evento;/copywriter-seo-per-i-social-media-perche-a-google-piace-web-agency-seo-a-palermo;Copywriter seo per i social media: perché a Google piace;Web agency SEO Palermo;articolo correlato;0.561
/web-agency-a-palermo-per-eventi-massimizza-la-partecipazione-al-tuo-evento;Web Agency a Palermo per Eventi: Massimizza la Partecipazione al Tuo Evento;/il-marketing-per-attivita-locali-i-vantaggi-di-affidarsi-a-una-web-agency;Il Marketing per Attività Locali;marketing per attività a Palermo;articolo correlato;0.557
/web-agency-a-palermo-per-eventi-massimizza-la-partecipazione-al-tuo-evento;Web Agency a Palermo per Eventi: Massimizza la Partecipazione al Tuo Evento;/gestione-social-media-per-la-tua-attivita;Gestione Social Media per la tua Attività;gestione social media Palermo;articolo correlato;0.557
/web-agency-locale-a-palermo-la-tua-guida-per-conquistare-il-pubblico-della-citta;Web Agency Locale a Palermo: La Tua Guida per Conquistare il Pubblico della Città;/il-marketing-per-attivita-locali-i-vantaggi-di-affidarsi-a-una-web-agency;Il Marketing per Attività Locali;marketing per attività a Palermo;articolo correlato;0.718
/web-agency-locale-a-palermo-la-tua-guida-per-conquistare-il-pubblico-della-citta;Web Agency Locale a Palermo: La Tua Guida per Conquistare il Pubblico della Città;/web-agency-a-palermo-la-guida-completa-per-far-crescere-la-tua-attivita-online;Web Agency a Palermo: La Guida Completa per Far Crescere la Tua Attività Online;web agency a Palermo;articolo correlato;0.67
/web-agency-locale-a-palermo-la-tua-guida-per-conquistare-il-pubblico-della-citta;Web Agency Locale a Palermo: La Tua Guida per Conquistare il Pubblico della Città;/web-agency-per-startup-a-palermo-la-tua-guida-al-successo-digitale;Web Agency per Startup a Palermo: La Tua Guida al Successo Digitale;web agency startup Palermo;articolo correlato;0.641
/web-agency-locale-a-palermo-la-tua-guida-per-conquistare-il-pubblico-della-citta;Web Agency Locale a Palermo: La Tua Guida per Conquistare il Pubblico della Città;/come-scegliere-unagenzia-di-comunicazione-efficace-la-guida-per-il-successo-del-tuo-brand;Come scegliere un’agenzia di comunicazione efficace: la guida per il successo del tuo brand;agenzia di comunicazione efficace;articolo correlato;0.641
/pubblicita-digitale-a-palermo-come-aumentare-la-visibilita-della-tua-attivita;Pubblicità Digitale a Palermo: Come Aumentare la Visibilità della Tua Attività;/digital-agency-a-palermo-la-soluzione-completa-per-la-tua-presenza-online;Digital Agency a Palermo: La Soluzione Completa per la Tua Presenza Online;Digital Agency a Palermo;articolo correlato;0.742
/pubblicita-digitale-a-palermo-come-aumentare-la-visibilita-della-tua-attivita;Pubblicità Digitale a Palermo: Come Aumentare la Visibilità della Tua Attività;/marketing-e-pubblicita-a-palermo-tutti-i-tipi-di-pubblicita-per-far-crescere-la-tua-attivita;Marketing e Pubblicità a Palermo: Tutti i Tipi di Pubblicità per Far Crescere la Tua Attività;marketing e pubblicità Palermo;articolo correlato;0.742
/pubblicita-digitale-a-palermo-come-aumentare-la-visibilita-della-tua-attivita;Pubblicità Digitale a Palermo: Come Aumentare la Visibilità della Tua Attività;/marketing-digitale-a-palermo-la-chiave-per-il-successo-della-tua-attivita;Marketing Digitale a Palermo: La Chiave per il Successo della Tua Attività;marketing digitale Palermo;articolo correlato;0.684
/pubblicita-digitale-a-palermo-come-aumentare-la-visibilita-della-tua-attivita;Pubblicità Digitale a Palermo: Come Aumentare la Visibilità della Tua Attività;/il-marketing-per-attivita-locali-i-vantaggi-di-affidarsi-a-una-web-agency;Il Marketing per Attività Locali;marketing per attività a Palermo;articolo correlato;0.657
/creazione-siti-web-professionali-a-palermo-costruisci-la-tua-identita-digitale;Creazione Siti Web Professionali a Palermo: Costruisci la Tua Identità Digitale;/il-web-design-e-la-sua-evoluzione;Il Web Design e la sua Evoluzione;web design Palermo;articolo correlato;0.655
/creazione-siti-web-professionali-a-palermo-costruisci-la-tua-identita-digitale;Creazione Siti Web Professionali a Palermo: Costruisci la Tua Identità Digitale;/web-agency-a-palermo-per-creare-un-sito-professionale;Web Agency a Palermo per creare un sito professionale;web agency a Palermo;articolo correlato;0.641
/creazione-siti-web-professionali-a-palermo-costruisci-la-tua-identita-digitale;Creazione Siti Web Professionali a Palermo: Costruisci la Tua Identità Digitale;/che-cosa-fa-una-web-agency-una-guida-ai-servizi-digitali-piu-richiesti;Che cosa fa una web agency? Una guida ai servizi digitali più richiesti;cosa fa una web agency;articolo correlato;0.627
/creazione-siti-web-professionali-a-palermo-costruisci-la-tua-identita-digitale;Creazione Siti Web Professionali a Palermo: Costruisci la Tua Identità Digitale;/come-creare-siti-web-professionali-e-di-qualita;Come Creare Siti Web Professionali e di Qualità;Creare Siti Web Professionali a Palermo;articolo correlato;0.594
/marketing-su-misura-per-il-tuo-negozio-di-giocattoli;Marketing su Misura per il Tuo Negozio di Giocattoli;/web-agency-per-e-commerce-a-palermo-come-incrementare-le-vendite-online;Web Agency per E-commerce a Palermo: Come Incrementare le Vendite Online;web agency e-commerce Palermo;articolo correlato;0.594
/marketing-su-misura-per-il-tuo-negozio-di-giocattoli;Marketing su Misura per il Tuo Negozio di Giocattoli;/strategie-digitali-per-artigiani-locali-come-vendere-di-piu-online-marketing;Strategie Digitali per Artigiani Locali: Come Vendere di Più Online;marketing per artigiani a Palermo;articolo correlato;0.514
/marketing-su-misura-per-il-tuo-negozio-di-giocattoli;Marketing su Misura per il Tuo Negozio di Giocattoli;/mobile-marketing-e-micro-momenti;Mobile Marketing e Micro-Momenti;mobile marketing Palermo;articolo correlato;0.493
/marketing-su-misura-per-il-tuo-negozio-di-giocattoli;Marketing su Misura per il Tuo Negozio di Giocattoli;/social-media-marketing-nel-settore-arredamento;Social Media Marketing nel Settore Arredamento;marketing arredamento Palermo;articolo correlato;0.493
/marketing-per-farmacie-come-aumentare-visibilita-e-fidelizzare-i-clienti;Marketing per Farmacie: Come Aumentare Visibilità e Fidelizzare i Clienti;/la-tua-agenzia-di-marketing-a-palermo-per-una-crescita-su-misura;La Tua Agenzia di Marketing a Palermo per una Crescita Su Misura;agenzia di marketing a Palermo;articolo correlato;0.684
/marketing-per-farmacie-come-aumentare-visibilita-e-fidelizzare-i-clienti;Marketing per Farmacie: Come Aumentare Visibilità e Fidelizzare i Clienti;/hai-bisogno-di-uno-store-online-per-la-tua-attivita-offriamo-realizzazione-e-commerce-a-palermo;Hai Bisogno di uno Store Online per la tua Attività?;realizzazione e-commerce Palermo;articolo correlato;0.641
/marketing-per-farmacie-come-aumentare-visibilita-e-fidelizzare-i-clienti;Marketing per Farmacie: Come Aumentare Visibilità e Fidelizzare i Clienti;/marketing-e-pubblicita-a-palermo-tutti-i-tipi-di-pubblicita-per-far-crescere-la-tua-attivita;Marketing e Pubblicità a Palermo: Tutti i Tipi di Pubblicità per Far Crescere la Tua Attività;marketing e pubblicità Palermo;articolo correlato;0.627
/marketing-per-farmacie-come-aumentare-visibilita-e-fidelizzare-i-clienti;Marketing per Farmacie: Come Aumentare Visibilità e Fidelizzare i Clienti;/pubblicita-digitale-a-palermo-come-aumentare-la-visibilita-della-tua-attivita;Pubblicità Digitale a Palermo: Come Aumentare la Visibilità della Tua Attività;pubblicità digitale Palermo;articolo correlato;0.614
/marketing-digitale-a-palermo-la-chiave-per-il-successo-della-tua-attivita;Marketing Digitale a Palermo: La Chiave per il Successo della Tua Attività;/servizi-di-comunicazione-digitale-la-chiave-per-il-successo-nel-mondo-online;Servizi di comunicazione digitale: la chiave per il successo nel mondo online;servizi di comunicazione digitale;articolo correlato;0.856
/marketing-digitale-a-palermo-la-chiave-per-il-successo-della-tua-attivita;Marketing Digitale a Palermo: La Chiave per il Successo della Tua Attività;/gestione-social-media-per-la-tua-attivita;Gestione Social Media per la tua Attività;gestione social media Palermo;articolo correlato;0.796
/marketing-digitale-a-palermo-la-chiave-per-il-successo-della-tua-attivita;Marketing Digitale a Palermo: La Chiave per il Successo della Tua Attività;/marketing-online-per-il-tuo-negozio-di-abbigliamento;Marketing Online per il Tuo Negozio di Abbigliamento;Marketing Digitale per Negozi di Abbigliamento a Palermo;articolo correlato;0.776
/marketing-digitale-a-palermo-la-chiave-per-il-successo-della-tua-attivita;Marketing Digitale a Palermo: La Chiave per il Successo della Tua Attività;/come-migliorare-la-tua-brand-reputation-con-le-attivita-di-digital-marketing;Come Migliorare la Tua Brand Reputation con le Attività di Digital Marketing;Migliorare reputazione brand a Palermo;articolo correlato;0.776
/cosa-si-intende-per-sito-web-una-guida-per-capirne-limportanza;Cosa si intende per sito web? Una guida per capirne l’importanza;/ecco-perche-un-sito-web-a-palermo-e-cosi-essenziale-per-la-tua-attivita;Ecco Perché un Sito Web è Così Essenziale per la Tua Attività;sito web essenziale attività;articolo correlato;0.661
/cosa-si-intende-per-sito-web-una-guida-per-capirne-limportanza;Cosa si intende per sito web? Una guida per capirne l’importanza;/web-agency-a-palermo-la-guida-completa-per-far-crescere-la-tua-attivita-online;Web Agency a Palermo: La Guida Completa per Far Crescere la Tua Attività Online;web agency a Palermo;articolo correlato;0.614
/cosa-si-intende-per-sito-web-una-guida-per-capirne-limportanza;Cosa si intende per sito web? Una guida per capirne l’importanza;/che-cosa-fa-una-web-agency-una-guida-ai-servizi-digitali-piu-richiesti;Che cosa fa una web agency? Una guida ai servizi digitali più richiesti;cosa fa una web agency;articolo correlato;0.614
/cosa-si-intende-per-sito-web-una-guida-per-capirne-limportanza;Cosa si intende per sito web? Una guida per capirne l’importanza;/creazione-siti-web-professionali-a-palermo-costruisci-la-tua-identita-digitale;Creazione Siti Web Professionali a Palermo: Costruisci la Tua Identità Digitale;siti web professionali Palermo;articolo correlato;0.57
/quali-sono-i-siti-web-piu-visitati-scopri-le-piattaforme-piu-popolari-al-mondo;Quali sono i siti web più visitati? Scopri le piattaforme più popolari al mondo;/cosa-fare-per-indicizzare-il-tuo-sito-web;Cosa Fare per Indicizzare il Tuo Sito Web?;come indicizzare un sito web;articolo correlato;0.534
/quali-sono-i-siti-web-piu-visitati-scopri-le-piattaforme-piu-popolari-al-mondo;Quali sono i siti web più visitati? Scopri le piattaforme più popolari al mondo;/creazione-siti-web-professionali-a-palermo-costruisci-la-tua-identita-digitale;Creazione Siti Web Professionali a Palermo: Costruisci la Tua Identità Digitale;siti web professionali Palermo;articolo correlato;0.523
/quali-sono-i-siti-web-piu-visitati-scopri-le-piattaforme-piu-popolari-al-mondo;Quali sono i siti web più visitati? Scopri le piattaforme più popolari al mondo;/lavora-con-noi;Lavora con noi;Carriere in Max Digital Innovation;pagina servizio pertinente;0.458
/quali-sono-i-siti-web-piu-visitati-scopri-le-piattaforme-piu-popolari-al-mondo;Quali sono i siti web più visitati? Scopri le piattaforme più popolari al mondo;/cosa-si-intende-per-sito-web-una-guida-per-capirne-limportanza;Cosa si intende per sito web? Una guida per capirne l’importanza;cosa si intende per sito web;articolo correlato;0.456
/che-tipi-di-siti-web-esistono-una-guida-per-scegliere-quello-giusto-per-te;Che tipi di siti web esistono? Una guida per scegliere quello giusto per te;/quanto-costa-un-sito-web-a-palermo;Quanto Costa un Sito Web nel 2024?;costo sito web Palermo;articolo correlato;0.57
/che-tipi-di-siti-web-esistono-una-guida-per-scegliere-quello-giusto-per-te;Che tipi di siti web esistono? Una guida per scegliere quello giusto per te;/creazione-siti-web-professionali-a-palermo-costruisci-la-tua-identita-digitale;Creazione Siti Web Professionali a Palermo: Costruisci la Tua Identità Digitale;siti web professionali Palermo;articolo correlato;0.513
/che-tipi-di-siti-web-esistono-una-guida-per-scegliere-quello-giusto-per-te;Che tipi di siti web esistono? Una guida per scegliere quello giusto per te;/tipologie-di-siti-web-la-guida-definitiva-per-imprenditori;Tipologie di siti web: la guida definitiva per imprenditori;tipologie di siti web;articolo correlato;0.509
/che-tipi-di-siti-web-esistono-una-guida-per-scegliere-quello-giusto-per-te;Che tipi di siti web esistono? Una guida per scegliere quello giusto per te;/sito-web-accessibile-cose-come-crearlo-e-perche-e-importante;"Sito Web Accessibile: Cos’è, Come Crearlo e Perché è Importante";Sito Web Accessibile;articolo correlato;0.503
/come-si-chiama-chi-crea-un-sito-web-scopri-la-figura-del-web-developer;Come si chiama chi crea un sito web? Scopri la figura del Web Developer;/lavora-con-noi;Lavora con noi;Carriere in Max Digital Innovation;pagina servizio pertinente;0.516
/come-si-chiama-chi-crea-un-sito-web-scopri-la-figura-del-web-developer;Come si chiama chi crea un sito web? Scopri la figura del Web Developer;/come-realizzare-un-sito-web-efficace-le-migliori-alternative-per-creare-un-percorso-di-successo-online;Come Realizzare un Sito Web Efficace: Le Migliori Alternative per Creare un Percorso di Successo Online;Creazione Sito Web a Palermo;articolo correlato;0.488
/come-si-chiama-chi-crea-un-sito-web-scopri-la-figura-del-web-developer;Come si chiama chi crea un sito web? Scopri la figura del Web Developer;/hai-bisogno-di-uno-store-online-per-la-tua-attivita-offriamo-realizzazione-e-commerce-a-palermo;Hai Bisogno di uno Store Online per la tua Attività?;realizzazione e-commerce Palermo;articolo correlato;0.473
/come-si-chiama-chi-crea-un-sito-web-scopri-la-figura-del-web-developer;Come si chiama chi crea un sito web? Scopri la figura del Web Developer;/il-web-design-e-la-sua-evoluzione;Il Web Design e la sua Evoluzione;web design Palermo;articolo correlato;0.473
/che-cosa-fa-una-web-agency-una-guida-ai-servizi-digitali-piu-richiesti;Che cosa fa una web agency? Una guida ai servizi digitali più richiesti;/web-agency-a-palermo-la-guida-completa-per-far-crescere-la-tua-attivita-online;Web Agency a Palermo: La Guida Completa per Far Crescere la Tua Attività Online;web agency a Palermo;articolo correlato;0.67
/che-cosa-fa-una-web-agency-una-guida-ai-servizi-digitali-piu-richiesti;Che cosa fa una web agency? Una guida ai servizi digitali più richiesti;/web-agency-a-palermo-per-creare-un-sito-professionale;Web Agency a Palermo per creare un sito professionale;web agency a Palermo;articolo correlato;0.627
/che-cosa-fa-una-web-agency-una-guida-ai-servizi-digitali-piu-richiesti;Che cosa fa una web agency? Una guida ai servizi digitali più richiesti;/digital-agency-a-palermo-la-soluzione-completa-per-la-tua-presenza-online;Digital Agency a Palermo: La Soluzione Completa per la Tua Presenza Online;Digital Agency a Palermo;articolo correlato;0.627
/che-cosa-fa-una-web-agency-una-guida-ai-servizi-digitali-piu-richiesti;Che cosa fa una web agency? Una guida ai servizi digitali più richiesti;/creazione-siti-web-professionali-a-palermo-costruisci-la-tua-identita-digitale;Creazione Siti Web Professionali a Palermo: Costruisci la Tua Identità Digitale;siti web professionali Palermo;articolo correlato;0.627
/quante-sono-le-web-agency-in-italia-unanalisi-del-panorama-digitale-italiano;Quante sono le web agency in Italia? Un'analisi del panorama digitale italiano;/quanto-guadagna-una-web-agency-analisi-dei-fattori-che-influenzano-i-ricavi;Quanto guadagna una web agency? Analisi dei fattori che influenzano i ricavi;quanto guadagna web agency;articolo correlato;0.591
/quante-sono-le-web-agency-in-italia-unanalisi-del-panorama-digitale-italiano;Quante sono le web agency in Italia? Un'analisi del panorama digitale italiano;/che-cosa-fa-una-web-agency-una-guida-ai-servizi-digitali-piu-richiesti;Che cosa fa una web agency? Una guida ai servizi digitali più richiesti;cosa fa una web agency;articolo correlato;0.549
/quante-sono-le-web-agency-in-italia-unanalisi-del-panorama-digitale-italiano;Quante sono le web agency in Italia? Un'analisi del panorama digitale italiano;/servizi-digitali-palermo;Servizi digitali Palermo;servizi digitali;pagina servizio pertinente;0.516
/quante-sono-le-web-agency-in-italia-unanalisi-del-panorama-digitale-italiano;Quante sono le web agency in Italia? Un'analisi del panorama digitale italiano;/web-agency-a-palermo-per-il-settore-immobiliare-la-chiave-per-il-successo-online;Web Agency a Palermo per il Settore Immobiliare: La Chiave per il Successo Online;Web Agency Palermo Immobiliare;articolo correlato;0.486
/quanto-guadagna-una-web-agency-analisi-dei-fattori-che-influenzano-i-ricavi;Quanto guadagna una web agency? Analisi dei fattori che influenzano i ricavi;/quante-sono-le-web-agency-in-italia-unanalisi-del-panorama-digitale-italiano;Quante sono le web agency in Italia? Un'analisi del panorama digitale italiano;web agency Italia;articolo correlato;0.591
/quanto-guadagna-una-web-agency-analisi-dei-fattori-che-influenzano-i-ricavi;Quanto guadagna una web agency? Analisi dei fattori che influenzano i ricavi;/web-agency-a-palermo-per-il-settore-immobiliare-la-chiave-per-il-successo-online;Web Agency a Palermo per il Settore Immobiliare: La Chiave per il Successo Online;Web Agency Palermo Immobiliare;articolo correlato;0.486
/quanto-guadagna-una-web-agency-analisi-dei-fattori-che-influenzano-i-ricavi;Quanto guadagna una web agency? Analisi dei fattori che influenzano i ricavi;/servizi-digitali-palermo;Servizi digitali Palermo;servizi digitali;pagina servizio pertinente;0.457
/quanto-guadagna-una-web-agency-analisi-dei-fattori-che-influenzano-i-ricavi;Quanto guadagna una web agency? Analisi dei fattori che influenzano i ricavi;/che-cosa-fa-una-web-agency-una-guida-ai-servizi-digitali-piu-richiesti;Che cosa fa una web agency? Una guida ai servizi digitali più richiesti;cosa fa una web agency;articolo correlato;0.44
/chi-lavora-in-una-web-agency-scopri-i-ruoli-principali;Chi lavora in una web agency? Scopri i ruoli principali;/servizi-digitali-palermo;Servizi digitali Palermo;servizi digitali;pagina servizio pertinente;0.463
/chi-lavora-in-una-web-agency-scopri-i-ruoli-principali;Chi lavora in una web agency? Scopri i ruoli principali;/come-si-chiama-chi-si-occupa-di-comunicazione-scopri-i-ruoli-e-le-competenze-di-questi-professionisti;Come si chiama chi si occupa di comunicazione? Scopri i ruoli e le competenze di questi professionisti;chi si occupa di comunicazione;articolo correlato;0.456
/chi-lavora-in-una-web-agency-scopri-i-ruoli-principali;Chi lavora in una web agency? Scopri i ruoli principali;/lavora-con-noi;Lavora con noi;Carriere in Max Digital Innovation;pagina servizio pertinente;0.454
/chi-lavora-in-una-web-agency-scopri-i-ruoli-principali;Chi lavora in una web agency? Scopri i ruoli principali;/come-diventare-un-social-media-manager-di-successo-guida-passo-dopo-passo;Come diventare un Social Media Manager di successo: guida passo dopo passo;Social Media Manager di successo;articolo correlato;0.448
/cose-unagency-scopri-il-ruolo-e-i-servizi-di-unagenzia-moderna;Cos’è un’agency? Scopri il ruolo e i servizi di un’agenzia moderna;/web-agency-a-palermo-il-design-che-parte-dal-brand;Web Agency a Palermo;web agency a Palermo;articolo correlato;0.632
/cose-unagency-scopri-il-ruolo-e-i-servizi-di-unagenzia-moderna;Cos’è un’agency? Scopri il ruolo e i servizi di un’agenzia moderna;/agenzia-di-comunicazione-per-e-commerce-vendere-di-piu-online;Agenzia di comunicazione per e-commerce: vendere di più online;agenzia di comunicazione per e-commerce;articolo correlato;0.561
/cose-unagency-scopri-il-ruolo-e-i-servizi-di-unagenzia-moderna;Cos’è un’agency? Scopri il ruolo e i servizi di un’agenzia moderna;/come-creare-una-landing-page-efficace;Come creare una Landing Page efficace;creare landing page efficaci;articolo correlato;0.55
/cose-unagency-scopri-il-ruolo-e-i-servizi-di-unagenzia-moderna;Cos’è un’agency? Scopri il ruolo e i servizi di un’agenzia moderna;/agenzia-di-comunicazione-digitale-il-futuro-della-promozione-online;Agenzia di comunicazione digitale: il futuro della promozione online;agenzia di comunicazione digitale;articolo correlato;0.55
/cosa-si-intende-per-pubblicita-una-guida-completa-al-mondo-pubblicitario;Cosa si intende per pubblicità? Una guida completa al mondo pubblicitario;/cosa-fa-lagenzia-di-marketing-una-guida-ai-servizi-e-al-ruolo-strategico;Cosa fa l'agenzia di marketing? Una guida ai servizi e al ruolo strategico;agenzia di marketing;articolo correlato;0.657
/cosa-si-intende-per-pubblicita-una-guida-completa-al-mondo-pubblicitario;Cosa si intende per pubblicità? Una guida completa al mondo pubblicitario;/web-agency-locale-a-palermo-la-tua-guida-per-conquistare-il-pubblico-della-citta;Web Agency Locale a Palermo: La Tua Guida per Conquistare il Pubblico della Città;web agency locale Palermo;articolo correlato;0.603
/cosa-si-intende-per-pubblicita-una-guida-completa-al-mondo-pubblicitario;Cosa si intende per pubblicità? Una guida completa al mondo pubblicitario;/tiktok-ads-manager-guida-completa-su-come-gestire-le-tue-campagne-su-tiktok;TikTok Ads Manager: Guida Completa su Come Gestire le Tue Campagne su TikTok;TikTok Ads Manager;articolo correlato;0.594
/cosa-si-intende-per-pubblicita-una-guida-completa-al-mondo-pubblicitario;Cosa si intende per pubblicità? Una guida completa al mondo pubblicitario;/come-scegliere-unagenzia-di-comunicazione-efficace-la-guida-per-il-successo-del-tuo-brand;Come scegliere un’agenzia di comunicazione efficace: la guida per il successo del tuo brand;agenzia di comunicazione efficace;articolo correlato;0.571
/come-farsi-pubblicita-gratis-strategie-efficaci-per-aumentare-la-visibilita;Come farsi pubblicità gratis? Strategie efficaci per aumentare la visibilità;/marketing-digitale-a-palermo-la-chiave-per-il-successo-della-tua-attivita;Marketing Digitale a Palermo: La Chiave per il Successo della Tua Attività;marketing digitale Palermo;articolo correlato;0.582
/come-farsi-pubblicita-gratis-strategie-efficaci-per-aumentare-la-visibilita;Come farsi pubblicità gratis? Strategie efficaci per aumentare la visibilità;/pubblicita-digitale-a-palermo-come-aumentare-la-visibilita-della-tua-attivita;Pubblicità Digitale a Palermo: Come Aumentare la Visibilità della Tua Attività;pubblicità digitale Palermo;articolo correlato;0.57
/come-farsi-pubblicita-gratis-strategie-efficaci-per-aumentare-la-visibilita;Come farsi pubblicità gratis? Strategie efficaci per aumentare la visibilità;/gestione-marketing-per-la-tua-enoteca;Gestione Marketing per la tua Enoteca;Marketing Enoteca Palermo;articolo correlato;0.546
/come-farsi-pubblicita-gratis-strategie-efficaci-per-aumentare-la-visibilita;Come farsi pubblicità gratis? Strategie efficaci per aumentare la visibilità;/gestione-social-media-per-la-tua-attivita;Gestione Social Media per la tua Attività;gestione social media Palermo;articolo correlato;0.546
/qual-e-il-compito-della-pubblicita-capire-lobiettivo-e-il-valore-della-comunicazione-pubblicitaria;Qual è il compito della pubblicità? Capire l’obiettivo e il valore della comunicazione pubblicitaria;/come-unagenzia-di-comunicazione-e-influencer-marketing-trasforma-la-pubblicita-moderna;Come un’agenzia di comunicazione e influencer marketing trasforma la pubblicità moderna;agenzia di comunicazione e influencer marketing;articolo correlato;0.559
/qual-e-il-compito-della-pubblicita-capire-lobiettivo-e-il-valore-della-comunicazione-pubblicitaria;Qual è il compito della pubblicità? Capire l’obiettivo e il valore della comunicazione pubblicitaria;/cosa-si-intende-per-pubblicita-una-guida-completa-al-mondo-pubblicitario;Cosa si intende per pubblicità? Una guida completa al mondo pubblicitario;cosa si intende per pubblicità;articolo correlato;0.538
/qual-e-il-compito-della-pubblicita-capire-lobiettivo-e-il-valore-della-comunicazione-pubblicitaria;Qual è il compito della pubblicità? Capire l’obiettivo e il valore della comunicazione pubblicitaria;/marketing-e-pubblicita-a-palermo-tutti-i-tipi-di-pubblicita-per-far-crescere-la-tua-attivita;Marketing e Pubblicità a Palermo: Tutti i Tipi di Pubblicità per Far Crescere la Tua Attività;marketing e pubblicità Palermo;articolo correlato;0.504
/qual-e-il-compito-della-pubblicita-capire-lobiettivo-e-il-valore-della-comunicazione-pubblicitaria;Qual è il compito della pubblicità? Capire l’obiettivo e il valore della comunicazione pubblicitaria;/pubblicita-per-il-tuo-brand-a-palermo-come-differenziarsi-dalla-massa;Brand Identity di Successo: Come Differenziarsi dalla Massa;brand identity;articolo correlato;0.494
/quanto-si-paga-unagenzia-di-comunicazione-guida-ai-costi-dei-servizi-di-comunicazione;Quanto si paga un'agenzia di comunicazione? Guida ai costi dei servizi di comunicazione;/come-scegliere-unagenzia-di-comunicazione-efficace-la-guida-per-il-successo-del-tuo-brand;Come scegliere un’agenzia di comunicazione efficace: la guida per il successo del tuo brand;agenzia di comunicazione efficace;articolo correlato;0.482
/quanto-si-paga-unagenzia-di-comunicazione-guida-ai-costi-dei-servizi-di-comunicazione;Quanto si paga un'agenzia di comunicazione? Guida ai costi dei servizi di comunicazione;/come-trovare-unagenzia-di-comunicazione-consigli-per-scegliere-il-partner-giusto;Come trovare un'agenzia di comunicazione? Consigli per scegliere il partner giusto;agenzia di comunicazione;articolo correlato;0.473
/quanto-si-paga-unagenzia-di-comunicazione-guida-ai-costi-dei-servizi-di-comunicazione;Quanto si paga un'agenzia di comunicazione? Guida ai costi dei servizi di comunicazione;/quanto-costa-farsi-gestire-un-profilo-instagram;Quanto costa farsi gestire un profilo Instagram?;Costo Gestione Instagram;articolo correlato;0.465
/quanto-si-paga-unagenzia-di-comunicazione-guida-ai-costi-dei-servizi-di-comunicazione;Quanto si paga un'agenzia di comunicazione? Guida ai costi dei servizi di comunicazione;/restare-al-passo-coi-trend-e-difficile-scopri-come-unagenzia-di-comunicazione-puo-aiutarti;Restare al Passo coi Trend è Difficile? Scopri Come un'Agenzia di Comunicazione Può Aiutarti;agenzia di marketing a Palermo;articolo correlato;0.431
/cosa-fa-lagenzia-di-marketing-una-guida-ai-servizi-e-al-ruolo-strategico;Cosa fa l'agenzia di marketing? Una guida ai servizi e al ruolo strategico;/cosa-si-intende-per-pubblicita-una-guida-completa-al-mondo-pubblicitario;Cosa si intende per pubblicità? Una guida completa al mondo pubblicitario;cosa si intende per pubblicità;articolo correlato;0.657
/cosa-fa-lagenzia-di-marketing-una-guida-ai-servizi-e-al-ruolo-strategico;Cosa fa l'agenzia di marketing? Una guida ai servizi e al ruolo strategico;/come-scegliere-unagenzia-di-comunicazione-efficace-la-guida-per-il-successo-del-tuo-brand;Come scegliere un’agenzia di comunicazione efficace: la guida per il successo del tuo brand;agenzia di comunicazione efficace;articolo correlato;0.641
/cosa-fa-lagenzia-di-marketing-una-guida-ai-servizi-e-al-ruolo-strategico;Cosa fa l'agenzia di marketing? Una guida ai servizi e al ruolo strategico;/web-agency-locale-a-palermo-la-tua-guida-per-conquistare-il-pubblico-della-citta;Web Agency Locale a Palermo: La Tua Guida per Conquistare il Pubblico della Città;web agency locale Palermo;articolo correlato;0.614
/cosa-fa-lagenzia-di-marketing-una-guida-ai-servizi-e-al-ruolo-strategico;Cosa fa l'agenzia di marketing? Una guida ai servizi e al ruolo strategico;/il-marketing-per-attivita-locali-i-vantaggi-di-affidarsi-a-una-web-agency;Il Marketing per Attività Locali;marketing per attività a Palermo;articolo correlato;0.596
/che-cose-unazienda-di-marketing-scopri-il-motore-del-successo-aziendale;Che cos’è un’azienda di marketing? Scopri il motore del successo aziendale;/comunicazione-per-la-crescita-aziendale-strategie-per-raggiungere-il-successo;Comunicazione per la crescita aziendale: strategie per raggiungere il successo;comunicazione per la crescita aziendale;articolo correlato;0.684
/che-cose-unazienda-di-marketing-scopri-il-motore-del-successo-aziendale;Che cos’è un’azienda di marketing? Scopri il motore del successo aziendale;/che-lavoro-fa-il-marketing-il-motore-che-trasforma-idee-in-successo;Che lavoro fa il marketing? Il motore che trasforma idee in successo;che lavoro fa il marketing;articolo correlato;0.657
/che-cose-unazienda-di-marketing-scopri-il-motore-del-successo-aziendale;Che cos’è un’azienda di marketing? Scopri il motore del successo aziendale;/come-migliorare-la-tua-brand-reputation-con-le-attivita-di-digital-marketing;Come Migliorare la Tua Brand Reputation con le Attività di Digital Marketing;Migliorare reputazione brand a Palermo;articolo correlato;0.641
/che-cose-unazienda-di-marketing-scopri-il-motore-del-successo-aziendale;Che cos’è un’azienda di marketing? Scopri il motore del successo aziendale;/marketing-digitale-a-palermo-la-chiave-per-il-successo-della-tua-attivita;Marketing Digitale a Palermo: La Chiave per il Successo della Tua Attività;marketing digitale Palermo;articolo correlato;0.627
/3-tipi-di-marketing-a-palermo-scopri-le-strategie-per-il-successo-della-tua-attivita;3 Tipi di Marketing a Palermo: Scopri le Strategie per il Successo della Tua Attività;/il-marketing-per-attivita-locali-i-vantaggi-di-affidarsi-a-una-web-agency;Il Marketing per Attività Locali;marketing per attività a Palermo;articolo correlato;0.671
/3-tipi-di-marketing-a-palermo-scopri-le-strategie-per-il-successo-della-tua-attivita;3 Tipi di Marketing a Palermo: Scopri le Strategie per il Successo della Tua Attività;/marketing-e-pubblicita-a-palermo-tutti-i-tipi-di-pubblicita-per-far-crescere-la-tua-attivita;Marketing e Pubblicità a Palermo: Tutti i Tipi di Pubblicità per Far Crescere la Tua Attività;marketing e pubblicità Palermo;articolo correlato;0.641
/3-tipi-di-marketing-a-palermo-scopri-le-strategie-per-il-successo-della-tua-attivita;3 Tipi di Marketing a Palermo: Scopri le Strategie per il Successo della Tua Attività;/marketing-digitale-a-palermo-la-chiave-per-il-successo-della-tua-attivita;Marketing Digitale a Palermo: La Chiave per il Successo della Tua Attività;marketing digitale Palermo;articolo correlato;0.641
/3-tipi-di-marketing-a-palermo-scopri-le-strategie-per-il-successo-della-tua-attivita;3 Tipi di Marketing a Palermo: Scopri le Strategie per il Successo della Tua Attività;/strategie-di-content-marketing-per-le-piccole-imprese-a-palermo;Strategie di Content Marketing per le Piccole Imprese a Palermo;Content Marketing Palermo;articolo correlato;0.608
/che-lavoro-fa-il-marketing-il-motore-che-trasforma-idee-in-successo;Che lavoro fa il marketing? Il motore che trasforma idee in successo;/strategie-di-marketing-per-aziende-come-costruire-un-piano-di-successo;Strategie di marketing per aziende: come costruire un piano di successo;strategie di marketing per aziende;articolo correlato;0.711
/che-lavoro-fa-il-marketing-il-motore-che-trasforma-idee-in-successo;Che lavoro fa il marketing? Il motore che trasforma idee in successo;/che-cose-unazienda-di-marketing-scopri-il-motore-del-successo-aziendale;Che cos’è un’azienda di marketing? Scopri il motore del successo aziendale;azienda di marketing;articolo correlato;0.657
/che-lavoro-fa-il-marketing-il-motore-che-trasforma-idee-in-successo;Che lavoro fa il marketing? Il motore che trasforma idee in successo;/strategie-di-marketing-di-successo-i-passi-fondamentali-per-distinguersi-nel-mercato;Brand Strategy di Successo: I Passi Fondamentali per Distinguersi nel Mercato;Brand Strategy di Successo;articolo correlato;0.632
/che-lavoro-fa-il-marketing-il-motore-che-trasforma-idee-in-successo;Che lavoro fa il marketing? Il motore che trasforma idee in successo;/come-migliorare-la-tua-brand-reputation-con-le-attivita-di-digital-marketing;Come Migliorare la Tua Brand Reputation con le Attività di Digital Marketing;Migliorare reputazione brand a Palermo;articolo correlato;0.629
/come-fare-unottima-pubblicita-strategie-vincenti-per-il-tuo-successo;Come fare un’ottima pubblicità? Strategie vincenti per il tuo successo;/strategie-di-marketing-per-aziende-come-costruire-un-piano-di-successo;Strategie di marketing per aziende: come costruire un piano di successo;strategie di marketing per aziende;articolo correlato;0.57
/come-fare-unottima-pubblicita-strategie-vincenti-per-il-tuo-successo;Come fare un’ottima pubblicità? Strategie vincenti per il tuo successo;/quale-pubblicita-funziona-di-piu-scopri-le-strategie-piu-efficaci-per-il-tuo-business;Quale pubblicità funziona di più? Scopri le strategie più efficaci per il tuo business;Pubblicità Efficace: Strategie per il Tuo Business;articolo correlato;0.559
/come-fare-unottima-pubblicita-strategie-vincenti-per-il-tuo-successo;Come fare un’ottima pubblicità? Strategie vincenti per il tuo successo;/come-scegliere-unagenzia-di-comunicazione-efficace-la-guida-per-il-successo-del-tuo-brand;Come scegliere un’agenzia di comunicazione efficace: la guida per il successo del tuo brand;agenzia di comunicazione efficace;articolo correlato;0.534
/come-fare-unottima-pubblicita-strategie-vincenti-per-il-tuo-successo;Come fare un’ottima pubblicità? Strategie vincenti per il tuo successo;/strategia-marketing-digitale;Dal branding al marketing digitale: costruisci la tua strategia vincente;strategia marketing digitale;articolo correlato;0.532
/dove-fare-pubblicita-a-basso-costo-scopri-le-migliori-strategie-economiche-per-promuovere-la-tua-attivita;Dove fare pubblicità a basso costo? Scopri le migliori strategie economiche per promuovere la tua attività;/quale-pubblicita-funziona-di-piu-scopri-le-strategie-piu-efficaci-per-il-tuo-business;Quale pubblicità funziona di più? Scopri le strategie più efficaci per il tuo business;Pubblicità Efficace: Strategie per il Tuo Business;articolo correlato;0.486
/dove-fare-pubblicita-a-basso-costo-scopri-le-migliori-strategie-economiche-per-promuovere-la-tua-attivita;Dove fare pubblicità a basso costo? Scopri le migliori strategie economiche per promuovere la tua attività;/digital-marketing-palermo;Digital marketing Palermo;Digital marketing Palermo;pagina servizio pertinente;0.457
/dove-fare-pubblicita-a-basso-costo-scopri-le-migliori-strategie-economiche-per-promuovere-la-tua-attivita;Dove fare pubblicità a basso costo? Scopri le migliori strategie economiche per promuovere la tua attività;/come-farsi-pubblicita-gratis-strategie-efficaci-per-aumentare-la-visibilita;Come farsi pubblicità gratis? Strategie efficaci per aumentare la visibilità;come farsi pubblicità gratis;articolo correlato;0.448
/dove-fare-pubblicita-a-basso-costo-scopri-le-migliori-strategie-economiche-per-promuovere-la-tua-attivita;Dove fare pubblicità a basso costo? Scopri le migliori strategie economiche per promuovere la tua attività;/3-tipi-di-marketing-a-palermo-scopri-le-strategie-per-il-successo-della-tua-attivita;3 Tipi di Marketing a Palermo: Scopri le Strategie per il Successo della Tua Attività;marketing a Palermo;articolo correlato;0.448
/quale-pubblicita-funziona-di-piu-scopri-le-strategie-piu-efficaci-per-il-tuo-business;Quale pubblicità funziona di più? Scopri le strategie più efficaci per il tuo business;/come-fare-unottima-pubblicita-strategie-vincenti-per-il-tuo-successo;Come fare un’ottima pubblicità? Strategie vincenti per il tuo successo;ottima pubblicità;articolo correlato;0.559
/quale-pubblicita-funziona-di-piu-scopri-le-strategie-piu-efficaci-per-il-tuo-business;Quale pubblicità funziona di più? Scopri le strategie più efficaci per il tuo business;/come-strutturare-una-strategia-digitale-efficace;Come strutturare una strategia digitale efficace;strategia digitale efficace;articolo correlato;0.514
/quale-pubblicita-funziona-di-piu-scopri-le-strategie-piu-efficaci-per-il-tuo-business;Quale pubblicità funziona di più? Scopri le strategie più efficaci per il tuo business;/come-funzionano-le-agenzie-su-tiktok-scopri-come-potenziare-il-tuo-brand;Come funzionano le agenzie su TikTok? Scopri come potenziare il tuo brand;agenzie TikTok;articolo correlato;0.504
/quale-pubblicita-funziona-di-piu-scopri-le-strategie-piu-efficaci-per-il-tuo-business;Quale pubblicità funziona di più? Scopri le strategie più efficaci per il tuo business;/dove-fare-pubblicita-a-basso-costo-scopri-le-migliori-strategie-economiche-per-promuovere-la-tua-attivita;Dove fare pubblicità a basso costo? Scopri le migliori strategie economiche per promuovere la tua attività;pubblicità a basso costo;articolo correlato;0.486
/come-iniziare-a-fare-digital-marketing-guida-pratica-per-chi-vuole-emergere-online;Come iniziare a fare digital marketing? Guida pratica per chi vuole emergere online;/come-strutturare-una-strategia-digitale-efficace;Come strutturare una strategia digitale efficace;strategia digitale efficace;articolo correlato;0.629
/come-iniziare-a-fare-digital-marketing-guida-pratica-per-chi-vuole-emergere-online;Come iniziare a fare digital marketing? Guida pratica per chi vuole emergere online;/marketing-digitale-a-palermo-la-chiave-per-il-successo-della-tua-attivita;Marketing Digitale a Palermo: La Chiave per il Successo della Tua Attività;marketing digitale Palermo;articolo correlato;0.615
/come-iniziare-a-fare-digital-marketing-guida-pratica-per-chi-vuole-emergere-online;Come iniziare a fare digital marketing? Guida pratica per chi vuole emergere online;/marketing-online-per-il-tuo-negozio-di-abbigliamento;Marketing Online per il Tuo Negozio di Abbigliamento;Marketing Digitale per Negozi di Abbigliamento a Palermo;articolo correlato;0.571
/come-iniziare-a-fare-digital-marketing-guida-pratica-per-chi-vuole-emergere-online;Come iniziare a fare digital marketing? Guida pratica per chi vuole emergere online;/agenzia-di-comunicazione-digitale-il-futuro-della-promozione-online;Agenzia di comunicazione digitale: il futuro della promozione online;agenzia di comunicazione digitale;articolo correlato;0.559
/portfolio-fotografico-online-cose-e-perche-e-importante-crearlo;Portfolio fotografico online: cos’è e perché è importante crearlo;/marketing-online-per-la-tua-concessionaria;Marketing Online per la tua Concessionaria;marketing digitale per concessionarie a Palermo;articolo correlato;0.535
/portfolio-fotografico-online-cose-e-perche-e-importante-crearlo;Portfolio fotografico online: cos’è e perché è importante crearlo;/marketing-per-farmacie-come-aumentare-visibilita-e-fidelizzare-i-clienti;Marketing per Farmacie: Come Aumentare Visibilità e Fidelizzare i Clienti;marketing per farmacie a Palermo;articolo correlato;0.503
/portfolio-fotografico-online-cose-e-perche-e-importante-crearlo;Portfolio fotografico online: cos’è e perché è importante crearlo;/reputazione_online_cose_perche_conta_e_come_verificarla;Reputazione online: perché è importante e come gestirla efficacemente;reputazione online;articolo correlato;0.494
/portfolio-fotografico-online-cose-e-perche-e-importante-crearlo;Portfolio fotografico online: cos’è e perché è importante crearlo;/come-pubblicizzare-la-tua-ottica-a-palermo;Come Pubblicizzare la tua Ottica a Palermo;pubblicizzare ottica Palermo;articolo correlato;0.474
/rispondere-alle-recensioni-con-lai-la-nuova-frontiera-dellautomazione;Rispondere alle recensioni con l'AI: la nuova frontiera dell'automazione;/quando-la-web-agency-incontra-lintelligenza-artificiale;Quando la web agency incontra l’intelligenza artificiale;Web agency e intelligenza artificiale;articolo correlato;0.524
/rispondere-alle-recensioni-con-lai-la-nuova-frontiera-dellautomazione;Rispondere alle recensioni con l'AI: la nuova frontiera dell'automazione;/gestione-della-reputazione-online-come-proteggere-e-migliorare-limmagine-del-tuo-brand;Gestione della reputazione online: come proteggere e migliorare l’immagine del tuo brand;gestione reputazione online;articolo correlato;0.465
/rispondere-alle-recensioni-con-lai-la-nuova-frontiera-dellautomazione;Rispondere alle recensioni con l'AI: la nuova frontiera dell'automazione;/siti-web-intelligenti-come-reagiscono-ai-tuoi-bisogni;Siti web intelligenti: come reagiscono ai tuoi bisogni;siti web intelligenti;articolo correlato;0.448
/rispondere-alle-recensioni-con-lai-la-nuova-frontiera-dellautomazione;Rispondere alle recensioni con l'AI: la nuova frontiera dell'automazione;/le-commerce-in-italia-sta-cambiando-con-lintelligenza-artificiale;L’E-commerce in Italia sta Cambiando con l’Intelligenza Artificiale;E-commerce & IA a Palermo;articolo correlato;0.399
/focus-group-cose-a-che-serve-e-come-farlo-al-meglio;"Focus group: cos’è, a che serve e come farlo al meglio";/lavora-con-noi;Lavora con noi;Carriere in Max Digital Innovation;pagina servizio pertinente;0.458
/focus-group-cose-a-che-serve-e-come-farlo-al-meglio;"Focus group: cos’è, a che serve e come farlo al meglio";/hai-bisogno-di-uno-store-online-per-la-tua-attivita-offriamo-realizzazione-e-commerce-a-palermo;Hai Bisogno di uno Store Online per la tua Attività?;realizzazione e-commerce Palermo;articolo correlato;0.413
/focus-group-cose-a-che-serve-e-come-farlo-al-meglio;"Focus group: cos’è, a che serve e come farlo al meglio";/come-migliorare-la-tua-brand-reputation-con-le-attivita-di-digital-marketing;Come Migliorare la Tua Brand Reputation con le Attività di Digital Marketing;Migliorare reputazione brand a Palermo;articolo correlato;0.413
/focus-group-cose-a-che-serve-e-come-farlo-al-meglio;"Focus group: cos’è, a che serve e come farlo al meglio";/soluzioni-per-la-comunicazione-aziendale-strategie-per-far-crescere-il-tuo-brand;Soluzioni per la comunicazione aziendale: strategie per far crescere il tuo brand;soluzioni per la comunicazione aziendale;articolo correlato;0.413
/come-creare-sondaggi-online-e-raggiungere-il-tuo-pubblico-in-modo-efficace;Come creare sondaggi online e raggiungere il tuo pubblico in modo efficace;/come-strutturare-una-strategia-digitale-efficace;Come strutturare una strategia digitale efficace;strategia digitale efficace;articolo correlato;0.465
/come-creare-sondaggi-online-e-raggiungere-il-tuo-pubblico-in-modo-efficace;Come creare sondaggi online e raggiungere il tuo pubblico in modo efficace;/portfolio-fotografico-online-cose-e-perche-e-importante-crearlo;Portfolio fotografico online: cos’è e perché è importante crearlo;portfolio fotografico online;articolo correlato;0.448
/come-creare-sondaggi-online-e-raggiungere-il-tuo-pubblico-in-modo-efficace;Come creare sondaggi online e raggiungere il tuo pubblico in modo efficace;/vendita-online-a-palermo-sui-social-unottima-vetrina-per-i-tuoi-prodotti;Vendere sui Social: Un'ottima Vetrina per i tuoi Prodotti;vendita online a Palermo;articolo correlato;0.44
/come-creare-sondaggi-online-e-raggiungere-il-tuo-pubblico-in-modo-efficace;Come creare sondaggi online e raggiungere il tuo pubblico in modo efficace;/come-raggiungere-al-meglio-il-proprio-pubblico-strategie-efficaci-per-comunicare-con-successo;Come raggiungere al meglio il proprio pubblico: strategie efficaci per comunicare con successo;come raggiungere il proprio pubblico;articolo correlato;0.434
/come-ridurre-peso-delle-foto-consigli-pratici-per-immagini-piu-leggere;Come ridurre peso delle foto: consigli pratici per immagini più leggere;/come-creare-siti-web-professionali-e-di-qualita;Come Creare Siti Web Professionali e di Qualità;Creare Siti Web Professionali a Palermo;articolo correlato;0.347
/come-ridurre-peso-delle-foto-consigli-pratici-per-immagini-piu-leggere;Come ridurre peso delle foto: consigli pratici per immagini più leggere;/lavora-con-noi;Lavora con noi;Carriere in Max Digital Innovation;pagina servizio pertinente;0.34
/come-ridurre-peso-delle-foto-consigli-pratici-per-immagini-piu-leggere;Come ridurre peso delle foto: consigli pratici per immagini più leggere;/stampe-digitali-palermo;Stampe digitali e produzione pannelli;Stampe Digitali Palermo;pagina servizio pertinente;0.331
/come-ridurre-peso-delle-foto-consigli-pratici-per-immagini-piu-leggere;Come ridurre peso delle foto: consigli pratici per immagini più leggere;/gestione-marketing-per-la-tua-enoteca;Gestione Marketing per la tua Enoteca;Marketing Enoteca Palermo;articolo correlato;0.292
/cosa-fa-un-ufficio-di-comunicazione-scopri-il-cuore-della-strategia-aziendale;Cosa fa un ufficio di comunicazione? Scopri il cuore della strategia aziendale;/come-si-chiama-chi-si-occupa-di-comunicazione-scopri-i-ruoli-e-le-competenze-di-questi-professionisti;Come si chiama chi si occupa di comunicazione? Scopri i ruoli e le competenze di questi professionisti;chi si occupa di comunicazione;articolo correlato;0.513
/cosa-fa-un-ufficio-di-comunicazione-scopri-il-cuore-della-strategia-aziendale;Cosa fa un ufficio di comunicazione? Scopri il cuore della strategia aziendale;/comunicazione-per-la-crescita-aziendale-strategie-per-raggiungere-il-successo;Comunicazione per la crescita aziendale: strategie per raggiungere il successo;comunicazione per la crescita aziendale;articolo correlato;0.513
/cosa-fa-un-ufficio-di-comunicazione-scopri-il-cuore-della-strategia-aziendale;Cosa fa un ufficio di comunicazione? Scopri il cuore della strategia aziendale;/che-cose-unazienda-di-marketing-scopri-il-motore-del-successo-aziendale;Che cos’è un’azienda di marketing? Scopri il motore del successo aziendale;azienda di marketing;articolo correlato;0.503
/cosa-fa-un-ufficio-di-comunicazione-scopri-il-cuore-della-strategia-aziendale;Cosa fa un ufficio di comunicazione? Scopri il cuore della strategia aziendale;/creazione-di-strategie-di-comunicazione-guida-per-un-successo-garantito;Creazione di strategie di comunicazione: guida per un successo garantito;strategie di comunicazione;articolo correlato;0.503
/come-si-chiama-chi-si-occupa-di-comunicazione-scopri-i-ruoli-e-le-competenze-di-questi-professionisti;Come si chiama chi si occupa di comunicazione? Scopri i ruoli e le competenze di questi professionisti;/marketing-digitale-a-palermo-la-chiave-per-il-successo-della-tua-attivita;Marketing Digitale a Palermo: La Chiave per il Successo della Tua Attività;marketing digitale Palermo;articolo correlato;0.582
/come-si-chiama-chi-si-occupa-di-comunicazione-scopri-i-ruoli-e-le-competenze-di-questi-professionisti;Come si chiama chi si occupa di comunicazione? Scopri i ruoli e le competenze di questi professionisti;/comunicazione-per-la-crescita-aziendale-strategie-per-raggiungere-il-successo;Comunicazione per la crescita aziendale: strategie per raggiungere il successo;comunicazione per la crescita aziendale;articolo correlato;0.582
/come-si-chiama-chi-si-occupa-di-comunicazione-scopri-i-ruoli-e-le-competenze-di-questi-professionisti;Come si chiama chi si occupa di comunicazione? Scopri i ruoli e le competenze di questi professionisti;/gestione-social-media-a-palermo-come-la-nostra-agenzia-di-comunicazione-cura-i-tuoi-social-media;Gestione Social Media a Palermo: Come la Nostra Agenzia di Comunicazione Cura i Tuoi Social Media;gestione social media Palermo;articolo correlato;0.534
/come-si-chiama-chi-si-occupa-di-comunicazione-scopri-i-ruoli-e-le-competenze-di-questi-professionisti;Come si chiama chi si occupa di comunicazione? Scopri i ruoli e le competenze di questi professionisti;/i-social-media-gli-alleati-per-il-tuo-e-commerce;I Social Media: Gli Alleati per il Tuo E-commerce;Social Media per E-commerce;articolo correlato;0.534
/come-trovare-unagenzia-di-comunicazione-consigli-per-scegliere-il-partner-giusto;Come trovare un'agenzia di comunicazione? Consigli per scegliere il partner giusto;/scegliere-la-giusta-agenzia-di-comunicazione-consigli-e-strategie-per-trovare-il-partner-ideale;Scegliere la giusta agenzia di comunicazione: consigli e strategie per trovare il partner ideale;Scegliere Agenzia Comunicazione;articolo correlato;0.615
/come-trovare-unagenzia-di-comunicazione-consigli-per-scegliere-il-partner-giusto;Come trovare un'agenzia di comunicazione? Consigli per scegliere il partner giusto;/come-scegliere-unagenzia-di-comunicazione-efficace-la-guida-per-il-successo-del-tuo-brand;Come scegliere un’agenzia di comunicazione efficace: la guida per il successo del tuo brand;agenzia di comunicazione efficace;articolo correlato;0.534
/come-trovare-unagenzia-di-comunicazione-consigli-per-scegliere-il-partner-giusto;Come trovare un'agenzia di comunicazione? Consigli per scegliere il partner giusto;/mobile-marketing-e-micro-momenti;Mobile Marketing e Micro-Momenti;mobile marketing Palermo;articolo correlato;0.483
/come-trovare-unagenzia-di-comunicazione-consigli-per-scegliere-il-partner-giusto;Come trovare un'agenzia di comunicazione? Consigli per scegliere il partner giusto;/restare-al-passo-coi-trend-e-difficile-scopri-come-unagenzia-di-comunicazione-puo-aiutarti;Restare al Passo coi Trend è Difficile? Scopri Come un'Agenzia di Comunicazione Può Aiutarti;agenzia di marketing a Palermo;articolo correlato;0.473
/scegliere-la-giusta-agenzia-di-comunicazione-consigli-e-strategie-per-trovare-il-partner-ideale;Scegliere la giusta agenzia di comunicazione: consigli e strategie per trovare il partner ideale;/come-scegliere-unagenzia-di-comunicazione-efficace-la-guida-per-il-successo-del-tuo-brand;Come scegliere un’agenzia di comunicazione efficace: la guida per il successo del tuo brand;agenzia di comunicazione efficace;articolo correlato;0.629
/scegliere-la-giusta-agenzia-di-comunicazione-consigli-e-strategie-per-trovare-il-partner-ideale;Scegliere la giusta agenzia di comunicazione: consigli e strategie per trovare il partner ideale;/come-trovare-unagenzia-di-comunicazione-consigli-per-scegliere-il-partner-giusto;Come trovare un'agenzia di comunicazione? Consigli per scegliere il partner giusto;agenzia di comunicazione;articolo correlato;0.615
/scegliere-la-giusta-agenzia-di-comunicazione-consigli-e-strategie-per-trovare-il-partner-ideale;Scegliere la giusta agenzia di comunicazione: consigli e strategie per trovare il partner ideale;/gestione-social-media-a-palermo-come-la-nostra-agenzia-di-comunicazione-cura-i-tuoi-social-media;Gestione Social Media a Palermo: Come la Nostra Agenzia di Comunicazione Cura i Tuoi Social Media;gestione social media Palermo;articolo correlato;0.514
/scegliere-la-giusta-agenzia-di-comunicazione-consigli-e-strategie-per-trovare-il-partner-ideale;Scegliere la giusta agenzia di comunicazione: consigli e strategie per trovare il partner ideale;/agenzia-di-comunicazione-creativa-idee-e-strategie-per-il-tuo-brand;Agenzia di comunicazione creativa: idee e strategie per il tuo brand;agenzia di comunicazione creativa;articolo correlato;0.514
/come-sfruttare-al-meglio-i-test-a-b-per-aumentare-le-conversioni;Come sfruttare al meglio i Test A/B per aumentare le conversioni;/marketing-online-per-il-tuo-negozio-di-abbigliamento;Marketing Online per il Tuo Negozio di Abbigliamento;Marketing Digitale per Negozi di Abbigliamento a Palermo;articolo correlato;0.413
/come-sfruttare-al-meglio-i-test-a-b-per-aumentare-le-conversioni;Come sfruttare al meglio i Test A/B per aumentare le conversioni;/agenzia-di-comunicazione-per-e-commerce-vendere-di-piu-online;Agenzia di comunicazione per e-commerce: vendere di più online;agenzia di comunicazione per e-commerce;articolo correlato;0.413
/come-sfruttare-al-meglio-i-test-a-b-per-aumentare-le-conversioni;Come sfruttare al meglio i Test A/B per aumentare le conversioni;/agenzia-tiktok-come-sfruttare-il-potenziale-di-tiktok-per-il-tuo-brand;Agenzia TikTok: come sfruttare il potenziale di TikTok per il tuo brand;agenzia TikTok;articolo correlato;0.405
/come-sfruttare-al-meglio-i-test-a-b-per-aumentare-le-conversioni;Come sfruttare al meglio i Test A/B per aumentare le conversioni;/aumentare-le-vendite-ecommerce-non-sei-soddisfatto-della-tua-agenzia;Aumentare le Vendite eCommerce: Non Sei Soddisfatto della Tua Agenzia?;Aumentare Vendite eCommerce Palermo;articolo correlato;0.399
/come-creare-un-podcast-aziendale-per-migliorare-il-posizionamento-del-brand;Come creare un podcast aziendale per migliorare il posizionamento del brand;/creare-un-video-aziendale-efficace-coinvolgente-e-professionale;"Creare un Video Aziendale Efficace, Coinvolgente e Professionale";video aziendale Palermo;articolo correlato;0.641
/come-creare-un-podcast-aziendale-per-migliorare-il-posizionamento-del-brand;Come creare un podcast aziendale per migliorare il posizionamento del brand;/come-creare-siti-web-professionali-e-di-qualita;Come Creare Siti Web Professionali e di Qualità;Creare Siti Web Professionali a Palermo;articolo correlato;0.594
/come-creare-un-podcast-aziendale-per-migliorare-il-posizionamento-del-brand;Come creare un podcast aziendale per migliorare il posizionamento del brand;/soluzioni-per-la-comunicazione-aziendale-strategie-per-far-crescere-il-tuo-brand;Soluzioni per la comunicazione aziendale: strategie per far crescere il tuo brand;soluzioni per la comunicazione aziendale;articolo correlato;0.594
/come-creare-un-podcast-aziendale-per-migliorare-il-posizionamento-del-brand;Come creare un podcast aziendale per migliorare il posizionamento del brand;/strategie-di-marketing-per-aziende-come-costruire-un-piano-di-successo;Strategie di marketing per aziende: come costruire un piano di successo;strategie di marketing per aziende;articolo correlato;0.57
/come-trovare-il-co-founder-perfetto-per-la-tua-startup-e-lo-sponsor-ideale-per-la-tua-crescita;Come trovare il Co-Founder perfetto per la tua Startup e lo sponsor ideale per la tua crescita;/lavora-con-noi;Lavora con noi;Carriere in Max Digital Innovation;pagina servizio pertinente;0.458
/come-trovare-il-co-founder-perfetto-per-la-tua-startup-e-lo-sponsor-ideale-per-la-tua-crescita;Come trovare il Co-Founder perfetto per la tua Startup e lo sponsor ideale per la tua crescita;/il-partner-giusto-per-il-tuo-successo-come-trovare-uno-sponsor-affidabile-a-palermo;Il Partner Giusto per il Tuo Successo: Come Trovare uno Sponsor Affidabile a Palermo;sponsor affidabile Palermo;articolo correlato;0.399
/come-trovare-il-co-founder-perfetto-per-la-tua-startup-e-lo-sponsor-ideale-per-la-tua-crescita;Come trovare il Co-Founder perfetto per la tua Startup e lo sponsor ideale per la tua crescita;/come-realizzare-un-sito-web-efficace-le-migliori-alternative-per-creare-un-percorso-di-successo-online;Come Realizzare un Sito Web Efficace: Le Migliori Alternative per Creare un Percorso di Successo Online;Creazione Sito Web a Palermo;articolo correlato;0.329
/come-trovare-il-co-founder-perfetto-per-la-tua-startup-e-lo-sponsor-ideale-per-la-tua-crescita;Come trovare il Co-Founder perfetto per la tua Startup e lo sponsor ideale per la tua crescita;/e-commerce-a-palermo;Hai Bisogno Di Un E-commerce a Palermo?;e-commerce Palermo;articolo correlato;0.291
/i-migliori-formati-banner-per-ottimizzare-le-tue-campagne-pubblicitarie;I Migliori Formati Banner per ottimizzare le tue campagne pubblicitarie;/tiktok-adv-o-instagram-adv-qual-e-la-piattaforma-migliore-per-la-tua-campagna-online;TikTok adv o Instagram adv? Qual è la piattaforma migliore per la tua campagna online?;TikTok adv o Instagram adv;articolo correlato;0.465
/i-migliori-formati-banner-per-ottimizzare-le-tue-campagne-pubblicitarie;I Migliori Formati Banner per ottimizzare le tue campagne pubblicitarie;/come-fare-unottima-pubblicita-strategie-vincenti-per-il-tuo-successo;Come fare un’ottima pubblicità? Strategie vincenti per il tuo successo;ottima pubblicità;articolo correlato;0.413
/i-migliori-formati-banner-per-ottimizzare-le-tue-campagne-pubblicitarie;I Migliori Formati Banner per ottimizzare le tue campagne pubblicitarie;/quale-pubblicita-funziona-di-piu-scopri-le-strategie-piu-efficaci-per-il-tuo-business;Quale pubblicità funziona di più? Scopri le strategie più efficaci per il tuo business;Pubblicità Efficace: Strategie per il Tuo Business;articolo correlato;0.399
/i-migliori-formati-banner-per-ottimizzare-le-tue-campagne-pubblicitarie;I Migliori Formati Banner per ottimizzare le tue campagne pubblicitarie;/advertising-a-palermo;"Advertising a Palermo, Meta Ads, Google Ads, Tiktok Ads";Advertising Palermo;articolo correlato;0.364
/come-crescere-su-instagram-8-tattiche-per-sfruttare-lalgoritmo-e-aumentare-lengagement;Come crescere su Instagram: 8 Tattiche per sfruttare l’algoritmo e aumentare l’engagement;/come-si-fa-a-crescere-su-tiktok-strategie-per-aumentare-visibilita-e-engagement;Come si fa a crescere su TikTok? Strategie per aumentare visibilità e engagement;crescere su TikTok;articolo correlato;0.655
/come-crescere-su-instagram-8-tattiche-per-sfruttare-lalgoritmo-e-aumentare-lengagement;Come crescere su Instagram: 8 Tattiche per sfruttare l’algoritmo e aumentare l’engagement;/marketing-e-pubblicita-a-palermo-tutti-i-tipi-di-pubblicita-per-far-crescere-la-tua-attivita;Marketing e Pubblicità a Palermo: Tutti i Tipi di Pubblicità per Far Crescere la Tua Attività;marketing e pubblicità Palermo;articolo correlato;0.534
/come-crescere-su-instagram-8-tattiche-per-sfruttare-lalgoritmo-e-aumentare-lengagement;Come crescere su Instagram: 8 Tattiche per sfruttare l’algoritmo e aumentare l’engagement;/comunicazione-per-la-crescita-aziendale-strategie-per-raggiungere-il-successo;Comunicazione per la crescita aziendale: strategie per raggiungere il successo;comunicazione per la crescita aziendale;articolo correlato;0.534
/come-crescere-su-instagram-8-tattiche-per-sfruttare-lalgoritmo-e-aumentare-lengagement;Come crescere su Instagram: 8 Tattiche per sfruttare l’algoritmo e aumentare l’engagement;/advertising-a-palermo;"Advertising a Palermo, Meta Ads, Google Ads, Tiktok Ads";Advertising Palermo;articolo correlato;0.493
/tiktok-adv-o-instagram-adv-qual-e-la-piattaforma-migliore-per-la-tua-campagna-online;TikTok adv o Instagram adv? Qual è la piattaforma migliore per la tua campagna online?;/produzione-video-palermo;Produzione video Palermo;Produzione video Palermo;pagina servizio pertinente;0.524
/tiktok-adv-o-instagram-adv-qual-e-la-piattaforma-migliore-per-la-tua-campagna-online;TikTok adv o Instagram adv? Qual è la piattaforma migliore per la tua campagna online?;/gestione-social-media-palermo;Gestione social media Palermo;Gestione social media;pagina servizio pertinente;0.515
/tiktok-adv-o-instagram-adv-qual-e-la-piattaforma-migliore-per-la-tua-campagna-online;TikTok adv o Instagram adv? Qual è la piattaforma migliore per la tua campagna online?;/i-migliori-formati-banner-per-ottimizzare-le-tue-campagne-pubblicitarie;I Migliori Formati Banner per ottimizzare le tue campagne pubblicitarie;formati banner;articolo correlato;0.465
/tiktok-adv-o-instagram-adv-qual-e-la-piattaforma-migliore-per-la-tua-campagna-online;TikTok adv o Instagram adv? Qual è la piattaforma migliore per la tua campagna online?;/agenzia-tiktok-come-sfruttare-il-potenziale-di-tiktok-per-il-tuo-brand;Agenzia TikTok: come sfruttare il potenziale di TikTok per il tuo brand;agenzia TikTok;articolo correlato;0.456
/la-potenza-dei-micro-influencer-e-il-loro-impatto-online-per-le-aziende;La potenza dei micro influencer e il loro impatto online per le aziende;/comunicazione-per-la-crescita-aziendale-strategie-per-raggiungere-il-successo;Comunicazione per la crescita aziendale: strategie per raggiungere il successo;comunicazione per la crescita aziendale;articolo correlato;0.57
/la-potenza-dei-micro-influencer-e-il-loro-impatto-online-per-le-aziende;La potenza dei micro influencer e il loro impatto online per le aziende;/strategie-di-marketing-per-aziende-come-costruire-un-piano-di-successo;Strategie di marketing per aziende: come costruire un piano di successo;strategie di marketing per aziende;articolo correlato;0.559
/la-potenza-dei-micro-influencer-e-il-loro-impatto-online-per-le-aziende;La potenza dei micro influencer e il loro impatto online per le aziende;/che-lavoro-fa-il-marketing-il-motore-che-trasforma-idee-in-successo;Che lavoro fa il marketing? Il motore che trasforma idee in successo;che lavoro fa il marketing;articolo correlato;0.549
/la-potenza-dei-micro-influencer-e-il-loro-impatto-online-per-le-aziende;La potenza dei micro influencer e il loro impatto online per le aziende;/tutti-i-vantaggi-di-scegliere-una-web-agency-per-il-tuo-business;Tutti i vantaggi di scegliere una web agency per il tuo business;vantaggi di scegliere una web agency;articolo correlato;0.524
/black-friday-2024-come-preparare-il-tuo-e-commerce-a-palermo-per-massimizzare-le-vendite;Black Friday 2024: come preparare il tuo e-commerce a Palermo per massimizzare le vendite;/aumentare-le-vendite-ecommerce-non-sei-soddisfatto-della-tua-agenzia;Aumentare le Vendite eCommerce: Non Sei Soddisfatto della Tua Agenzia?;Aumentare Vendite eCommerce Palermo;articolo correlato;0.614
/black-friday-2024-come-preparare-il-tuo-e-commerce-a-palermo-per-massimizzare-le-vendite;Black Friday 2024: come preparare il tuo e-commerce a Palermo per massimizzare le vendite;/web-agency-per-e-commerce-a-palermo-come-incrementare-le-vendite-online;Web Agency per E-commerce a Palermo: Come Incrementare le Vendite Online;web agency e-commerce Palermo;articolo correlato;0.57
/black-friday-2024-come-preparare-il-tuo-e-commerce-a-palermo-per-massimizzare-le-vendite;Black Friday 2024: come preparare il tuo e-commerce a Palermo per massimizzare le vendite;/marketing-e-pubblicita-a-palermo-tutti-i-tipi-di-pubblicita-per-far-crescere-la-tua-attivita;Marketing e Pubblicità a Palermo: Tutti i Tipi di Pubblicità per Far Crescere la Tua Attività;marketing e pubblicità Palermo;articolo correlato;0.513
/black-friday-2024-come-preparare-il-tuo-e-commerce-a-palermo-per-massimizzare-le-vendite;Black Friday 2024: come preparare il tuo e-commerce a Palermo per massimizzare le vendite;/marketing-digitale-a-palermo-la-chiave-per-il-successo-della-tua-attivita;Marketing Digitale a Palermo: La Chiave per il Successo della Tua Attività;marketing digitale Palermo;articolo correlato;0.513
/integrazione-di-piattaforme-tiktok-e-commerce-un-nuovo-orizzonte-per-i-commercianti-a-palermo;Integrazione di piattaforme TikTok E-Commerce: un nuovo orizzonte per i commercianti a Palermo;/advertising-a-palermo;"Advertising a Palermo, Meta Ads, Google Ads, Tiktok Ads";Advertising Palermo;articolo correlato;0.466
/integrazione-di-piattaforme-tiktok-e-commerce-un-nuovo-orizzonte-per-i-commercianti-a-palermo;Integrazione di piattaforme TikTok E-Commerce: un nuovo orizzonte per i commercianti a Palermo;/il-marketing-per-attivita-locali-i-vantaggi-di-affidarsi-a-una-web-agency;Il Marketing per Attività Locali;marketing per attività a Palermo;articolo correlato;0.466
/integrazione-di-piattaforme-tiktok-e-commerce-un-nuovo-orizzonte-per-i-commercianti-a-palermo;Integrazione di piattaforme TikTok E-Commerce: un nuovo orizzonte per i commercianti a Palermo;/produzione-video-palermo;Produzione video Palermo;Produzione video Palermo;pagina servizio pertinente;0.457
/integrazione-di-piattaforme-tiktok-e-commerce-un-nuovo-orizzonte-per-i-commercianti-a-palermo;Integrazione di piattaforme TikTok E-Commerce: un nuovo orizzonte per i commercianti a Palermo;/i-social-media-gli-alleati-per-il-tuo-e-commerce;I Social Media: Gli Alleati per il Tuo E-commerce;Social Media per E-commerce;articolo correlato;0.457
/quanto-e-importante-il-feedback-dei-clienti-per-migliorare-il-tuo-business;Quanto è importante il feedback dei clienti per migliorare il tuo business?;/soluzioni-per-la-comunicazione-aziendale-strategie-per-far-crescere-il-tuo-brand;Soluzioni per la comunicazione aziendale: strategie per far crescere il tuo brand;soluzioni per la comunicazione aziendale;articolo correlato;0.594
/quanto-e-importante-il-feedback-dei-clienti-per-migliorare-il-tuo-business;Quanto è importante il feedback dei clienti per migliorare il tuo business?;/strategie-di-marketing-per-aziende-come-costruire-un-piano-di-successo;Strategie di marketing per aziende: come costruire un piano di successo;strategie di marketing per aziende;articolo correlato;0.513
/quanto-e-importante-il-feedback-dei-clienti-per-migliorare-il-tuo-business;Quanto è importante il feedback dei clienti per migliorare il tuo business?;/reputazione_online_cose_perche_conta_e_come_verificarla;Reputazione online: perché è importante e come gestirla efficacemente;reputazione online;articolo correlato;0.504
/quanto-e-importante-il-feedback-dei-clienti-per-migliorare-il-tuo-business;Quanto è importante il feedback dei clienti per migliorare il tuo business?;/mobile-marketing-e-micro-momenti;Mobile Marketing e Micro-Momenti;mobile marketing Palermo;articolo correlato;0.483
/la-gen-z-e-il-nuovo-percorso-di-acquisto-come-adattare-la-tua-strategia-di-marketing;La Gen Z e il nuovo percorso di acquisto: come adattare la tua strategia di marketing;/servizi-digitali-palermo;Servizi digitali Palermo;servizi digitali;pagina servizio pertinente;0.635
/la-gen-z-e-il-nuovo-percorso-di-acquisto-come-adattare-la-tua-strategia-di-marketing;La Gen Z e il nuovo percorso di acquisto: come adattare la tua strategia di marketing;/marketing-digitale-a-palermo-la-chiave-per-il-successo-della-tua-attivita;Marketing Digitale a Palermo: La Chiave per il Successo della Tua Attività;marketing digitale Palermo;articolo correlato;0.615
/la-gen-z-e-il-nuovo-percorso-di-acquisto-come-adattare-la-tua-strategia-di-marketing;La Gen Z e il nuovo percorso di acquisto: come adattare la tua strategia di marketing;/;Home;Agenzia Marketing;pagina servizio pertinente;0.599
/la-gen-z-e-il-nuovo-percorso-di-acquisto-come-adattare-la-tua-strategia-di-marketing;La Gen Z e il nuovo percorso di acquisto: come adattare la tua strategia di marketing;/vendita-online-a-palermo-sui-social-unottima-vetrina-per-i-tuoi-prodotti;Vendere sui Social: Un'ottima Vetrina per i tuoi Prodotti;vendita online a Palermo;articolo correlato;0.591
/marketing-sostenibile-cose-e-come-farlo;Marketing sostenibile: cos’è e come farlo;/il-marketing-per-attivita-locali-i-vantaggi-di-affidarsi-a-una-web-agency;Il Marketing per Attività Locali;marketing per attività a Palermo;articolo correlato;0.493
/marketing-sostenibile-cose-e-come-farlo;Marketing sostenibile: cos’è e come farlo;/agenzia-di-comunicazione-creativa-idee-e-strategie-per-il-tuo-brand;Agenzia di comunicazione creativa: idee e strategie per il tuo brand;agenzia di comunicazione creativa;articolo correlato;0.482
/marketing-sostenibile-cose-e-come-farlo;Marketing sostenibile: cos’è e come farlo;/digital-marketing-palermo;Digital marketing Palermo;Digital marketing Palermo;pagina servizio pertinente;0.478
/marketing-sostenibile-cose-e-come-farlo;Marketing sostenibile: cos’è e come farlo;/gestione-marketing-per-la-tua-hamburgeria;Gestione Marketing per la tua Hamburgeria;Marketing per Hamburgerie a Palermo;articolo correlato;0.473
/video-verticali-luso-strategico-per-i-tuoi-social;Video verticali: l’uso strategico per i tuoi social;/gestione-social-media-palermo;Gestione social media Palermo;Gestione social media;pagina servizio pertinente;0.574
/video-verticali-luso-strategico-per-i-tuoi-social;Video verticali: l’uso strategico per i tuoi social;/video-marketing-cose-e-perche-dovresti-farlo;Video Marketing: cos’è e perché dovresti farlo;video marketing;articolo correlato;0.559
/video-verticali-luso-strategico-per-i-tuoi-social;Video verticali: l’uso strategico per i tuoi social;/come-strutturare-una-strategia-digitale-efficace;Come strutturare una strategia digitale efficace;strategia digitale efficace;articolo correlato;0.524
/video-verticali-luso-strategico-per-i-tuoi-social;Video verticali: l’uso strategico per i tuoi social;/come-il-social-media-manager-puo-potenziare-la-tua-strategia-di-content-marketing;Come il Social Media Manager può potenziare la tua strategia di content marketing;social media manager content marketing;articolo correlato;0.524
/video-marketing-cose-e-perche-dovresti-farlo;Video Marketing: cos’è e perché dovresti farlo;/lavora-con-noi;Lavora con noi;Carriere in Max Digital Innovation;pagina servizio pertinente;0.626
/video-marketing-cose-e-perche-dovresti-farlo;Video Marketing: cos’è e perché dovresti farlo;/social-media-marketing-nel-settore-arredamento;Social Media Marketing nel Settore Arredamento;marketing arredamento Palermo;articolo correlato;0.596
/video-marketing-cose-e-perche-dovresti-farlo;Video Marketing: cos’è e perché dovresti farlo;/video-verticali-luso-strategico-per-i-tuoi-social;Video verticali: l’uso strategico per i tuoi social;Video Verticali: Strategia Social per il Tuo Marketing;articolo correlato;0.559
/video-marketing-cose-e-perche-dovresti-farlo;Video Marketing: cos’è e perché dovresti farlo;/servizi-digitali-palermo;Servizi digitali Palermo;servizi digitali;pagina servizio pertinente;0.524
/visual-storytelling-una-storia-di-successo;Visual Storytelling: una storia di successo;/agenzia-di-comunicazione-video-limpatto-del-visual-marketing;Agenzia di comunicazione video: l’impatto del visual marketing;agenzia comunicazione video;articolo correlato;0.582
/visual-storytelling-una-storia-di-successo;Visual Storytelling: una storia di successo;/comunicazione-per-la-crescita-aziendale-strategie-per-raggiungere-il-successo;Comunicazione per la crescita aziendale: strategie per raggiungere il successo;comunicazione per la crescita aziendale;articolo correlato;0.534
/visual-storytelling-una-storia-di-successo;Visual Storytelling: una storia di successo;/video-marketing-cose-e-perche-dovresti-farlo;Video Marketing: cos’è e perché dovresti farlo;video marketing;articolo correlato;0.524
/visual-storytelling-una-storia-di-successo;Visual Storytelling: una storia di successo;/agenzia-di-comunicazione-visiva-come-catturare-lattenzione-del-pubblico;Agenzia di comunicazione visiva: come catturare l’attenzione del pubblico;agenzia comunicazione visiva;articolo correlato;0.524
/tutti-i-vantaggi-di-scegliere-una-web-agency-per-il-tuo-business;Tutti i vantaggi di scegliere una web agency per il tuo business;/digital-agency-a-palermo-la-soluzione-completa-per-la-tua-presenza-online;Digital Agency a Palermo: La Soluzione Completa per la Tua Presenza Online;Digital Agency a Palermo;articolo correlato;0.534
/tutti-i-vantaggi-di-scegliere-una-web-agency-per-il-tuo-business;Tutti i vantaggi di scegliere una web agency per il tuo business;/che-cosa-fa-una-web-agency-una-guida-ai-servizi-digitali-piu-richiesti;Che cosa fa una web agency? Una guida ai servizi digitali più richiesti;cosa fa una web agency;articolo correlato;0.524
/tutti-i-vantaggi-di-scegliere-una-web-agency-per-il-tuo-business;Tutti i vantaggi di scegliere una web agency per il tuo business;/la-potenza-dei-micro-influencer-e-il-loro-impatto-online-per-le-aziende;La potenza dei micro influencer e il loro impatto online per le aziende;Micro Influencer per Aziende;articolo correlato;0.524
/tutti-i-vantaggi-di-scegliere-una-web-agency-per-il-tuo-business;Tutti i vantaggi di scegliere una web agency per il tuo business;/come-iniziare-a-fare-digital-marketing-guida-pratica-per-chi-vuole-emergere-online;Come iniziare a fare digital marketing? Guida pratica per chi vuole emergere online;Come Iniziare Digital Marketing;articolo correlato;0.514
/il-diario-segreto-di-una-web-agency-storie-di-successi-digitali;Il diario segreto di una web agency: storie di successi digitali;/il-laboratorio-creativo-di-una-web-agency-dove-nascono-le-idee;Il laboratorio creativo di una web agency: dove nascono le idee;Laboratorio Creativo Max Digital Innovation;articolo correlato;0.494
/il-diario-segreto-di-una-web-agency-storie-di-successi-digitali;Il diario segreto di una web agency: storie di successi digitali;/servizi-digitali-palermo;Servizi digitali Palermo;servizi digitali;pagina servizio pertinente;0.457
/il-diario-segreto-di-una-web-agency-storie-di-successi-digitali;Il diario segreto di una web agency: storie di successi digitali;/visual-storytelling-una-storia-di-successo;Visual Storytelling: una storia di successo;visual storytelling;articolo correlato;0.457
/il-diario-segreto-di-una-web-agency-storie-di-successi-digitali;Il diario segreto di una web agency: storie di successi digitali;/;Home;Agenzia Marketing;pagina servizio pertinente;0.436
/il-laboratorio-creativo-di-una-web-agency-dove-nascono-le-idee;Il laboratorio creativo di una web agency: dove nascono le idee;/lavora-con-noi;Lavora con noi;Carriere in Max Digital Innovation;pagina servizio pertinente;0.511
/il-laboratorio-creativo-di-una-web-agency-dove-nascono-le-idee;Il laboratorio creativo di una web agency: dove nascono le idee;/il-diario-segreto-di-una-web-agency-storie-di-successi-digitali;Il diario segreto di una web agency: storie di successi digitali;diario web agency;articolo correlato;0.494
/il-laboratorio-creativo-di-una-web-agency-dove-nascono-le-idee;Il laboratorio creativo di una web agency: dove nascono le idee;/web-agency-a-palermo-per-il-settore-immobiliare-la-chiave-per-il-successo-online;Web Agency a Palermo per il Settore Immobiliare: La Chiave per il Successo Online;Web Agency Palermo Immobiliare;articolo correlato;0.44
/il-laboratorio-creativo-di-una-web-agency-dove-nascono-le-idee;Il laboratorio creativo di una web agency: dove nascono le idee;/web-agency-per-startup-a-palermo-la-tua-guida-al-successo-digitale;Web Agency per Startup a Palermo: La Tua Guida al Successo Digitale;web agency startup Palermo;articolo correlato;0.406
/quando-la-web-agency-incontra-lintelligenza-artificiale;Quando la web agency incontra l’intelligenza artificiale;/rispondere-alle-recensioni-con-lai-la-nuova-frontiera-dellautomazione;Rispondere alle recensioni con l'AI: la nuova frontiera dell'automazione;rispondere alle recensioni con l'AI;articolo correlato;0.524
/quando-la-web-agency-incontra-lintelligenza-artificiale;Quando la web agency incontra l’intelligenza artificiale;/le-commerce-in-italia-sta-cambiando-con-lintelligenza-artificiale;L’E-commerce in Italia sta Cambiando con l’Intelligenza Artificiale;E-commerce & IA a Palermo;articolo correlato;0.473
/quando-la-web-agency-incontra-lintelligenza-artificiale;Quando la web agency incontra l’intelligenza artificiale;/campagne-ai-driven-marketing-automation;Dalle campagne AI-driven al marketing automation: cosa aspettarsi dal futuro digitale;campagne AI-driven;articolo correlato;0.407
/quando-la-web-agency-incontra-lintelligenza-artificiale;Quando la web agency incontra l’intelligenza artificiale;/come-creare-sondaggi-online-e-raggiungere-il-tuo-pubblico-in-modo-efficace;Come creare sondaggi online e raggiungere il tuo pubblico in modo efficace;creare sondaggi online;articolo correlato;0.406
/i-siti-web-del-futuro-come-saranno-nel-2050;I siti web del futuro: come saranno nel 2050?;/le-commerce-in-italia-sta-cambiando-con-lintelligenza-artificiale;L’E-commerce in Italia sta Cambiando con l’Intelligenza Artificiale;E-commerce & IA a Palermo;articolo correlato;0.358
/i-siti-web-del-futuro-come-saranno-nel-2050;I siti web del futuro: come saranno nel 2050?;/campagne-ai-driven-marketing-automation;Dalle campagne AI-driven al marketing automation: cosa aspettarsi dal futuro digitale;campagne AI-driven;articolo correlato;0.357
/i-siti-web-del-futuro-come-saranno-nel-2050;I siti web del futuro: come saranno nel 2050?;/business-innovation-cosa-chiede-il-mercato-oggi;Business Innovation: Cosa Chiede il Mercato Oggi?;Business Innovation;articolo correlato;0.353
/i-siti-web-del-futuro-come-saranno-nel-2050;I siti web del futuro: come saranno nel 2050?;/siti-web-intelligenti-come-reagiscono-ai-tuoi-bisogni;Siti web intelligenti: come reagiscono ai tuoi bisogni;siti web intelligenti;articolo correlato;0.353
/siti-web-quando-il-design-incontra-lanima;Siti web: quando il design incontra l’anima;/agenzia-di-comunicazione-visiva-come-catturare-lattenzione-del-pubblico;Agenzia di comunicazione visiva: come catturare l’attenzione del pubblico;agenzia comunicazione visiva;articolo correlato;0.513
/siti-web-quando-il-design-incontra-lanima;Siti web: quando il design incontra l’anima;/come-creare-siti-web-professionali-e-di-qualita;Come Creare Siti Web Professionali e di Qualità;Creare Siti Web Professionali a Palermo;articolo correlato;0.473
/siti-web-quando-il-design-incontra-lanima;Siti web: quando il design incontra l’anima;/come-il-social-media-manager-puo-potenziare-la-tua-strategia-di-content-marketing;Come il Social Media Manager può potenziare la tua strategia di content marketing;social media manager content marketing;articolo correlato;0.473
/siti-web-quando-il-design-incontra-lanima;Siti web: quando il design incontra l’anima;/creazione-siti-web-professionali-a-palermo-costruisci-la-tua-identita-digitale;Creazione Siti Web Professionali a Palermo: Costruisci la Tua Identità Digitale;siti web professionali Palermo;articolo correlato;0.464
/i-custodi-dei-siti-web-chi-protegge-i-tuoi-dati;I custodi dei siti web: chi protegge i tuoi dati?;/cybersecurity-per-aziende;Cybersecurity per le aziende: come proteggere il tuo sito web e i dati dei clienti;Cybersecurity Aziendale;articolo correlato;0.532
/i-custodi-dei-siti-web-chi-protegge-i-tuoi-dati;I custodi dei siti web: chi protegge i tuoi dati?;/che-tipi-di-siti-web-esistono-una-guida-per-scegliere-quello-giusto-per-te;Che tipi di siti web esistono? Una guida per scegliere quello giusto per te;tipi di siti web;articolo correlato;0.392
/i-custodi-dei-siti-web-chi-protegge-i-tuoi-dati;I custodi dei siti web: chi protegge i tuoi dati?;/siti-web-intelligenti-come-reagiscono-ai-tuoi-bisogni;Siti web intelligenti: come reagiscono ai tuoi bisogni;siti web intelligenti;articolo correlato;0.392
/i-custodi-dei-siti-web-chi-protegge-i-tuoi-dati;I custodi dei siti web: chi protegge i tuoi dati?;/hai-bisogno-di-uno-store-online-per-la-tua-attivita-offriamo-realizzazione-e-commerce-a-palermo;Hai Bisogno di uno Store Online per la tua Attività?;realizzazione e-commerce Palermo;articolo correlato;0.347
/siti-web-intelligenti-come-reagiscono-ai-tuoi-bisogni;Siti web intelligenti: come reagiscono ai tuoi bisogni;/quali-sono-i-siti-web-piu-visitati-scopri-le-piattaforme-piu-popolari-al-mondo;Quali sono i siti web più visitati? Scopri le piattaforme più popolari al mondo;siti web più visitati;articolo correlato;0.456
/siti-web-intelligenti-come-reagiscono-ai-tuoi-bisogni;Siti web intelligenti: come reagiscono ai tuoi bisogni;/rispondere-alle-recensioni-con-lai-la-nuova-frontiera-dellautomazione;Rispondere alle recensioni con l'AI: la nuova frontiera dell'automazione;rispondere alle recensioni con l'AI;articolo correlato;0.448
/siti-web-intelligenti-come-reagiscono-ai-tuoi-bisogni;Siti web intelligenti: come reagiscono ai tuoi bisogni;/cosa-si-intende-per-sito-web-una-guida-per-capirne-limportanza;Cosa si intende per sito web? Una guida per capirne l’importanza;cosa si intende per sito web;articolo correlato;0.392
/siti-web-intelligenti-come-reagiscono-ai-tuoi-bisogni;Siti web intelligenti: come reagiscono ai tuoi bisogni;/portfolio-fotografico-online-cose-e-perche-e-importante-crearlo;Portfolio fotografico online: cos’è e perché è importante crearlo;portfolio fotografico online;articolo correlato;0.392
/la-magia-dietro-i-siti-web-che-conquistano;La magia dietro i siti web che conquistano;/le-11-regole-per-un-sito-web-efficace;Le 11 Regole per un Sito Web Efficace;Siti Web Efficaci a Palermo;articolo correlato;0.57
/la-magia-dietro-i-siti-web-che-conquistano;La magia dietro i siti web che conquistano;/siti-one-page-quando-funzionano-davvero;Siti One Page: Quando Funzionano Davvero?;vantaggi sito one page Palermo;articolo correlato;0.57
/la-magia-dietro-i-siti-web-che-conquistano;La magia dietro i siti web che conquistano;/copywriter-seo-per-i-social-media-perche-a-google-piace-web-agency-seo-a-palermo;Copywriter seo per i social media: perché a Google piace;Web agency SEO Palermo;articolo correlato;0.539
/la-magia-dietro-i-siti-web-che-conquistano;La magia dietro i siti web che conquistano;/il-web-design-e-la-sua-evoluzione;Il Web Design e la sua Evoluzione;web design Palermo;articolo correlato;0.524
/agenzia-di-comunicazione-digitale-il-futuro-della-promozione-online;Agenzia di comunicazione digitale: il futuro della promozione online;/agenzia-di-comunicazione-per-e-commerce-vendere-di-piu-online;Agenzia di comunicazione per e-commerce: vendere di più online;agenzia di comunicazione per e-commerce;articolo correlato;0.776
/agenzia-di-comunicazione-digitale-il-futuro-della-promozione-online;Agenzia di comunicazione digitale: il futuro della promozione online;/marketing-digitale-a-palermo-la-chiave-per-il-successo-della-tua-attivita;Marketing Digitale a Palermo: La Chiave per il Successo della Tua Attività;marketing digitale Palermo;articolo correlato;0.699
/agenzia-di-comunicazione-digitale-il-futuro-della-promozione-online;Agenzia di comunicazione digitale: il futuro della promozione online;/servizi-di-comunicazione-digitale-la-chiave-per-il-successo-nel-mondo-online;Servizi di comunicazione digitale: la chiave per il successo nel mondo online;servizi di comunicazione digitale;articolo correlato;0.684
/agenzia-di-comunicazione-digitale-il-futuro-della-promozione-online;Agenzia di comunicazione digitale: il futuro della promozione online;/gestione-social-media-a-palermo-come-la-nostra-agenzia-di-comunicazione-cura-i-tuoi-social-media;Gestione Social Media a Palermo: Come la Nostra Agenzia di Comunicazione Cura i Tuoi Social Media;gestione social media Palermo;articolo correlato;0.655
/agenzia-di-comunicazione-creativa-idee-e-strategie-per-il-tuo-brand;Agenzia di comunicazione creativa: idee e strategie per il tuo brand;/servizi-digitali-palermo;Servizi digitali Palermo;servizi digitali;pagina servizio pertinente;0.672
/agenzia-di-comunicazione-creativa-idee-e-strategie-per-il-tuo-brand;Agenzia di comunicazione creativa: idee e strategie per il tuo brand;/come-unagenzia-di-comunicazione-e-influencer-marketing-trasforma-la-pubblicita-moderna;Come un’agenzia di comunicazione e influencer marketing trasforma la pubblicità moderna;agenzia di comunicazione e influencer marketing;articolo correlato;0.655
/agenzia-di-comunicazione-creativa-idee-e-strategie-per-il-tuo-brand;Agenzia di comunicazione creativa: idee e strategie per il tuo brand;/lavora-con-noi;Lavora con noi;Carriere in Max Digital Innovation;pagina servizio pertinente;0.643
/agenzia-di-comunicazione-creativa-idee-e-strategie-per-il-tuo-brand;Agenzia di comunicazione creativa: idee e strategie per il tuo brand;/web-agency-a-palermo-il-design-che-parte-dal-brand;Web Agency a Palermo;web agency a Palermo;articolo correlato;0.622
/agenzia-di-comunicazione-visiva-come-catturare-lattenzione-del-pubblico;Agenzia di comunicazione visiva: come catturare l’attenzione del pubblico;/agenzia-di-comunicazione-video-limpatto-del-visual-marketing;Agenzia di comunicazione video: l’impatto del visual marketing;agenzia comunicazione video;articolo correlato;0.614
/agenzia-di-comunicazione-visiva-come-catturare-lattenzione-del-pubblico;Agenzia di comunicazione visiva: come catturare l’attenzione del pubblico;/la-penna-magica-di-unagenzia-di-comunicazione-il-potere-dello-storytelling-che-emoziona-e-conquista;La penna magica di un’agenzia di comunicazione: il potere dello storytelling che emoziona e conquista;agenzia di comunicazione e storytelling;articolo correlato;0.592
/agenzia-di-comunicazione-visiva-come-catturare-lattenzione-del-pubblico;Agenzia di comunicazione visiva: come catturare l’attenzione del pubblico;/agenzia-di-comunicazione-creativa-idee-e-strategie-per-il-tuo-brand;Agenzia di comunicazione creativa: idee e strategie per il tuo brand;agenzia di comunicazione creativa;articolo correlato;0.582
/agenzia-di-comunicazione-visiva-come-catturare-lattenzione-del-pubblico;Agenzia di comunicazione visiva: come catturare l’attenzione del pubblico;/come-unagenzia-di-comunicazione-e-influencer-marketing-trasforma-la-pubblicita-moderna;Come un’agenzia di comunicazione e influencer marketing trasforma la pubblicità moderna;agenzia di comunicazione e influencer marketing;articolo correlato;0.57
/agenzia-di-comunicazione-strategica-come-pianificare-il-successo;Agenzia di comunicazione strategica: come pianificare il successo;/agenzia-di-comunicazione-creativa-idee-e-strategie-per-il-tuo-brand;Agenzia di comunicazione creativa: idee e strategie per il tuo brand;agenzia di comunicazione creativa;articolo correlato;0.557
/agenzia-di-comunicazione-strategica-come-pianificare-il-successo;Agenzia di comunicazione strategica: come pianificare il successo;/agenzia-di-comunicazione-per-e-commerce-vendere-di-piu-online;Agenzia di comunicazione per e-commerce: vendere di più online;agenzia di comunicazione per e-commerce;articolo correlato;0.557
/agenzia-di-comunicazione-strategica-come-pianificare-il-successo;Agenzia di comunicazione strategica: come pianificare il successo;/come-scegliere-unagenzia-di-comunicazione-efficace-la-guida-per-il-successo-del-tuo-brand;Come scegliere un’agenzia di comunicazione efficace: la guida per il successo del tuo brand;agenzia di comunicazione efficace;articolo correlato;0.557
/agenzia-di-comunicazione-strategica-come-pianificare-il-successo;Agenzia di comunicazione strategica: come pianificare il successo;/agenzia-di-comunicazione-digitale-il-futuro-della-promozione-online;Agenzia di comunicazione digitale: il futuro della promozione online;agenzia di comunicazione digitale;articolo correlato;0.546
/agenzia-di-comunicazione-per-eventi-trasformare-ogni-occasione-in-opportunita-di-successo;Agenzia di comunicazione per eventi: trasformare ogni occasione in opportunità di successo;/agenzia-per-eventi-a-palermo-come-organizzare-eventi-indimenticabili;Agenzia per eventi a Palermo: come organizzare eventi indimenticabili;agenzia per eventi a Palermo;articolo correlato;0.641
/agenzia-di-comunicazione-per-eventi-trasformare-ogni-occasione-in-opportunita-di-successo;Agenzia di comunicazione per eventi: trasformare ogni occasione in opportunità di successo;/come-scegliere-unagenzia-di-comunicazione-efficace-la-guida-per-il-successo-del-tuo-brand;Come scegliere un’agenzia di comunicazione efficace: la guida per il successo del tuo brand;agenzia di comunicazione efficace;articolo correlato;0.594
/agenzia-di-comunicazione-per-eventi-trasformare-ogni-occasione-in-opportunita-di-successo;Agenzia di comunicazione per eventi: trasformare ogni occasione in opportunità di successo;/la-penna-magica-di-unagenzia-di-comunicazione-il-potere-dello-storytelling-che-emoziona-e-conquista;La penna magica di un’agenzia di comunicazione: il potere dello storytelling che emoziona e conquista;agenzia di comunicazione e storytelling;articolo correlato;0.55
/agenzia-di-comunicazione-per-eventi-trasformare-ogni-occasione-in-opportunita-di-successo;Agenzia di comunicazione per eventi: trasformare ogni occasione in opportunità di successo;/agenzia-di-comunicazione-strategica-come-pianificare-il-successo;Agenzia di comunicazione strategica: come pianificare il successo;agenzia di comunicazione strategica;articolo correlato;0.546
/agenzia-di-comunicazione-per-e-commerce-vendere-di-piu-online;Agenzia di comunicazione per e-commerce: vendere di più online;/agenzia-di-comunicazione-digitale-il-futuro-della-promozione-online;Agenzia di comunicazione digitale: il futuro della promozione online;agenzia di comunicazione digitale;articolo correlato;0.776
/agenzia-di-comunicazione-per-e-commerce-vendere-di-piu-online;Agenzia di comunicazione per e-commerce: vendere di più online;/aumentare-le-vendite-ecommerce-non-sei-soddisfatto-della-tua-agenzia;Aumentare le Vendite eCommerce: Non Sei Soddisfatto della Tua Agenzia?;Aumentare Vendite eCommerce Palermo;articolo correlato;0.7
/agenzia-di-comunicazione-per-e-commerce-vendere-di-piu-online;Agenzia di comunicazione per e-commerce: vendere di più online;/servizi-di-comunicazione-digitale-la-chiave-per-il-successo-nel-mondo-online;Servizi di comunicazione digitale: la chiave per il successo nel mondo online;servizi di comunicazione digitale;articolo correlato;0.7
/agenzia-di-comunicazione-per-e-commerce-vendere-di-piu-online;Agenzia di comunicazione per e-commerce: vendere di più online;/marketing-digitale-a-palermo-la-chiave-per-il-successo-della-tua-attivita;Marketing Digitale a Palermo: La Chiave per il Successo della Tua Attività;marketing digitale Palermo;articolo correlato;0.655
/agenzia-di-comunicazione-video-limpatto-del-visual-marketing;Agenzia di comunicazione video: l’impatto del visual marketing;/;Home;Agenzia Marketing;pagina servizio pertinente;0.664
/agenzia-di-comunicazione-video-limpatto-del-visual-marketing;Agenzia di comunicazione video: l’impatto del visual marketing;/come-unagenzia-di-comunicazione-e-influencer-marketing-trasforma-la-pubblicita-moderna;Come un’agenzia di comunicazione e influencer marketing trasforma la pubblicità moderna;agenzia di comunicazione e influencer marketing;articolo correlato;0.627
/agenzia-di-comunicazione-video-limpatto-del-visual-marketing;Agenzia di comunicazione video: l’impatto del visual marketing;/agenzia-di-comunicazione-visiva-come-catturare-lattenzione-del-pubblico;Agenzia di comunicazione visiva: come catturare l’attenzione del pubblico;agenzia comunicazione visiva;articolo correlato;0.614
/agenzia-di-comunicazione-video-limpatto-del-visual-marketing;Agenzia di comunicazione video: l’impatto del visual marketing;/servizi-digitali-palermo;Servizi digitali Palermo;servizi digitali;pagina servizio pertinente;0.585
/come-raggiungere-al-meglio-il-proprio-pubblico-strategie-efficaci-per-comunicare-con-successo;Come raggiungere al meglio il proprio pubblico: strategie efficaci per comunicare con successo;/come-strutturare-una-strategia-digitale-efficace;Come strutturare una strategia digitale efficace;strategia digitale efficace;articolo correlato;0.617
/come-raggiungere-al-meglio-il-proprio-pubblico-strategie-efficaci-per-comunicare-con-successo;Come raggiungere al meglio il proprio pubblico: strategie efficaci per comunicare con successo;/marketing-digitale-a-palermo-la-chiave-per-il-successo-della-tua-attivita;Marketing Digitale a Palermo: La Chiave per il Successo della Tua Attività;marketing digitale Palermo;articolo correlato;0.604
/come-raggiungere-al-meglio-il-proprio-pubblico-strategie-efficaci-per-comunicare-con-successo;Come raggiungere al meglio il proprio pubblico: strategie efficaci per comunicare con successo;/comunicazione-per-la-crescita-aziendale-strategie-per-raggiungere-il-successo;Comunicazione per la crescita aziendale: strategie per raggiungere il successo;comunicazione per la crescita aziendale;articolo correlato;0.604
/come-raggiungere-al-meglio-il-proprio-pubblico-strategie-efficaci-per-comunicare-con-successo;Come raggiungere al meglio il proprio pubblico: strategie efficaci per comunicare con successo;/i-social-media-gli-alleati-per-il-tuo-e-commerce;I Social Media: Gli Alleati per il Tuo E-commerce;Social Media per E-commerce;articolo correlato;0.561
/perche-hai-bisogno-di-un-social-media-manager-a-palermo;Perché hai bisogno di un social media manager a Palermo?;/social-media-manager-a-palermo-come-scegliere-il-professionista-giusto-per-il-tuo-brand;Social Media Manager a Palermo: come scegliere il professionista giusto per il tuo brand;social media manager Palermo;articolo correlato;0.699
/perche-hai-bisogno-di-un-social-media-manager-a-palermo;Perché hai bisogno di un social media manager a Palermo?;/gestione-social-media-per-la-tua-attivita;Gestione Social Media per la tua Attività;gestione social media Palermo;articolo correlato;0.671
/perche-hai-bisogno-di-un-social-media-manager-a-palermo;Perché hai bisogno di un social media manager a Palermo?;/social-media-manager-per-e-commerce-aumentare-le-vendite-con-strategie-mirate;Social Media Manager per e-commerce: aumentare le vendite con strategie mirate;Social Media Manager per e-commerce;articolo correlato;0.655
/perche-hai-bisogno-di-un-social-media-manager-a-palermo;Perché hai bisogno di un social media manager a Palermo?;/gestione-social-media-a-palermo-come-la-nostra-agenzia-di-comunicazione-cura-i-tuoi-social-media;Gestione Social Media a Palermo: Come la Nostra Agenzia di Comunicazione Cura i Tuoi Social Media;gestione social media Palermo;articolo correlato;0.594
/come-strutturare-una-strategia-digitale-efficace;Come strutturare una strategia digitale efficace;/come-il-social-media-manager-puo-potenziare-la-tua-strategia-di-content-marketing;Come il Social Media Manager può potenziare la tua strategia di content marketing;social media manager content marketing;articolo correlato;0.67
/come-strutturare-una-strategia-digitale-efficace;Come strutturare una strategia digitale efficace;/come-creare-una-strategia-di-comunicazione-digitale-efficace-per-piccole-imprese;Come Creare una Strategia di Comunicazione Digitale Efficace per Piccole Imprese;strategia comunicazione digitale piccole imprese;articolo correlato;0.656
/come-strutturare-una-strategia-digitale-efficace;Come strutturare una strategia digitale efficace;/marketing-digitale-a-palermo-la-chiave-per-il-successo-della-tua-attivita;Marketing Digitale a Palermo: La Chiave per il Successo della Tua Attività;marketing digitale Palermo;articolo correlato;0.655
/come-strutturare-una-strategia-digitale-efficace;Come strutturare una strategia digitale efficace;/come-iniziare-a-fare-digital-marketing-guida-pratica-per-chi-vuole-emergere-online;Come iniziare a fare digital marketing? Guida pratica per chi vuole emergere online;Come Iniziare Digital Marketing;articolo correlato;0.629
/migliorare-lindicizzazione-su-google-strategie-efficaci-per-scalare-la-serp;Migliorare l’indicizzazione su Google: strategie efficaci per scalare la SERP;/cosa-fare-per-indicizzare-il-tuo-sito-web;Cosa Fare per Indicizzare il Tuo Sito Web?;come indicizzare un sito web;articolo correlato;0.582
/migliorare-lindicizzazione-su-google-strategie-efficaci-per-scalare-la-serp;Migliorare l’indicizzazione su Google: strategie efficaci per scalare la SERP;/come-essere-in-prima-pagina-su-google-le-bugie-piu-diffuse-sulla-seo;Come Essere in Prima Pagina su Google? Le Bugie Più Diffuse sulla SEO;Prima Pagina Google;articolo correlato;0.57
/migliorare-lindicizzazione-su-google-strategie-efficaci-per-scalare-la-serp;Migliorare l’indicizzazione su Google: strategie efficaci per scalare la SERP;/10-modi-per-migliorare-la-visibilita-del-tuo-sito-web-sui-motori-di-ricerca;10 Modi per Migliorare la Visibilità del Tuo Sito Web sui Motori di Ricerca;Migliora Visibilità Sito Web;articolo correlato;0.513
/migliorare-lindicizzazione-su-google-strategie-efficaci-per-scalare-la-serp;Migliorare l’indicizzazione su Google: strategie efficaci per scalare la SERP;/seo-e-sem;SEO e SEM;SEO e SEM;articolo correlato;0.485
/progettare-un-packaging-efficace-guida-per-valorizzare-il-tuo-prodotto;Progettare un packaging efficace: guida per valorizzare il tuo prodotto;/come-creare-una-landing-page-efficace;Come creare una Landing Page efficace;creare landing page efficaci;articolo correlato;0.523
/progettare-un-packaging-efficace-guida-per-valorizzare-il-tuo-prodotto;Progettare un packaging efficace: guida per valorizzare il tuo prodotto;/come-scegliere-unagenzia-di-comunicazione-efficace-la-guida-per-il-successo-del-tuo-brand;Come scegliere un’agenzia di comunicazione efficace: la guida per il successo del tuo brand;agenzia di comunicazione efficace;articolo correlato;0.473
/progettare-un-packaging-efficace-guida-per-valorizzare-il-tuo-prodotto;Progettare un packaging efficace: guida per valorizzare il tuo prodotto;/web-agency-a-palermo-per-creare-un-sito-professionale;Web Agency a Palermo per creare un sito professionale;web agency a Palermo;articolo correlato;0.464
/progettare-un-packaging-efficace-guida-per-valorizzare-il-tuo-prodotto;Progettare un packaging efficace: guida per valorizzare il tuo prodotto;/creare-un-video-aziendale-efficace-coinvolgente-e-professionale;"Creare un Video Aziendale Efficace, Coinvolgente e Professionale";video aziendale Palermo;articolo correlato;0.464
/la-penna-magica-di-unagenzia-di-comunicazione-il-potere-dello-storytelling-che-emoziona-e-conquista;La penna magica di un’agenzia di comunicazione: il potere dello storytelling che emoziona e conquista;/agenzia-di-comunicazione-visiva-come-catturare-lattenzione-del-pubblico;Agenzia di comunicazione visiva: come catturare l’attenzione del pubblico;agenzia comunicazione visiva;articolo correlato;0.592
/la-penna-magica-di-unagenzia-di-comunicazione-il-potere-dello-storytelling-che-emoziona-e-conquista;La penna magica di un’agenzia di comunicazione: il potere dello storytelling che emoziona e conquista;/agenzia-di-comunicazione-per-eventi-trasformare-ogni-occasione-in-opportunita-di-successo;Agenzia di comunicazione per eventi: trasformare ogni occasione in opportunità di successo;agenzia di comunicazione per eventi;articolo correlato;0.55
/la-penna-magica-di-unagenzia-di-comunicazione-il-potere-dello-storytelling-che-emoziona-e-conquista;La penna magica di un’agenzia di comunicazione: il potere dello storytelling che emoziona e conquista;/visual-storytelling-una-storia-di-successo;Visual Storytelling: una storia di successo;visual storytelling;articolo correlato;0.505
/la-penna-magica-di-unagenzia-di-comunicazione-il-potere-dello-storytelling-che-emoziona-e-conquista;La penna magica di un’agenzia di comunicazione: il potere dello storytelling che emoziona e conquista;/agenzia-di-comunicazione-creativa-idee-e-strategie-per-il-tuo-brand;Agenzia di comunicazione creativa: idee e strategie per il tuo brand;agenzia di comunicazione creativa;articolo correlato;0.505
/larte-della-comunicazione-di-lusso-strategie-esclusive-per-conquistare-clienti-premium;L’arte della comunicazione di lusso: strategie esclusive per conquistare clienti premium;/come-migliorare-la-tua-brand-reputation-con-le-attivita-di-digital-marketing;Come Migliorare la Tua Brand Reputation con le Attività di Digital Marketing;Migliorare reputazione brand a Palermo;articolo correlato;0.561
/larte-della-comunicazione-di-lusso-strategie-esclusive-per-conquistare-clienti-premium;L’arte della comunicazione di lusso: strategie esclusive per conquistare clienti premium;/agenzia-di-comunicazione-creativa-idee-e-strategie-per-il-tuo-brand;Agenzia di comunicazione creativa: idee e strategie per il tuo brand;agenzia di comunicazione creativa;articolo correlato;0.561
/larte-della-comunicazione-di-lusso-strategie-esclusive-per-conquistare-clienti-premium;L’arte della comunicazione di lusso: strategie esclusive per conquistare clienti premium;/soluzioni-per-la-comunicazione-aziendale-strategie-per-far-crescere-il-tuo-brand;Soluzioni per la comunicazione aziendale: strategie per far crescere il tuo brand;soluzioni per la comunicazione aziendale;articolo correlato;0.561
/larte-della-comunicazione-di-lusso-strategie-esclusive-per-conquistare-clienti-premium;L’arte della comunicazione di lusso: strategie esclusive per conquistare clienti premium;/come-unagenzia-di-comunicazione-e-influencer-marketing-trasforma-la-pubblicita-moderna;Come un’agenzia di comunicazione e influencer marketing trasforma la pubblicità moderna;agenzia di comunicazione e influencer marketing;articolo correlato;0.55
/viaggi-nellera-digitale-come-unagenzia-di-comunicazione-trasforma-il-turismo-in-emozione;Viaggi nell’era digitale: come un’agenzia di comunicazione trasforma il turismo in emozione;/gestione-social-media-a-palermo-come-la-nostra-agenzia-di-comunicazione-cura-i-tuoi-social-media;Gestione Social Media a Palermo: Come la Nostra Agenzia di Comunicazione Cura i Tuoi Social Media;gestione social media Palermo;articolo correlato;0.629
/viaggi-nellera-digitale-come-unagenzia-di-comunicazione-trasforma-il-turismo-in-emozione;Viaggi nell’era digitale: come un’agenzia di comunicazione trasforma il turismo in emozione;/agenzia-di-comunicazione-digitale-il-futuro-della-promozione-online;Agenzia di comunicazione digitale: il futuro della promozione online;agenzia di comunicazione digitale;articolo correlato;0.615
/viaggi-nellera-digitale-come-unagenzia-di-comunicazione-trasforma-il-turismo-in-emozione;Viaggi nell’era digitale: come un’agenzia di comunicazione trasforma il turismo in emozione;/come-unagenzia-di-comunicazione-e-influencer-marketing-trasforma-la-pubblicita-moderna;Come un’agenzia di comunicazione e influencer marketing trasforma la pubblicità moderna;agenzia di comunicazione e influencer marketing;articolo correlato;0.615
/viaggi-nellera-digitale-come-unagenzia-di-comunicazione-trasforma-il-turismo-in-emozione;Viaggi nell’era digitale: come un’agenzia di comunicazione trasforma il turismo in emozione;/lavora-con-noi;Lavora con noi;Carriere in Max Digital Innovation;pagina servizio pertinente;0.563
/strategie-su-misura-come-unagenzia-di-comunicazione-per-pmi-guida-al-successo-nel-mercato-locale;Strategie su misura: come un’agenzia di comunicazione per PMI guida al successo nel mercato locale;/come-scegliere-unagenzia-di-comunicazione-efficace-la-guida-per-il-successo-del-tuo-brand;Come scegliere un’agenzia di comunicazione efficace: la guida per il successo del tuo brand;agenzia di comunicazione efficace;articolo correlato;0.655
/strategie-su-misura-come-unagenzia-di-comunicazione-per-pmi-guida-al-successo-nel-mercato-locale;Strategie su misura: come un’agenzia di comunicazione per PMI guida al successo nel mercato locale;/come-funzionano-le-agenzie-su-tiktok-scopri-come-potenziare-il-tuo-brand;Come funzionano le agenzie su TikTok? Scopri come potenziare il tuo brand;agenzie TikTok;articolo correlato;0.641
/strategie-su-misura-come-unagenzia-di-comunicazione-per-pmi-guida-al-successo-nel-mercato-locale;Strategie su misura: come un’agenzia di comunicazione per PMI guida al successo nel mercato locale;/creazione-di-strategie-di-comunicazione-guida-per-un-successo-garantito;Creazione di strategie di comunicazione: guida per un successo garantito;strategie di comunicazione;articolo correlato;0.627
/strategie-su-misura-come-unagenzia-di-comunicazione-per-pmi-guida-al-successo-nel-mercato-locale;Strategie su misura: come un’agenzia di comunicazione per PMI guida al successo nel mercato locale;/esperti-in-comunicazione-e-branding-il-segreto-per-un-brand-di-successo;Esperti in comunicazione e branding: il segreto per un brand di successo;Comunicazione e Branding;articolo correlato;0.594
/come-unagenzia-di-comunicazione-e-influencer-marketing-trasforma-la-pubblicita-moderna;Come un’agenzia di comunicazione e influencer marketing trasforma la pubblicità moderna;/agenzia-di-comunicazione-creativa-idee-e-strategie-per-il-tuo-brand;Agenzia di comunicazione creativa: idee e strategie per il tuo brand;agenzia di comunicazione creativa;articolo correlato;0.655
/come-unagenzia-di-comunicazione-e-influencer-marketing-trasforma-la-pubblicita-moderna;Come un’agenzia di comunicazione e influencer marketing trasforma la pubblicità moderna;/agenzia-di-comunicazione-video-limpatto-del-visual-marketing;Agenzia di comunicazione video: l’impatto del visual marketing;agenzia comunicazione video;articolo correlato;0.627
/come-unagenzia-di-comunicazione-e-influencer-marketing-trasforma-la-pubblicita-moderna;Come un’agenzia di comunicazione e influencer marketing trasforma la pubblicità moderna;/viaggi-nellera-digitale-come-unagenzia-di-comunicazione-trasforma-il-turismo-in-emozione;Viaggi nell’era digitale: come un’agenzia di comunicazione trasforma il turismo in emozione;agenzia di comunicazione per il turismo;articolo correlato;0.615
/come-unagenzia-di-comunicazione-e-influencer-marketing-trasforma-la-pubblicita-moderna;Come un’agenzia di comunicazione e influencer marketing trasforma la pubblicità moderna;/gestione-social-media-a-palermo-come-la-nostra-agenzia-di-comunicazione-cura-i-tuoi-social-media;Gestione Social Media a Palermo: Come la Nostra Agenzia di Comunicazione Cura i Tuoi Social Media;gestione social media Palermo;articolo correlato;0.594
/come-scegliere-unagenzia-di-comunicazione-efficace-la-guida-per-il-successo-del-tuo-brand;Come scegliere un’agenzia di comunicazione efficace: la guida per il successo del tuo brand;/agenzia-di-comunicazione-digitale-il-futuro-della-promozione-online;Agenzia di comunicazione digitale: il futuro della promozione online;agenzia di comunicazione digitale;articolo correlato;0.655
/come-scegliere-unagenzia-di-comunicazione-efficace-la-guida-per-il-successo-del-tuo-brand;Come scegliere un’agenzia di comunicazione efficace: la guida per il successo del tuo brand;/strategie-su-misura-come-unagenzia-di-comunicazione-per-pmi-guida-al-successo-nel-mercato-locale;Strategie su misura: come un’agenzia di comunicazione per PMI guida al successo nel mercato locale;agenzia di comunicazione per PMI;articolo correlato;0.655
/come-scegliere-unagenzia-di-comunicazione-efficace-la-guida-per-il-successo-del-tuo-brand;Come scegliere un’agenzia di comunicazione efficace: la guida per il successo del tuo brand;/web-agency-locale-a-palermo-la-tua-guida-per-conquistare-il-pubblico-della-citta;Web Agency Locale a Palermo: La Tua Guida per Conquistare il Pubblico della Città;web agency locale Palermo;articolo correlato;0.641
/come-scegliere-unagenzia-di-comunicazione-efficace-la-guida-per-il-successo-del-tuo-brand;Come scegliere un’agenzia di comunicazione efficace: la guida per il successo del tuo brand;/cosa-fa-lagenzia-di-marketing-una-guida-ai-servizi-e-al-ruolo-strategico;Cosa fa l'agenzia di marketing? Una guida ai servizi e al ruolo strategico;agenzia di marketing;articolo correlato;0.641
/servizi-di-comunicazione-digitale-la-chiave-per-il-successo-nel-mondo-online;Servizi di comunicazione digitale: la chiave per il successo nel mondo online;/marketing-digitale-a-palermo-la-chiave-per-il-successo-della-tua-attivita;Marketing Digitale a Palermo: La Chiave per il Successo della Tua Attività;marketing digitale Palermo;articolo correlato;0.856
/servizi-di-comunicazione-digitale-la-chiave-per-il-successo-nel-mondo-online;Servizi di comunicazione digitale: la chiave per il successo nel mondo online;/strategie-di-marketing-per-aziende-come-costruire-un-piano-di-successo;Strategie di marketing per aziende: come costruire un piano di successo;strategie di marketing per aziende;articolo correlato;0.726
/servizi-di-comunicazione-digitale-la-chiave-per-il-successo-nel-mondo-online;Servizi di comunicazione digitale: la chiave per il successo nel mondo online;/gestione-social-media-a-palermo-come-la-nostra-agenzia-di-comunicazione-cura-i-tuoi-social-media;Gestione Social Media a Palermo: Come la Nostra Agenzia di Comunicazione Cura i Tuoi Social Media;gestione social media Palermo;articolo correlato;0.7
/servizi-di-comunicazione-digitale-la-chiave-per-il-successo-nel-mondo-online;Servizi di comunicazione digitale: la chiave per il successo nel mondo online;/agenzia-di-comunicazione-per-e-commerce-vendere-di-piu-online;Agenzia di comunicazione per e-commerce: vendere di più online;agenzia di comunicazione per e-commerce;articolo correlato;0.7
/creazione-di-strategie-di-comunicazione-guida-per-un-successo-garantito;Creazione di strategie di comunicazione: guida per un successo garantito;/strategie-su-misura-come-unagenzia-di-comunicazione-per-pmi-guida-al-successo-nel-mercato-locale;Strategie su misura: come un’agenzia di comunicazione per PMI guida al successo nel mercato locale;agenzia di comunicazione per PMI;articolo correlato;0.627
/creazione-di-strategie-di-comunicazione-guida-per-un-successo-garantito;Creazione di strategie di comunicazione: guida per un successo garantito;/come-scegliere-unagenzia-di-comunicazione-efficace-la-guida-per-il-successo-del-tuo-brand;Come scegliere un’agenzia di comunicazione efficace: la guida per il successo del tuo brand;agenzia di comunicazione efficace;articolo correlato;0.582
/creazione-di-strategie-di-comunicazione-guida-per-un-successo-garantito;Creazione di strategie di comunicazione: guida per un successo garantito;/comunicazione-per-la-crescita-aziendale-strategie-per-raggiungere-il-successo;Comunicazione per la crescita aziendale: strategie per raggiungere il successo;comunicazione per la crescita aziendale;articolo correlato;0.57
/creazione-di-strategie-di-comunicazione-guida-per-un-successo-garantito;Creazione di strategie di comunicazione: guida per un successo garantito;/come-organizzare-eventi-aziendali-di-successo-strategie-vincenti-per-il-tuo-business;Come organizzare eventi aziendali di successo: strategie vincenti per il tuo business;eventi aziendali a Palermo;articolo correlato;0.559
/soluzioni-per-la-comunicazione-aziendale-strategie-per-far-crescere-il-tuo-brand;Soluzioni per la comunicazione aziendale: strategie per far crescere il tuo brand;/strategie-di-marketing-per-aziende-come-costruire-un-piano-di-successo;Strategie di marketing per aziende: come costruire un piano di successo;strategie di marketing per aziende;articolo correlato;0.641
/soluzioni-per-la-comunicazione-aziendale-strategie-per-far-crescere-il-tuo-brand;Soluzioni per la comunicazione aziendale: strategie per far crescere il tuo brand;/che-lavoro-fa-il-marketing-il-motore-che-trasforma-idee-in-successo;Che lavoro fa il marketing? Il motore che trasforma idee in successo;che lavoro fa il marketing;articolo correlato;0.629
/soluzioni-per-la-comunicazione-aziendale-strategie-per-far-crescere-il-tuo-brand;Soluzioni per la comunicazione aziendale: strategie per far crescere il tuo brand;/come-migliorare-la-tua-brand-reputation-con-le-attivita-di-digital-marketing;Come Migliorare la Tua Brand Reputation con le Attività di Digital Marketing;Migliorare reputazione brand a Palermo;articolo correlato;0.608
/soluzioni-per-la-comunicazione-aziendale-strategie-per-far-crescere-il-tuo-brand;Soluzioni per la comunicazione aziendale: strategie per far crescere il tuo brand;/come-creare-un-podcast-aziendale-per-migliorare-il-posizionamento-del-brand;Come creare un podcast aziendale per migliorare il posizionamento del brand;podcast aziendale;articolo correlato;0.594
/esperti-in-comunicazione-e-branding-il-segreto-per-un-brand-di-successo;Esperti in comunicazione e branding: il segreto per un brand di successo;/come-costruire-un-marchio-di-successo-con-lo-sviluppo-e-gestione-del-brand-a-palermo;Sviluppo e gestione del brand: come costruire un marchio di successo;sviluppo e gestione del brand a Palermo;articolo correlato;0.67
/esperti-in-comunicazione-e-branding-il-segreto-per-un-brand-di-successo;Esperti in comunicazione e branding: il segreto per un brand di successo;/come-scegliere-unagenzia-di-comunicazione-efficace-la-guida-per-il-successo-del-tuo-brand;Come scegliere un’agenzia di comunicazione efficace: la guida per il successo del tuo brand;agenzia di comunicazione efficace;articolo correlato;0.608
/esperti-in-comunicazione-e-branding-il-segreto-per-un-brand-di-successo;Esperti in comunicazione e branding: il segreto per un brand di successo;/strategie-su-misura-come-unagenzia-di-comunicazione-per-pmi-guida-al-successo-nel-mercato-locale;Strategie su misura: come un’agenzia di comunicazione per PMI guida al successo nel mercato locale;agenzia di comunicazione per PMI;articolo correlato;0.594
/esperti-in-comunicazione-e-branding-il-segreto-per-un-brand-di-successo;Esperti in comunicazione e branding: il segreto per un brand di successo;/strategie-di-marketing-di-successo-i-passi-fondamentali-per-distinguersi-nel-mercato;Brand Strategy di Successo: I Passi Fondamentali per Distinguersi nel Mercato;Brand Strategy di Successo;articolo correlato;0.561
/branding-da-sogno-come-unagenzia-di-comunicazione-costruisce-unidentita-vincente;Branding da sogno: come un’agenzia di comunicazione costruisce un’identità vincente;/come-costruire-un-marchio-di-successo-con-lo-sviluppo-e-gestione-del-brand-a-palermo;Sviluppo e gestione del brand: come costruire un marchio di successo;sviluppo e gestione del brand a Palermo;articolo correlato;0.673
/branding-da-sogno-come-unagenzia-di-comunicazione-costruisce-unidentita-vincente;Branding da sogno: come un’agenzia di comunicazione costruisce un’identità vincente;/pubblicita-per-il-tuo-brand-a-palermo-come-differenziarsi-dalla-massa;Brand Identity di Successo: Come Differenziarsi dalla Massa;brand identity;articolo correlato;0.592
/branding-da-sogno-come-unagenzia-di-comunicazione-costruisce-unidentita-vincente;Branding da sogno: come un’agenzia di comunicazione costruisce un’identità vincente;/creazione-di-marchi-aziendali-come-costruire-unidentita-forte-e-riconoscibile;Creazione di marchi aziendali: come costruire un’identità forte e riconoscibile;creazione marchi aziendali;articolo correlato;0.592
/branding-da-sogno-come-unagenzia-di-comunicazione-costruisce-unidentita-vincente;Branding da sogno: come un’agenzia di comunicazione costruisce un’identità vincente;/strategie-di-marketing-di-successo-i-passi-fondamentali-per-distinguersi-nel-mercato;Brand Strategy di Successo: I Passi Fondamentali per Distinguersi nel Mercato;Brand Strategy di Successo;articolo correlato;0.57
/strategie-di-marketing-per-aziende-come-costruire-un-piano-di-successo;Strategie di marketing per aziende: come costruire un piano di successo;/come-migliorare-la-tua-brand-reputation-con-le-attivita-di-digital-marketing;Come Migliorare la Tua Brand Reputation con le Attività di Digital Marketing;Migliorare reputazione brand a Palermo;articolo correlato;0.759
/strategie-di-marketing-per-aziende-come-costruire-un-piano-di-successo;Strategie di marketing per aziende: come costruire un piano di successo;/marketing-digitale-a-palermo-la-chiave-per-il-successo-della-tua-attivita;Marketing Digitale a Palermo: La Chiave per il Successo della Tua Attività;marketing digitale Palermo;articolo correlato;0.742
/strategie-di-marketing-per-aziende-come-costruire-un-piano-di-successo;Strategie di marketing per aziende: come costruire un piano di successo;/servizi-di-comunicazione-digitale-la-chiave-per-il-successo-nel-mondo-online;Servizi di comunicazione digitale: la chiave per il successo nel mondo online;servizi di comunicazione digitale;articolo correlato;0.726
/strategie-di-marketing-per-aziende-come-costruire-un-piano-di-successo;Strategie di marketing per aziende: come costruire un piano di successo;/che-lavoro-fa-il-marketing-il-motore-che-trasforma-idee-in-successo;Che lavoro fa il marketing? Il motore che trasforma idee in successo;che lavoro fa il marketing;articolo correlato;0.711
/consulenza-per-la-creazione-di-brand-costruisci-unidentita-vincente;Consulenza per la creazione di brand: costruisci un’identità vincente;/come-costruire-un-marchio-di-successo-con-lo-sviluppo-e-gestione-del-brand-a-palermo;Sviluppo e gestione del brand: come costruire un marchio di successo;sviluppo e gestione del brand a Palermo;articolo correlato;0.655
/consulenza-per-la-creazione-di-brand-costruisci-unidentita-vincente;Consulenza per la creazione di brand: costruisci un’identità vincente;/creazione-di-marchi-aziendali-come-costruire-unidentita-forte-e-riconoscibile;Creazione di marchi aziendali: come costruire un’identità forte e riconoscibile;creazione marchi aziendali;articolo correlato;0.627
/consulenza-per-la-creazione-di-brand-costruisci-unidentita-vincente;Consulenza per la creazione di brand: costruisci un’identità vincente;/branding-da-sogno-come-unagenzia-di-comunicazione-costruisce-unidentita-vincente;Branding da sogno: come un’agenzia di comunicazione costruisce un’identità vincente;agenzia di branding a Palermo;articolo correlato;0.55
/consulenza-per-la-creazione-di-brand-costruisci-unidentita-vincente;Consulenza per la creazione di brand: costruisci un’identità vincente;/esperti-in-comunicazione-e-branding-il-segreto-per-un-brand-di-successo;Esperti in comunicazione e branding: il segreto per un brand di successo;Comunicazione e Branding;articolo correlato;0.534
/creazione-di-marchi-aziendali-come-costruire-unidentita-forte-e-riconoscibile;Creazione di marchi aziendali: come costruire un’identità forte e riconoscibile;/come-costruire-un-marchio-di-successo-con-lo-sviluppo-e-gestione-del-brand-a-palermo;Sviluppo e gestione del brand: come costruire un marchio di successo;sviluppo e gestione del brand a Palermo;articolo correlato;0.7
/creazione-di-marchi-aziendali-come-costruire-unidentita-forte-e-riconoscibile;Creazione di marchi aziendali: come costruire un’identità forte e riconoscibile;/consulenza-per-la-creazione-di-brand-costruisci-unidentita-vincente;Consulenza per la creazione di brand: costruisci un’identità vincente;consulenza per la creazione di brand;articolo correlato;0.627
/creazione-di-marchi-aziendali-come-costruire-unidentita-forte-e-riconoscibile;Creazione di marchi aziendali: come costruire un’identità forte e riconoscibile;/branding-da-sogno-come-unagenzia-di-comunicazione-costruisce-unidentita-vincente;Branding da sogno: come un’agenzia di comunicazione costruisce un’identità vincente;agenzia di branding a Palermo;articolo correlato;0.592
/creazione-di-marchi-aziendali-come-costruire-unidentita-forte-e-riconoscibile;Creazione di marchi aziendali: come costruire un’identità forte e riconoscibile;/pubblicita-per-il-tuo-brand-a-palermo-come-differenziarsi-dalla-massa;Brand Identity di Successo: Come Differenziarsi dalla Massa;brand identity;articolo correlato;0.559
/come-costruire-un-marchio-di-successo-con-lo-sviluppo-e-gestione-del-brand-a-palermo;Sviluppo e gestione del brand: come costruire un marchio di successo;/creazione-di-marchi-aziendali-come-costruire-unidentita-forte-e-riconoscibile;Creazione di marchi aziendali: come costruire un’identità forte e riconoscibile;creazione marchi aziendali;articolo correlato;0.7
/come-costruire-un-marchio-di-successo-con-lo-sviluppo-e-gestione-del-brand-a-palermo;Sviluppo e gestione del brand: come costruire un marchio di successo;/branding-da-sogno-come-unagenzia-di-comunicazione-costruisce-unidentita-vincente;Branding da sogno: come un’agenzia di comunicazione costruisce un’identità vincente;agenzia di branding a Palermo;articolo correlato;0.673
/come-costruire-un-marchio-di-successo-con-lo-sviluppo-e-gestione-del-brand-a-palermo;Sviluppo e gestione del brand: come costruire un marchio di successo;/esperti-in-comunicazione-e-branding-il-segreto-per-un-brand-di-successo;Esperti in comunicazione e branding: il segreto per un brand di successo;Comunicazione e Branding;articolo correlato;0.67
/come-costruire-un-marchio-di-successo-con-lo-sviluppo-e-gestione-del-brand-a-palermo;Sviluppo e gestione del brand: come costruire un marchio di successo;/consulenza-per-la-creazione-di-brand-costruisci-unidentita-vincente;Consulenza per la creazione di brand: costruisci un’identità vincente;consulenza per la creazione di brand;articolo correlato;0.655
/gestione-della-reputazione-online-come-proteggere-e-migliorare-limmagine-del-tuo-brand;Gestione della reputazione online: come proteggere e migliorare l’immagine del tuo brand;/come-migliorare-la-tua-brand-reputation-con-le-attivita-di-digital-marketing;Come Migliorare la Tua Brand Reputation con le Attività di Digital Marketing;Migliorare reputazione brand a Palermo;articolo correlato;0.67
/gestione-della-reputazione-online-come-proteggere-e-migliorare-limmagine-del-tuo-brand;Gestione della reputazione online: come proteggere e migliorare l’immagine del tuo brand;/reputazione_online_cose_perche_conta_e_come_verificarla;Reputazione online: perché è importante e come gestirla efficacemente;reputazione online;articolo correlato;0.571
/gestione-della-reputazione-online-come-proteggere-e-migliorare-limmagine-del-tuo-brand;Gestione della reputazione online: come proteggere e migliorare l’immagine del tuo brand;/strategie-di-web-reputation-come-costruire-gestire-e-misurare-la-percezione-online;"Strategie di Web Reputation: Come Costruire, Gestire e Misurare la Percezione Online";web reputation;articolo correlato;0.524
/gestione-della-reputazione-online-come-proteggere-e-migliorare-limmagine-del-tuo-brand;Gestione della reputazione online: come proteggere e migliorare l’immagine del tuo brand;/strategie-di-marketing-per-aziende-come-costruire-un-piano-di-successo;Strategie di marketing per aziende: come costruire un piano di successo;strategie di marketing per aziende;articolo correlato;0.524
/comunicazione-per-la-crescita-aziendale-strategie-per-raggiungere-il-successo;Comunicazione per la crescita aziendale: strategie per raggiungere il successo;/che-cose-unazienda-di-marketing-scopri-il-motore-del-successo-aziendale;Che cos’è un’azienda di marketing? Scopri il motore del successo aziendale;azienda di marketing;articolo correlato;0.684
/comunicazione-per-la-crescita-aziendale-strategie-per-raggiungere-il-successo;Comunicazione per la crescita aziendale: strategie per raggiungere il successo;/marketing-digitale-a-palermo-la-chiave-per-il-successo-della-tua-attivita;Marketing Digitale a Palermo: La Chiave per il Successo della Tua Attività;marketing digitale Palermo;articolo correlato;0.641
/comunicazione-per-la-crescita-aziendale-strategie-per-raggiungere-il-successo;Comunicazione per la crescita aziendale: strategie per raggiungere il successo;/che-lavoro-fa-il-marketing-il-motore-che-trasforma-idee-in-successo;Che lavoro fa il marketing? Il motore che trasforma idee in successo;che lavoro fa il marketing;articolo correlato;0.615
/comunicazione-per-la-crescita-aziendale-strategie-per-raggiungere-il-successo;Comunicazione per la crescita aziendale: strategie per raggiungere il successo;/come-raggiungere-al-meglio-il-proprio-pubblico-strategie-efficaci-per-comunicare-con-successo;Come raggiungere al meglio il proprio pubblico: strategie efficaci per comunicare con successo;come raggiungere il proprio pubblico;articolo correlato;0.604
/agenzia-tiktok-come-sfruttare-il-potenziale-di-tiktok-per-il-tuo-brand;Agenzia TikTok: come sfruttare il potenziale di TikTok per il tuo brand;/come-funzionano-le-agenzie-su-tiktok-scopri-come-potenziare-il-tuo-brand;Come funzionano le agenzie su TikTok? Scopri come potenziare il tuo brand;agenzie TikTok;articolo correlato;0.876
/agenzia-tiktok-come-sfruttare-il-potenziale-di-tiktok-per-il-tuo-brand;Agenzia TikTok: come sfruttare il potenziale di TikTok per il tuo brand;/come-si-fa-a-crescere-su-tiktok-strategie-per-aumentare-visibilita-e-engagement;Come si fa a crescere su TikTok? Strategie per aumentare visibilità e engagement;crescere su TikTok;articolo correlato;0.641
/agenzia-tiktok-come-sfruttare-il-potenziale-di-tiktok-per-il-tuo-brand;Agenzia TikTok: come sfruttare il potenziale di TikTok per il tuo brand;/gestione-social-media-palermo;Gestione social media Palermo;Gestione social media;pagina servizio pertinente;0.584
/agenzia-tiktok-come-sfruttare-il-potenziale-di-tiktok-per-il-tuo-brand;Agenzia TikTok: come sfruttare il potenziale di TikTok per il tuo brand;/strategie-su-misura-come-unagenzia-di-comunicazione-per-pmi-guida-al-successo-nel-mercato-locale;Strategie su misura: come un’agenzia di comunicazione per PMI guida al successo nel mercato locale;agenzia di comunicazione per PMI;articolo correlato;0.582
/come-funzionano-le-agenzie-su-tiktok-scopri-come-potenziare-il-tuo-brand;Come funzionano le agenzie su TikTok? Scopri come potenziare il tuo brand;/agenzia-tiktok-come-sfruttare-il-potenziale-di-tiktok-per-il-tuo-brand;Agenzia TikTok: come sfruttare il potenziale di TikTok per il tuo brand;agenzia TikTok;articolo correlato;0.876
/come-funzionano-le-agenzie-su-tiktok-scopri-come-potenziare-il-tuo-brand;Come funzionano le agenzie su TikTok? Scopri come potenziare il tuo brand;/strategie-su-misura-come-unagenzia-di-comunicazione-per-pmi-guida-al-successo-nel-mercato-locale;Strategie su misura: come un’agenzia di comunicazione per PMI guida al successo nel mercato locale;agenzia di comunicazione per PMI;articolo correlato;0.641
/come-funzionano-le-agenzie-su-tiktok-scopri-come-potenziare-il-tuo-brand;Come funzionano le agenzie su TikTok? Scopri come potenziare il tuo brand;/come-si-fa-a-crescere-su-tiktok-strategie-per-aumentare-visibilita-e-engagement;Come si fa a crescere su TikTok? Strategie per aumentare visibilità e engagement;crescere su TikTok;articolo correlato;0.582
/come-funzionano-le-agenzie-su-tiktok-scopri-come-potenziare-il-tuo-brand;Come funzionano le agenzie su TikTok? Scopri come potenziare il tuo brand;/gestione-social-media-palermo;Gestione social media Palermo;Gestione social media;pagina servizio pertinente;0.523
/come-si-fa-a-crescere-su-tiktok-strategie-per-aumentare-visibilita-e-engagement;Come si fa a crescere su TikTok? Strategie per aumentare visibilità e engagement;/come-crescere-su-instagram-8-tattiche-per-sfruttare-lalgoritmo-e-aumentare-lengagement;Come crescere su Instagram: 8 Tattiche per sfruttare l’algoritmo e aumentare l’engagement;Crescere su Instagram;articolo correlato;0.655
/come-si-fa-a-crescere-su-tiktok-strategie-per-aumentare-visibilita-e-engagement;Come si fa a crescere su TikTok? Strategie per aumentare visibilità e engagement;/agenzia-tiktok-come-sfruttare-il-potenziale-di-tiktok-per-il-tuo-brand;Agenzia TikTok: come sfruttare il potenziale di TikTok per il tuo brand;agenzia TikTok;articolo correlato;0.641
/come-si-fa-a-crescere-su-tiktok-strategie-per-aumentare-visibilita-e-engagement;Come si fa a crescere su TikTok? Strategie per aumentare visibilità e engagement;/come-funzionano-le-agenzie-su-tiktok-scopri-come-potenziare-il-tuo-brand;Come funzionano le agenzie su TikTok? Scopri come potenziare il tuo brand;agenzie TikTok;articolo correlato;0.582
/come-si-fa-a-crescere-su-tiktok-strategie-per-aumentare-visibilita-e-engagement;Come si fa a crescere su TikTok? Strategie per aumentare visibilità e engagement;/strategie-tiktok-per-aziende;Strategie TikTok per aziende;Strategie TikTok per aziende;articolo correlato;0.551
/agenzia-per-eventi-a-palermo-come-organizzare-eventi-indimenticabili;Agenzia per eventi a Palermo: come organizzare eventi indimenticabili;/organizzare-eventi-a-palermo-come-creare-esperienze-indimenticabili;Organizzare eventi a Palermo: come creare esperienze indimenticabili;organizzare eventi a Palermo;articolo correlato;0.742
/agenzia-per-eventi-a-palermo-come-organizzare-eventi-indimenticabili;Agenzia per eventi a Palermo: come organizzare eventi indimenticabili;/agenzia-di-comunicazione-per-eventi-trasformare-ogni-occasione-in-opportunita-di-successo;Agenzia di comunicazione per eventi: trasformare ogni occasione in opportunità di successo;agenzia di comunicazione per eventi;articolo correlato;0.641
/agenzia-per-eventi-a-palermo-come-organizzare-eventi-indimenticabili;Agenzia per eventi a Palermo: come organizzare eventi indimenticabili;/la-tua-agenzia-di-marketing-a-palermo-per-una-crescita-su-misura;La Tua Agenzia di Marketing a Palermo per una Crescita Su Misura;agenzia di marketing a Palermo;articolo correlato;0.582
/agenzia-per-eventi-a-palermo-come-organizzare-eventi-indimenticabili;Agenzia per eventi a Palermo: come organizzare eventi indimenticabili;/come-gestire-eventi-privati-con-successo-dalla-festa-di-compleanno-a-eventi-esclusivi;Come gestire eventi privati con successo: dalla festa di compleanno a eventi esclusivi;gestione eventi privati Palermo;articolo correlato;0.55
/organizzare-eventi-a-palermo-come-creare-esperienze-indimenticabili;Organizzare eventi a Palermo: come creare esperienze indimenticabili;/agenzia-per-eventi-a-palermo-come-organizzare-eventi-indimenticabili;Agenzia per eventi a Palermo: come organizzare eventi indimenticabili;agenzia per eventi a Palermo;articolo correlato;0.742
/organizzare-eventi-a-palermo-come-creare-esperienze-indimenticabili;Organizzare eventi a Palermo: come creare esperienze indimenticabili;/come-organizzare-eventi-aziendali-di-successo-strategie-vincenti-per-il-tuo-business;Come organizzare eventi aziendali di successo: strategie vincenti per il tuo business;eventi aziendali a Palermo;articolo correlato;0.67
/organizzare-eventi-a-palermo-come-creare-esperienze-indimenticabili;Organizzare eventi a Palermo: come creare esperienze indimenticabili;/come-gestire-eventi-privati-con-successo-dalla-festa-di-compleanno-a-eventi-esclusivi;Come gestire eventi privati con successo: dalla festa di compleanno a eventi esclusivi;gestione eventi privati Palermo;articolo correlato;0.644
/organizzare-eventi-a-palermo-come-creare-esperienze-indimenticabili;Organizzare eventi a Palermo: come creare esperienze indimenticabili;/come-realizzare-un-evento-di-lancio-prodotto-di-successo-a-palermo;Come realizzare un evento di lancio prodotto di successo a Palermo;lancio prodotto Palermo;articolo correlato;0.582
/come-organizzare-eventi-aziendali-di-successo-strategie-vincenti-per-il-tuo-business;Come organizzare eventi aziendali di successo: strategie vincenti per il tuo business;/organizzare-eventi-a-palermo-come-creare-esperienze-indimenticabili;Organizzare eventi a Palermo: come creare esperienze indimenticabili;organizzare eventi a Palermo;articolo correlato;0.67
/come-organizzare-eventi-aziendali-di-successo-strategie-vincenti-per-il-tuo-business;Come organizzare eventi aziendali di successo: strategie vincenti per il tuo business;/come-realizzare-un-evento-di-lancio-prodotto-di-successo-a-palermo;Come realizzare un evento di lancio prodotto di successo a Palermo;lancio prodotto Palermo;articolo correlato;0.641
/come-organizzare-eventi-aziendali-di-successo-strategie-vincenti-per-il-tuo-business;Come organizzare eventi aziendali di successo: strategie vincenti per il tuo business;/che-cose-unazienda-di-marketing-scopri-il-motore-del-successo-aziendale;Che cos’è un’azienda di marketing? Scopri il motore del successo aziendale;azienda di marketing;articolo correlato;0.559
/come-organizzare-eventi-aziendali-di-successo-strategie-vincenti-per-il-tuo-business;Come organizzare eventi aziendali di successo: strategie vincenti per il tuo business;/creazione-di-strategie-di-comunicazione-guida-per-un-successo-garantito;Creazione di strategie di comunicazione: guida per un successo garantito;strategie di comunicazione;articolo correlato;0.559
/come-realizzare-un-evento-di-lancio-prodotto-di-successo-a-palermo;Come realizzare un evento di lancio prodotto di successo a Palermo;/come-organizzare-eventi-aziendali-di-successo-strategie-vincenti-per-il-tuo-business;Come organizzare eventi aziendali di successo: strategie vincenti per il tuo business;eventi aziendali a Palermo;articolo correlato;0.641
/come-realizzare-un-evento-di-lancio-prodotto-di-successo-a-palermo;Come realizzare un evento di lancio prodotto di successo a Palermo;/organizzare-eventi-a-palermo-come-creare-esperienze-indimenticabili;Organizzare eventi a Palermo: come creare esperienze indimenticabili;organizzare eventi a Palermo;articolo correlato;0.582
/come-realizzare-un-evento-di-lancio-prodotto-di-successo-a-palermo;Come realizzare un evento di lancio prodotto di successo a Palermo;/creare-un-video-aziendale-efficace-coinvolgente-e-professionale;"Creare un Video Aziendale Efficace, Coinvolgente e Professionale";video aziendale Palermo;articolo correlato;0.473
/come-realizzare-un-evento-di-lancio-prodotto-di-successo-a-palermo;Come realizzare un evento di lancio prodotto di successo a Palermo;/marketing-digitale-a-palermo-la-chiave-per-il-successo-della-tua-attivita;Marketing Digitale a Palermo: La Chiave per il Successo della Tua Attività;marketing digitale Palermo;articolo correlato;0.473
/come-gestire-eventi-privati-con-successo-dalla-festa-di-compleanno-a-eventi-esclusivi;Come gestire eventi privati con successo: dalla festa di compleanno a eventi esclusivi;/organizzare-eventi-a-palermo-come-creare-esperienze-indimenticabili;Organizzare eventi a Palermo: come creare esperienze indimenticabili;organizzare eventi a Palermo;articolo correlato;0.644
/come-gestire-eventi-privati-con-successo-dalla-festa-di-compleanno-a-eventi-esclusivi;Come gestire eventi privati con successo: dalla festa di compleanno a eventi esclusivi;/agenzia-per-eventi-a-palermo-come-organizzare-eventi-indimenticabili;Agenzia per eventi a Palermo: come organizzare eventi indimenticabili;agenzia per eventi a Palermo;articolo correlato;0.55
/come-gestire-eventi-privati-con-successo-dalla-festa-di-compleanno-a-eventi-esclusivi;Come gestire eventi privati con successo: dalla festa di compleanno a eventi esclusivi;/come-organizzare-eventi-aziendali-di-successo-strategie-vincenti-per-il-tuo-business;Come organizzare eventi aziendali di successo: strategie vincenti per il tuo business;eventi aziendali a Palermo;articolo correlato;0.539
/come-gestire-eventi-privati-con-successo-dalla-festa-di-compleanno-a-eventi-esclusivi;Come gestire eventi privati con successo: dalla festa di compleanno a eventi esclusivi;/come-realizzare-un-evento-di-lancio-prodotto-di-successo-a-palermo;Come realizzare un evento di lancio prodotto di successo a Palermo;lancio prodotto Palermo;articolo correlato;0.45
/social-media-manager-a-palermo-come-scegliere-il-professionista-giusto-per-il-tuo-brand;Social Media Manager a Palermo: come scegliere il professionista giusto per il tuo brand;/perche-hai-bisogno-di-un-social-media-manager-a-palermo;Perché hai bisogno di un social media manager a Palermo?;social media manager Palermo;articolo correlato;0.699
/social-media-manager-a-palermo-come-scegliere-il-professionista-giusto-per-il-tuo-brand;Social Media Manager a Palermo: come scegliere il professionista giusto per il tuo brand;/il-ruolo-di-un-social-media-manager-nelle-piccole-e-medie-imprese;Il ruolo di un Social Media Manager nelle piccole e medie imprese;Social Media Manager per PMI;articolo correlato;0.699
/social-media-manager-a-palermo-come-scegliere-il-professionista-giusto-per-il-tuo-brand;Social Media Manager a Palermo: come scegliere il professionista giusto per il tuo brand;/social-media-manager-per-e-commerce-aumentare-le-vendite-con-strategie-mirate;Social Media Manager per e-commerce: aumentare le vendite con strategie mirate;Social Media Manager per e-commerce;articolo correlato;0.655
/social-media-manager-a-palermo-come-scegliere-il-professionista-giusto-per-il-tuo-brand;Social Media Manager a Palermo: come scegliere il professionista giusto per il tuo brand;/come-il-social-media-manager-puo-potenziare-la-tua-strategia-di-content-marketing;Come il Social Media Manager può potenziare la tua strategia di content marketing;social media manager content marketing;articolo correlato;0.655
/social-media-manager-per-e-commerce-aumentare-le-vendite-con-strategie-mirate;Social Media Manager per e-commerce: aumentare le vendite con strategie mirate;/che-cosa-fa-una-social-media-manager;Che cosa fa una social media manager?;social media manager;articolo correlato;0.733
/social-media-manager-per-e-commerce-aumentare-le-vendite-con-strategie-mirate;Social Media Manager per e-commerce: aumentare le vendite con strategie mirate;/gestione-social-media-a-palermo-come-la-nostra-agenzia-di-comunicazione-cura-i-tuoi-social-media;Gestione Social Media a Palermo: Come la Nostra Agenzia di Comunicazione Cura i Tuoi Social Media;gestione social media Palermo;articolo correlato;0.67
/social-media-manager-per-e-commerce-aumentare-le-vendite-con-strategie-mirate;Social Media Manager per e-commerce: aumentare le vendite con strategie mirate;/i-social-media-gli-alleati-per-il-tuo-e-commerce;I Social Media: Gli Alleati per il Tuo E-commerce;Social Media per E-commerce;articolo correlato;0.67
/social-media-manager-per-e-commerce-aumentare-le-vendite-con-strategie-mirate;Social Media Manager per e-commerce: aumentare le vendite con strategie mirate;/perche-hai-bisogno-di-un-social-media-manager-a-palermo;Perché hai bisogno di un social media manager a Palermo?;social media manager Palermo;articolo correlato;0.655
/il-ruolo-di-un-social-media-manager-nelle-piccole-e-medie-imprese;Il ruolo di un Social Media Manager nelle piccole e medie imprese;/che-cosa-fa-una-social-media-manager;Che cosa fa una social media manager?;social media manager;articolo correlato;0.776
/il-ruolo-di-un-social-media-manager-nelle-piccole-e-medie-imprese;Il ruolo di un Social Media Manager nelle piccole e medie imprese;/social-media-manager-a-palermo-come-scegliere-il-professionista-giusto-per-il-tuo-brand;Social Media Manager a Palermo: come scegliere il professionista giusto per il tuo brand;social media manager Palermo;articolo correlato;0.699
/il-ruolo-di-un-social-media-manager-nelle-piccole-e-medie-imprese;Il ruolo di un Social Media Manager nelle piccole e medie imprese;/social-media-manager-per-e-commerce-aumentare-le-vendite-con-strategie-mirate;Social Media Manager per e-commerce: aumentare le vendite con strategie mirate;Social Media Manager per e-commerce;articolo correlato;0.655
/il-ruolo-di-un-social-media-manager-nelle-piccole-e-medie-imprese;Il ruolo di un Social Media Manager nelle piccole e medie imprese;/come-il-social-media-manager-puo-potenziare-la-tua-strategia-di-content-marketing;Come il Social Media Manager può potenziare la tua strategia di content marketing;social media manager content marketing;articolo correlato;0.655
/come-il-social-media-manager-puo-potenziare-la-tua-strategia-di-content-marketing;Come il Social Media Manager può potenziare la tua strategia di content marketing;/come-strutturare-una-strategia-digitale-efficace;Come strutturare una strategia digitale efficace;strategia digitale efficace;articolo correlato;0.67
/come-il-social-media-manager-puo-potenziare-la-tua-strategia-di-content-marketing;Come il Social Media Manager può potenziare la tua strategia di content marketing;/social-media-manager-a-palermo-come-scegliere-il-professionista-giusto-per-il-tuo-brand;Social Media Manager a Palermo: come scegliere il professionista giusto per il tuo brand;social media manager Palermo;articolo correlato;0.655
/come-il-social-media-manager-puo-potenziare-la-tua-strategia-di-content-marketing;Come il Social Media Manager può potenziare la tua strategia di content marketing;/il-ruolo-di-un-social-media-manager-nelle-piccole-e-medie-imprese;Il ruolo di un Social Media Manager nelle piccole e medie imprese;Social Media Manager per PMI;articolo correlato;0.655
/come-il-social-media-manager-puo-potenziare-la-tua-strategia-di-content-marketing;Come il Social Media Manager può potenziare la tua strategia di content marketing;/;Home;Agenzia Marketing;pagina servizio pertinente;0.632
/come-diventare-un-social-media-manager-di-successo-guida-passo-dopo-passo;Come diventare un Social Media Manager di successo: guida passo dopo passo;/come-strutturare-una-strategia-digitale-efficace;Come strutturare una strategia digitale efficace;strategia digitale efficace;articolo correlato;0.524
/come-diventare-un-social-media-manager-di-successo-guida-passo-dopo-passo;Come diventare un Social Media Manager di successo: guida passo dopo passo;/come-il-social-media-manager-puo-potenziare-la-tua-strategia-di-content-marketing;Come il Social Media Manager può potenziare la tua strategia di content marketing;social media manager content marketing;articolo correlato;0.524
/come-diventare-un-social-media-manager-di-successo-guida-passo-dopo-passo;Come diventare un Social Media Manager di successo: guida passo dopo passo;/che-cosa-fa-una-social-media-manager;Che cosa fa una social media manager?;social media manager;articolo correlato;0.524
/come-diventare-un-social-media-manager-di-successo-guida-passo-dopo-passo;Come diventare un Social Media Manager di successo: guida passo dopo passo;/marketing-digitale-a-palermo-la-chiave-per-il-successo-della-tua-attivita;Marketing Digitale a Palermo: La Chiave per il Successo della Tua Attività;marketing digitale Palermo;articolo correlato;0.513
/che-cosa-fa-una-social-media-manager;Che cosa fa una social media manager?;/il-ruolo-di-un-social-media-manager-nelle-piccole-e-medie-imprese;Il ruolo di un Social Media Manager nelle piccole e medie imprese;Social Media Manager per PMI;articolo correlato;0.776
/che-cosa-fa-una-social-media-manager;Che cosa fa una social media manager?;/social-media-manager-per-e-commerce-aumentare-le-vendite-con-strategie-mirate;Social Media Manager per e-commerce: aumentare le vendite con strategie mirate;Social Media Manager per e-commerce;articolo correlato;0.733
/che-cosa-fa-una-social-media-manager;Che cosa fa una social media manager?;/gestione-social-media-a-palermo-come-la-nostra-agenzia-di-comunicazione-cura-i-tuoi-social-media;Gestione Social Media a Palermo: Come la Nostra Agenzia di Comunicazione Cura i Tuoi Social Media;gestione social media Palermo;articolo correlato;0.67
/che-cosa-fa-una-social-media-manager;Che cosa fa una social media manager?;/social-media-manager-a-palermo-come-scegliere-il-professionista-giusto-per-il-tuo-brand;Social Media Manager a Palermo: come scegliere il professionista giusto per il tuo brand;social media manager Palermo;articolo correlato;0.655
/quanto-costa-farsi-gestire-un-profilo-instagram;Quanto costa farsi gestire un profilo Instagram?;/che-cosa-fa-una-social-media-manager;Che cosa fa una social media manager?;social media manager;articolo correlato;0.641
/quanto-costa-farsi-gestire-un-profilo-instagram;Quanto costa farsi gestire un profilo Instagram?;/il-ruolo-di-un-social-media-manager-nelle-piccole-e-medie-imprese;Il ruolo di un Social Media Manager nelle piccole e medie imprese;Social Media Manager per PMI;articolo correlato;0.627
/quanto-costa-farsi-gestire-un-profilo-instagram;Quanto costa farsi gestire un profilo Instagram?;/social-media-manager-per-e-commerce-aumentare-le-vendite-con-strategie-mirate;Social Media Manager per e-commerce: aumentare le vendite con strategie mirate;Social Media Manager per e-commerce;articolo correlato;0.582
/quanto-costa-farsi-gestire-un-profilo-instagram;Quanto costa farsi gestire un profilo Instagram?;/gestione-social-media-palermo;Gestione social media Palermo;Gestione social media;pagina servizio pertinente;0.574
/5-errori-silenziosi-che-stai-commettendo-nel-tuo-sito-web-aziendale;5 Errori Silenziosi che Stai Commettendo nel Tuo Sito Web Aziendale;/mi-serve-davvero-un-sito-web-aziendale;Mi serve davvero un sito web aziendale?;sito web aziendale Palermo;articolo correlato;0.57
/5-errori-silenziosi-che-stai-commettendo-nel-tuo-sito-web-aziendale;5 Errori Silenziosi che Stai Commettendo nel Tuo Sito Web Aziendale;/creare-un-sito-web-a-palermo-le-caratteristiche-di-unarchitettura-efficace;Struttura di un Sito Web: Le Caratteristiche di un’Architettura Efficace;struttura sito web;articolo correlato;0.57
/5-errori-silenziosi-che-stai-commettendo-nel-tuo-sito-web-aziendale;5 Errori Silenziosi che Stai Commettendo nel Tuo Sito Web Aziendale;/il-web-design-e-la-sua-evoluzione;Il Web Design e la sua Evoluzione;web design Palermo;articolo correlato;0.524
/5-errori-silenziosi-che-stai-commettendo-nel-tuo-sito-web-aziendale;5 Errori Silenziosi che Stai Commettendo nel Tuo Sito Web Aziendale;/creazione-siti-web-professionali-a-palermo-costruisci-la-tua-identita-digitale;Creazione Siti Web Professionali a Palermo: Costruisci la Tua Identità Digitale;siti web professionali Palermo;articolo correlato;0.513
/strategie-digitali-per-artigiani-locali-come-vendere-di-piu-online-marketing;Strategie Digitali per Artigiani Locali: Come Vendere di Più Online;/mi-serve-davvero-un-sito-web-aziendale;Mi serve davvero un sito web aziendale?;sito web aziendale Palermo;articolo correlato;0.671
/strategie-digitali-per-artigiani-locali-come-vendere-di-piu-online-marketing;Strategie Digitali per Artigiani Locali: Come Vendere di Più Online;/agenzia-di-comunicazione-per-e-commerce-vendere-di-piu-online;Agenzia di comunicazione per e-commerce: vendere di più online;agenzia di comunicazione per e-commerce;articolo correlato;0.629
/strategie-digitali-per-artigiani-locali-come-vendere-di-piu-online-marketing;Strategie Digitali per Artigiani Locali: Come Vendere di Più Online;/web-agency-per-e-commerce-a-palermo-come-incrementare-le-vendite-online;Web Agency per E-commerce a Palermo: Come Incrementare le Vendite Online;web agency e-commerce Palermo;articolo correlato;0.615
/strategie-digitali-per-artigiani-locali-come-vendere-di-piu-online-marketing;Strategie Digitali per Artigiani Locali: Come Vendere di Più Online;/marketing-digitale-a-palermo-la-chiave-per-il-successo-della-tua-attivita;Marketing Digitale a Palermo: La Chiave per il Successo della Tua Attività;marketing digitale Palermo;articolo correlato;0.615
/il-potere-delle-landing-page-per-attivita-locali-converti-i-clienti-della-tua-citta;Il Potere delle Landing Page Locali: Converti i Clienti della Tua Città;/web-agency-a-palermo-la-guida-completa-per-far-crescere-la-tua-attivita-online;Web Agency a Palermo: La Guida Completa per Far Crescere la Tua Attività Online;web agency a Palermo;articolo correlato;0.559
/il-potere-delle-landing-page-per-attivita-locali-converti-i-clienti-della-tua-citta;Il Potere delle Landing Page Locali: Converti i Clienti della Tua Città;/digital-marketing-palermo;Digital marketing Palermo;Digital marketing Palermo;pagina servizio pertinente;0.524
/il-potere-delle-landing-page-per-attivita-locali-converti-i-clienti-della-tua-citta;Il Potere delle Landing Page Locali: Converti i Clienti della Tua Città;/hai-bisogno-di-uno-store-online-per-la-tua-attivita-offriamo-realizzazione-e-commerce-a-palermo;Hai Bisogno di uno Store Online per la tua Attività?;realizzazione e-commerce Palermo;articolo correlato;0.524
/il-potere-delle-landing-page-per-attivita-locali-converti-i-clienti-della-tua-citta;Il Potere delle Landing Page Locali: Converti i Clienti della Tua Città;/usa-la-local-seo-e-porta-il-tuo-business-al-top;Usa la Local SEO e Porta il Tuo Business al Top!;Local SEO Palermo;articolo correlato;0.524
/micro-influencer-locale-come-usarli-per-far-crescere-la-tua-azienda-marketing-palermo;Micro-Influencer Locali: Come Usarli per Far Crescere la Tua Azienda;/mi-serve-davvero-un-sito-web-aziendale;Mi serve davvero un sito web aziendale?;sito web aziendale Palermo;articolo correlato;0.615
/micro-influencer-locale-come-usarli-per-far-crescere-la-tua-azienda-marketing-palermo;Micro-Influencer Locali: Come Usarli per Far Crescere la Tua Azienda;/gestione-marketing-per-la-tua-hamburgeria;Gestione Marketing per la tua Hamburgeria;Marketing per Hamburgerie a Palermo;articolo correlato;0.559
/micro-influencer-locale-come-usarli-per-far-crescere-la-tua-azienda-marketing-palermo;Micro-Influencer Locali: Come Usarli per Far Crescere la Tua Azienda;/strategie-digitali-per-artigiani-locali-come-vendere-di-piu-online-marketing;Strategie Digitali per Artigiani Locali: Come Vendere di Più Online;marketing per artigiani a Palermo;articolo correlato;0.538
/micro-influencer-locale-come-usarli-per-far-crescere-la-tua-azienda-marketing-palermo;Micro-Influencer Locali: Come Usarli per Far Crescere la Tua Azienda;/servizi-digitali-palermo;Servizi digitali Palermo;servizi digitali;pagina servizio pertinente;0.516
/posizionamento-zero-su-google-cose-e-come-ottenerlo;Posizionamento Zero su Google: Cos’è e Come Ottenerlo;/come-essere-in-prima-pagina-su-google-le-bugie-piu-diffuse-sulla-seo;Come Essere in Prima Pagina su Google? Le Bugie Più Diffuse sulla SEO;Prima Pagina Google;articolo correlato;0.523
/posizionamento-zero-su-google-cose-e-come-ottenerlo;Posizionamento Zero su Google: Cos’è e Come Ottenerlo;/lavora-con-noi;Lavora con noi;Carriere in Max Digital Innovation;pagina servizio pertinente;0.516
/posizionamento-zero-su-google-cose-e-come-ottenerlo;Posizionamento Zero su Google: Cos’è e Come Ottenerlo;/scopri-come-aumentare-posizionamento-seo-per-il-tuo-sito-web-su-google;Scopri come posizionare il tuo sito Web su Google;posizionamento SEO;articolo correlato;0.414
/posizionamento-zero-su-google-cose-e-come-ottenerlo;Posizionamento Zero su Google: Cos’è e Come Ottenerlo;/cosa-fare-per-indicizzare-il-tuo-sito-web;Cosa Fare per Indicizzare il Tuo Sito Web?;come indicizzare un sito web;articolo correlato;0.413
/come-unire-seo-e-branding-visivo-in-un-solo-progetto-web;Come Unire SEO e Branding Visivo in un Solo Progetto Web;/graphic-design-palermo;Graphic Design Palermo;Graphic Design Palermo;pagina servizio pertinente;0.516
/come-unire-seo-e-branding-visivo-in-un-solo-progetto-web;Come Unire SEO e Branding Visivo in un Solo Progetto Web;/creazione-siti-web-professionali-a-palermo-costruisci-la-tua-identita-digitale;Creazione Siti Web Professionali a Palermo: Costruisci la Tua Identità Digitale;siti web professionali Palermo;articolo correlato;0.504
/come-unire-seo-e-branding-visivo-in-un-solo-progetto-web;Come Unire SEO e Branding Visivo in un Solo Progetto Web;/agenzia-di-comunicazione-visiva-come-catturare-lattenzione-del-pubblico;Agenzia di comunicazione visiva: come catturare l’attenzione del pubblico;agenzia comunicazione visiva;articolo correlato;0.494
/come-unire-seo-e-branding-visivo-in-un-solo-progetto-web;Come Unire SEO e Branding Visivo in un Solo Progetto Web;/;Home;Agenzia Marketing;pagina servizio pertinente;0.49
/leffetto-domino-delle-recensioni-online-per-le-attivita-locali;L’Effetto Domino delle Recensioni Online per le Attività Locali;/reputazione_online_cose_perche_conta_e_come_verificarla;Reputazione online: perché è importante e come gestirla efficacemente;reputazione online;articolo correlato;0.529
/leffetto-domino-delle-recensioni-online-per-le-attivita-locali;L’Effetto Domino delle Recensioni Online per le Attività Locali;/servizi-digitali-palermo;Servizi digitali Palermo;servizi digitali;pagina servizio pertinente;0.509
/leffetto-domino-delle-recensioni-online-per-le-attivita-locali;L’Effetto Domino delle Recensioni Online per le Attività Locali;/quali-sono-i-servizi-offerti-da-unagenzia-di-comunicazione-a-palermo;Quali Sono i Servizi Offerti da un’Agenzia di Comunicazione a Palermo?;agenzia di comunicazione Palermo;articolo correlato;0.505
/leffetto-domino-delle-recensioni-online-per-le-attivita-locali;L’Effetto Domino delle Recensioni Online per le Attività Locali;/usa-la-local-seo-e-porta-il-tuo-business-al-top;Usa la Local SEO e Porta il Tuo Business al Top!;Local SEO Palermo;articolo correlato;0.505
/seo-per-podcast-e-audio-contenuti-come-farli-trovare-online;SEO per Podcast e Audio Contenuti: Come Farli Trovare Online;/il-marketing-per-attivita-locali-i-vantaggi-di-affidarsi-a-una-web-agency;Il Marketing per Attività Locali;marketing per attività a Palermo;articolo correlato;0.596
/seo-per-podcast-e-audio-contenuti-come-farli-trovare-online;SEO per Podcast e Audio Contenuti: Come Farli Trovare Online;/strategie-digitali-per-chi-apre-una-start-up-culturale-a-palermo;Strategie Digitali per Chi Apre una Start-Up Culturale a Palermo;Marketing Digitale Startup Culturali Palermo;articolo correlato;0.559
/seo-per-podcast-e-audio-contenuti-come-farli-trovare-online;SEO per Podcast e Audio Contenuti: Come Farli Trovare Online;/servizi-digitali-palermo;Servizi digitali Palermo;servizi digitali;pagina servizio pertinente;0.524
/seo-per-podcast-e-audio-contenuti-come-farli-trovare-online;SEO per Podcast e Audio Contenuti: Come Farli Trovare Online;/marketing-online-per-il-tuo-negozio-di-abbigliamento;Marketing Online per il Tuo Negozio di Abbigliamento;Marketing Digitale per Negozi di Abbigliamento a Palermo;articolo correlato;0.524
/siti-one-page-quando-funzionano-davvero;Siti One Page: Quando Funzionano Davvero?;/web-agency-a-palermo-la-guida-completa-per-far-crescere-la-tua-attivita-online;Web Agency a Palermo: La Guida Completa per Far Crescere la Tua Attività Online;web agency a Palermo;articolo correlato;0.627
/siti-one-page-quando-funzionano-davvero;Siti One Page: Quando Funzionano Davvero?;/la-magia-dietro-i-siti-web-che-conquistano;La magia dietro i siti web che conquistano;siti web che funzionano;articolo correlato;0.57
/siti-one-page-quando-funzionano-davvero;Siti One Page: Quando Funzionano Davvero?;/copywriter-seo-per-i-social-media-perche-a-google-piace-web-agency-seo-a-palermo;Copywriter seo per i social media: perché a Google piace;Web agency SEO Palermo;articolo correlato;0.55
/siti-one-page-quando-funzionano-davvero;Siti One Page: Quando Funzionano Davvero?;/usa-la-local-seo-e-porta-il-tuo-business-al-top;Usa la Local SEO e Porta il Tuo Business al Top!;Local SEO Palermo;articolo correlato;0.534
/strategie-digitali-per-chi-apre-una-start-up-culturale-a-palermo;Strategie Digitali per Chi Apre una Start-Up Culturale a Palermo;/servizi-digitali-palermo;Servizi digitali Palermo;servizi digitali;pagina servizio pertinente;0.585
/strategie-digitali-per-chi-apre-una-start-up-culturale-a-palermo;Strategie Digitali per Chi Apre una Start-Up Culturale a Palermo;/seo-per-podcast-e-audio-contenuti-come-farli-trovare-online;SEO per Podcast e Audio Contenuti: Come Farli Trovare Online;marketing per podcast Palermo;articolo correlato;0.559
/strategie-digitali-per-chi-apre-una-start-up-culturale-a-palermo;Strategie Digitali per Chi Apre una Start-Up Culturale a Palermo;/;Home;Agenzia Marketing;pagina servizio pertinente;0.553
/strategie-digitali-per-chi-apre-una-start-up-culturale-a-palermo;Strategie Digitali per Chi Apre una Start-Up Culturale a Palermo;/strategie-digitali-per-artigiani-locali-come-vendere-di-piu-online-marketing;Strategie Digitali per Artigiani Locali: Come Vendere di Più Online;marketing per artigiani a Palermo;articolo correlato;0.549
/come-promuovere-la-tua-casa-vacanze-con-il-marketing-locale-digitale;Come Promuovere la Tua Casa Vacanze con il Marketing Locale Digitale;/marketing-online-per-la-tua-concessionaria;Marketing Online per la tua Concessionaria;marketing digitale per concessionarie a Palermo;articolo correlato;0.657
/come-promuovere-la-tua-casa-vacanze-con-il-marketing-locale-digitale;Come Promuovere la Tua Casa Vacanze con il Marketing Locale Digitale;/come-promuovere-il-tuo-salone-di-bellezza-a-palermo;Come Promuovere il Tuo Salone di Bellezza a Palermo;Salone di Bellezza Palermo: Strategie di Marketing Digitale;articolo correlato;0.614
/come-promuovere-la-tua-casa-vacanze-con-il-marketing-locale-digitale;Come Promuovere la Tua Casa Vacanze con il Marketing Locale Digitale;/come-strutturare-una-strategia-digitale-efficace;Come strutturare una strategia digitale efficace;strategia digitale efficace;articolo correlato;0.582
/come-promuovere-la-tua-casa-vacanze-con-il-marketing-locale-digitale;Come Promuovere la Tua Casa Vacanze con il Marketing Locale Digitale;/il-ruolo-del-marketing-digitale-per-le-librerie-indipendenti;Il Ruolo del Marketing Digitale per le Librerie Indipendenti;marketing per librerie palermo;articolo correlato;0.57
/brand-identity-per-artisti-e-creativi-distinguersi-online-in-modo-autentico;Brand Identity per Artisti e Creativi: Distinguersi Online in Modo Autentico;/creazione-siti-web-professionali-a-palermo-costruisci-la-tua-identita-digitale;Creazione Siti Web Professionali a Palermo: Costruisci la Tua Identità Digitale;siti web professionali Palermo;articolo correlato;0.488
/brand-identity-per-artisti-e-creativi-distinguersi-online-in-modo-autentico;Brand Identity per Artisti e Creativi: Distinguersi Online in Modo Autentico;/formazione-online-come-promuovere-il-tuo-corso-o-workshop-sul-web;Formazione Online: Come Promuovere il Tuo Corso o Workshop sul Web;pubblicità corsi e workshop Palermo;articolo correlato;0.488
/brand-identity-per-artisti-e-creativi-distinguersi-online-in-modo-autentico;Brand Identity per Artisti e Creativi: Distinguersi Online in Modo Autentico;/pubblicita-per-il-tuo-brand-a-palermo-come-differenziarsi-dalla-massa;Brand Identity di Successo: Come Differenziarsi dalla Massa;brand identity;articolo correlato;0.479
/brand-identity-per-artisti-e-creativi-distinguersi-online-in-modo-autentico;Brand Identity per Artisti e Creativi: Distinguersi Online in Modo Autentico;/;Home;Agenzia Marketing;pagina servizio pertinente;0.477
/il-ruolo-del-marketing-digitale-per-le-librerie-indipendenti;Il Ruolo del Marketing Digitale per le Librerie Indipendenti;/marketing-online-per-la-tua-concessionaria;Marketing Online per la tua Concessionaria;marketing digitale per concessionarie a Palermo;articolo correlato;0.608
/il-ruolo-del-marketing-digitale-per-le-librerie-indipendenti;Il Ruolo del Marketing Digitale per le Librerie Indipendenti;/come-promuovere-la-tua-casa-vacanze-con-il-marketing-locale-digitale;Come Promuovere la Tua Casa Vacanze con il Marketing Locale Digitale;promozione casa vacanze Palermo;articolo correlato;0.57
/il-ruolo-del-marketing-digitale-per-le-librerie-indipendenti;Il Ruolo del Marketing Digitale per le Librerie Indipendenti;/marketing-online-per-il-tuo-negozio-di-abbigliamento;Marketing Online per il Tuo Negozio di Abbigliamento;Marketing Digitale per Negozi di Abbigliamento a Palermo;articolo correlato;0.534
/il-ruolo-del-marketing-digitale-per-le-librerie-indipendenti;Il Ruolo del Marketing Digitale per le Librerie Indipendenti;/come-promuovere-il-tuo-salone-di-bellezza-a-palermo;Come Promuovere il Tuo Salone di Bellezza a Palermo;Salone di Bellezza Palermo: Strategie di Marketing Digitale;articolo correlato;0.513
/comunicazione-digitale-per-associazioni-no-profit-come-farsi-conoscere;Comunicazione Digitale per Associazioni No Profit: Come Farsi Conoscere;/come-promuovere-la-tua-casa-vacanze-con-il-marketing-locale-digitale;Come Promuovere la Tua Casa Vacanze con il Marketing Locale Digitale;promozione casa vacanze Palermo;articolo correlato;0.549
/comunicazione-digitale-per-associazioni-no-profit-come-farsi-conoscere;Comunicazione Digitale per Associazioni No Profit: Come Farsi Conoscere;/web-marketing-per-palestre-e-centri-sportivi;Web Marketing per Palestre e Centri sportivi;web marketing per palestre Palermo;articolo correlato;0.525
/comunicazione-digitale-per-associazioni-no-profit-come-farsi-conoscere;Comunicazione Digitale per Associazioni No Profit: Come Farsi Conoscere;/marketing-online-per-la-tua-concessionaria;Marketing Online per la tua Concessionaria;marketing digitale per concessionarie a Palermo;articolo correlato;0.525
/comunicazione-digitale-per-associazioni-no-profit-come-farsi-conoscere;Comunicazione Digitale per Associazioni No Profit: Come Farsi Conoscere;/mi-serve-davvero-un-sito-web-aziendale;Mi serve davvero un sito web aziendale?;sito web aziendale Palermo;articolo correlato;0.504
/strategie-web-per-eventi-teatrali-e-spettacoli-indipendenti;Strategie Web per Eventi Teatrali e Spettacoli Indipendenti;/lavora-con-noi;Lavora con noi;Carriere in Max Digital Innovation;pagina servizio pertinente;0.626
/strategie-web-per-eventi-teatrali-e-spettacoli-indipendenti;Strategie Web per Eventi Teatrali e Spettacoli Indipendenti;/marketing-e-pubblicita-a-palermo-tutti-i-tipi-di-pubblicita-per-far-crescere-la-tua-attivita;Marketing e Pubblicità a Palermo: Tutti i Tipi di Pubblicità per Far Crescere la Tua Attività;marketing e pubblicità Palermo;articolo correlato;0.57
/strategie-web-per-eventi-teatrali-e-spettacoli-indipendenti;Strategie Web per Eventi Teatrali e Spettacoli Indipendenti;/marketing-digitale-a-palermo-la-chiave-per-il-successo-della-tua-attivita;Marketing Digitale a Palermo: La Chiave per il Successo della Tua Attività;marketing digitale Palermo;articolo correlato;0.57
/strategie-web-per-eventi-teatrali-e-spettacoli-indipendenti;Strategie Web per Eventi Teatrali e Spettacoli Indipendenti;/social-media-marketing-nel-settore-arredamento;Social Media Marketing nel Settore Arredamento;marketing arredamento Palermo;articolo correlato;0.535
/digitale-e-tradizione-come-promuovere-botteghe-storiche-con-nuove-strategie-comunicazione;Digitale e Tradizione: Come Promuovere un’Attività Storica con Nuove Strategie;/marketing-digitale-a-palermo-la-chiave-per-il-successo-della-tua-attivita;Marketing Digitale a Palermo: La Chiave per il Successo della Tua Attività;marketing digitale Palermo;articolo correlato;0.441
/digitale-e-tradizione-come-promuovere-botteghe-storiche-con-nuove-strategie-comunicazione;Digitale e Tradizione: Come Promuovere un’Attività Storica con Nuove Strategie;/3-tipi-di-marketing-a-palermo-scopri-le-strategie-per-il-successo-della-tua-attivita;3 Tipi di Marketing a Palermo: Scopri le Strategie per il Successo della Tua Attività;marketing a Palermo;articolo correlato;0.441
/digitale-e-tradizione-come-promuovere-botteghe-storiche-con-nuove-strategie-comunicazione;Digitale e Tradizione: Come Promuovere un’Attività Storica con Nuove Strategie;/web-agency-a-palermo-il-design-che-parte-dal-brand;Web Agency a Palermo;web agency a Palermo;articolo correlato;0.401
/digitale-e-tradizione-come-promuovere-botteghe-storiche-con-nuove-strategie-comunicazione;Digitale e Tradizione: Come Promuovere un’Attività Storica con Nuove Strategie;/il-marketing-per-attivita-locali-i-vantaggi-di-affidarsi-a-una-web-agency;Il Marketing per Attività Locali;marketing per attività a Palermo;articolo correlato;0.401
/formazione-online-come-promuovere-il-tuo-corso-o-workshop-sul-web;Formazione Online: Come Promuovere il Tuo Corso o Workshop sul Web;/brand-identity-per-artisti-e-creativi-distinguersi-online-in-modo-autentico;Brand Identity per Artisti e Creativi: Distinguersi Online in Modo Autentico;Brand Identity Artisti: Distinguersi Online | Max Digital;articolo correlato;0.488
/formazione-online-come-promuovere-il-tuo-corso-o-workshop-sul-web;Formazione Online: Come Promuovere il Tuo Corso o Workshop sul Web;/gestione-social-media-per-la-tua-attivita;Gestione Social Media per la tua Attività;gestione social media Palermo;articolo correlato;0.483
/formazione-online-come-promuovere-il-tuo-corso-o-workshop-sul-web;Formazione Online: Come Promuovere il Tuo Corso o Workshop sul Web;/gestione-social-media-a-palermo-come-la-nostra-agenzia-di-comunicazione-cura-i-tuoi-social-media;Gestione Social Media a Palermo: Come la Nostra Agenzia di Comunicazione Cura i Tuoi Social Media;gestione social media Palermo;articolo correlato;0.473
/formazione-online-come-promuovere-il-tuo-corso-o-workshop-sul-web;Formazione Online: Come Promuovere il Tuo Corso o Workshop sul Web;/come-creare-siti-web-professionali-e-di-qualita;Come Creare Siti Web Professionali e di Qualità;Creare Siti Web Professionali a Palermo;articolo correlato;0.473
/dalla-strada-al-web-come-promuovere-un-food-truck-a-palermo;Dalla Strada al Web: Come Promuovere un Food Truck a Palermo;/gestione-marketing-per-il-tuo-fast-food;Gestione Marketing per il tuo Fast Food;Marketing Fast Food Palermo;articolo correlato;0.546
/dalla-strada-al-web-come-promuovere-un-food-truck-a-palermo;Dalla Strada al Web: Come Promuovere un Food Truck a Palermo;/gestione-social-media-per-la-tua-attivita;Gestione Social Media per la tua Attività;gestione social media Palermo;articolo correlato;0.546
/dalla-strada-al-web-come-promuovere-un-food-truck-a-palermo;Dalla Strada al Web: Come Promuovere un Food Truck a Palermo;/gestione-marketing-per-il-tuo-pub;Gestione Marketing per il Tuo Pub;marketing per pub a Palermo;articolo correlato;0.534
/dalla-strada-al-web-come-promuovere-un-food-truck-a-palermo;Dalla Strada al Web: Come Promuovere un Food Truck a Palermo;/servizi-digitali-palermo;Servizi digitali Palermo;servizi digitali;pagina servizio pertinente;0.533
/digital-strategy-per-laboratori-di-analisi-come-farsi-scegliere-online;Digital Strategy per Laboratori di Analisi: Come Farsi Scegliere Online;/marketing-online-per-la-tua-concessionaria;Marketing Online per la tua Concessionaria;marketing digitale per concessionarie a Palermo;articolo correlato;0.585
/digital-strategy-per-laboratori-di-analisi-come-farsi-scegliere-online;Digital Strategy per Laboratori di Analisi: Come Farsi Scegliere Online;/come-promuovere-la-tua-casa-vacanze-con-il-marketing-locale-digitale;Come Promuovere la Tua Casa Vacanze con il Marketing Locale Digitale;promozione casa vacanze Palermo;articolo correlato;0.549
/digital-strategy-per-laboratori-di-analisi-come-farsi-scegliere-online;Digital Strategy per Laboratori di Analisi: Come Farsi Scegliere Online;/servizi-digitali-palermo;Servizi digitali Palermo;servizi digitali;pagina servizio pertinente;0.516
/digital-strategy-per-laboratori-di-analisi-come-farsi-scegliere-online;Digital Strategy per Laboratori di Analisi: Come Farsi Scegliere Online;/mi-serve-davvero-un-sito-web-aziendale;Mi serve davvero un sito web aziendale?;sito web aziendale Palermo;articolo correlato;0.504
/come-comunicare-online-per-una-scuola-di-musica-o-danza-a-palermo;Come Comunicare Online per una Scuola di Musica o Danza a Palermo;/come-promuovere-la-tua-casa-vacanze-con-il-marketing-locale-digitale;Come Promuovere la Tua Casa Vacanze con il Marketing Locale Digitale;promozione casa vacanze Palermo;articolo correlato;0.474
/come-comunicare-online-per-una-scuola-di-musica-o-danza-a-palermo;Come Comunicare Online per una Scuola di Musica o Danza a Palermo;/marketing-online-per-la-tua-concessionaria;Marketing Online per la tua Concessionaria;marketing digitale per concessionarie a Palermo;articolo correlato;0.437
/come-comunicare-online-per-una-scuola-di-musica-o-danza-a-palermo;Come Comunicare Online per una Scuola di Musica o Danza a Palermo;/marketing-online-per-il-tuo-negozio-di-abbigliamento;Marketing Online per il Tuo Negozio di Abbigliamento;Marketing Digitale per Negozi di Abbigliamento a Palermo;articolo correlato;0.428
/come-comunicare-online-per-una-scuola-di-musica-o-danza-a-palermo;Come Comunicare Online per una Scuola di Musica o Danza a Palermo;/web-agency-a-palermo-per-creare-un-sito-professionale;Web Agency a Palermo per creare un sito professionale;web agency a Palermo;articolo correlato;0.42
/come-far-crescere-una-sartoria-o-atelier-online-strategie-su-misura;Come Far Crescere una Sartoria o Atelier Online: Strategie su Misura;/servizi-digitali-palermo;Servizi digitali Palermo;servizi digitali;pagina servizio pertinente;0.524
/come-far-crescere-una-sartoria-o-atelier-online-strategie-su-misura;Come Far Crescere una Sartoria o Atelier Online: Strategie su Misura;/e-commerce-a-palermo;Hai Bisogno Di Un E-commerce a Palermo?;e-commerce Palermo;articolo correlato;0.524
/come-far-crescere-una-sartoria-o-atelier-online-strategie-su-misura;Come Far Crescere una Sartoria o Atelier Online: Strategie su Misura;/marketing-online-per-il-tuo-negozio-di-abbigliamento;Marketing Online per il Tuo Negozio di Abbigliamento;Marketing Digitale per Negozi di Abbigliamento a Palermo;articolo correlato;0.524
/come-far-crescere-una-sartoria-o-atelier-online-strategie-su-misura;Come Far Crescere una Sartoria o Atelier Online: Strategie su Misura;/marketing-e-pubblicita-a-palermo-tutti-i-tipi-di-pubblicita-per-far-crescere-la-tua-attivita;Marketing e Pubblicità a Palermo: Tutti i Tipi di Pubblicità per Far Crescere la Tua Attività;marketing e pubblicità Palermo;articolo correlato;0.513
/pet-business-come-farsi-conoscere-online-con-una-comunicazione-mirata;Pet Business: Come Farsi Conoscere Online con una Comunicazione Mirata;/marketing-online-per-il-tuo-negozio-di-abbigliamento;Marketing Online per il Tuo Negozio di Abbigliamento;Marketing Digitale per Negozi di Abbigliamento a Palermo;articolo correlato;0.661
/pet-business-come-farsi-conoscere-online-con-una-comunicazione-mirata;Pet Business: Come Farsi Conoscere Online con una Comunicazione Mirata;/marketing-online-per-la-tua-concessionaria;Marketing Online per la tua Concessionaria;marketing digitale per concessionarie a Palermo;articolo correlato;0.621
/pet-business-come-farsi-conoscere-online-con-una-comunicazione-mirata;Pet Business: Come Farsi Conoscere Online con una Comunicazione Mirata;/comunicazione-digitale-per-associazioni-no-profit-come-farsi-conoscere;Comunicazione Digitale per Associazioni No Profit: Come Farsi Conoscere;marketing per associazioni Palermo;articolo correlato;0.571
/pet-business-come-farsi-conoscere-online-con-una-comunicazione-mirata;Pet Business: Come Farsi Conoscere Online con una Comunicazione Mirata;/digital-strategy-per-laboratori-di-analisi-come-farsi-scegliere-online;Digital Strategy per Laboratori di Analisi: Come Farsi Scegliere Online;marketing per laboratori analisi Palermo;articolo correlato;0.571
/vendere-arte-online-come-costruire-una-strategia-digitale-per-gallerie-e-artisti;Vendere Arte Online: Come Costruire una Strategia Digitale per Gallerie e Artisti;/e-commerce-a-palermo;Hai Bisogno Di Un E-commerce a Palermo?;e-commerce Palermo;articolo correlato;0.582
/vendere-arte-online-come-costruire-una-strategia-digitale-per-gallerie-e-artisti;Vendere Arte Online: Come Costruire una Strategia Digitale per Gallerie e Artisti;/sito-web-per-artisti-fai-conoscere-la-tua-arte;Sito Web per Artisti: Fai Conoscere la Tua Arte;Sito Web per Artisti a Palermo;articolo correlato;0.57
/vendere-arte-online-come-costruire-una-strategia-digitale-per-gallerie-e-artisti;Vendere Arte Online: Come Costruire una Strategia Digitale per Gallerie e Artisti;/brand-identity-per-artisti-e-creativi-distinguersi-online-in-modo-autentico;Brand Identity per Artisti e Creativi: Distinguersi Online in Modo Autentico;Brand Identity Artisti: Distinguersi Online | Max Digital;articolo correlato;0.53
/vendere-arte-online-come-costruire-una-strategia-digitale-per-gallerie-e-artisti;Vendere Arte Online: Come Costruire una Strategia Digitale per Gallerie e Artisti;/strategie-digitali-per-artigiani-locali-come-vendere-di-piu-online-marketing;Strategie Digitali per Artigiani Locali: Come Vendere di Più Online;marketing per artigiani a Palermo;articolo correlato;0.494
/ristorazione-vegetariana-e-vegana-come-comunicare-i-tuoi-valori-online;Ristorazione Vegetariana e Vegana: Come Comunicare i Tuoi Valori Online;/marketing-per-farmacie-come-aumentare-visibilita-e-fidelizzare-i-clienti;Marketing per Farmacie: Come Aumentare Visibilità e Fidelizzare i Clienti;marketing per farmacie a Palermo;articolo correlato;0.479
/ristorazione-vegetariana-e-vegana-come-comunicare-i-tuoi-valori-online;Ristorazione Vegetariana e Vegana: Come Comunicare i Tuoi Valori Online;/seo-per-podcast-e-audio-contenuti-come-farli-trovare-online;SEO per Podcast e Audio Contenuti: Come Farli Trovare Online;marketing per podcast Palermo;articolo correlato;0.479
/ristorazione-vegetariana-e-vegana-come-comunicare-i-tuoi-valori-online;Ristorazione Vegetariana e Vegana: Come Comunicare i Tuoi Valori Online;/come-promuovere-la-tua-casa-vacanze-con-il-marketing-locale-digitale;Come Promuovere la Tua Casa Vacanze con il Marketing Locale Digitale;promozione casa vacanze Palermo;articolo correlato;0.479
/ristorazione-vegetariana-e-vegana-come-comunicare-i-tuoi-valori-online;Ristorazione Vegetariana e Vegana: Come Comunicare i Tuoi Valori Online;/strategie-digitali-per-artigiani-locali-come-vendere-di-piu-online-marketing;Strategie Digitali per Artigiani Locali: Come Vendere di Più Online;marketing per artigiani a Palermo;articolo correlato;0.47
/digital-strategy-per-wedding-planner-e-servizi-per-eventi-privati;Digital Strategy per Wedding Planner e Servizi per Eventi Privati;/marketing-online-per-la-tua-concessionaria;Marketing Online per la tua Concessionaria;marketing digitale per concessionarie a Palermo;articolo correlato;0.644
/digital-strategy-per-wedding-planner-e-servizi-per-eventi-privati;Digital Strategy per Wedding Planner e Servizi per Eventi Privati;/servizi-di-comunicazione-digitale-la-chiave-per-il-successo-nel-mondo-online;Servizi di comunicazione digitale: la chiave per il successo nel mondo online;servizi di comunicazione digitale;articolo correlato;0.603
/digital-strategy-per-wedding-planner-e-servizi-per-eventi-privati;Digital Strategy per Wedding Planner e Servizi per Eventi Privati;/strategie-digitali-per-artigiani-locali-come-vendere-di-piu-online-marketing;Strategie Digitali per Artigiani Locali: Come Vendere di Più Online;marketing per artigiani a Palermo;articolo correlato;0.591
/digital-strategy-per-wedding-planner-e-servizi-per-eventi-privati;Digital Strategy per Wedding Planner e Servizi per Eventi Privati;/digital-strategy-per-laboratori-di-analisi-come-farsi-scegliere-online;Digital Strategy per Laboratori di Analisi: Come Farsi Scegliere Online;marketing per laboratori analisi Palermo;articolo correlato;0.591
/consulenti-psicologi-e-coach-come-trovare-clienti-online-a-palermo;"Consulenti, Psicologi e Coach: Come Trovare Clienti Online a Palermo";/marketing-online-per-la-tua-concessionaria;Marketing Online per la tua Concessionaria;marketing digitale per concessionarie a Palermo;articolo correlato;0.535
/consulenti-psicologi-e-coach-come-trovare-clienti-online-a-palermo;"Consulenti, Psicologi e Coach: Come Trovare Clienti Online a Palermo";/marketing-online-per-il-tuo-negozio-di-abbigliamento;Marketing Online per il Tuo Negozio di Abbigliamento;Marketing Digitale per Negozi di Abbigliamento a Palermo;articolo correlato;0.524
/consulenti-psicologi-e-coach-come-trovare-clienti-online-a-palermo;"Consulenti, Psicologi e Coach: Come Trovare Clienti Online a Palermo";/marketing-e-pubblicita-a-palermo-tutti-i-tipi-di-pubblicita-per-far-crescere-la-tua-attivita;Marketing e Pubblicità a Palermo: Tutti i Tipi di Pubblicità per Far Crescere la Tua Attività;marketing e pubblicità Palermo;articolo correlato;0.513
/consulenti-psicologi-e-coach-come-trovare-clienti-online-a-palermo;"Consulenti, Psicologi e Coach: Come Trovare Clienti Online a Palermo";/marketing-digitale-a-palermo-la-chiave-per-il-successo-della-tua-attivita;Marketing Digitale a Palermo: La Chiave per il Successo della Tua Attività;marketing digitale Palermo;articolo correlato;0.513
/come-lanciare-prodotti-tipici-siciliani-online-vendita;Come Lanciare un Prodotto Artigianale Siciliano con l’E-commerce;/i-social-media-gli-alleati-per-il-tuo-e-commerce;I Social Media: Gli Alleati per il Tuo E-commerce;Social Media per E-commerce;articolo correlato;0.465
/come-lanciare-prodotti-tipici-siciliani-online-vendita;Come Lanciare un Prodotto Artigianale Siciliano con l’E-commerce;/web-agency-per-e-commerce-a-palermo-come-incrementare-le-vendite-online;Web Agency per E-commerce a Palermo: Come Incrementare le Vendite Online;web agency e-commerce Palermo;articolo correlato;0.456
/come-lanciare-prodotti-tipici-siciliani-online-vendita;Come Lanciare un Prodotto Artigianale Siciliano con l’E-commerce;/vendita-online-a-palermo-sui-social-unottima-vetrina-per-i-tuoi-prodotti;Vendere sui Social: Un'ottima Vetrina per i tuoi Prodotti;vendita online a Palermo;articolo correlato;0.44
/come-lanciare-prodotti-tipici-siciliani-online-vendita;Come Lanciare un Prodotto Artigianale Siciliano con l’E-commerce;/strategie-digitali-per-artigiani-locali-come-vendere-di-piu-online-marketing;Strategie Digitali per Artigiani Locali: Come Vendere di Più Online;marketing per artigiani a Palermo;articolo correlato;0.44
/servizi-alla-persona-promuovere-online-estetiste-massaggiatori-e-parrucchieri;"Servizi alla Persona: Promuovere Online Estetiste, Massaggiatori e Parrucchieri";/come-promuovere-la-tua-casa-vacanze-con-il-marketing-locale-digitale;Come Promuovere la Tua Casa Vacanze con il Marketing Locale Digitale;promozione casa vacanze Palermo;articolo correlato;0.644
/servizi-alla-persona-promuovere-online-estetiste-massaggiatori-e-parrucchieri;"Servizi alla Persona: Promuovere Online Estetiste, Massaggiatori e Parrucchieri";/marketing-online-per-la-tua-concessionaria;Marketing Online per la tua Concessionaria;marketing digitale per concessionarie a Palermo;articolo correlato;0.632
/servizi-alla-persona-promuovere-online-estetiste-massaggiatori-e-parrucchieri;"Servizi alla Persona: Promuovere Online Estetiste, Massaggiatori e Parrucchieri";/servizi-digitali-palermo;Servizi digitali Palermo;servizi digitali;pagina servizio pertinente;0.566
/servizi-alla-persona-promuovere-online-estetiste-massaggiatori-e-parrucchieri;"Servizi alla Persona: Promuovere Online Estetiste, Massaggiatori e Parrucchieri";/il-ruolo-del-marketing-digitale-per-le-librerie-indipendenti;Il Ruolo del Marketing Digitale per le Librerie Indipendenti;marketing per librerie palermo;articolo correlato;0.55
/digital-branding-per-studi-legali-e-professionisti-del-diritto;Digital Branding per Studi Legali e Professionisti del Diritto;/gestione-marketing-per-la-tua-hamburgeria;Gestione Marketing per la tua Hamburgeria;Marketing per Hamburgerie a Palermo;articolo correlato;0.54
/digital-branding-per-studi-legali-e-professionisti-del-diritto;Digital Branding per Studi Legali e Professionisti del Diritto;/gestione-marketing-per-la-tua-enoteca;Gestione Marketing per la tua Enoteca;Marketing Enoteca Palermo;articolo correlato;0.508
/digital-branding-per-studi-legali-e-professionisti-del-diritto;Digital Branding per Studi Legali e Professionisti del Diritto;/vuoi-aprire-unattivita-a-palermo-e-non-sai-a-chi-affidarti-ecco-come-fare-gestione-marketing-attivita-a-palermo;Vuoi Aprire un’Attività a Palermo e Non Sai a Chi Affidarti? Ecco Come Fare!;Aprire Attività a Palermo;articolo correlato;0.47
/digital-branding-per-studi-legali-e-professionisti-del-diritto;Digital Branding per Studi Legali e Professionisti del Diritto;/hai-bisogno-di-pubblicizzare-il-tuo-ristorante-a-palermo-ecco-come-possiamo-aiutarti;Hai Bisogno di Pubblicizzare il Tuo Ristorante? Ecco Come Possiamo Aiutarti!;Marketing Ristoranti Palermo;articolo correlato;0.463
/come-comunicare-in-modo-efficacer-studi-di-fisioterapia;Come Comunicare in Modo Efficace per Studi di Fisioterapia a Palermo;/come-promuovere-la-tua-casa-vacanze-con-il-marketing-locale-digitale;Come Promuovere la Tua Casa Vacanze con il Marketing Locale Digitale;promozione casa vacanze Palermo;articolo correlato;0.494
/come-comunicare-in-modo-efficacer-studi-di-fisioterapia;Come Comunicare in Modo Efficace per Studi di Fisioterapia a Palermo;/digital-strategy-per-laboratori-di-analisi-come-farsi-scegliere-online;Digital Strategy per Laboratori di Analisi: Come Farsi Scegliere Online;marketing per laboratori analisi Palermo;articolo correlato;0.486
/come-comunicare-in-modo-efficacer-studi-di-fisioterapia;Come Comunicare in Modo Efficace per Studi di Fisioterapia a Palermo;/realizzazione-siti-web-a-palermo;Realizzazione siti web a Palermo;Realizzazione Siti Web Palermo;pagina servizio pertinente;0.457
/come-comunicare-in-modo-efficacer-studi-di-fisioterapia;Come Comunicare in Modo Efficace per Studi di Fisioterapia a Palermo;/digital-marketing-palermo;Digital marketing Palermo;Digital marketing Palermo;pagina servizio pertinente;0.457
/psicologi-online-come-promuoversi-nel-rispetto-della-deontologia;Psicologi Online: Come Promuoversi nel Rispetto della Deontologia;/come-promuovere-la-tua-casa-vacanze-con-il-marketing-locale-digitale;Come Promuovere la Tua Casa Vacanze con il Marketing Locale Digitale;promozione casa vacanze Palermo;articolo correlato;0.539
/psicologi-online-come-promuoversi-nel-rispetto-della-deontologia;Psicologi Online: Come Promuoversi nel Rispetto della Deontologia;/digital-strategy-per-laboratori-di-analisi-come-farsi-scegliere-online;Digital Strategy per Laboratori di Analisi: Come Farsi Scegliere Online;marketing per laboratori analisi Palermo;articolo correlato;0.478
/psicologi-online-come-promuoversi-nel-rispetto-della-deontologia;Psicologi Online: Come Promuoversi nel Rispetto della Deontologia;/lavora-con-noi;Lavora con noi;Carriere in Max Digital Innovation;pagina servizio pertinente;0.448
/psicologi-online-come-promuoversi-nel-rispetto-della-deontologia;Psicologi Online: Come Promuoversi nel Rispetto della Deontologia;/come-comunicare-in-modo-efficacer-studi-di-fisioterapia;Come Comunicare in Modo Efficace per Studi di Fisioterapia a Palermo;marketing per fisioterapisti Palermo;articolo correlato;0.426
/come-promuovere-un-centro-odontoiatrico-sul-web-senza-perdere-serieta;Come Promuovere un Centro Odontoiatrico sul Web Senza Perdere Serietà;/come-comunicare-in-modo-efficacer-studi-di-fisioterapia;Come Comunicare in Modo Efficace per Studi di Fisioterapia a Palermo;marketing per fisioterapisti Palermo;articolo correlato;0.571
/come-promuovere-un-centro-odontoiatrico-sul-web-senza-perdere-serieta;Come Promuovere un Centro Odontoiatrico sul Web Senza Perdere Serietà;/digital-strategy-per-laboratori-di-analisi-come-farsi-scegliere-online;Digital Strategy per Laboratori di Analisi: Come Farsi Scegliere Online;marketing per laboratori analisi Palermo;articolo correlato;0.52
/come-promuovere-un-centro-odontoiatrico-sul-web-senza-perdere-serieta;Come Promuovere un Centro Odontoiatrico sul Web Senza Perdere Serietà;/come-promuovere-la-tua-casa-vacanze-con-il-marketing-locale-digitale;Come Promuovere la Tua Casa Vacanze con il Marketing Locale Digitale;promozione casa vacanze Palermo;articolo correlato;0.479
/come-promuovere-un-centro-odontoiatrico-sul-web-senza-perdere-serieta;Come Promuovere un Centro Odontoiatrico sul Web Senza Perdere Serietà;/marketing-online-per-la-tua-concessionaria;Marketing Online per la tua Concessionaria;marketing digitale per concessionarie a Palermo;articolo correlato;0.452
/farmacie-e-parafarmacie-strategie-locali-per-aumentare-la-clientela;Farmacie e Parafarmacie: Strategie Locali per Aumentare la Clientela;/web-agency-a-palermo-la-guida-completa-per-far-crescere-la-tua-attivita-online;Web Agency a Palermo: La Guida Completa per Far Crescere la Tua Attività Online;web agency a Palermo;articolo correlato;0.592
/farmacie-e-parafarmacie-strategie-locali-per-aumentare-la-clientela;Farmacie e Parafarmacie: Strategie Locali per Aumentare la Clientela;/marketing-per-farmacie-come-aumentare-visibilita-e-fidelizzare-i-clienti;Marketing per Farmacie: Come Aumentare Visibilità e Fidelizzare i Clienti;marketing per farmacie a Palermo;articolo correlato;0.592
/farmacie-e-parafarmacie-strategie-locali-per-aumentare-la-clientela;Farmacie e Parafarmacie: Strategie Locali per Aumentare la Clientela;/strategie-digitali-per-artigiani-locali-come-vendere-di-piu-online-marketing;Strategie Digitali per Artigiani Locali: Come Vendere di Più Online;marketing per artigiani a Palermo;articolo correlato;0.58
/farmacie-e-parafarmacie-strategie-locali-per-aumentare-la-clientela;Farmacie e Parafarmacie: Strategie Locali per Aumentare la Clientela;/marketing-online-per-il-tuo-negozio-di-abbigliamento;Marketing Online per il Tuo Negozio di Abbigliamento;Marketing Digitale per Negozi di Abbigliamento a Palermo;articolo correlato;0.561
/come-far-crescere-un-centro-logopedico-con-il-supporto-digitale;Come Far Crescere un Centro Logopedico con il Supporto Digitale;/mi-serve-davvero-un-sito-web-aziendale;Mi serve davvero un sito web aziendale?;sito web aziendale Palermo;articolo correlato;0.57
/come-far-crescere-un-centro-logopedico-con-il-supporto-digitale;Come Far Crescere un Centro Logopedico con il Supporto Digitale;/marketing-e-pubblicita-a-palermo-tutti-i-tipi-di-pubblicita-per-far-crescere-la-tua-attivita;Marketing e Pubblicità a Palermo: Tutti i Tipi di Pubblicità per Far Crescere la Tua Attività;marketing e pubblicità Palermo;articolo correlato;0.513
/come-far-crescere-un-centro-logopedico-con-il-supporto-digitale;Come Far Crescere un Centro Logopedico con il Supporto Digitale;/lavora-con-noi;Lavora con noi;Carriere in Max Digital Innovation;pagina servizio pertinente;0.511
/come-far-crescere-un-centro-logopedico-con-il-supporto-digitale;Come Far Crescere un Centro Logopedico con il Supporto Digitale;/strategie-digitali-per-artigiani-locali-come-vendere-di-piu-online-marketing;Strategie Digitali per Artigiani Locali: Come Vendere di Più Online;marketing per artigiani a Palermo;articolo correlato;0.494
/visibilita-online-per-nutrizionisti-e-biologi-cosa-funziona-davvero;Visibilità Online per Nutrizionisti e Biologi: Cosa Funziona Davvero?;/marketing-digitale-a-palermo-la-chiave-per-il-successo-della-tua-attivita;Marketing Digitale a Palermo: La Chiave per il Successo della Tua Attività;marketing digitale Palermo;articolo correlato;0.646
/visibilita-online-per-nutrizionisti-e-biologi-cosa-funziona-davvero;Visibilità Online per Nutrizionisti e Biologi: Cosa Funziona Davvero?;/che-cosa-fa-una-web-agency-una-guida-ai-servizi-digitali-piu-richiesti;Che cosa fa una web agency? Una guida ai servizi digitali più richiesti;cosa fa una web agency;articolo correlato;0.581
/visibilita-online-per-nutrizionisti-e-biologi-cosa-funziona-davvero;Visibilità Online per Nutrizionisti e Biologi: Cosa Funziona Davvero?;/strategie-digitali-per-artigiani-locali-come-vendere-di-piu-online-marketing;Strategie Digitali per Artigiani Locali: Come Vendere di Più Online;marketing per artigiani a Palermo;articolo correlato;0.571
/visibilita-online-per-nutrizionisti-e-biologi-cosa-funziona-davvero;Visibilità Online per Nutrizionisti e Biologi: Cosa Funziona Davvero?;/digital-strategy-per-laboratori-di-analisi-come-farsi-scegliere-online;Digital Strategy per Laboratori di Analisi: Come Farsi Scegliere Online;marketing per laboratori analisi Palermo;articolo correlato;0.571
/come-lanciare-una-clinica-estetica-digital-branding-per-la-bellezza;Come Lanciare una Clinica Estetica: Digital Branding per la Bellezza;/lavora-con-noi;Lavora con noi;Carriere in Max Digital Innovation;pagina servizio pertinente;0.516
/come-lanciare-una-clinica-estetica-digital-branding-per-la-bellezza;Come Lanciare una Clinica Estetica: Digital Branding per la Bellezza;/come-promuovere-il-tuo-salone-di-bellezza-a-palermo;Come Promuovere il Tuo Salone di Bellezza a Palermo;Salone di Bellezza Palermo: Strategie di Marketing Digitale;articolo correlato;0.513
/come-lanciare-una-clinica-estetica-digital-branding-per-la-bellezza;Come Lanciare una Clinica Estetica: Digital Branding per la Bellezza;/mi-serve-davvero-un-sito-web-aziendale;Mi serve davvero un sito web aziendale?;sito web aziendale Palermo;articolo correlato;0.464
/come-lanciare-una-clinica-estetica-digital-branding-per-la-bellezza;Come Lanciare una Clinica Estetica: Digital Branding per la Bellezza;/marketing-e-pubblicita-a-palermo-tutti-i-tipi-di-pubblicita-per-far-crescere-la-tua-attivita;Marketing e Pubblicità a Palermo: Tutti i Tipi di Pubblicità per Far Crescere la Tua Attività;marketing e pubblicità Palermo;articolo correlato;0.464
/servizi-veterinari-come-raggiungere-piu-clienti-online-in-modo-etico;Servizi Veterinari: Come Raggiungere Più Clienti Online in Modo Etico;/come-comunicare-in-modo-efficacer-studi-di-fisioterapia;Come Comunicare in Modo Efficace per Studi di Fisioterapia a Palermo;marketing per fisioterapisti Palermo;articolo correlato;0.571
/servizi-veterinari-come-raggiungere-piu-clienti-online-in-modo-etico;Servizi Veterinari: Come Raggiungere Più Clienti Online in Modo Etico;/pet-sitter-e-pensioni-per-animali-come-attirare-piu-clienti-online;Pet Sitter e Pensioni per Animali: Come Attirare Più Clienti Online;promozione servizi pet Palermo;articolo correlato;0.564
/servizi-veterinari-come-raggiungere-piu-clienti-online-in-modo-etico;Servizi Veterinari: Come Raggiungere Più Clienti Online in Modo Etico;/come-migliorare-la-tua-brand-reputation-con-le-attivita-di-digital-marketing;Come Migliorare la Tua Brand Reputation con le Attività di Digital Marketing;Migliorare reputazione brand a Palermo;articolo correlato;0.552
/servizi-veterinari-come-raggiungere-piu-clienti-online-in-modo-etico;Servizi Veterinari: Come Raggiungere Più Clienti Online in Modo Etico;/lavora-con-noi;Lavora con noi;Carriere in Max Digital Innovation;pagina servizio pertinente;0.552
/come-farsi-scegliere-online-come-ostetrica-o-operatore-del-benessere-femminile;Come Farsi Scegliere Online come Ostetrica o Operatore del Benessere Femminile;/come-creare-siti-web-professionali-e-di-qualita;Come Creare Siti Web Professionali e di Qualità;Creare Siti Web Professionali a Palermo;articolo correlato;0.552
/come-farsi-scegliere-online-come-ostetrica-o-operatore-del-benessere-femminile;Come Farsi Scegliere Online come Ostetrica o Operatore del Benessere Femminile;/lavora-con-noi;Lavora con noi;Carriere in Max Digital Innovation;pagina servizio pertinente;0.552
/come-farsi-scegliere-online-come-ostetrica-o-operatore-del-benessere-femminile;Come Farsi Scegliere Online come Ostetrica o Operatore del Benessere Femminile;/marketing-digitale-a-palermo-la-chiave-per-il-successo-della-tua-attivita;Marketing Digitale a Palermo: La Chiave per il Successo della Tua Attività;marketing digitale Palermo;articolo correlato;0.54
/come-farsi-scegliere-online-come-ostetrica-o-operatore-del-benessere-femminile;Come Farsi Scegliere Online come Ostetrica o Operatore del Benessere Femminile;/gestione-social-media-a-palermo-come-la-nostra-agenzia-di-comunicazione-cura-i-tuoi-social-media;Gestione Social Media a Palermo: Come la Nostra Agenzia di Comunicazione Cura i Tuoi Social Media;gestione social media Palermo;articolo correlato;0.497
/digital-strategy-per-studi-di-podologia-e-professionisti-del-piede;Digital Strategy per Studi di Podologia e Professionisti del Piede;/lavora-con-noi;Lavora con noi;Carriere in Max Digital Innovation;pagina servizio pertinente;0.507
/digital-strategy-per-studi-di-podologia-e-professionisti-del-piede;Digital Strategy per Studi di Podologia e Professionisti del Piede;/come-comunicare-in-modo-efficacer-studi-di-fisioterapia;Come Comunicare in Modo Efficace per Studi di Fisioterapia a Palermo;marketing per fisioterapisti Palermo;articolo correlato;0.486
/digital-strategy-per-studi-di-podologia-e-professionisti-del-piede;Digital Strategy per Studi di Podologia e Professionisti del Piede;/web-marketing-per-palestre-e-centri-sportivi;Web Marketing per Palestre e Centri sportivi;web marketing per palestre Palermo;articolo correlato;0.466
/digital-strategy-per-studi-di-podologia-e-professionisti-del-piede;Digital Strategy per Studi di Podologia e Professionisti del Piede;/servizi-veterinari-come-raggiungere-piu-clienti-online-in-modo-etico;Servizi Veterinari: Come Raggiungere Più Clienti Online in Modo Etico;marketing per veterinari Palermo;articolo correlato;0.451
/come-promuovere-online-una-scuola-privata-o-centro-di-formazione-a-palermo;Come Promuovere Online una Scuola Privata o Centro di Formazione a Palermo;/lavora-con-noi;Lavora con noi;Carriere in Max Digital Innovation;pagina servizio pertinente;0.503
/come-promuovere-online-una-scuola-privata-o-centro-di-formazione-a-palermo;Come Promuovere Online una Scuola Privata o Centro di Formazione a Palermo;/marketing-digitale-a-palermo-la-chiave-per-il-successo-della-tua-attivita;Marketing Digitale a Palermo: La Chiave per il Successo della Tua Attività;marketing digitale Palermo;articolo correlato;0.495
/come-promuovere-online-una-scuola-privata-o-centro-di-formazione-a-palermo;Come Promuovere Online una Scuola Privata o Centro di Formazione a Palermo;/che-cosa-fa-una-web-agency-una-guida-ai-servizi-digitali-piu-richiesti;Che cosa fa una web agency? Una guida ai servizi digitali più richiesti;cosa fa una web agency;articolo correlato;0.486
/come-promuovere-online-una-scuola-privata-o-centro-di-formazione-a-palermo;Come Promuovere Online una Scuola Privata o Centro di Formazione a Palermo;/digital-strategies;Digital Strategies;Strategie Digitali;pagina servizio pertinente;0.484
/comunicazione-per-architetti-e-interior-designer-il-progetto-parte-dal-web;Comunicazione per Architetti e Interior Designer: Il Progetto Parte dal Web;/strategie-digitali-per-artigiani-locali-come-vendere-di-piu-online-marketing;Strategie Digitali per Artigiani Locali: Come Vendere di Più Online;marketing per artigiani a Palermo;articolo correlato;0.549
/comunicazione-per-architetti-e-interior-designer-il-progetto-parte-dal-web;Comunicazione per Architetti e Interior Designer: Il Progetto Parte dal Web;/web-marketing-per-palestre-e-centri-sportivi;Web Marketing per Palestre e Centri sportivi;web marketing per palestre Palermo;articolo correlato;0.535
/comunicazione-per-architetti-e-interior-designer-il-progetto-parte-dal-web;Comunicazione per Architetti e Interior Designer: Il Progetto Parte dal Web;/come-migliorare-la-tua-brand-reputation-con-le-attivita-di-digital-marketing;Come Migliorare la Tua Brand Reputation con le Attività di Digital Marketing;Migliorare reputazione brand a Palermo;articolo correlato;0.524
/comunicazione-per-architetti-e-interior-designer-il-progetto-parte-dal-web;Comunicazione per Architetti e Interior Designer: Il Progetto Parte dal Web;/lavora-con-noi;Lavora con noi;Carriere in Max Digital Innovation;pagina servizio pertinente;0.511
/come-far-crescere-unazienda-agricola-con-e-commerce-e-promozione-locale;Come Far Crescere un’Azienda Agricola con E-commerce e Promozione Locale;/strategie-digitali-per-artigiani-locali-come-vendere-di-piu-online-marketing;Strategie Digitali per Artigiani Locali: Come Vendere di Più Online;marketing per artigiani a Palermo;articolo correlato;0.58
/come-far-crescere-unazienda-agricola-con-e-commerce-e-promozione-locale;Come Far Crescere un’Azienda Agricola con E-commerce e Promozione Locale;/micro-influencer-locale-come-usarli-per-far-crescere-la-tua-azienda-marketing-palermo;Micro-Influencer Locali: Come Usarli per Far Crescere la Tua Azienda;influencer marketing locale Palermo;articolo correlato;0.58
/come-far-crescere-unazienda-agricola-con-e-commerce-e-promozione-locale;Come Far Crescere un’Azienda Agricola con E-commerce e Promozione Locale;/web-agency-per-e-commerce-a-palermo-come-incrementare-le-vendite-online;Web Agency per E-commerce a Palermo: Come Incrementare le Vendite Online;web agency e-commerce Palermo;articolo correlato;0.55
/come-far-crescere-unazienda-agricola-con-e-commerce-e-promozione-locale;Come Far Crescere un’Azienda Agricola con E-commerce e Promozione Locale;/vendita-online-a-palermo-sui-social-unottima-vetrina-per-i-tuoi-prodotti;Vendere sui Social: Un'ottima Vetrina per i tuoi Prodotti;vendita online a Palermo;articolo correlato;0.529
/pet-sitter-e-pensioni-per-animali-come-attirare-piu-clienti-online;Pet Sitter e Pensioni per Animali: Come Attirare Più Clienti Online;/web-agency-a-palermo-la-guida-completa-per-far-crescere-la-tua-attivita-online;Web Agency a Palermo: La Guida Completa per Far Crescere la Tua Attività Online;web agency a Palermo;articolo correlato;0.67
/pet-sitter-e-pensioni-per-animali-come-attirare-piu-clienti-online;Pet Sitter e Pensioni per Animali: Come Attirare Più Clienti Online;/mi-serve-davvero-un-sito-web-aziendale;Mi serve davvero un sito web aziendale?;sito web aziendale Palermo;articolo correlato;0.57
/pet-sitter-e-pensioni-per-animali-come-attirare-piu-clienti-online;Pet Sitter e Pensioni per Animali: Come Attirare Più Clienti Online;/digital-agency-a-palermo-la-soluzione-completa-per-la-tua-presenza-online;Digital Agency a Palermo: La Soluzione Completa per la Tua Presenza Online;Digital Agency a Palermo;articolo correlato;0.57
/pet-sitter-e-pensioni-per-animali-come-attirare-piu-clienti-online;Pet Sitter e Pensioni per Animali: Come Attirare Più Clienti Online;/lavora-con-noi;Lavora con noi;Carriere in Max Digital Innovation;pagina servizio pertinente;0.569
/servizi-per-linfanzia-come-farsi-conoscere-online-come-baby-sitter-o-tata-qualificata;Servizi per l’Infanzia: Come Farsi Conoscere Online come Baby Sitter o Tata Qualificata;/pet-sitter-e-pensioni-per-animali-come-attirare-piu-clienti-online;Pet Sitter e Pensioni per Animali: Come Attirare Più Clienti Online;promozione servizi pet Palermo;articolo correlato;0.513
/servizi-per-linfanzia-come-farsi-conoscere-online-come-baby-sitter-o-tata-qualificata;Servizi per l’Infanzia: Come Farsi Conoscere Online come Baby Sitter o Tata Qualificata;/lavora-con-noi;Lavora con noi;Carriere in Max Digital Innovation;pagina servizio pertinente;0.499
/servizi-per-linfanzia-come-farsi-conoscere-online-come-baby-sitter-o-tata-qualificata;Servizi per l’Infanzia: Come Farsi Conoscere Online come Baby Sitter o Tata Qualificata;/agenzia-di-comunicazione-digitale-il-futuro-della-promozione-online;Agenzia di comunicazione digitale: il futuro della promozione online;agenzia di comunicazione digitale;articolo correlato;0.488
/servizi-per-linfanzia-come-farsi-conoscere-online-come-baby-sitter-o-tata-qualificata;Servizi per l’Infanzia: Come Farsi Conoscere Online come Baby Sitter o Tata Qualificata;/web-agency-a-palermo-la-guida-completa-per-far-crescere-la-tua-attivita-online;Web Agency a Palermo: La Guida Completa per Far Crescere la Tua Attività Online;web agency a Palermo;articolo correlato;0.479
/come-promuovere-online-una-cooperativa-sociale-a-palermo;Come Promuovere Online una Cooperativa Sociale a Palermo;/mi-serve-davvero-un-sito-web-aziendale;Mi serve davvero un sito web aziendale?;sito web aziendale Palermo;articolo correlato;0.582
/come-promuovere-online-una-cooperativa-sociale-a-palermo;Come Promuovere Online una Cooperativa Sociale a Palermo;/marketing-online-per-la-tua-concessionaria;Marketing Online per la tua Concessionaria;marketing digitale per concessionarie a Palermo;articolo correlato;0.546
/come-promuovere-online-una-cooperativa-sociale-a-palermo;Come Promuovere Online una Cooperativa Sociale a Palermo;/farmacie-e-parafarmacie-strategie-locali-per-aumentare-la-clientela;Farmacie e Parafarmacie: Strategie Locali per Aumentare la Clientela;marketing per farmacie Palermo;articolo correlato;0.538
/come-promuovere-online-una-cooperativa-sociale-a-palermo;Come Promuovere Online una Cooperativa Sociale a Palermo;/hai-bisogno-di-uno-store-online-per-la-tua-attivita-offriamo-realizzazione-e-commerce-a-palermo;Hai Bisogno di uno Store Online per la tua Attività?;realizzazione e-commerce Palermo;articolo correlato;0.534
/digital-strategy-per-agenzie-investigative-e-professionisti-della-sicurezza;Digital Strategy per Agenzie Investigative e Professionisti della Sicurezza;/lavora-con-noi;Lavora con noi;Carriere in Max Digital Innovation;pagina servizio pertinente;0.611
/digital-strategy-per-agenzie-investigative-e-professionisti-della-sicurezza;Digital Strategy per Agenzie Investigative e Professionisti della Sicurezza;/agenzia-di-comunicazione-creativa-idee-e-strategie-per-il-tuo-brand;Agenzia di comunicazione creativa: idee e strategie per il tuo brand;agenzia di comunicazione creativa;articolo correlato;0.505
/digital-strategy-per-agenzie-investigative-e-professionisti-della-sicurezza;Digital Strategy per Agenzie Investigative e Professionisti della Sicurezza;/creare-un-video-aziendale-efficace-coinvolgente-e-professionale;"Creare un Video Aziendale Efficace, Coinvolgente e Professionale";video aziendale Palermo;articolo correlato;0.495
/digital-strategy-per-agenzie-investigative-e-professionisti-della-sicurezza;Digital Strategy per Agenzie Investigative e Professionisti della Sicurezza;/video-marketing-cose-e-perche-dovresti-farlo;Video Marketing: cos’è e perché dovresti farlo;video marketing;articolo correlato;0.486
/comunicazione-per-traduttori-e-interpreti-come-trovare-clienti-online;Comunicazione per Traduttori e Interpreti: Come Trovare Clienti Online;/strategie-digitali-per-artigiani-locali-come-vendere-di-piu-online-marketing;Strategie Digitali per Artigiani Locali: Come Vendere di Più Online;marketing per artigiani a Palermo;articolo correlato;0.58
/comunicazione-per-traduttori-e-interpreti-come-trovare-clienti-online;Comunicazione per Traduttori e Interpreti: Come Trovare Clienti Online;/web-marketing-per-palestre-e-centri-sportivi;Web Marketing per Palestre e Centri sportivi;web marketing per palestre Palermo;articolo correlato;0.516
/comunicazione-per-traduttori-e-interpreti-come-trovare-clienti-online;Comunicazione per Traduttori e Interpreti: Come Trovare Clienti Online;/marketing-per-imprese-edili;Marketing per Imprese Edili;Marketing Imprese Edili Palermo;articolo correlato;0.516
/comunicazione-per-traduttori-e-interpreti-come-trovare-clienti-online;Comunicazione per Traduttori e Interpreti: Come Trovare Clienti Online;/hai-bisogno-di-uno-store-online-per-la-tua-attivita-offriamo-realizzazione-e-commerce-a-palermo;Hai Bisogno di uno Store Online per la tua Attività?;realizzazione e-commerce Palermo;articolo correlato;0.505
/social-media-manager-a-palermo-quanto-conta-davvero-per-unazienda-locale;Social Media Manager a Palermo: Quanto Conta Davvero per un’Azienda Locale?;/social-media-marketing-nel-settore-arredamento;Social Media Marketing nel Settore Arredamento;marketing arredamento Palermo;articolo correlato;0.596
/social-media-manager-a-palermo-quanto-conta-davvero-per-unazienda-locale;Social Media Manager a Palermo: Quanto Conta Davvero per un’Azienda Locale?;/gestione-social-media-per-la-tua-attivita;Gestione Social Media per la tua Attività;gestione social media Palermo;articolo correlato;0.596
/social-media-manager-a-palermo-quanto-conta-davvero-per-unazienda-locale;Social Media Manager a Palermo: Quanto Conta Davvero per un’Azienda Locale?;/gestione-social-media-a-palermo-come-la-nostra-agenzia-di-comunicazione-cura-i-tuoi-social-media;Gestione Social Media a Palermo: Come la Nostra Agenzia di Comunicazione Cura i Tuoi Social Media;gestione social media Palermo;articolo correlato;0.582
/social-media-manager-a-palermo-quanto-conta-davvero-per-unazienda-locale;Social Media Manager a Palermo: Quanto Conta Davvero per un’Azienda Locale?;/marketing-digitale-a-palermo-la-chiave-per-il-successo-della-tua-attivita;Marketing Digitale a Palermo: La Chiave per il Successo della Tua Attività;marketing digitale Palermo;articolo correlato;0.57
/agenzia-marketing-a-palermo-come-sceglierne-una-adatta-alla-tua-attivita;Agenzia Marketing a Palermo: Come Sceglierne una adatta alla Tua Attività?;/agenzia-di-comunicazione-digitale-il-futuro-della-promozione-online;Agenzia di comunicazione digitale: il futuro della promozione online;agenzia di comunicazione digitale;articolo correlato;0.699
/agenzia-marketing-a-palermo-come-sceglierne-una-adatta-alla-tua-attivita;Agenzia Marketing a Palermo: Come Sceglierne una adatta alla Tua Attività?;/agenzia-di-comunicazione-per-e-commerce-vendere-di-piu-online;Agenzia di comunicazione per e-commerce: vendere di più online;agenzia di comunicazione per e-commerce;articolo correlato;0.655
/agenzia-marketing-a-palermo-come-sceglierne-una-adatta-alla-tua-attivita;Agenzia Marketing a Palermo: Come Sceglierne una adatta alla Tua Attività?;/marketing-digitale-a-palermo-la-chiave-per-il-successo-della-tua-attivita;Marketing Digitale a Palermo: La Chiave per il Successo della Tua Attività;marketing digitale Palermo;articolo correlato;0.641
/agenzia-marketing-a-palermo-come-sceglierne-una-adatta-alla-tua-attivita;Agenzia Marketing a Palermo: Come Sceglierne una adatta alla Tua Attività?;/che-cosa-fa-una-web-agency-una-guida-ai-servizi-digitali-piu-richiesti;Che cosa fa una web agency? Una guida ai servizi digitali più richiesti;cosa fa una web agency;articolo correlato;0.627
/web-agency-a-palermo-per-professionisti-siti-e-strategie-personalizzate;Web Agency a Palermo per Professionisti: Siti e Strategie Personalizzate;/web-agency-a-palermo-la-guida-completa-per-far-crescere-la-tua-attivita-online;Web Agency a Palermo: La Guida Completa per Far Crescere la Tua Attività Online;web agency a Palermo;articolo correlato;0.67
/web-agency-a-palermo-per-professionisti-siti-e-strategie-personalizzate;Web Agency a Palermo per Professionisti: Siti e Strategie Personalizzate;/digital-agency-a-palermo-la-soluzione-completa-per-la-tua-presenza-online;Digital Agency a Palermo: La Soluzione Completa per la Tua Presenza Online;Digital Agency a Palermo;articolo correlato;0.627
/web-agency-a-palermo-per-professionisti-siti-e-strategie-personalizzate;Web Agency a Palermo per Professionisti: Siti e Strategie Personalizzate;/strategie-di-web-reputation-come-costruire-gestire-e-misurare-la-percezione-online;"Strategie di Web Reputation: Come Costruire, Gestire e Misurare la Percezione Online";web reputation;articolo correlato;0.614
/web-agency-a-palermo-per-professionisti-siti-e-strategie-personalizzate;Web Agency a Palermo per Professionisti: Siti e Strategie Personalizzate;/che-cosa-fa-una-web-agency-una-guida-ai-servizi-digitali-piu-richiesti;Che cosa fa una web agency? Una guida ai servizi digitali più richiesti;cosa fa una web agency;articolo correlato;0.614
/tiktok-e-instagram-reels-perche-ogni-impresa-a-palermo-deve-sfruttarli-ora;TikTok e Instagram Reels: Perché Ogni Impresa a Palermo Deve Sfruttarli Ora;/produzione-video-palermo;Produzione video Palermo;Produzione video Palermo;pagina servizio pertinente;0.575
/tiktok-e-instagram-reels-perche-ogni-impresa-a-palermo-deve-sfruttarli-ora;TikTok e Instagram Reels: Perché Ogni Impresa a Palermo Deve Sfruttarli Ora;/gestione-social-media-palermo;Gestione social media Palermo;Gestione social media;pagina servizio pertinente;0.564
/tiktok-e-instagram-reels-perche-ogni-impresa-a-palermo-deve-sfruttarli-ora;TikTok e Instagram Reels: Perché Ogni Impresa a Palermo Deve Sfruttarli Ora;/agenzia-di-comunicazione-video-limpatto-del-visual-marketing;Agenzia di comunicazione video: l’impatto del visual marketing;agenzia comunicazione video;articolo correlato;0.494
/tiktok-e-instagram-reels-perche-ogni-impresa-a-palermo-deve-sfruttarli-ora;TikTok e Instagram Reels: Perché Ogni Impresa a Palermo Deve Sfruttarli Ora;/advertising-a-palermo;"Advertising a Palermo, Meta Ads, Google Ads, Tiktok Ads";Advertising Palermo;articolo correlato;0.466
/scopri-come-creare-video-virali;Come creare video virali: 5 strategie che funzionano nel 2025;/lavora-con-noi;Lavora con noi;Carriere in Max Digital Innovation;pagina servizio pertinente;0.59
/scopri-come-creare-video-virali;Come creare video virali: 5 strategie che funzionano nel 2025;/digital-strategies;Digital Strategies;Strategie Digitali;pagina servizio pertinente;0.585
/scopri-come-creare-video-virali;Come creare video virali: 5 strategie che funzionano nel 2025;/strategie-di-marketing-per-aziende-come-costruire-un-piano-di-successo;Strategie di marketing per aziende: come costruire un piano di successo;strategie di marketing per aziende;articolo correlato;0.546
/scopri-come-creare-video-virali;Come creare video virali: 5 strategie che funzionano nel 2025;/trend-alert-i-video-che-stanno-conquistando-tiktok;Trend alert: i video che stanno conquistando TikTok;TikTok Trends 2025: Video Virali e Strategie di Successo;articolo correlato;0.537
/contenuti-che-spopolano-sui-social;Guida passo-passo per realizzare contenuti che spopolano sui social;/lavora-con-noi;Lavora con noi;Carriere in Max Digital Innovation;pagina servizio pertinente;0.528
/contenuti-che-spopolano-sui-social;Guida passo-passo per realizzare contenuti che spopolano sui social;/gestione-social-media-presenza-online;Gestire i social media per migliorare la tua presenza online;gestione social media;articolo correlato;0.483
/contenuti-che-spopolano-sui-social;Guida passo-passo per realizzare contenuti che spopolano sui social;/tiktok-ads-manager-guida-completa-su-come-gestire-le-tue-campagne-su-tiktok;TikTok Ads Manager: Guida Completa su Come Gestire le Tue Campagne su TikTok;TikTok Ads Manager;articolo correlato;0.466
/contenuti-che-spopolano-sui-social;Guida passo-passo per realizzare contenuti che spopolano sui social;/social-media-marketing-nel-settore-arredamento;Social Media Marketing nel Settore Arredamento;marketing arredamento Palermo;articolo correlato;0.453
/i-segreti-dei-video-virali-tecniche-e-strumenti-da-conoscere;I segreti dei video virali: tecniche e strumenti da conoscere;/scopri-come-un-semplice-video-ha-raggiunto-1-milione-di-visualizzazioni-in-24-ore;Scopri come un semplice video ha raggiunto 1 milione di visualizzazioni in 24 ore;Video Virali: 1 Milione di Views in 24 Ore;articolo correlato;0.822
/i-segreti-dei-video-virali-tecniche-e-strumenti-da-conoscere;I segreti dei video virali: tecniche e strumenti da conoscere;/come-trasformare-unidea-in-un-video-virale-di-successo;Dall'idea alla viralità: come trasformare un semplice video in un successo;video virale;articolo correlato;0.77
/i-segreti-dei-video-virali-tecniche-e-strumenti-da-conoscere;I segreti dei video virali: tecniche e strumenti da conoscere;/lavora-con-noi;Lavora con noi;Carriere in Max Digital Innovation;pagina servizio pertinente;0.626
/i-segreti-dei-video-virali-tecniche-e-strumenti-da-conoscere;I segreti dei video virali: tecniche e strumenti da conoscere;/creazione-video-virali-sicilia;Creazione video virali Sicilia;video virali Sicilia;articolo correlato;0.537
/come-trasformare-unidea-in-un-video-virale-di-successo;Dall'idea alla viralità: come trasformare un semplice video in un successo;/scopri-come-un-semplice-video-ha-raggiunto-1-milione-di-visualizzazioni-in-24-ore;Scopri come un semplice video ha raggiunto 1 milione di visualizzazioni in 24 ore;Video Virali: 1 Milione di Views in 24 Ore;articolo correlato;0.812
/come-trasformare-unidea-in-un-video-virale-di-successo;Dall'idea alla viralità: come trasformare un semplice video in un successo;/i-segreti-dei-video-virali-tecniche-e-strumenti-da-conoscere;I segreti dei video virali: tecniche e strumenti da conoscere;video virali;articolo correlato;0.77
/come-trasformare-unidea-in-un-video-virale-di-successo;Dall'idea alla viralità: come trasformare un semplice video in un successo;/lavora-con-noi;Lavora con noi;Carriere in Max Digital Innovation;pagina servizio pertinente;0.605
/come-trasformare-unidea-in-un-video-virale-di-successo;Dall'idea alla viralità: come trasformare un semplice video in un successo;/come-trasformare-un-semplice-video-in-un-contenuto-virale-a-palermo;Come trasformare un semplice video in un contenuto virale a Palermo;Video Virali a Palermo: Guida di Max Digital Innovation;articolo correlato;0.551
/scopri-come-un-semplice-video-ha-raggiunto-1-milione-di-visualizzazioni-in-24-ore;Scopri come un semplice video ha raggiunto 1 milione di visualizzazioni in 24 ore;/i-segreti-dei-video-virali-tecniche-e-strumenti-da-conoscere;I segreti dei video virali: tecniche e strumenti da conoscere;video virali;articolo correlato;0.822
/scopri-come-un-semplice-video-ha-raggiunto-1-milione-di-visualizzazioni-in-24-ore;Scopri come un semplice video ha raggiunto 1 milione di visualizzazioni in 24 ore;/come-trasformare-unidea-in-un-video-virale-di-successo;Dall'idea alla viralità: come trasformare un semplice video in un successo;video virale;articolo correlato;0.812
/scopri-come-un-semplice-video-ha-raggiunto-1-milione-di-visualizzazioni-in-24-ore;Scopri come un semplice video ha raggiunto 1 milione di visualizzazioni in 24 ore;/lavora-con-noi;Lavora con noi;Carriere in Max Digital Innovation;pagina servizio pertinente;0.605
/scopri-come-un-semplice-video-ha-raggiunto-1-milione-di-visualizzazioni-in-24-ore;Scopri come un semplice video ha raggiunto 1 milione di visualizzazioni in 24 ore;/come-creare-reel-virali-su-instagram;Come creare Reel virali su Instagram;Reel virali Instagram;articolo correlato;0.507
/da-zero-a-virale-la-storia-di-un-contenuto-che-ha-conquistato-il-web;Da zero a virale: la storia di un contenuto che ha conquistato il web;/lavora-con-noi;Lavora con noi;Carriere in Max Digital Innovation;pagina servizio pertinente;0.583
/da-zero-a-virale-la-storia-di-un-contenuto-che-ha-conquistato-il-web;Da zero a virale: la storia di un contenuto che ha conquistato il web;/scopri-come-creare-video-virali;Come creare video virali: 5 strategie che funzionano nel 2025;come creare video virali: 5 strategie che funzionano nel 2025;articolo correlato;0.502
/da-zero-a-virale-la-storia-di-un-contenuto-che-ha-conquistato-il-web;Da zero a virale: la storia di un contenuto che ha conquistato il web;/;Home;Agenzia Marketing;pagina servizio pertinente;0.456
/da-zero-a-virale-la-storia-di-un-contenuto-che-ha-conquistato-il-web;Da zero a virale: la storia di un contenuto che ha conquistato il web;/creare-reels-che-tutti-vogliono-condividere;Il segreto per creare Reels che tutti vogliono condividere;Reels virali;articolo correlato;0.437
/il-potere-dei-video-brevi;Il potere dei video brevi: come cambiare la tua presenza online;/gestione-social-media-presenza-online;Gestire i social media per migliorare la tua presenza online;gestione social media;articolo correlato;0.546
/il-potere-dei-video-brevi;Il potere dei video brevi: come cambiare la tua presenza online;/lavora-con-noi;Lavora con noi;Carriere in Max Digital Innovation;pagina servizio pertinente;0.528
/il-potere-dei-video-brevi;Il potere dei video brevi: come cambiare la tua presenza online;/i-segreti-del-marketing-digitale-a-palermo-scopri-la-nostra-agenzia;I segreti del marketing digitale a Palermo: scopri la nostra agenzia;marketing digitale Palermo;articolo correlato;0.488
/il-potere-dei-video-brevi;Il potere dei video brevi: come cambiare la tua presenza online;/pubblicita-su-tiktok-a-palermo-come-aiutiamo-la-tua-azienda-a-crescere;Pubblicità su TikTok a Palermo: Come Aiutiamo la Tua Azienda a Crescere;pubblicità TikTok Palermo;articolo correlato;0.483
/3-trucchi-per-rendere-i-tuoi-reels-irresistibili;3 trucchi per rendere i tuoi Reels irresistibili;/scopri-strategie-efficaci-per-creare-reels;Reels che spaccano: strategie per catturare l'attenzione in 15 secondi;Reels Instagram: Strategie Efficaci per Catturare;articolo correlato;0.807
/3-trucchi-per-rendere-i-tuoi-reels-irresistibili;3 trucchi per rendere i tuoi Reels irresistibili;/lavora-con-noi;Lavora con noi;Carriere in Max Digital Innovation;pagina servizio pertinente;0.511
/3-trucchi-per-rendere-i-tuoi-reels-irresistibili;3 trucchi per rendere i tuoi Reels irresistibili;/come-farsi-pubblicita-gratis-strategie-efficaci-per-aumentare-la-visibilita;Come farsi pubblicità gratis? Strategie efficaci per aumentare la visibilità;come farsi pubblicità gratis;articolo correlato;0.463
/3-trucchi-per-rendere-i-tuoi-reels-irresistibili;3 trucchi per rendere i tuoi Reels irresistibili;/tiktok-ads-manager-guida-completa-su-come-gestire-le-tue-campagne-su-tiktok;TikTok Ads Manager: Guida Completa su Come Gestire le Tue Campagne su TikTok;TikTok Ads Manager;articolo correlato;0.44
/scopri-strategie-efficaci-per-creare-reels;Reels che spaccano: strategie per catturare l'attenzione in 15 secondi;/3-trucchi-per-rendere-i-tuoi-reels-irresistibili;3 trucchi per rendere i tuoi Reels irresistibili;Reels Irresistibili;articolo correlato;0.807
/scopri-strategie-efficaci-per-creare-reels;Reels che spaccano: strategie per catturare l'attenzione in 15 secondi;/come-farsi-pubblicita-gratis-strategie-efficaci-per-aumentare-la-visibilita;Come farsi pubblicità gratis? Strategie efficaci per aumentare la visibilità;come farsi pubblicità gratis;articolo correlato;0.565
/scopri-strategie-efficaci-per-creare-reels;Reels che spaccano: strategie per catturare l'attenzione in 15 secondi;/lavora-con-noi;Lavora con noi;Carriere in Max Digital Innovation;pagina servizio pertinente;0.507
/scopri-strategie-efficaci-per-creare-reels;Reels che spaccano: strategie per catturare l'attenzione in 15 secondi;/gestione-social-media-per-la-tua-attivita;Gestione Social Media per la tua Attività;gestione social media Palermo;articolo correlato;0.475
/creare-reels-che-tutti-vogliono-condividere;Il segreto per creare Reels che tutti vogliono condividere;/lavora-con-noi;Lavora con noi;Carriere in Max Digital Innovation;pagina servizio pertinente;0.528
/creare-reels-che-tutti-vogliono-condividere;Il segreto per creare Reels che tutti vogliono condividere;/i-trend-del-2025-cosa-funziona-davvero-sui-social;I trend del 2025: cosa funziona davvero sui social;trend social 2025;articolo correlato;0.45
/creare-reels-che-tutti-vogliono-condividere;Il segreto per creare Reels che tutti vogliono condividere;/da-zero-a-virale-la-storia-di-un-contenuto-che-ha-conquistato-il-web;Da zero a virale: la storia di un contenuto che ha conquistato il web;Da Zero a Virale: Strategie di Contenuto con Max Digital;articolo correlato;0.437
/creare-reels-che-tutti-vogliono-condividere;Il segreto per creare Reels che tutti vogliono condividere;/i-segreti-dei-video-virali-tecniche-e-strumenti-da-conoscere;I segreti dei video virali: tecniche e strumenti da conoscere;video virali;articolo correlato;0.415
/partecipare-alla-sfida-del-momento;Partecipa alla sfida del momento: crea il tuo video virale;/lavora-con-noi;Lavora con noi;Carriere in Max Digital Innovation;pagina servizio pertinente;0.563
/partecipare-alla-sfida-del-momento;Partecipa alla sfida del momento: crea il tuo video virale;/i-segreti-dei-video-virali-tecniche-e-strumenti-da-conoscere;I segreti dei video virali: tecniche e strumenti da conoscere;video virali;articolo correlato;0.537
/partecipare-alla-sfida-del-momento;Partecipa alla sfida del momento: crea il tuo video virale;/scopri-come-creare-video-virali;Come creare video virali: 5 strategie che funzionano nel 2025;come creare video virali: 5 strategie che funzionano nel 2025;articolo correlato;0.524
/partecipare-alla-sfida-del-momento;Partecipa alla sfida del momento: crea il tuo video virale;/creazione-video-virali-sicilia;Creazione video virali Sicilia;video virali Sicilia;articolo correlato;0.524
/trend-alert-i-video-che-stanno-conquistando-tiktok;Trend alert: i video che stanno conquistando TikTok;/lavora-con-noi;Lavora con noi;Carriere in Max Digital Innovation;pagina servizio pertinente;0.569
/trend-alert-i-video-che-stanno-conquistando-tiktok;Trend alert: i video che stanno conquistando TikTok;/digital-strategies;Digital Strategies;Strategie Digitali;pagina servizio pertinente;0.553
/trend-alert-i-video-che-stanno-conquistando-tiktok;Trend alert: i video che stanno conquistando TikTok;/scopri-come-creare-video-virali;Come creare video virali: 5 strategie che funzionano nel 2025;come creare video virali: 5 strategie che funzionano nel 2025;articolo correlato;0.537
/trend-alert-i-video-che-stanno-conquistando-tiktok;Trend alert: i video che stanno conquistando TikTok;/challenge-virali-come-sfruttarle-per-aumentare-la-tua-visibilita;Challenge virali: come sfruttarle per aumentare la tua visibilità;challenge virali;articolo correlato;0.476
/challenge-virali-come-sfruttarle-per-aumentare-la-tua-visibilita;Challenge virali: come sfruttarle per aumentare la tua visibilità;/lavora-con-noi;Lavora con noi;Carriere in Max Digital Innovation;pagina servizio pertinente;0.528
/challenge-virali-come-sfruttarle-per-aumentare-la-tua-visibilita;Challenge virali: come sfruttarle per aumentare la tua visibilità;/trend-alert-i-video-che-stanno-conquistando-tiktok;Trend alert: i video che stanno conquistando TikTok;TikTok Trends 2025: Video Virali e Strategie di Successo;articolo correlato;0.476
/challenge-virali-come-sfruttarle-per-aumentare-la-tua-visibilita;Challenge virali: come sfruttarle per aumentare la tua visibilità;/seo-per-contenuti-video-guida-pratica-per-aumentare-le-visualizzazioni;SEO per contenuti video: guida pratica per aumentare le visualizzazioni;SEO per contenuti video;articolo correlato;0.476
/challenge-virali-come-sfruttarle-per-aumentare-la-tua-visibilita;Challenge virali: come sfruttarle per aumentare la tua visibilità;/partecipare-alla-sfida-del-momento;Partecipa alla sfida del momento: crea il tuo video virale;Video Virali;articolo correlato;0.465
/i-trend-del-2025-cosa-funziona-davvero-sui-social;I trend del 2025: cosa funziona davvero sui social;/lavora-con-noi;Lavora con noi;Carriere in Max Digital Innovation;pagina servizio pertinente;0.59
/i-trend-del-2025-cosa-funziona-davvero-sui-social;I trend del 2025: cosa funziona davvero sui social;/unisciti-al-movimento-crea-contenuti-che-fanno-parlare-di-se;Unisciti al movimento: crea contenuti che fanno parlare di sé;contenuti virali;articolo correlato;0.583
/i-trend-del-2025-cosa-funziona-davvero-sui-social;I trend del 2025: cosa funziona davvero sui social;/;Home;Agenzia Marketing;pagina servizio pertinente;0.524
/i-trend-del-2025-cosa-funziona-davvero-sui-social;I trend del 2025: cosa funziona davvero sui social;/come-trasformare-un-semplice-video-in-un-contenuto-virale-a-palermo;Come trasformare un semplice video in un contenuto virale a Palermo;Video Virali a Palermo: Guida di Max Digital Innovation;articolo correlato;0.524
/unisciti-al-movimento-crea-contenuti-che-fanno-parlare-di-se;Unisciti al movimento: crea contenuti che fanno parlare di sé;/lavora-con-noi;Lavora con noi;Carriere in Max Digital Innovation;pagina servizio pertinente;0.59
/unisciti-al-movimento-crea-contenuti-che-fanno-parlare-di-se;Unisciti al movimento: crea contenuti che fanno parlare di sé;/i-trend-del-2025-cosa-funziona-davvero-sui-social;I trend del 2025: cosa funziona davvero sui social;trend social 2025;articolo correlato;0.583
/unisciti-al-movimento-crea-contenuti-che-fanno-parlare-di-se;Unisciti al movimento: crea contenuti che fanno parlare di sé;/agenzia-di-comunicazione-video-limpatto-del-visual-marketing;Agenzia di comunicazione video: l’impatto del visual marketing;agenzia comunicazione video;articolo correlato;0.485
/unisciti-al-movimento-crea-contenuti-che-fanno-parlare-di-se;Unisciti al movimento: crea contenuti che fanno parlare di sé;/partecipare-alla-sfida-del-momento;Partecipa alla sfida del momento: crea il tuo video virale;Video Virali;articolo correlato;0.465
/strategie-seo-per-video-virali-come-farsi-trovare-online;Strategie SEO per video virali: come farsi trovare online;/lavora-con-noi;Lavora con noi;Carriere in Max Digital Innovation;pagina servizio pertinente;0.563
/strategie-seo-per-video-virali-come-farsi-trovare-online;Strategie SEO per video virali: come farsi trovare online;/seo-per-contenuti-video-guida-pratica-per-aumentare-le-visualizzazioni;SEO per contenuti video: guida pratica per aumentare le visualizzazioni;SEO per contenuti video;articolo correlato;0.537
/strategie-seo-per-video-virali-come-farsi-trovare-online;Strategie SEO per video virali: come farsi trovare online;/come-ottimizzare-i-tuoi-video-per-i-motori-di-ricerca-nel-2025;Come ottimizzare i tuoi video per i motori di ricerca nel 2025;ottimizzare i tuoi video per i motori di ricerca nel 2025;articolo correlato;0.524
/strategie-seo-per-video-virali-come-farsi-trovare-online;Strategie SEO per video virali: come farsi trovare online;/digital-strategies;Digital Strategies;Strategie Digitali;pagina servizio pertinente;0.49
/parole-chiave-e-viralita-il-connubio-perfetto-per-i-tuoi-video;Parole chiave e viralità: il connubio perfetto per i tuoi video;/seo-per-contenuti-video-guida-pratica-per-aumentare-le-visualizzazioni;SEO per contenuti video: guida pratica per aumentare le visualizzazioni;SEO per contenuti video;articolo correlato;0.537
/parole-chiave-e-viralita-il-connubio-perfetto-per-i-tuoi-video;Parole chiave e viralità: il connubio perfetto per i tuoi video;/lavora-con-noi;Lavora con noi;Carriere in Max Digital Innovation;pagina servizio pertinente;0.528
/parole-chiave-e-viralita-il-connubio-perfetto-per-i-tuoi-video;Parole chiave e viralità: il connubio perfetto per i tuoi video;/come-ottimizzare-i-tuoi-video-per-i-motori-di-ricerca-nel-2025;Come ottimizzare i tuoi video per i motori di ricerca nel 2025;ottimizzare i tuoi video per i motori di ricerca nel 2025;articolo correlato;0.517
/parole-chiave-e-viralita-il-connubio-perfetto-per-i-tuoi-video;Parole chiave e viralità: il connubio perfetto per i tuoi video;/strategie-seo-per-video-virali-come-farsi-trovare-online;Strategie SEO per video virali: come farsi trovare online;Strategie SEO per video virali;articolo correlato;0.465
/come-ottimizzare-i-tuoi-video-per-i-motori-di-ricerca-nel-2025;Come ottimizzare i tuoi video per i motori di ricerca nel 2025;/lavora-con-noi;Lavora con noi;Carriere in Max Digital Innovation;pagina servizio pertinente;0.59
/come-ottimizzare-i-tuoi-video-per-i-motori-di-ricerca-nel-2025;Come ottimizzare i tuoi video per i motori di ricerca nel 2025;/strategie-seo-per-video-virali-come-farsi-trovare-online;Strategie SEO per video virali: come farsi trovare online;Strategie SEO per video virali;articolo correlato;0.524
/come-ottimizzare-i-tuoi-video-per-i-motori-di-ricerca-nel-2025;Come ottimizzare i tuoi video per i motori di ricerca nel 2025;/parole-chiave-e-viralita-il-connubio-perfetto-per-i-tuoi-video;Parole chiave e viralità: il connubio perfetto per i tuoi video;parole chiave viralità video;articolo correlato;0.517
/come-ottimizzare-i-tuoi-video-per-i-motori-di-ricerca-nel-2025;Come ottimizzare i tuoi video per i motori di ricerca nel 2025;/seo-per-contenuti-video-guida-pratica-per-aumentare-le-visualizzazioni;SEO per contenuti video: guida pratica per aumentare le visualizzazioni;SEO per contenuti video;articolo correlato;0.476
/seo-per-contenuti-video-guida-pratica-per-aumentare-le-visualizzazioni;SEO per contenuti video: guida pratica per aumentare le visualizzazioni;/lavora-con-noi;Lavora con noi;Carriere in Max Digital Innovation;pagina servizio pertinente;0.569
/seo-per-contenuti-video-guida-pratica-per-aumentare-le-visualizzazioni;SEO per contenuti video: guida pratica per aumentare le visualizzazioni;/parole-chiave-e-viralita-il-connubio-perfetto-per-i-tuoi-video;Parole chiave e viralità: il connubio perfetto per i tuoi video;parole chiave viralità video;articolo correlato;0.537
/seo-per-contenuti-video-guida-pratica-per-aumentare-le-visualizzazioni;SEO per contenuti video: guida pratica per aumentare le visualizzazioni;/strategie-seo-per-video-virali-come-farsi-trovare-online;Strategie SEO per video virali: come farsi trovare online;Strategie SEO per video virali;articolo correlato;0.537
/seo-per-contenuti-video-guida-pratica-per-aumentare-le-visualizzazioni;SEO per contenuti video: guida pratica per aumentare le visualizzazioni;/i-segreti-dei-video-virali-tecniche-e-strumenti-da-conoscere;I segreti dei video virali: tecniche e strumenti da conoscere;video virali;articolo correlato;0.494
/i-migliori-strumenti-per-analizzare-e-migliorare-la-performance-dei-tuoi-video;I migliori strumenti per analizzare e migliorare la performance dei tuoi video;/lavora-con-noi;Lavora con noi;Carriere in Max Digital Innovation;pagina servizio pertinente;0.563
/i-migliori-strumenti-per-analizzare-e-migliorare-la-performance-dei-tuoi-video;I migliori strumenti per analizzare e migliorare la performance dei tuoi video;/produzione-video-palermo;Produzione video Palermo;Produzione video Palermo;pagina servizio pertinente;0.457
/i-migliori-strumenti-per-analizzare-e-migliorare-la-performance-dei-tuoi-video;I migliori strumenti per analizzare e migliorare la performance dei tuoi video;/video-verticali-luso-strategico-per-i-tuoi-social;Video verticali: l’uso strategico per i tuoi social;Video Verticali: Strategia Social per il Tuo Marketing;articolo correlato;0.444
/i-migliori-strumenti-per-analizzare-e-migliorare-la-performance-dei-tuoi-video;I migliori strumenti per analizzare e migliorare la performance dei tuoi video;/tiktok-ads-manager-guida-completa-su-come-gestire-le-tue-campagne-su-tiktok;TikTok Ads Manager: Guida Completa su Come Gestire le Tue Campagne su TikTok;TikTok Ads Manager;articolo correlato;0.433
/agenzia-di-comunicazione-a-palermo-come-far-crescere-il-tuo-brand-nel-2025;Agenzia di comunicazione a Palermo: come far crescere il tuo brand nel 2025;/agenzia-di-comunicazione-creativa-idee-e-strategie-per-il-tuo-brand;Agenzia di comunicazione creativa: idee e strategie per il tuo brand;agenzia di comunicazione creativa;articolo correlato;0.62
/agenzia-di-comunicazione-a-palermo-come-far-crescere-il-tuo-brand-nel-2025;Agenzia di comunicazione a Palermo: come far crescere il tuo brand nel 2025;/i-segreti-del-marketing-digitale-a-palermo-scopri-la-nostra-agenzia;I segreti del marketing digitale a Palermo: scopri la nostra agenzia;marketing digitale Palermo;articolo correlato;0.596
/agenzia-di-comunicazione-a-palermo-come-far-crescere-il-tuo-brand-nel-2025;Agenzia di comunicazione a Palermo: come far crescere il tuo brand nel 2025;/gestione-social-media-palermo;Gestione social media Palermo;Gestione social media;pagina servizio pertinente;0.595
/agenzia-di-comunicazione-a-palermo-come-far-crescere-il-tuo-brand-nel-2025;Agenzia di comunicazione a Palermo: come far crescere il tuo brand nel 2025;/agenzia-di-comunicazione-video-limpatto-del-visual-marketing;Agenzia di comunicazione video: l’impatto del visual marketing;agenzia comunicazione video;articolo correlato;0.591
/i-segreti-del-marketing-digitale-a-palermo-scopri-la-nostra-agenzia;I segreti del marketing digitale a Palermo: scopri la nostra agenzia;/servizi-digitali-palermo;Servizi digitali Palermo;servizi digitali;pagina servizio pertinente;0.658
/i-segreti-del-marketing-digitale-a-palermo-scopri-la-nostra-agenzia;I segreti del marketing digitale a Palermo: scopri la nostra agenzia;/agenzia-di-comunicazione-video-limpatto-del-visual-marketing;Agenzia di comunicazione video: l’impatto del visual marketing;agenzia comunicazione video;articolo correlato;0.634
/i-segreti-del-marketing-digitale-a-palermo-scopri-la-nostra-agenzia;I segreti del marketing digitale a Palermo: scopri la nostra agenzia;/;Home;Agenzia Marketing;pagina servizio pertinente;0.62
/i-segreti-del-marketing-digitale-a-palermo-scopri-la-nostra-agenzia;I segreti del marketing digitale a Palermo: scopri la nostra agenzia;/gestione-social-media-a-palermo-come-la-nostra-agenzia-di-comunicazione-cura-i-tuoi-social-media;Gestione Social Media a Palermo: Come la Nostra Agenzia di Comunicazione Cura i Tuoi Social Media;gestione social media Palermo;articolo correlato;0.605
/vuoi-dominare-i-social-a-palermo-affidati-ai-migliori;Vuoi dominare i social a Palermo? Affidati ai migliori;/lavora-con-noi;Lavora con noi;Carriere in Max Digital Innovation;pagina servizio pertinente;0.618
/vuoi-dominare-i-social-a-palermo-affidati-ai-migliori;Vuoi dominare i social a Palermo? Affidati ai migliori;/;Home;Agenzia Marketing;pagina servizio pertinente;0.544
/vuoi-dominare-i-social-a-palermo-affidati-ai-migliori;Vuoi dominare i social a Palermo? Affidati ai migliori;/gestione-social-media-per-la-tua-attivita;Gestione Social Media per la tua Attività;gestione social media Palermo;articolo correlato;0.535
/vuoi-dominare-i-social-a-palermo-affidati-ai-migliori;Vuoi dominare i social a Palermo? Affidati ai migliori;/agenzia-di-comunicazione-a-palermo-come-far-crescere-il-tuo-brand-nel-2025;Agenzia di comunicazione a Palermo: come far crescere il tuo brand nel 2025;agenzia di comunicazione Palermo;articolo correlato;0.509
/seo-e-video-virali-a-palermo-come-max-digital-innovation-sta-cambiando-le-regole;SEO e video virali a Palermo: come Max Digital Innovation sta cambiando le regole;/lavora-con-noi;Lavora con noi;Carriere in Max Digital Innovation;pagina servizio pertinente;0.583
/seo-e-video-virali-a-palermo-come-max-digital-innovation-sta-cambiando-le-regole;SEO e video virali a Palermo: come Max Digital Innovation sta cambiando le regole;/marketing-digitale-a-palermo-la-chiave-per-il-successo-della-tua-attivita;Marketing Digitale a Palermo: La Chiave per il Successo della Tua Attività;marketing digitale Palermo;articolo correlato;0.544
/seo-e-video-virali-a-palermo-come-max-digital-innovation-sta-cambiando-le-regole;SEO e video virali a Palermo: come Max Digital Innovation sta cambiando le regole;/agenzia-di-comunicazione-video-limpatto-del-visual-marketing;Agenzia di comunicazione video: l’impatto del visual marketing;agenzia comunicazione video;articolo correlato;0.532
/seo-e-video-virali-a-palermo-come-max-digital-innovation-sta-cambiando-le-regole;SEO e video virali a Palermo: come Max Digital Innovation sta cambiando le regole;/gestione-social-media-a-palermo-come-la-nostra-agenzia-di-comunicazione-cura-i-tuoi-social-media;Gestione Social Media a Palermo: Come la Nostra Agenzia di Comunicazione Cura i Tuoi Social Media;gestione social media Palermo;articolo correlato;0.495
/come-aumentare-le-visualizzazioni-su-instagram-nel-2026;Come aumentare le visualizzazioni su Instagram nel 2026;/come-finire-negli-esplora-di-instagram;Come finire negli Esplora di Instagram;come finire negli esplora di instagram;articolo correlato;0.717
/come-aumentare-le-visualizzazioni-su-instagram-nel-2026;Come aumentare le visualizzazioni su Instagram nel 2026;/come-aumentare-le-visualizzazioni-su-tiktok;Come aumentare le visualizzazioni su TikTok;aumentare visualizzazioni TikTok;articolo correlato;0.717
/come-aumentare-le-visualizzazioni-su-instagram-nel-2026;Come aumentare le visualizzazioni su Instagram nel 2026;/algoritmo-instagram-come-funziona-davvero;Algoritmo Instagram: come funziona davvero;algoritmo Instagram;articolo correlato;0.583
/come-aumentare-le-visualizzazioni-su-instagram-nel-2026;Come aumentare le visualizzazioni su Instagram nel 2026;/perche-i-tuoi-reel-non-fanno-visualizzazioni;Perché i tuoi Reel non fanno visualizzazioni;Reel non fanno visualizzazioni;articolo correlato;0.583
/algoritmo-instagram-come-funziona-davvero;Algoritmo Instagram: come funziona davvero;/come-aumentare-le-visualizzazioni-su-instagram-nel-2026;Come aumentare le visualizzazioni su Instagram nel 2026;aumentare visualizzazioni Instagram 2026;articolo correlato;0.583
/algoritmo-instagram-come-funziona-davvero;Algoritmo Instagram: come funziona davvero;/come-creare-reel-virali-su-instagram;Come creare Reel virali su Instagram;Reel virali Instagram;articolo correlato;0.517
/algoritmo-instagram-come-funziona-davvero;Algoritmo Instagram: come funziona davvero;/algoritmo-tiktok-tutto-quello-che-devi-sapere;Algoritmo TikTok: tutto quello che devi sapere;algoritmo TikTok;articolo correlato;0.517
/algoritmo-instagram-come-funziona-davvero;Algoritmo Instagram: come funziona davvero;/lavora-con-noi;Lavora con noi;Carriere in Max Digital Innovation;pagina servizio pertinente;0.465
/strategie-instagram-per-far-crescere-un-profilo-aziendale;Strategie Instagram per far crescere un profilo aziendale;/le-migliori-strategie-instagram-per-vendere-di-piu;Le migliori strategie Instagram per vendere di più;strategie instagram per vendere;articolo correlato;0.583
/strategie-instagram-per-far-crescere-un-profilo-aziendale;Strategie Instagram per far crescere un profilo aziendale;/instagram-per-aziende-errori-da-evitare;Instagram per aziende: errori da evitare;Instagram per aziende: errori da evitare;articolo correlato;0.517
/strategie-instagram-per-far-crescere-un-profilo-aziendale;Strategie Instagram per far crescere un profilo aziendale;/come-far-crescere-il-tuo-profilo-tiktok-in-6-giorni;Come far crescere il tuo profilo TikTok in 6 giorni;Crescere su TikTok in 6 Giorni: Strategie per Aziende;articolo correlato;0.488
/strategie-instagram-per-far-crescere-un-profilo-aziendale;Strategie Instagram per far crescere un profilo aziendale;/gestione-social-media-palermo;Gestione social media Palermo;Gestione social media;pagina servizio pertinente;0.478
/perche-i-tuoi-reel-non-fanno-visualizzazioni;Perché i tuoi Reel non fanno visualizzazioni;/come-aumentare-le-visualizzazioni-su-instagram-nel-2026;Come aumentare le visualizzazioni su Instagram nel 2026;aumentare visualizzazioni Instagram 2026;articolo correlato;0.583
/perche-i-tuoi-reel-non-fanno-visualizzazioni;Perché i tuoi Reel non fanno visualizzazioni;/perche-i-video-tiktok-fanno-poche-visualizzazioni;Perché i video TikTok fanno poche visualizzazioni;video TikTok poche visualizzazioni;articolo correlato;0.517
/perche-i-tuoi-reel-non-fanno-visualizzazioni;Perché i tuoi Reel non fanno visualizzazioni;/lavora-con-noi;Lavora con noi;Carriere in Max Digital Innovation;pagina servizio pertinente;0.465
/perche-i-tuoi-reel-non-fanno-visualizzazioni;Perché i tuoi Reel non fanno visualizzazioni;/algoritmo-instagram-come-funziona-davvero;Algoritmo Instagram: come funziona davvero;algoritmo Instagram;articolo correlato;0.45
/come-finire-negli-esplora-di-instagram;Come finire negli Esplora di Instagram;/come-aumentare-le-visualizzazioni-su-instagram-nel-2026;Come aumentare le visualizzazioni su Instagram nel 2026;aumentare visualizzazioni Instagram 2026;articolo correlato;0.717
/come-finire-negli-esplora-di-instagram;Come finire negli Esplora di Instagram;/come-aumentare-lengagement-su-instagram;Come aumentare l'engagement su Instagram;aumentare engagement instagram;articolo correlato;0.502
/come-finire-negli-esplora-di-instagram;Come finire negli Esplora di Instagram;/algoritmo-instagram-come-funziona-davvero;Algoritmo Instagram: come funziona davvero;algoritmo Instagram;articolo correlato;0.45
/come-finire-negli-esplora-di-instagram;Come finire negli Esplora di Instagram;/come-creare-reel-virali-su-instagram;Come creare Reel virali su Instagram;Reel virali Instagram;articolo correlato;0.45
/instagram-per-aziende-errori-da-evitare;Instagram per aziende: errori da evitare;/comunicazione-per-la-crescita-aziendale-strategie-per-raggiungere-il-successo;Comunicazione per la crescita aziendale: strategie per raggiungere il successo;comunicazione per la crescita aziendale;articolo correlato;0.546
/instagram-per-aziende-errori-da-evitare;Instagram per aziende: errori da evitare;/gestione-social-media-palermo;Gestione social media Palermo;Gestione social media;pagina servizio pertinente;0.543
/instagram-per-aziende-errori-da-evitare;Instagram per aziende: errori da evitare;/la-potenza-dei-micro-influencer-e-il-loro-impatto-online-per-le-aziende;La potenza dei micro influencer e il loro impatto online per le aziende;Micro Influencer per Aziende;articolo correlato;0.535
/instagram-per-aziende-errori-da-evitare;Instagram per aziende: errori da evitare;/strategie-instagram-per-far-crescere-un-profilo-aziendale;Strategie Instagram per far crescere un profilo aziendale;Strategie Instagram per far crescere un profilo aziendale;articolo correlato;0.517
/come-creare-reel-virali-su-instagram;Come creare Reel virali su Instagram;/quanto-dura-un-video-tiktok-ideale;Quanto dura un video TikTok ideale;Quanto dura un video TikTok ideale;articolo correlato;0.583
/come-creare-reel-virali-su-instagram;Come creare Reel virali su Instagram;/produzione-video-virali-per-la-tua-attivita-palermo;Produzione video virali per la tua attività Palermo;Produzione video virali per la tua attività Palermo;articolo correlato;0.583
/come-creare-reel-virali-su-instagram;Come creare Reel virali su Instagram;/come-si-fa-a-crescere-su-tiktok-strategie-per-aumentare-visibilita-e-engagement;Come si fa a crescere su TikTok? Strategie per aumentare visibilità e engagement;crescere su TikTok;articolo correlato;0.546
/come-creare-reel-virali-su-instagram;Come creare Reel virali su Instagram;/video-verticali-luso-strategico-per-i-tuoi-social;Video verticali: l’uso strategico per i tuoi social;Video Verticali: Strategia Social per il Tuo Marketing;articolo correlato;0.535
/le-migliori-strategie-instagram-per-vendere-di-piu;Le migliori strategie Instagram per vendere di più;/strategie-instagram-per-far-crescere-un-profilo-aziendale;Strategie Instagram per far crescere un profilo aziendale;Strategie Instagram per far crescere un profilo aziendale;articolo correlato;0.583
/le-migliori-strategie-instagram-per-vendere-di-piu;Le migliori strategie Instagram per vendere di più;/strategie-tiktok-per-aziende;Strategie TikTok per aziende;Strategie TikTok per aziende;articolo correlato;0.517
/le-migliori-strategie-instagram-per-vendere-di-piu;Le migliori strategie Instagram per vendere di più;/gestione-social-media-palermo;Gestione social media Palermo;Gestione social media;pagina servizio pertinente;0.478
/le-migliori-strategie-instagram-per-vendere-di-piu;Le migliori strategie Instagram per vendere di più;/come-aumentare-le-visualizzazioni-su-instagram-nel-2026;Come aumentare le visualizzazioni su Instagram nel 2026;aumentare visualizzazioni Instagram 2026;articolo correlato;0.45
/come-aumentare-lengagement-su-instagram;Come aumentare l'engagement su Instagram;/come-crescere-su-instagram-8-tattiche-per-sfruttare-lalgoritmo-e-aumentare-lengagement;Come crescere su Instagram: 8 Tattiche per sfruttare l’algoritmo e aumentare l’engagement;Crescere su Instagram;articolo correlato;0.608
/come-aumentare-lengagement-su-instagram;Come aumentare l'engagement su Instagram;/come-aumentare-le-visualizzazioni-su-instagram-nel-2026;Come aumentare le visualizzazioni su Instagram nel 2026;aumentare visualizzazioni Instagram 2026;articolo correlato;0.566
/come-aumentare-lengagement-su-instagram;Come aumentare l'engagement su Instagram;/come-si-fa-a-crescere-su-tiktok-strategie-per-aumentare-visibilita-e-engagement;Come si fa a crescere su TikTok? Strategie per aumentare visibilità e engagement;crescere su TikTok;articolo correlato;0.534
/come-aumentare-lengagement-su-instagram;Come aumentare l'engagement su Instagram;/come-finire-negli-esplora-di-instagram;Come finire negli Esplora di Instagram;come finire negli esplora di instagram;articolo correlato;0.502
/come-aumentare-le-visualizzazioni-su-tiktok;Come aumentare le visualizzazioni su TikTok;/come-aumentare-le-visualizzazioni-su-instagram-nel-2026;Come aumentare le visualizzazioni su Instagram nel 2026;aumentare visualizzazioni Instagram 2026;articolo correlato;0.717
/come-aumentare-le-visualizzazioni-su-tiktok;Come aumentare le visualizzazioni su TikTok;/strategie-tiktok-per-aziende;Strategie TikTok per aziende;Strategie TikTok per aziende;articolo correlato;0.583
/come-aumentare-le-visualizzazioni-su-tiktok;Come aumentare le visualizzazioni su TikTok;/come-far-crescere-il-tuo-profilo-in-6-giorni;Come far crescere il tuo profilo in 6 giorni;Cresci su TikTok in 6 Giorni;articolo correlato;0.551
/come-aumentare-le-visualizzazioni-su-tiktok;Come aumentare le visualizzazioni su TikTok;/integrazione-di-piattaforme-tiktok-e-commerce-un-nuovo-orizzonte-per-i-commercianti-a-palermo;Integrazione di piattaforme TikTok E-Commerce: un nuovo orizzonte per i commercianti a Palermo;TikTok E-commerce a Palermo;articolo correlato;0.525
/algoritmo-tiktok-tutto-quello-che-devi-sapere;Algoritmo TikTok: tutto quello che devi sapere;/come-aumentare-le-visualizzazioni-su-instagram-nel-2026;Come aumentare le visualizzazioni su Instagram nel 2026;aumentare visualizzazioni Instagram 2026;articolo correlato;0.517
/algoritmo-tiktok-tutto-quello-che-devi-sapere;Algoritmo TikTok: tutto quello che devi sapere;/algoritmo-instagram-come-funziona-davvero;Algoritmo Instagram: come funziona davvero;algoritmo Instagram;articolo correlato;0.517
/algoritmo-tiktok-tutto-quello-che-devi-sapere;Algoritmo TikTok: tutto quello che devi sapere;/come-aumentare-le-visualizzazioni-su-tiktok;Come aumentare le visualizzazioni su TikTok;aumentare visualizzazioni TikTok;articolo correlato;0.517
/algoritmo-tiktok-tutto-quello-che-devi-sapere;Algoritmo TikTok: tutto quello che devi sapere;/quanto-dura-un-video-tiktok-ideale;Quanto dura un video TikTok ideale;Quanto dura un video TikTok ideale;articolo correlato;0.517
/perche-i-video-tiktok-fanno-poche-visualizzazioni;Perché i video TikTok fanno poche visualizzazioni;/lavora-con-noi;Lavora con noi;Carriere in Max Digital Innovation;pagina servizio pertinente;0.528
/perche-i-video-tiktok-fanno-poche-visualizzazioni;Perché i video TikTok fanno poche visualizzazioni;/perche-i-tuoi-reel-non-fanno-visualizzazioni;Perché i tuoi Reel non fanno visualizzazioni;Reel non fanno visualizzazioni;articolo correlato;0.517
/perche-i-video-tiktok-fanno-poche-visualizzazioni;Perché i video TikTok fanno poche visualizzazioni;/come-aumentare-le-visualizzazioni-su-tiktok;Come aumentare le visualizzazioni su TikTok;aumentare visualizzazioni TikTok;articolo correlato;0.517
/perche-i-video-tiktok-fanno-poche-visualizzazioni;Perché i video TikTok fanno poche visualizzazioni;/come-aumentare-le-visualizzazioni-su-instagram-nel-2026;Come aumentare le visualizzazioni su Instagram nel 2026;aumentare visualizzazioni Instagram 2026;articolo correlato;0.45
/come-andare-virale-su-tiktok;Come andare virale su TikTok;/come-si-fa-a-crescere-su-tiktok-strategie-per-aumentare-visibilita-e-engagement;Come si fa a crescere su TikTok? Strategie per aumentare visibilità e engagement;crescere su TikTok;articolo correlato;0.546
/come-andare-virale-su-tiktok;Come andare virale su TikTok;/lavora-con-noi;Lavora con noi;Carriere in Max Digital Innovation;pagina servizio pertinente;0.528
/come-andare-virale-su-tiktok;Come andare virale su TikTok;/come-creare-reel-virali-su-instagram;Come creare Reel virali su Instagram;Reel virali Instagram;articolo correlato;0.517
/come-andare-virale-su-tiktok;Come andare virale su TikTok;/video-verticali-luso-strategico-per-i-tuoi-social;Video verticali: l’uso strategico per i tuoi social;Video Verticali: Strategia Social per il Tuo Marketing;articolo correlato;0.474
/strategie-tiktok-per-aziende;Strategie TikTok per aziende;/agenzia-tiktok-come-sfruttare-il-potenziale-di-tiktok-per-il-tuo-brand;Agenzia TikTok: come sfruttare il potenziale di TikTok per il tuo brand;agenzia TikTok;articolo correlato;0.671
/strategie-tiktok-per-aziende;Strategie TikTok per aziende;/come-si-fa-a-crescere-su-tiktok-strategie-per-aumentare-visibilita-e-engagement;Come si fa a crescere su TikTok? Strategie per aumentare visibilità e engagement;crescere su TikTok;articolo correlato;0.671
/strategie-tiktok-per-aziende;Strategie TikTok per aziende;/come-funzionano-le-agenzie-su-tiktok-scopri-come-potenziare-il-tuo-brand;Come funzionano le agenzie su TikTok? Scopri come potenziare il tuo brand;agenzie TikTok;articolo correlato;0.608
/strategie-tiktok-per-aziende;Strategie TikTok per aziende;/gestione-social-media-palermo;Gestione social media Palermo;Gestione social media;pagina servizio pertinente;0.607
/tiktok-per-negozi-conviene-davvero;TikTok per negozi: conviene davvero?;/lavora-con-noi;Lavora con noi;Carriere in Max Digital Innovation;pagina servizio pertinente;0.528
/tiktok-per-negozi-conviene-davvero;TikTok per negozi: conviene davvero?;/integrazione-di-piattaforme-tiktok-e-commerce-un-nuovo-orizzonte-per-i-commercianti-a-palermo;Integrazione di piattaforme TikTok E-Commerce: un nuovo orizzonte per i commercianti a Palermo;TikTok E-commerce a Palermo;articolo correlato;0.525
/tiktok-per-negozi-conviene-davvero;TikTok per negozi: conviene davvero?;/video-verticali-luso-strategico-per-i-tuoi-social;Video verticali: l’uso strategico per i tuoi social;Video Verticali: Strategia Social per il Tuo Marketing;articolo correlato;0.474
/tiktok-per-negozi-conviene-davvero;TikTok per negozi: conviene davvero?;/strategie-tiktok-per-aziende;Strategie TikTok per aziende;Strategie TikTok per aziende;articolo correlato;0.45
/quanto-dura-un-video-tiktok-ideale;Quanto dura un video TikTok ideale;/come-creare-reel-virali-su-instagram;Come creare Reel virali su Instagram;Reel virali Instagram;articolo correlato;0.583
/quanto-dura-un-video-tiktok-ideale;Quanto dura un video TikTok ideale;/algoritmo-tiktok-tutto-quello-che-devi-sapere;Algoritmo TikTok: tutto quello che devi sapere;algoritmo TikTok;articolo correlato;0.517
/quanto-dura-un-video-tiktok-ideale;Quanto dura un video TikTok ideale;/integrazione-di-piattaforme-tiktok-e-commerce-un-nuovo-orizzonte-per-i-commercianti-a-palermo;Integrazione di piattaforme TikTok E-Commerce: un nuovo orizzonte per i commercianti a Palermo;TikTok E-commerce a Palermo;articolo correlato;0.466
/quanto-dura-un-video-tiktok-ideale;Quanto dura un video TikTok ideale;/lavora-con-noi;Lavora con noi;Carriere in Max Digital Innovation;pagina servizio pertinente;0.465
/come-far-crescere-il-tuo-profilo-in-6-giorni;Come far crescere il tuo profilo in 6 giorni;/come-far-crescere-il-tuo-profilo-tiktok-in-6-giorni;Come far crescere il tuo profilo TikTok in 6 giorni;Crescere su TikTok in 6 Giorni: Strategie per Aziende;articolo correlato;0.874
/come-far-crescere-il-tuo-profilo-in-6-giorni;Come far crescere il tuo profilo in 6 giorni;/gestione-social-media-palermo;Gestione social media Palermo;Gestione social media;pagina servizio pertinente;0.584
/come-far-crescere-il-tuo-profilo-in-6-giorni;Come far crescere il tuo profilo in 6 giorni;/come-aumentare-le-visualizzazioni-su-tiktok;Come aumentare le visualizzazioni su TikTok;aumentare visualizzazioni TikTok;articolo correlato;0.551
/come-far-crescere-il-tuo-profilo-in-6-giorni;Come far crescere il tuo profilo in 6 giorni;/lavora-con-noi;Lavora con noi;Carriere in Max Digital Innovation;pagina servizio pertinente;0.516
/come-far-crescere-il-tuo-profilo-tiktok-in-6-giorni;Come far crescere il tuo profilo TikTok in 6 giorni;/come-far-crescere-il-tuo-profilo-in-6-giorni;Come far crescere il tuo profilo in 6 giorni;Cresci su TikTok in 6 Giorni;articolo correlato;0.874
/come-far-crescere-il-tuo-profilo-tiktok-in-6-giorni;Come far crescere il tuo profilo TikTok in 6 giorni;/gestione-social-media-palermo;Gestione social media Palermo;Gestione social media;pagina servizio pertinente;0.584
/come-far-crescere-il-tuo-profilo-tiktok-in-6-giorni;Come far crescere il tuo profilo TikTok in 6 giorni;/strategie-tiktok-per-aziende;Strategie TikTok per aziende;Strategie TikTok per aziende;articolo correlato;0.551
/come-far-crescere-il-tuo-profilo-tiktok-in-6-giorni;Come far crescere il tuo profilo TikTok in 6 giorni;/agenzia-tiktok-come-sfruttare-il-potenziale-di-tiktok-per-il-tuo-brand;Agenzia TikTok: come sfruttare il potenziale di TikTok per il tuo brand;agenzia TikTok;articolo correlato;0.523
/produzione-video-a-palermo-come-scegliere-lagenzia-giusta;Produzione video a Palermo: come scegliere l'agenzia giusta;/realizzazione-video-sicilia;Realizzazione video Sicilia;Realizzazione video Sicilia;articolo correlato;0.583
/produzione-video-a-palermo-come-scegliere-lagenzia-giusta;Produzione video a Palermo: come scegliere l'agenzia giusta;/produzione-video-palermo;Produzione video Palermo;Produzione video Palermo;pagina servizio pertinente;0.553
/produzione-video-a-palermo-come-scegliere-lagenzia-giusta;Produzione video a Palermo: come scegliere l'agenzia giusta;/gestione-social-media-palermo;Gestione social media Palermo;Gestione social media;pagina servizio pertinente;0.543
/produzione-video-a-palermo-come-scegliere-lagenzia-giusta;Produzione video a Palermo: come scegliere l'agenzia giusta;/agenzia-di-comunicazione-video-limpatto-del-visual-marketing;Agenzia di comunicazione video: l’impatto del visual marketing;agenzia comunicazione video;articolo correlato;0.474
/video-aziendali-a-palermo-perche-aumentano-le-vendite;Video aziendali a Palermo: perché aumentano le vendite;/come-pubblicizzare-la-tua-ottica-a-palermo;Come Pubblicizzare la tua Ottica a Palermo;pubblicizzare ottica Palermo;articolo correlato;0.57
/video-aziendali-a-palermo-perche-aumentano-le-vendite;Video aziendali a Palermo: perché aumentano le vendite;/marketing-online-per-il-tuo-negozio-di-abbigliamento;Marketing Online per il Tuo Negozio di Abbigliamento;Marketing Digitale per Negozi di Abbigliamento a Palermo;articolo correlato;0.557
/video-aziendali-a-palermo-perche-aumentano-le-vendite;Video aziendali a Palermo: perché aumentano le vendite;/web-marketing-per-la-tua-parruccheria;Web Marketing per la tua Parruccheria;web marketing per parrucchieri a Palermo;articolo correlato;0.557
/video-aziendali-a-palermo-perche-aumentano-le-vendite;Video aziendali a Palermo: perché aumentano le vendite;/come-promuovere-il-tuo-salone-di-bellezza-a-palermo;Come Promuovere il Tuo Salone di Bellezza a Palermo;Salone di Bellezza Palermo: Strategie di Marketing Digitale;articolo correlato;0.535
/creazione-video-virali-palermo;Creazione video virali Palermo;/produzione-video-virali-per-la-tua-attivita-palermo;Produzione video virali per la tua attività Palermo;Produzione video virali per la tua attività Palermo;articolo correlato;0.717
/creazione-video-virali-palermo;Creazione video virali Palermo;/realizzazione-video-virali-palermo;Realizzazione video virali Palermo;Realizzazione video virali Palermo;articolo correlato;0.667
/creazione-video-virali-palermo;Creazione video virali Palermo;/produzione-video-virali-palermo;Produzione video virali Palermo;Produzione video virali Palermo;articolo correlato;0.65
/creazione-video-virali-palermo;Creazione video virali Palermo;/produzione-video-virali-sicilia;Produzione video virali Sicilia;Produzione video virali Sicilia;articolo correlato;0.6
/produzione-video-virali-palermo;Produzione video virali Palermo;/produzione-video-virali-per-la-tua-attivita-palermo;Produzione video virali per la tua attività Palermo;Produzione video virali per la tua attività Palermo;articolo correlato;0.85
/produzione-video-virali-palermo;Produzione video virali Palermo;/gestione-social-media-palermo;Gestione social media Palermo;Gestione social media;pagina servizio pertinente;0.672
/produzione-video-virali-palermo;Produzione video virali Palermo;/produzione-video-virali-sicilia;Produzione video virali Sicilia;Produzione video virali Sicilia;articolo correlato;0.667
/produzione-video-virali-palermo;Produzione video virali Palermo;/creazione-video-virali-palermo;Creazione video virali Palermo;Video Virali Palermo;articolo correlato;0.65
/realizzazione-video-virali-palermo;Realizzazione video virali Palermo;/creazione-video-virali-palermo;Creazione video virali Palermo;Video Virali Palermo;articolo correlato;0.667
/realizzazione-video-virali-palermo;Realizzazione video virali Palermo;/produzione-video-virali-per-la-tua-attivita-palermo;Produzione video virali per la tua attività Palermo;Produzione video virali per la tua attività Palermo;articolo correlato;0.667
/realizzazione-video-virali-palermo;Realizzazione video virali Palermo;/produzione-video-virali-palermo;Produzione video virali Palermo;Produzione video virali Palermo;articolo correlato;0.6
/realizzazione-video-virali-palermo;Realizzazione video virali Palermo;/produzione-video-virali-sicilia;Produzione video virali Sicilia;Produzione video virali Sicilia;articolo correlato;0.583
/creazione-video-virali-sicilia;Creazione video virali Sicilia;/servizi-di-comunicazione-digitale-la-chiave-per-il-successo-nel-mondo-online;Servizi di comunicazione digitale: la chiave per il successo nel mondo online;servizi di comunicazione digitale;articolo correlato;0.668
/creazione-video-virali-sicilia;Creazione video virali Sicilia;/marketing-digitale-a-palermo-la-chiave-per-il-successo-della-tua-attivita;Marketing Digitale a Palermo: La Chiave per il Successo della Tua Attività;marketing digitale Palermo;articolo correlato;0.621
/creazione-video-virali-sicilia;Creazione video virali Sicilia;/lavora-con-noi;Lavora con noi;Carriere in Max Digital Innovation;pagina servizio pertinente;0.59
/creazione-video-virali-sicilia;Creazione video virali Sicilia;/;Home;Agenzia Marketing;pagina servizio pertinente;0.585
/produzione-video-virali-sicilia;Produzione video virali Sicilia;/produzione-video-virali-palermo;Produzione video virali Palermo;Produzione video virali Palermo;articolo correlato;0.667
/produzione-video-virali-sicilia;Produzione video virali Sicilia;/produzione-video-virali-per-la-tua-attivita-palermo;Produzione video virali per la tua attività Palermo;Produzione video virali per la tua attività Palermo;articolo correlato;0.667
/produzione-video-virali-sicilia;Produzione video virali Sicilia;/realizzazione-video-virali-trapani;Realizzazione video virali Trapani;Realizzazione video virali Trapani;articolo correlato;0.65
/produzione-video-virali-sicilia;Produzione video virali Sicilia;/creazione-video-virali-palermo;Creazione video virali Palermo;Video Virali Palermo;articolo correlato;0.6
/realizzazione-video-sicilia;Realizzazione video Sicilia;/produzione-video-professionale-palermo-tutto-quello-che-devi-sapere;Produzione video professionale Palermo: tutto quello che devi sapere;Produzione video professionale Palermo;articolo correlato;0.6
/realizzazione-video-sicilia;Realizzazione video Sicilia;/agenzia-di-comunicazione-video-limpatto-del-visual-marketing;Agenzia di comunicazione video: l’impatto del visual marketing;agenzia comunicazione video;articolo correlato;0.596
/realizzazione-video-sicilia;Realizzazione video Sicilia;/produzione-video-a-palermo-come-scegliere-lagenzia-giusta;Produzione video a Palermo: come scegliere l'agenzia giusta;produzione video Palermo;articolo correlato;0.583
/realizzazione-video-sicilia;Realizzazione video Sicilia;/produzione-video-palermo;Produzione video Palermo;Produzione video Palermo;pagina servizio pertinente;0.553
/produzione-video-virali-per-la-tua-attivita-palermo;Produzione video virali per la tua attività Palermo;/produzione-video-virali-palermo;Produzione video virali Palermo;Produzione video virali Palermo;articolo correlato;0.85
/produzione-video-virali-per-la-tua-attivita-palermo;Produzione video virali per la tua attività Palermo;/creazione-video-virali-palermo;Creazione video virali Palermo;Video Virali Palermo;articolo correlato;0.717
/produzione-video-virali-per-la-tua-attivita-palermo;Produzione video virali per la tua attività Palermo;/realizzazione-video-virali-palermo;Realizzazione video virali Palermo;Realizzazione video virali Palermo;articolo correlato;0.667
/produzione-video-virali-per-la-tua-attivita-palermo;Produzione video virali per la tua attività Palermo;/produzione-video-virali-sicilia;Produzione video virali Sicilia;Produzione video virali Sicilia;articolo correlato;0.667
/realizzazione-video-virali-trapani;Realizzazione video virali Trapani;/produzione-video-virali-per-la-tua-attivita-palermo;Produzione video virali per la tua attività Palermo;Produzione video virali per la tua attività Palermo;articolo correlato;0.667
/realizzazione-video-virali-trapani;Realizzazione video virali Trapani;/produzione-video-virali-sicilia;Produzione video virali Sicilia;Produzione video virali Sicilia;articolo correlato;0.65
/realizzazione-video-virali-trapani;Realizzazione video virali Trapani;/produzione-video-virali-palermo;Produzione video virali Palermo;Produzione video virali Palermo;articolo correlato;0.6
/realizzazione-video-virali-trapani;Realizzazione video virali Trapani;/realizzazione-video-virali-palermo;Realizzazione video virali Palermo;Realizzazione video virali Palermo;articolo correlato;0.583
/produzione-video-palermo-perche-oggi-e-indispensabile-per-ogni-azienda;Produzione video Palermo: perché oggi è indispensabile per ogni azienda;/produzione-video-professionale-palermo-tutto-quello-che-devi-sapere;Produzione video professionale Palermo: tutto quello che devi sapere;Produzione video professionale Palermo;articolo correlato;0.65
/produzione-video-palermo-perche-oggi-e-indispensabile-per-ogni-azienda;Produzione video Palermo: perché oggi è indispensabile per ogni azienda;/produzione-video-palermo;Produzione video Palermo;Produzione video Palermo;pagina servizio pertinente;0.553
/produzione-video-palermo-perche-oggi-e-indispensabile-per-ogni-azienda;Produzione video Palermo: perché oggi è indispensabile per ogni azienda;/realizzazione-video-sicilia;Realizzazione video Sicilia;Realizzazione video Sicilia;articolo correlato;0.533
/produzione-video-palermo-perche-oggi-e-indispensabile-per-ogni-azienda;Produzione video Palermo: perché oggi è indispensabile per ogni azienda;/digital-strategies;Digital Strategies;Strategie Digitali;pagina servizio pertinente;0.524
/video-promozionali-per-la-tua-azienda-palermo-funzionano-davvero;Video promozionali per la tua azienda Palermo: funzionano davvero?;/realizzazione-video-virali-palermo;Realizzazione video virali Palermo;Realizzazione video virali Palermo;articolo correlato;0.583
/video-promozionali-per-la-tua-azienda-palermo-funzionano-davvero;Video promozionali per la tua azienda Palermo: funzionano davvero?;/gestione-social-media-palermo;Gestione social media Palermo;Gestione social media;pagina servizio pertinente;0.543
/video-promozionali-per-la-tua-azienda-palermo-funzionano-davvero;Video promozionali per la tua azienda Palermo: funzionano davvero?;/5-consigli-preziosi-per-pubblicizzare-la-propria-azienda-a-palermo-su-google;5 Consigli Preziosi per Pubblicizzare la Propria Azienda su Google;pubblicizzare azienda Google Palermo;articolo correlato;0.535
/video-promozionali-per-la-tua-azienda-palermo-funzionano-davvero;Video promozionali per la tua azienda Palermo: funzionano davvero?;/produzione-video-palermo;Produzione video Palermo;Produzione video Palermo;pagina servizio pertinente;0.487
/produzione-video-professionale-palermo-tutto-quello-che-devi-sapere;Produzione video professionale Palermo: tutto quello che devi sapere;/produzione-video-palermo-perche-oggi-e-indispensabile-per-ogni-azienda;Produzione video Palermo: perché oggi è indispensabile per ogni azienda;Produzione video Palermo;articolo correlato;0.65
/produzione-video-professionale-palermo-tutto-quello-che-devi-sapere;Produzione video professionale Palermo: tutto quello che devi sapere;/realizzazione-video-sicilia;Realizzazione video Sicilia;Realizzazione video Sicilia;articolo correlato;0.6
/produzione-video-professionale-palermo-tutto-quello-che-devi-sapere;Produzione video professionale Palermo: tutto quello che devi sapere;/servizi-digitali-palermo;Servizi digitali Palermo;servizi digitali;pagina servizio pertinente;0.553
/produzione-video-professionale-palermo-tutto-quello-che-devi-sapere;Produzione video professionale Palermo: tutto quello che devi sapere;/produzione-video-palermo;Produzione video Palermo;Produzione video Palermo;pagina servizio pertinente;0.553
/come-trasformare-un-semplice-video-in-un-contenuto-virale-a-palermo;Come trasformare un semplice video in un contenuto virale a Palermo;/lavora-con-noi;Lavora con noi;Carriere in Max Digital Innovation;pagina servizio pertinente;0.618
/come-trasformare-un-semplice-video-in-un-contenuto-virale-a-palermo;Come trasformare un semplice video in un contenuto virale a Palermo;/come-trasformare-unidea-in-un-video-virale-di-successo;Dall'idea alla viralità: come trasformare un semplice video in un successo;video virale;articolo correlato;0.551
/come-trasformare-un-semplice-video-in-un-contenuto-virale-a-palermo;Come trasformare un semplice video in un contenuto virale a Palermo;/produzione-video-virali-palermo;Produzione video virali Palermo;Produzione video virali Palermo;articolo correlato;0.533
/come-trasformare-un-semplice-video-in-un-contenuto-virale-a-palermo;Come trasformare un semplice video in un contenuto virale a Palermo;/i-trend-del-2025-cosa-funziona-davvero-sui-social;I trend del 2025: cosa funziona davvero sui social;trend social 2025;articolo correlato;0.524
/perche-ogni-attivita-di-palermo-dovrebbe-pubblicare-video-2;Perché ogni attività di Palermo dovrebbe pubblicare video;/realizzazione-video-virali-trapani;Realizzazione video virali Trapani;Realizzazione video virali Trapani;articolo correlato;0.566
/perche-ogni-attivita-di-palermo-dovrebbe-pubblicare-video-2;Perché ogni attività di Palermo dovrebbe pubblicare video;/marketing-digitale-a-palermo-la-chiave-per-il-successo-della-tua-attivita;Marketing Digitale a Palermo: La Chiave per il Successo della Tua Attività;marketing digitale Palermo;articolo correlato;0.544
/perche-ogni-attivita-di-palermo-dovrebbe-pubblicare-video-2;Perché ogni attività di Palermo dovrebbe pubblicare video;/servizi-digitali-palermo;Servizi digitali Palermo;servizi digitali;pagina servizio pertinente;0.543
/perche-ogni-attivita-di-palermo-dovrebbe-pubblicare-video-2;Perché ogni attività di Palermo dovrebbe pubblicare video;/digital-marketing-palermo;Digital marketing Palermo;Digital marketing Palermo;pagina servizio pertinente;0.543
/web-agency-a-palermo-per-il-settore-immobiliare-la-chiave-per-il-successo-online;Web Agency a Palermo per il Settore Immobiliare: La Chiave per il Successo Online;/innovazione-digitale-pmi-competitive;Le piccole e medie imprese e l’innovazione digitale: come restare competitivi;innovazione digitale PMI;recupero pagina orfana;0.316
/le-11-regole-per-un-sito-web-efficace;Le 11 Regole per un Sito Web Efficace;/design-responsivo-sito-web-successo-online;Perché un design responsive è fondamentale per il tuo sito web;Design Responsive;recupero pagina orfana;0.353
/ecco-perche-un-sito-web-a-palermo-e-cosi-essenziale-per-la-tua-attivita;Ecco Perché un Sito Web è Così Essenziale per la Tua Attività;/perche-un-sito-web-professionale-e-la-chiave-del-successo-per-ogni-impresa;Perché un sito web professionale è la chiave del successo per ogni impresa;sito web professionale;recupero pagina orfana;0.368
/come-realizzare-un-sito-web-efficace-le-migliori-alternative-per-creare-un-percorso-di-successo-online;Come Realizzare un Sito Web Efficace: Le Migliori Alternative per Creare un Percorso di Successo Online;/perche-un-sito-web-professionale-e-la-chiave-del-successo-per-ogni-impresa;Perché un sito web professionale è la chiave del successo per ogni impresa;sito web professionale;recupero pagina orfana;0.35
/cybersecurity-per-aziende;Cybersecurity per le aziende: come proteggere il tuo sito web e i dati dei clienti;/perche-un-sito-web-professionale-e-la-chiave-del-successo-per-ogni-impresa;Perché un sito web professionale è la chiave del successo per ogni impresa;sito web professionale;recupero pagina orfana;0.344
/agenzia-di-comunicazione-creativa-idee-e-strategie-per-il-tuo-brand;Agenzia di comunicazione creativa: idee e strategie per il tuo brand;/dem-marketing-come-usarlo-nel-2024-per-massimizzare-i-risultati;DEM Marketing: Come Usarlo nel 2024 per Massimizzare i Risultati;DEM marketing;recupero pagina orfana;0.354
/piano-di-marketing-cose-e-come-crearlo-con-successo;Piano di Marketing: Cos’è e Come Crearlo con Successo;/dem-marketing-come-usarlo-nel-2024-per-massimizzare-i-risultati;DEM Marketing: Come Usarlo nel 2024 per Massimizzare i Risultati;DEM marketing;recupero pagina orfana;0.343
/servizi-digitali-palermo;Servizi digitali Palermo;/dem-marketing-come-usarlo-nel-2024-per-massimizzare-i-risultati;DEM Marketing: Come Usarlo nel 2024 per Massimizzare i Risultati;DEM marketing;recupero pagina orfana;0.304
/ecco-perche-un-sito-web-a-palermo-e-cosi-essenziale-per-la-tua-attivita;Ecco Perché un Sito Web è Così Essenziale per la Tua Attività;/realizzazione-siti-web-per-bb-a-palermo-hotel-motel-e-strutture-ricettive-tutto-quello-che-ce-da-sapere;"Realizzazione Siti Web per B&amp;B, Hotel, Motel e Strutture Ricettive: Tutto Quello che C'è da Sapere!";Siti Web per B&B;recupero pagina orfana;0.389
/hai-bisogno-di-uno-store-online-per-la-tua-attivita-offriamo-realizzazione-e-commerce-a-palermo;Hai Bisogno di uno Store Online per la tua Attività?;/realizzazione-siti-web-per-bb-a-palermo-hotel-motel-e-strutture-ricettive-tutto-quello-che-ce-da-sapere;"Realizzazione Siti Web per B&amp;B, Hotel, Motel e Strutture Ricettive: Tutto Quello che C'è da Sapere!";Siti Web per B&B;recupero pagina orfana;0.364
/creare-un-video-aziendale-efficace-coinvolgente-e-professionale;"Creare un Video Aziendale Efficace, Coinvolgente e Professionale";/loghi-per-la-tua-azienda-a-palermo-caratteristiche-e-come-crearne-uno-efficace;"Logo Aziendale: Cos’è, Caratteristiche e Come Crearne uno Efficace";logo aziendale Palermo;recupero pagina orfana;0.364
/creare-un-sito-web-a-palermo-le-caratteristiche-di-unarchitettura-efficace;Struttura di un Sito Web: Le Caratteristiche di un’Architettura Efficace;/loghi-per-la-tua-azienda-a-palermo-caratteristiche-e-come-crearne-uno-efficace;"Logo Aziendale: Cos’è, Caratteristiche e Come Crearne uno Efficace";logo aziendale Palermo;recupero pagina orfana;0.303
/come-creare-un-podcast-aziendale-per-migliorare-il-posizionamento-del-brand;Come creare un podcast aziendale per migliorare il posizionamento del brand;/loghi-per-la-tua-azienda-a-palermo-caratteristiche-e-come-crearne-uno-efficace;"Logo Aziendale: Cos’è, Caratteristiche e Come Crearne uno Efficace";logo aziendale Palermo;recupero pagina orfana;0.303
/realizzazione-siti-web-per-bb-a-palermo-hotel-motel-e-strutture-ricettive-tutto-quello-che-ce-da-sapere;"Realizzazione Siti Web per B&amp;B, Hotel, Motel e Strutture Ricettive: Tutto Quello che C'è da Sapere!";/ottimizzare-la-comunicazione-grazie-allutilizzo-di-call-to-action-efficaci-per-il-tuo-sito-web-a-palermo;Ottimizzare la comunicazione grazie all’utilizzo di call to action efficaci;CTA Efficaci: Guida Completa per il Tuo Sito Web a Palermo;recupero pagina orfana;0.325
/5-consigli-preziosi-per-pubblicizzare-la-propria-azienda-a-palermo-su-google;5 Consigli Preziosi per Pubblicizzare la Propria Azienda su Google;/ottimizzare-la-comunicazione-grazie-allutilizzo-di-call-to-action-efficaci-per-il-tuo-sito-web-a-palermo;Ottimizzare la comunicazione grazie all’utilizzo di call to action efficaci;CTA Efficaci: Guida Completa per il Tuo Sito Web a Palermo;recupero pagina orfana;0.264
/web-agency-a-palermo-la-guida-completa-per-far-crescere-la-tua-attivita-online;Web Agency a Palermo: La Guida Completa per Far Crescere la Tua Attività Online;/ottimizzare-la-comunicazione-grazie-allutilizzo-di-call-to-action-efficaci-per-il-tuo-sito-web-a-palermo;Ottimizzare la comunicazione grazie all’utilizzo di call to action efficaci;CTA Efficaci: Guida Completa per il Tuo Sito Web a Palermo;recupero pagina orfana;0.264
/gestione-social-media-a-palermo-come-la-nostra-agenzia-di-comunicazione-cura-i-tuoi-social-media;Gestione Social Media a Palermo: Come la Nostra Agenzia di Comunicazione Cura i Tuoi Social Media;/come-fare-pubblicita-a-palermo-su-internet-guida-per-principianti;Come Fare Pubblicità su Internet: Guida per Principianti;Pubblicità su Internet a Palermo;recupero pagina orfana;0.485
/come-scegliere-unagenzia-di-comunicazione-efficace-la-guida-per-il-successo-del-tuo-brand;Come scegliere un’agenzia di comunicazione efficace: la guida per il successo del tuo brand;/come-fare-pubblicita-a-palermo-su-internet-guida-per-principianti;Come Fare Pubblicità su Internet: Guida per Principianti;Pubblicità su Internet a Palermo;recupero pagina orfana;0.485
/digital-agency-a-palermo-la-soluzione-completa-per-la-tua-presenza-online;Digital Agency a Palermo: La Soluzione Completa per la Tua Presenza Online;/campagne-pubblicitarie-a-palermo-la-soluzione-per-far-crescere-il-tuo-business;Campagne Pubblicitarie a Palermo: La Soluzione per Far Crescere il Tuo Business;campagne pubblicitarie a Palermo;recupero pagina orfana;0.457
/e-commerce-a-palermo;Hai Bisogno Di Un E-commerce a Palermo?;/b2b-a-palermo-cosa-puo-imparare-dal-b2c-per-sfruttare-al-meglio-il-digitale;B2B a Palermo: Cosa può Imparare dal B2C per Sfruttare al Meglio il Digitale;B2B Palermo digitale;recupero pagina orfana;0.344
/marketing-online-per-il-tuo-negozio-di-abbigliamento;Marketing Online per il Tuo Negozio di Abbigliamento;/b2b-a-palermo-cosa-puo-imparare-dal-b2c-per-sfruttare-al-meglio-il-digitale;B2B a Palermo: Cosa può Imparare dal B2C per Sfruttare al Meglio il Digitale;B2B Palermo digitale;recupero pagina orfana;0.344
/digital-agency-a-palermo-la-soluzione-completa-per-la-tua-presenza-online;Digital Agency a Palermo: La Soluzione Completa per la Tua Presenza Online;/b2b-a-palermo-cosa-puo-imparare-dal-b2c-per-sfruttare-al-meglio-il-digitale;B2B a Palermo: Cosa può Imparare dal B2C per Sfruttare al Meglio il Digitale;B2B Palermo digitale;recupero pagina orfana;0.334
/come-pubblicizzare-la-tua-ottica-a-palermo;Come Pubblicizzare la tua Ottica a Palermo;/come-pubblicizzare-la-tua-pizzeria;Come Pubblicizzare la tua Pizzeria;Pubblicità Pizzeria Palermo;recupero pagina orfana;0.387
/gestione-marketing-per-il-tuo-pub;Gestione Marketing per il Tuo Pub;/come-pubblicizzare-la-tua-pizzeria;Come Pubblicizzare la tua Pizzeria;Pubblicità Pizzeria Palermo;recupero pagina orfana;0.375
/come-promuovere-il-tuo-salone-di-bellezza-a-palermo;Come Promuovere il Tuo Salone di Bellezza a Palermo;/come-pubblicizzare-la-tua-pizzeria;Come Pubblicizzare la tua Pizzeria;Pubblicità Pizzeria Palermo;recupero pagina orfana;0.354
/pubblicita-per-il-tuo-brand-a-palermo-come-differenziarsi-dalla-massa;Brand Identity di Successo: Come Differenziarsi dalla Massa;/idee-creative-per-pubblicizzare-la-tua-panineria;Idee Creative per Pubblicizzare la tua Panineria;Pubblicizzare Panineria Palermo;recupero pagina orfana;0.4
/vendita-online-a-palermo-sui-social-unottima-vetrina-per-i-tuoi-prodotti;Vendere sui Social: Un'ottima Vetrina per i tuoi Prodotti;/idee-creative-per-pubblicizzare-la-tua-panineria;Idee Creative per Pubblicizzare la tua Panineria;Pubblicizzare Panineria Palermo;recupero pagina orfana;0.389
/gestione-social-media-per-la-tua-attivita;Gestione Social Media per la tua Attività;/idee-creative-per-pubblicizzare-la-tua-panineria;Idee Creative per Pubblicizzare la tua Panineria;Pubblicizzare Panineria Palermo;recupero pagina orfana;0.376
/come-scegliere-unagenzia-di-comunicazione-efficace-la-guida-per-il-successo-del-tuo-brand;Come scegliere un’agenzia di comunicazione efficace: la guida per il successo del tuo brand;/come-scegliere-lagenzia-pubblicitaria-a-palermo-ideale-per-la-vostra-azienda;Come Scegliere l’Agenzia Pubblicitaria Ideale per la Vostra Azienda;agenzia pubblicitaria Palermo;recupero pagina orfana;0.344
/come-fare-pubblicita-a-palermo-su-internet-guida-per-principianti;Come Fare Pubblicità su Internet: Guida per Principianti;/come-scegliere-lagenzia-pubblicitaria-a-palermo-ideale-per-la-vostra-azienda;Come Scegliere l’Agenzia Pubblicitaria Ideale per la Vostra Azienda;agenzia pubblicitaria Palermo;recupero pagina orfana;0.334
/la-tua-agenzia-di-marketing-a-palermo-per-una-crescita-su-misura;La Tua Agenzia di Marketing a Palermo per una Crescita Su Misura;/come-scegliere-lagenzia-pubblicitaria-a-palermo-ideale-per-la-vostra-azienda;Come Scegliere l’Agenzia Pubblicitaria Ideale per la Vostra Azienda;agenzia pubblicitaria Palermo;recupero pagina orfana;0.334
/copywriter-seo-per-i-social-media-perche-a-google-piace-web-agency-seo-a-palermo;Copywriter seo per i social media: perché a Google piace;/sito-web-accessibile-cose-come-crearlo-e-perche-e-importante;"Sito Web Accessibile: Cos’è, Come Crearlo e Perché è Importante";Sito Web Accessibile;recupero pagina orfana;0.369
/il-web-design-e-la-sua-evoluzione;Il Web Design e la sua Evoluzione;/sito-web-accessibile-cose-come-crearlo-e-perche-e-importante;"Sito Web Accessibile: Cos’è, Come Crearlo e Perché è Importante";Sito Web Accessibile;recupero pagina orfana;0.354
/marketing-digitale-a-palermo-la-chiave-per-il-successo-della-tua-attivita;Marketing Digitale a Palermo: La Chiave per il Successo della Tua Attività;/sognavi-un-hotel-sempre-pieno-il-web-marketing-per-il-turismo-puo-trasformare-il-tuo-sogno-in-realta;Sognavi un Hotel Sempre Pieno? Il Web Marketing per il Turismo Può Trasformare il Tuo Sogno in Realtà;web marketing hotel Palermo;recupero pagina orfana;0.465
/gestione-marketing-per-la-tua-enoteca;Gestione Marketing per la tua Enoteca;/sognavi-un-hotel-sempre-pieno-il-web-marketing-per-il-turismo-puo-trasformare-il-tuo-sogno-in-realta;Sognavi un Hotel Sempre Pieno? Il Web Marketing per il Turismo Può Trasformare il Tuo Sogno in Realtà;web marketing hotel Palermo;recupero pagina orfana;0.385
/agenzia-di-comunicazione-creativa-idee-e-strategie-per-il-tuo-brand;Agenzia di comunicazione creativa: idee e strategie per il tuo brand;/sognavi-un-hotel-sempre-pieno-il-web-marketing-per-il-turismo-puo-trasformare-il-tuo-sogno-in-realta;Sognavi un Hotel Sempre Pieno? Il Web Marketing per il Turismo Può Trasformare il Tuo Sogno in Realtà;web marketing hotel Palermo;recupero pagina orfana;0.373
/pubblicita-per-il-tuo-brand-a-palermo-come-differenziarsi-dalla-massa;Brand Identity di Successo: Come Differenziarsi dalla Massa;/quanto-costa-realizzare-un-cartello-pubblicitario-a-palermo;Quanto Costa Realizzare un Cartello Pubblicitario a Palermo?;Costo Cartello Pubblicitario a Palermo;recupero pagina orfana;0.354
/cosa-si-intende-per-pubblicita-una-guida-completa-al-mondo-pubblicitario;Cosa si intende per pubblicità? Una guida completa al mondo pubblicitario;/quanto-costa-realizzare-un-cartello-pubblicitario-a-palermo;Quanto Costa Realizzare un Cartello Pubblicitario a Palermo?;Costo Cartello Pubblicitario a Palermo;recupero pagina orfana;0.344
/come-migliorare-la-tua-brand-reputation-con-le-attivita-di-digital-marketing;Come Migliorare la Tua Brand Reputation con le Attività di Digital Marketing;/quanto-costa-realizzare-un-cartello-pubblicitario-a-palermo;Quanto Costa Realizzare un Cartello Pubblicitario a Palermo?;Costo Cartello Pubblicitario a Palermo;recupero pagina orfana;0.313
/strategie-di-marketing-per-aziende-come-costruire-un-piano-di-successo;Strategie di marketing per aziende: come costruire un piano di successo;/non-sai-come-sponsorizzare-il-tuo-progetto-artistico-scopri-le-strategie-vincenti;Non Sai Come Sponsorizzare il Tuo Progetto Artistico? Scopri le Strategie Vincenti;sponsorizzare progetto artistico;recupero pagina orfana;0.389
/scopri-come-creare-video-virali;Come creare video virali: 5 strategie che funzionano nel 2025;/non-sai-come-sponsorizzare-il-tuo-progetto-artistico-scopri-le-strategie-vincenti;Non Sai Come Sponsorizzare il Tuo Progetto Artistico? Scopri le Strategie Vincenti;sponsorizzare progetto artistico;recupero pagina orfana;0.365
/come-migliorare-la-tua-brand-reputation-con-le-attivita-di-digital-marketing;Come Migliorare la Tua Brand Reputation con le Attività di Digital Marketing;/non-sai-come-sponsorizzare-il-tuo-progetto-artistico-scopri-le-strategie-vincenti;Non Sai Come Sponsorizzare il Tuo Progetto Artistico? Scopri le Strategie Vincenti;sponsorizzare progetto artistico;recupero pagina orfana;0.354
/vuoi-aprire-unattivita-a-palermo-e-non-sai-a-chi-affidarti-ecco-come-fare-gestione-marketing-attivita-a-palermo;Vuoi Aprire un’Attività a Palermo e Non Sai a Chi Affidarti? Ecco Come Fare!;/il-partner-giusto-per-il-tuo-successo-come-trovare-uno-sponsor-affidabile-a-palermo;Il Partner Giusto per il Tuo Successo: Come Trovare uno Sponsor Affidabile a Palermo;sponsor affidabile Palermo;recupero pagina orfana;0.379
/che-cose-unazienda-di-marketing-scopri-il-motore-del-successo-aziendale;Che cos’è un’azienda di marketing? Scopri il motore del successo aziendale;/il-partner-giusto-per-il-tuo-successo-come-trovare-uno-sponsor-affidabile-a-palermo;Il Partner Giusto per il Tuo Successo: Come Trovare uno Sponsor Affidabile a Palermo;sponsor affidabile Palermo;recupero pagina orfana;0.333
/web-agency-locale-a-palermo-la-tua-guida-per-conquistare-il-pubblico-della-citta;Web Agency Locale a Palermo: La Tua Guida per Conquistare il Pubblico della Città;/web-agency-a-palermo-per-eventi-massimizza-la-partecipazione-al-tuo-evento;Web Agency a Palermo per Eventi: Massimizza la Partecipazione al Tuo Evento;Web Agency Palermo Eventi;recupero pagina orfana;0.412
/copywriter-seo-per-i-social-media-perche-a-google-piace-web-agency-seo-a-palermo;Copywriter seo per i social media: perché a Google piace;/web-agency-a-palermo-per-eventi-massimizza-la-partecipazione-al-tuo-evento;Web Agency a Palermo per Eventi: Massimizza la Partecipazione al Tuo Evento;Web Agency Palermo Eventi;recupero pagina orfana;0.391
/web-agency-per-e-commerce-a-palermo-come-incrementare-le-vendite-online;Web Agency per E-commerce a Palermo: Come Incrementare le Vendite Online;/marketing-su-misura-per-il-tuo-negozio-di-giocattoli;Marketing su Misura per il Tuo Negozio di Giocattoli;marketing negozi giocattoli Palermo;recupero pagina orfana;0.424
/strategie-digitali-per-artigiani-locali-come-vendere-di-piu-online-marketing;Strategie Digitali per Artigiani Locali: Come Vendere di Più Online;/marketing-su-misura-per-il-tuo-negozio-di-giocattoli;Marketing su Misura per il Tuo Negozio di Giocattoli;marketing negozi giocattoli Palermo;recupero pagina orfana;0.344
/mobile-marketing-e-micro-momenti;Mobile Marketing e Micro-Momenti;/marketing-su-misura-per-il-tuo-negozio-di-giocattoli;Marketing su Misura per il Tuo Negozio di Giocattoli;marketing negozi giocattoli Palermo;recupero pagina orfana;0.323
/quanto-costa-un-sito-web-a-palermo;Quanto Costa un Sito Web nel 2024?;/che-tipi-di-siti-web-esistono-una-guida-per-scegliere-quello-giusto-per-te;Che tipi di siti web esistono? Una guida per scegliere quello giusto per te;tipi di siti web;recupero pagina orfana;0.4
/tipologie-di-siti-web-la-guida-definitiva-per-imprenditori;Tipologie di siti web: la guida definitiva per imprenditori;/che-tipi-di-siti-web-esistono-una-guida-per-scegliere-quello-giusto-per-te;Che tipi di siti web esistono? Una guida per scegliere quello giusto per te;tipi di siti web;recupero pagina orfana;0.389
/come-realizzare-un-sito-web-efficace-le-migliori-alternative-per-creare-un-percorso-di-successo-online;Come Realizzare un Sito Web Efficace: Le Migliori Alternative per Creare un Percorso di Successo Online;/come-si-chiama-chi-crea-un-sito-web-scopri-la-figura-del-web-developer;Come si chiama chi crea un sito web? Scopri la figura del Web Developer;chi crea un sito web;recupero pagina orfana;0.318
/hai-bisogno-di-uno-store-online-per-la-tua-attivita-offriamo-realizzazione-e-commerce-a-palermo;Hai Bisogno di uno Store Online per la tua Attività?;/come-si-chiama-chi-crea-un-sito-web-scopri-la-figura-del-web-developer;Come si chiama chi crea un sito web? Scopri la figura del Web Developer;chi crea un sito web;recupero pagina orfana;0.303
/il-web-design-e-la-sua-evoluzione;Il Web Design e la sua Evoluzione;/come-si-chiama-chi-crea-un-sito-web-scopri-la-figura-del-web-developer;Come si chiama chi crea un sito web? Scopri la figura del Web Developer;chi crea un sito web;recupero pagina orfana;0.303
/che-cosa-fa-una-web-agency-una-guida-ai-servizi-digitali-piu-richiesti;Che cosa fa una web agency? Una guida ai servizi digitali più richiesti;/quante-sono-le-web-agency-in-italia-unanalisi-del-panorama-digitale-italiano;Quante sono le web agency in Italia? Un'analisi del panorama digitale italiano;web agency Italia;recupero pagina orfana;0.379
/web-agency-a-palermo-per-il-settore-immobiliare-la-chiave-per-il-successo-online;Web Agency a Palermo per il Settore Immobiliare: La Chiave per il Successo Online;/quanto-guadagna-una-web-agency-analisi-dei-fattori-che-influenzano-i-ricavi;Quanto guadagna una web agency? Analisi dei fattori che influenzano i ricavi;quanto guadagna web agency;recupero pagina orfana;0.316
/come-si-chiama-chi-si-occupa-di-comunicazione-scopri-i-ruoli-e-le-competenze-di-questi-professionisti;Come si chiama chi si occupa di comunicazione? Scopri i ruoli e le competenze di questi professionisti;/chi-lavora-in-una-web-agency-scopri-i-ruoli-principali;Chi lavora in una web agency? Scopri i ruoli principali;chi lavora in una web agency;recupero pagina orfana;0.286
/come-diventare-un-social-media-manager-di-successo-guida-passo-dopo-passo;Come diventare un Social Media Manager di successo: guida passo dopo passo;/chi-lavora-in-una-web-agency-scopri-i-ruoli-principali;Chi lavora in una web agency? Scopri i ruoli principali;chi lavora in una web agency;recupero pagina orfana;0.278
/servizi-digitali-palermo;Servizi digitali Palermo;/chi-lavora-in-una-web-agency-scopri-i-ruoli-principali;Chi lavora in una web agency? Scopri i ruoli principali;chi lavora in una web agency;recupero pagina orfana;0.243
/come-unagenzia-di-comunicazione-e-influencer-marketing-trasforma-la-pubblicita-moderna;Come un’agenzia di comunicazione e influencer marketing trasforma la pubblicità moderna;/qual-e-il-compito-della-pubblicita-capire-lobiettivo-e-il-valore-della-comunicazione-pubblicitaria;Qual è il compito della pubblicità? Capire l’obiettivo e il valore della comunicazione pubblicitaria;compito della pubblicità;recupero pagina orfana;0.389
/cosa-si-intende-per-pubblicita-una-guida-completa-al-mondo-pubblicitario;Cosa si intende per pubblicità? Una guida completa al mondo pubblicitario;/qual-e-il-compito-della-pubblicita-capire-lobiettivo-e-il-valore-della-comunicazione-pubblicitaria;Qual è il compito della pubblicità? Capire l’obiettivo e il valore della comunicazione pubblicitaria;compito della pubblicità;recupero pagina orfana;0.368
/marketing-e-pubblicita-a-palermo-tutti-i-tipi-di-pubblicita-per-far-crescere-la-tua-attivita;Marketing e Pubblicità a Palermo: Tutti i Tipi di Pubblicità per Far Crescere la Tua Attività;/qual-e-il-compito-della-pubblicita-capire-lobiettivo-e-il-valore-della-comunicazione-pubblicitaria;Qual è il compito della pubblicità? Capire l’obiettivo e il valore della comunicazione pubblicitaria;compito della pubblicità;recupero pagina orfana;0.334
/come-scegliere-unagenzia-di-comunicazione-efficace-la-guida-per-il-successo-del-tuo-brand;Come scegliere un’agenzia di comunicazione efficace: la guida per il successo del tuo brand;/quanto-si-paga-unagenzia-di-comunicazione-guida-ai-costi-dei-servizi-di-comunicazione;Quanto si paga un'agenzia di comunicazione? Guida ai costi dei servizi di comunicazione;Costi Agenzia di Comunicazione;recupero pagina orfana;0.313
/come-fare-pubblicita-a-palermo-su-internet-guida-per-principianti;Come Fare Pubblicità su Internet: Guida per Principianti;/quanto-si-paga-unagenzia-di-comunicazione-guida-ai-costi-dei-servizi-di-comunicazione;Quanto si paga un'agenzia di comunicazione? Guida ai costi dei servizi di comunicazione;Costi Agenzia di Comunicazione;recupero pagina orfana;0.303
/come-trovare-unagenzia-di-comunicazione-consigli-per-scegliere-il-partner-giusto;Come trovare un'agenzia di comunicazione? Consigli per scegliere il partner giusto;/quanto-si-paga-unagenzia-di-comunicazione-guida-ai-costi-dei-servizi-di-comunicazione;Quanto si paga un'agenzia di comunicazione? Guida ai costi dei servizi di comunicazione;Costi Agenzia di Comunicazione;recupero pagina orfana;0.303
/come-farsi-pubblicita-gratis-strategie-efficaci-per-aumentare-la-visibilita;Come farsi pubblicità gratis? Strategie efficaci per aumentare la visibilità;/dove-fare-pubblicita-a-basso-costo-scopri-le-migliori-strategie-economiche-per-promuovere-la-tua-attivita;Dove fare pubblicità a basso costo? Scopri le migliori strategie economiche per promuovere la tua attività;pubblicità a basso costo;recupero pagina orfana;0.278
/hai-bisogno-di-uno-store-online-per-la-tua-attivita-offriamo-realizzazione-e-commerce-a-palermo;Hai Bisogno di uno Store Online per la tua Attività?;/focus-group-cose-a-che-serve-e-come-farlo-al-meglio;"Focus group: cos’è, a che serve e come farlo al meglio";focus group;recupero pagina orfana;0.243
/come-migliorare-la-tua-brand-reputation-con-le-attivita-di-digital-marketing;Come Migliorare la Tua Brand Reputation con le Attività di Digital Marketing;/focus-group-cose-a-che-serve-e-come-farlo-al-meglio;"Focus group: cos’è, a che serve e come farlo al meglio";focus group;recupero pagina orfana;0.243
/soluzioni-per-la-comunicazione-aziendale-strategie-per-far-crescere-il-tuo-brand;Soluzioni per la comunicazione aziendale: strategie per far crescere il tuo brand;/focus-group-cose-a-che-serve-e-come-farlo-al-meglio;"Focus group: cos’è, a che serve e come farlo al meglio";focus group;recupero pagina orfana;0.243
/come-strutturare-una-strategia-digitale-efficace;Come strutturare una strategia digitale efficace;/come-creare-sondaggi-online-e-raggiungere-il-tuo-pubblico-in-modo-efficace;Come creare sondaggi online e raggiungere il tuo pubblico in modo efficace;creare sondaggi online;recupero pagina orfana;0.295
/portfolio-fotografico-online-cose-e-perche-e-importante-crearlo;Portfolio fotografico online: cos’è e perché è importante crearlo;/come-creare-sondaggi-online-e-raggiungere-il-tuo-pubblico-in-modo-efficace;Come creare sondaggi online e raggiungere il tuo pubblico in modo efficace;creare sondaggi online;recupero pagina orfana;0.278
/come-creare-siti-web-professionali-e-di-qualita;Come Creare Siti Web Professionali e di Qualità;/come-ridurre-peso-delle-foto-consigli-pratici-per-immagini-piu-leggere;Come ridurre peso delle foto: consigli pratici per immagini più leggere;ridurre peso foto;recupero pagina orfana;0.177
/gestione-marketing-per-la-tua-enoteca;Gestione Marketing per la tua Enoteca;/come-ridurre-peso-delle-foto-consigli-pratici-per-immagini-piu-leggere;Come ridurre peso delle foto: consigli pratici per immagini più leggere;ridurre peso foto;recupero pagina orfana;0.122
/tutti-i-vantaggi-di-scegliere-una-web-agency-per-il-tuo-business;Tutti i vantaggi di scegliere una web agency per il tuo business;/come-ridurre-peso-delle-foto-consigli-pratici-per-immagini-piu-leggere;Come ridurre peso delle foto: consigli pratici per immagini più leggere;ridurre peso foto;recupero pagina orfana;0.118
/come-si-chiama-chi-si-occupa-di-comunicazione-scopri-i-ruoli-e-le-competenze-di-questi-professionisti;Come si chiama chi si occupa di comunicazione? Scopri i ruoli e le competenze di questi professionisti;/cosa-fa-un-ufficio-di-comunicazione-scopri-il-cuore-della-strategia-aziendale;Cosa fa un ufficio di comunicazione? Scopri il cuore della strategia aziendale;ufficio di comunicazione;recupero pagina orfana;0.343
/comunicazione-per-la-crescita-aziendale-strategie-per-raggiungere-il-successo;Comunicazione per la crescita aziendale: strategie per raggiungere il successo;/cosa-fa-un-ufficio-di-comunicazione-scopri-il-cuore-della-strategia-aziendale;Cosa fa un ufficio di comunicazione? Scopri il cuore della strategia aziendale;ufficio di comunicazione;recupero pagina orfana;0.343
/che-cose-unazienda-di-marketing-scopri-il-motore-del-successo-aziendale;Che cos’è un’azienda di marketing? Scopri il motore del successo aziendale;/cosa-fa-un-ufficio-di-comunicazione-scopri-il-cuore-della-strategia-aziendale;Cosa fa un ufficio di comunicazione? Scopri il cuore della strategia aziendale;ufficio di comunicazione;recupero pagina orfana;0.333
/come-scegliere-unagenzia-di-comunicazione-efficace-la-guida-per-il-successo-del-tuo-brand;Come scegliere un’agenzia di comunicazione efficace: la guida per il successo del tuo brand;/scegliere-la-giusta-agenzia-di-comunicazione-consigli-e-strategie-per-trovare-il-partner-ideale;Scegliere la giusta agenzia di comunicazione: consigli e strategie per trovare il partner ideale;Scegliere Agenzia Comunicazione;recupero pagina orfana;0.459
/seo-e-sem;SEO e SEM;/come-sfruttare-al-meglio-i-test-a-b-per-aumentare-le-conversioni;Come sfruttare al meglio i Test A/B per aumentare le conversioni;Test A/B conversioni;recupero pagina orfana;0.25
/marketing-online-per-il-tuo-negozio-di-abbigliamento;Marketing Online per il Tuo Negozio di Abbigliamento;/come-sfruttare-al-meglio-i-test-a-b-per-aumentare-le-conversioni;Come sfruttare al meglio i Test A/B per aumentare le conversioni;Test A/B conversioni;recupero pagina orfana;0.243
/agenzia-di-comunicazione-per-e-commerce-vendere-di-piu-online;Agenzia di comunicazione per e-commerce: vendere di più online;/come-sfruttare-al-meglio-i-test-a-b-per-aumentare-le-conversioni;Come sfruttare al meglio i Test A/B per aumentare le conversioni;Test A/B conversioni;recupero pagina orfana;0.243
/il-partner-giusto-per-il-tuo-successo-come-trovare-uno-sponsor-affidabile-a-palermo;Il Partner Giusto per il Tuo Successo: Come Trovare uno Sponsor Affidabile a Palermo;/come-trovare-il-co-founder-perfetto-per-la-tua-startup-e-lo-sponsor-ideale-per-la-tua-crescita;Come trovare il Co-Founder perfetto per la tua Startup e lo sponsor ideale per la tua crescita;sponsor ideale per la tua startup;recupero pagina orfana;0.229
/come-realizzare-un-sito-web-efficace-le-migliori-alternative-per-creare-un-percorso-di-successo-online;Come Realizzare un Sito Web Efficace: Le Migliori Alternative per Creare un Percorso di Successo Online;/come-trovare-il-co-founder-perfetto-per-la-tua-startup-e-lo-sponsor-ideale-per-la-tua-crescita;Come trovare il Co-Founder perfetto per la tua Startup e lo sponsor ideale per la tua crescita;sponsor ideale per la tua startup;recupero pagina orfana;0.159
/e-commerce-a-palermo;Hai Bisogno Di Un E-commerce a Palermo?;/come-trovare-il-co-founder-perfetto-per-la-tua-startup-e-lo-sponsor-ideale-per-la-tua-crescita;Come trovare il Co-Founder perfetto per la tua Startup e lo sponsor ideale per la tua crescita;sponsor ideale per la tua startup;recupero pagina orfana;0.121
/come-fare-unottima-pubblicita-strategie-vincenti-per-il-tuo-successo;Come fare un’ottima pubblicità? Strategie vincenti per il tuo successo;/i-migliori-formati-banner-per-ottimizzare-le-tue-campagne-pubblicitarie;I Migliori Formati Banner per ottimizzare le tue campagne pubblicitarie;formati banner;recupero pagina orfana;0.243
/aumentare-le-vendite-ecommerce-non-sei-soddisfatto-della-tua-agenzia;Aumentare le Vendite eCommerce: Non Sei Soddisfatto della Tua Agenzia?;/black-friday-2024-come-preparare-il-tuo-e-commerce-a-palermo-per-massimizzare-le-vendite;Black Friday 2024: come preparare il tuo e-commerce a Palermo per massimizzare le vendite;Black Friday 2024 Palermo e-commerce;recupero pagina orfana;0.444
/web-agency-per-e-commerce-a-palermo-come-incrementare-le-vendite-online;Web Agency per E-commerce a Palermo: Come Incrementare le Vendite Online;/black-friday-2024-come-preparare-il-tuo-e-commerce-a-palermo-per-massimizzare-le-vendite;Black Friday 2024: come preparare il tuo e-commerce a Palermo per massimizzare le vendite;Black Friday 2024 Palermo e-commerce;recupero pagina orfana;0.4
/marketing-e-pubblicita-a-palermo-tutti-i-tipi-di-pubblicita-per-far-crescere-la-tua-attivita;Marketing e Pubblicità a Palermo: Tutti i Tipi di Pubblicità per Far Crescere la Tua Attività;/black-friday-2024-come-preparare-il-tuo-e-commerce-a-palermo-per-massimizzare-le-vendite;Black Friday 2024: come preparare il tuo e-commerce a Palermo per massimizzare le vendite;Black Friday 2024 Palermo e-commerce;recupero pagina orfana;0.343
/soluzioni-per-la-comunicazione-aziendale-strategie-per-far-crescere-il-tuo-brand;Soluzioni per la comunicazione aziendale: strategie per far crescere il tuo brand;/quanto-e-importante-il-feedback-dei-clienti-per-migliorare-il-tuo-business;Quanto è importante il feedback dei clienti per migliorare il tuo business?;feedback clienti;recupero pagina orfana;0.424
/strategie-di-marketing-per-aziende-come-costruire-un-piano-di-successo;Strategie di marketing per aziende: come costruire un piano di successo;/quanto-e-importante-il-feedback-dei-clienti-per-migliorare-il-tuo-business;Quanto è importante il feedback dei clienti per migliorare il tuo business?;feedback clienti;recupero pagina orfana;0.343
/reputazione_online_cose_perche_conta_e_come_verificarla;Reputazione online: perché è importante e come gestirla efficacemente;/quanto-e-importante-il-feedback-dei-clienti-per-migliorare-il-tuo-business;Quanto è importante il feedback dei clienti per migliorare il tuo business?;feedback clienti;recupero pagina orfana;0.334
/marketing-digitale-a-palermo-la-chiave-per-il-successo-della-tua-attivita;Marketing Digitale a Palermo: La Chiave per il Successo della Tua Attività;/la-gen-z-e-il-nuovo-percorso-di-acquisto-come-adattare-la-tua-strategia-di-marketing;La Gen Z e il nuovo percorso di acquisto: come adattare la tua strategia di marketing;Gen Z: Strategie di Marketing per il Nuovo Percorso;recupero pagina orfana;0.445
/vendita-online-a-palermo-sui-social-unottima-vetrina-per-i-tuoi-prodotti;Vendere sui Social: Un'ottima Vetrina per i tuoi Prodotti;/la-gen-z-e-il-nuovo-percorso-di-acquisto-come-adattare-la-tua-strategia-di-marketing;La Gen Z e il nuovo percorso di acquisto: come adattare la tua strategia di marketing;Gen Z: Strategie di Marketing per il Nuovo Percorso;recupero pagina orfana;0.421
/servizi-digitali-palermo;Servizi digitali Palermo;/la-gen-z-e-il-nuovo-percorso-di-acquisto-come-adattare-la-tua-strategia-di-marketing;La Gen Z e il nuovo percorso di acquisto: come adattare la tua strategia di marketing;Gen Z: Strategie di Marketing per il Nuovo Percorso;recupero pagina orfana;0.415
/il-marketing-per-attivita-locali-i-vantaggi-di-affidarsi-a-una-web-agency;Il Marketing per Attività Locali;/marketing-sostenibile-cose-e-come-farlo;Marketing sostenibile: cos’è e come farlo;marketing sostenibile Palermo;recupero pagina orfana;0.323
/agenzia-di-comunicazione-creativa-idee-e-strategie-per-il-tuo-brand;Agenzia di comunicazione creativa: idee e strategie per il tuo brand;/marketing-sostenibile-cose-e-come-farlo;Marketing sostenibile: cos’è e come farlo;marketing sostenibile Palermo;recupero pagina orfana;0.313
/gestione-marketing-per-la-tua-hamburgeria;Gestione Marketing per la tua Hamburgeria;/marketing-sostenibile-cose-e-come-farlo;Marketing sostenibile: cos’è e come farlo;marketing sostenibile Palermo;recupero pagina orfana;0.303
/digital-agency-a-palermo-la-soluzione-completa-per-la-tua-presenza-online;Digital Agency a Palermo: La Soluzione Completa per la Tua Presenza Online;/tutti-i-vantaggi-di-scegliere-una-web-agency-per-il-tuo-business;Tutti i vantaggi di scegliere una web agency per il tuo business;vantaggi di scegliere una web agency;recupero pagina orfana;0.364
/che-cosa-fa-una-web-agency-una-guida-ai-servizi-digitali-piu-richiesti;Che cosa fa una web agency? Una guida ai servizi digitali più richiesti;/tutti-i-vantaggi-di-scegliere-una-web-agency-per-il-tuo-business;Tutti i vantaggi di scegliere una web agency per il tuo business;vantaggi di scegliere una web agency;recupero pagina orfana;0.354
/visual-storytelling-una-storia-di-successo;Visual Storytelling: una storia di successo;/il-diario-segreto-di-una-web-agency-storie-di-successi-digitali;Il diario segreto di una web agency: storie di successi digitali;diario web agency;recupero pagina orfana;0.287
/web-agency-a-palermo-per-il-settore-immobiliare-la-chiave-per-il-successo-online;Web Agency a Palermo per il Settore Immobiliare: La Chiave per il Successo Online;/il-laboratorio-creativo-di-una-web-agency-dove-nascono-le-idee;Il laboratorio creativo di una web agency: dove nascono le idee;Laboratorio Creativo Max Digital Innovation;recupero pagina orfana;0.27
/campagne-ai-driven-marketing-automation;Dalle campagne AI-driven al marketing automation: cosa aspettarsi dal futuro digitale;/i-siti-web-del-futuro-come-saranno-nel-2050;I siti web del futuro: come saranno nel 2050?;Siti web del futuro;recupero pagina orfana;0.237
/le-commerce-in-italia-sta-cambiando-con-lintelligenza-artificiale;L’E-commerce in Italia sta Cambiando con l’Intelligenza Artificiale;/i-siti-web-del-futuro-come-saranno-nel-2050;I siti web del futuro: come saranno nel 2050?;Siti web del futuro;recupero pagina orfana;0.188
/business-innovation-cosa-chiede-il-mercato-oggi;Business Innovation: Cosa Chiede il Mercato Oggi?;/i-siti-web-del-futuro-come-saranno-nel-2050;I siti web del futuro: come saranno nel 2050?;Siti web del futuro;recupero pagina orfana;0.183
/agenzia-di-comunicazione-visiva-come-catturare-lattenzione-del-pubblico;Agenzia di comunicazione visiva: come catturare l’attenzione del pubblico;/siti-web-quando-il-design-incontra-lanima;Siti web: quando il design incontra l’anima;Siti web: design;recupero pagina orfana;0.343
/come-creare-siti-web-professionali-e-di-qualita;Come Creare Siti Web Professionali e di Qualità;/siti-web-quando-il-design-incontra-lanima;Siti web: quando il design incontra l’anima;Siti web: design;recupero pagina orfana;0.303
/come-il-social-media-manager-puo-potenziare-la-tua-strategia-di-content-marketing;Come il Social Media Manager può potenziare la tua strategia di content marketing;/siti-web-quando-il-design-incontra-lanima;Siti web: quando il design incontra l’anima;Siti web: design;recupero pagina orfana;0.303
/che-tipi-di-siti-web-esistono-una-guida-per-scegliere-quello-giusto-per-te;Che tipi di siti web esistono? Una guida per scegliere quello giusto per te;/i-custodi-dei-siti-web-chi-protegge-i-tuoi-dati;I custodi dei siti web: chi protegge i tuoi dati?;Sicurezza Siti Web;recupero pagina orfana;0.222
/le-11-regole-per-un-sito-web-efficace;Le 11 Regole per un Sito Web Efficace;/la-magia-dietro-i-siti-web-che-conquistano;La magia dietro i siti web che conquistano;siti web che funzionano;recupero pagina orfana;0.4
/branded-content-come-raccontare-il-tuo-brand-con-max-digital-innovation;Branded Content: Come Raccontare il Tuo Brand con Max Digital Innovation;/progettare-un-packaging-efficace-guida-per-valorizzare-il-tuo-prodotto;Progettare un packaging efficace: guida per valorizzare il tuo prodotto;packaging efficace;recupero pagina orfana;0.303
/come-migliorare-la-tua-brand-reputation-con-le-attivita-di-digital-marketing;Come Migliorare la Tua Brand Reputation con le Attività di Digital Marketing;/larte-della-comunicazione-di-lusso-strategie-esclusive-per-conquistare-clienti-premium;L’arte della comunicazione di lusso: strategie esclusive per conquistare clienti premium;agenzia di comunicazione per il lusso;recupero pagina orfana;0.391
/agenzia-di-comunicazione-creativa-idee-e-strategie-per-il-tuo-brand;Agenzia di comunicazione creativa: idee e strategie per il tuo brand;/larte-della-comunicazione-di-lusso-strategie-esclusive-per-conquistare-clienti-premium;L’arte della comunicazione di lusso: strategie esclusive per conquistare clienti premium;agenzia di comunicazione per il lusso;recupero pagina orfana;0.391
/soluzioni-per-la-comunicazione-aziendale-strategie-per-far-crescere-il-tuo-brand;Soluzioni per la comunicazione aziendale: strategie per far crescere il tuo brand;/larte-della-comunicazione-di-lusso-strategie-esclusive-per-conquistare-clienti-premium;L’arte della comunicazione di lusso: strategie esclusive per conquistare clienti premium;agenzia di comunicazione per il lusso;recupero pagina orfana;0.391
/gestione-social-media-a-palermo-come-la-nostra-agenzia-di-comunicazione-cura-i-tuoi-social-media;Gestione Social Media a Palermo: Come la Nostra Agenzia di Comunicazione Cura i Tuoi Social Media;/viaggi-nellera-digitale-come-unagenzia-di-comunicazione-trasforma-il-turismo-in-emozione;Viaggi nell’era digitale: come un’agenzia di comunicazione trasforma il turismo in emozione;agenzia di comunicazione per il turismo;recupero pagina orfana;0.459
/agenzia-di-comunicazione-digitale-il-futuro-della-promozione-online;Agenzia di comunicazione digitale: il futuro della promozione online;/viaggi-nellera-digitale-come-unagenzia-di-comunicazione-trasforma-il-turismo-in-emozione;Viaggi nell’era digitale: come un’agenzia di comunicazione trasforma il turismo in emozione;agenzia di comunicazione per il turismo;recupero pagina orfana;0.445
/come-migliorare-la-tua-brand-reputation-con-le-attivita-di-digital-marketing;Come Migliorare la Tua Brand Reputation con le Attività di Digital Marketing;/gestione-della-reputazione-online-come-proteggere-e-migliorare-limmagine-del-tuo-brand;Gestione della reputazione online: come proteggere e migliorare l’immagine del tuo brand;gestione reputazione online;recupero pagina orfana;0.5
/reputazione_online_cose_perche_conta_e_come_verificarla;Reputazione online: perché è importante e come gestirla efficacemente;/gestione-della-reputazione-online-come-proteggere-e-migliorare-limmagine-del-tuo-brand;Gestione della reputazione online: come proteggere e migliorare l’immagine del tuo brand;gestione reputazione online;recupero pagina orfana;0.401
/come-strutturare-una-strategia-digitale-efficace;Come strutturare una strategia digitale efficace;/come-diventare-un-social-media-manager-di-successo-guida-passo-dopo-passo;Come diventare un Social Media Manager di successo: guida passo dopo passo;Social Media Manager di successo;recupero pagina orfana;0.354
/come-il-social-media-manager-puo-potenziare-la-tua-strategia-di-content-marketing;Come il Social Media Manager può potenziare la tua strategia di content marketing;/come-diventare-un-social-media-manager-di-successo-guida-passo-dopo-passo;Come diventare un Social Media Manager di successo: guida passo dopo passo;Social Media Manager di successo;recupero pagina orfana;0.354
/che-cosa-fa-una-social-media-manager;Che cosa fa una social media manager?;/quanto-costa-farsi-gestire-un-profilo-instagram;Quanto costa farsi gestire un profilo Instagram?;Costo Gestione Instagram;recupero pagina orfana;0.471
/il-ruolo-di-un-social-media-manager-nelle-piccole-e-medie-imprese;Il ruolo di un Social Media Manager nelle piccole e medie imprese;/quanto-costa-farsi-gestire-un-profilo-instagram;Quanto costa farsi gestire un profilo Instagram?;Costo Gestione Instagram;recupero pagina orfana;0.457
/mi-serve-davvero-un-sito-web-aziendale;Mi serve davvero un sito web aziendale?;/5-errori-silenziosi-che-stai-commettendo-nel-tuo-sito-web-aziendale;5 Errori Silenziosi che Stai Commettendo nel Tuo Sito Web Aziendale;errori sito web aziendale;recupero pagina orfana;0.4
/web-agency-a-palermo-la-guida-completa-per-far-crescere-la-tua-attivita-online;Web Agency a Palermo: La Guida Completa per Far Crescere la Tua Attività Online;/il-potere-delle-landing-page-per-attivita-locali-converti-i-clienti-della-tua-citta;Il Potere delle Landing Page Locali: Converti i Clienti della Tua Città;landing page per attività locali;recupero pagina orfana;0.389
/hai-bisogno-di-uno-store-online-per-la-tua-attivita-offriamo-realizzazione-e-commerce-a-palermo;Hai Bisogno di uno Store Online per la tua Attività?;/il-potere-delle-landing-page-per-attivita-locali-converti-i-clienti-della-tua-citta;Il Potere delle Landing Page Locali: Converti i Clienti della Tua Città;landing page per attività locali;recupero pagina orfana;0.354
/usa-la-local-seo-e-porta-il-tuo-business-al-top;Usa la Local SEO e Porta il Tuo Business al Top!;/il-potere-delle-landing-page-per-attivita-locali-converti-i-clienti-della-tua-citta;Il Potere delle Landing Page Locali: Converti i Clienti della Tua Città;landing page per attività locali;recupero pagina orfana;0.354
/scopri-come-aumentare-posizionamento-seo-per-il-tuo-sito-web-su-google;Scopri come posizionare il tuo sito Web su Google;/posizionamento-zero-su-google-cose-e-come-ottenerlo;Posizionamento Zero su Google: Cos’è e Come Ottenerlo;Posizionamento Zero Google;recupero pagina orfana;0.294
/creazione-siti-web-professionali-a-palermo-costruisci-la-tua-identita-digitale;Creazione Siti Web Professionali a Palermo: Costruisci la Tua Identità Digitale;/come-unire-seo-e-branding-visivo-in-un-solo-progetto-web;Come Unire SEO e Branding Visivo in un Solo Progetto Web;integrare SEO e brand identity;recupero pagina orfana;0.334
/agenzia-di-comunicazione-visiva-come-catturare-lattenzione-del-pubblico;Agenzia di comunicazione visiva: come catturare l’attenzione del pubblico;/come-unire-seo-e-branding-visivo-in-un-solo-progetto-web;Come Unire SEO e Branding Visivo in un Solo Progetto Web;integrare SEO e brand identity;recupero pagina orfana;0.324
/reputazione_online_cose_perche_conta_e_come_verificarla;Reputazione online: perché è importante e come gestirla efficacemente;/leffetto-domino-delle-recensioni-online-per-le-attivita-locali;L’Effetto Domino delle Recensioni Online per le Attività Locali;recensioni Google aziende Palermo;recupero pagina orfana;0.359
/quali-sono-i-servizi-offerti-da-unagenzia-di-comunicazione-a-palermo;Quali Sono i Servizi Offerti da un’Agenzia di Comunicazione a Palermo?;/leffetto-domino-delle-recensioni-online-per-le-attivita-locali;L’Effetto Domino delle Recensioni Online per le Attività Locali;recensioni Google aziende Palermo;recupero pagina orfana;0.335
/usa-la-local-seo-e-porta-il-tuo-business-al-top;Usa la Local SEO e Porta il Tuo Business al Top!;/leffetto-domino-delle-recensioni-online-per-le-attivita-locali;L’Effetto Domino delle Recensioni Online per le Attività Locali;recensioni Google aziende Palermo;recupero pagina orfana;0.335
/web-agency-a-palermo-la-guida-completa-per-far-crescere-la-tua-attivita-online;Web Agency a Palermo: La Guida Completa per Far Crescere la Tua Attività Online;/siti-one-page-quando-funzionano-davvero;Siti One Page: Quando Funzionano Davvero?;vantaggi sito one page Palermo;recupero pagina orfana;0.457
/strategie-digitali-per-artigiani-locali-come-vendere-di-piu-online-marketing;Strategie Digitali per Artigiani Locali: Come Vendere di Più Online;/strategie-digitali-per-chi-apre-una-start-up-culturale-a-palermo;Strategie Digitali per Chi Apre una Start-Up Culturale a Palermo;Marketing Digitale Startup Culturali Palermo;recupero pagina orfana;0.379
/come-promuovere-la-tua-casa-vacanze-con-il-marketing-locale-digitale;Come Promuovere la Tua Casa Vacanze con il Marketing Locale Digitale;/comunicazione-digitale-per-associazioni-no-profit-come-farsi-conoscere;Comunicazione Digitale per Associazioni No Profit: Come Farsi Conoscere;marketing per associazioni Palermo;recupero pagina orfana;0.379
/marketing-e-pubblicita-a-palermo-tutti-i-tipi-di-pubblicita-per-far-crescere-la-tua-attivita;Marketing e Pubblicità a Palermo: Tutti i Tipi di Pubblicità per Far Crescere la Tua Attività;/strategie-web-per-eventi-teatrali-e-spettacoli-indipendenti;Strategie Web per Eventi Teatrali e Spettacoli Indipendenti;pubblicità eventi teatrali Palermo;recupero pagina orfana;0.4
/marketing-digitale-a-palermo-la-chiave-per-il-successo-della-tua-attivita;Marketing Digitale a Palermo: La Chiave per il Successo della Tua Attività;/strategie-web-per-eventi-teatrali-e-spettacoli-indipendenti;Strategie Web per Eventi Teatrali e Spettacoli Indipendenti;pubblicità eventi teatrali Palermo;recupero pagina orfana;0.4
/tiktok-ads-manager-guida-completa-su-come-gestire-le-tue-campagne-su-tiktok;TikTok Ads Manager: Guida Completa su Come Gestire le Tue Campagne su TikTok;/strategie-web-per-eventi-teatrali-e-spettacoli-indipendenti;Strategie Web per Eventi Teatrali e Spettacoli Indipendenti;pubblicità eventi teatrali Palermo;recupero pagina orfana;0.379
/agenzia-di-comunicazione-a-palermo-come-far-crescere-il-tuo-brand-nel-2025;Agenzia di comunicazione a Palermo: come far crescere il tuo brand nel 2025;/digitale-e-tradizione-come-promuovere-botteghe-storiche-con-nuove-strategie-comunicazione;Digitale e Tradizione: Come Promuovere un’Attività Storica con Nuove Strategie;comunicazione per botteghe storiche Palermo;recupero pagina orfana;0.28
/marketing-digitale-a-palermo-la-chiave-per-il-successo-della-tua-attivita;Marketing Digitale a Palermo: La Chiave per il Successo della Tua Attività;/digitale-e-tradizione-come-promuovere-botteghe-storiche-con-nuove-strategie-comunicazione;Digitale e Tradizione: Come Promuovere un’Attività Storica con Nuove Strategie;comunicazione per botteghe storiche Palermo;recupero pagina orfana;0.271
/3-tipi-di-marketing-a-palermo-scopri-le-strategie-per-il-successo-della-tua-attivita;3 Tipi di Marketing a Palermo: Scopri le Strategie per il Successo della Tua Attività;/digitale-e-tradizione-come-promuovere-botteghe-storiche-con-nuove-strategie-comunicazione;Digitale e Tradizione: Come Promuovere un’Attività Storica con Nuove Strategie;comunicazione per botteghe storiche Palermo;recupero pagina orfana;0.271
/come-farsi-scegliere-online-come-ostetrica-o-operatore-del-benessere-femminile;Come Farsi Scegliere Online come Ostetrica o Operatore del Benessere Femminile;/formazione-online-come-promuovere-il-tuo-corso-o-workshop-sul-web;Formazione Online: Come Promuovere il Tuo Corso o Workshop sul Web;pubblicità corsi e workshop Palermo;recupero pagina orfana;0.318
/gestione-marketing-per-il-tuo-fast-food;Gestione Marketing per il tuo Fast Food;/dalla-strada-al-web-come-promuovere-un-food-truck-a-palermo;Dalla Strada al Web: Come Promuovere un Food Truck a Palermo;marketing food Palermo;recupero pagina orfana;0.376
/gestione-social-media-per-la-tua-attivita;Gestione Social Media per la tua Attività;/dalla-strada-al-web-come-promuovere-un-food-truck-a-palermo;Dalla Strada al Web: Come Promuovere un Food Truck a Palermo;marketing food Palermo;recupero pagina orfana;0.376
/gestione-marketing-per-il-tuo-pub;Gestione Marketing per il Tuo Pub;/dalla-strada-al-web-come-promuovere-un-food-truck-a-palermo;Dalla Strada al Web: Come Promuovere un Food Truck a Palermo;marketing food Palermo;recupero pagina orfana;0.364
