ID regola;Gravità;Area;Problema;URL / elemento;Dettaglio;Risolto dal toolkit
TEC-01;critical;technical;Due plugin SEO attivi contemporaneamente (Rank Math + Yoast);(sito);Rank Math su 326 contenuti e Yoast su 278 contenuti: entrambi installati;no
LOC-02;critical;local;Indirizzo fisico e dati aziendali (P.IVA) assenti;(sito);partita IVA non presente nel sito;sì
GEO-01;critical;generative;File llms.txt assente;(sito);"nessun llms.txt dichiarato (non presente nell’export, da verificare in root)";sì
GEO-02;critical;generative;"robots.txt non regola i crawler AI (GPTBot, ClaudeBot, PerplexityBot)";(sito);robots.txt da rigenerare con direttive esplicite per i crawler AI;sì
SCH-01;critical;structured;Nessun dato strutturato personalizzato (JSON-LD) nei contenuti;/privacy-policy;nessun JSON-LD nel contenuto;sì
SCH-01;critical;structured;Nessun dato strutturato personalizzato (JSON-LD) nei contenuti;/;nessun JSON-LD nel contenuto;sì
SCH-01;critical;structured;Nessun dato strutturato personalizzato (JSON-LD) nei contenuti;/digital-strategies;nessun JSON-LD nel contenuto;sì
SCH-01;critical;structured;Nessun dato strutturato personalizzato (JSON-LD) nei contenuti;/cookie-policy;nessun JSON-LD nel contenuto;sì
SCH-01;critical;structured;Nessun dato strutturato personalizzato (JSON-LD) nei contenuti;/servizi-digitali-palermo;nessun JSON-LD nel contenuto;sì
SCH-01;critical;structured;Nessun dato strutturato personalizzato (JSON-LD) nei contenuti;/realizzazione-siti-web-a-palermo;nessun JSON-LD nel contenuto;sì
SCH-01;critical;structured;Nessun dato strutturato personalizzato (JSON-LD) nei contenuti;/gestione-social-media-palermo;nessun JSON-LD nel contenuto;sì
SCH-01;critical;structured;Nessun dato strutturato personalizzato (JSON-LD) nei contenuti;/digital-marketing-palermo;nessun JSON-LD nel contenuto;sì
SCH-01;critical;structured;Nessun dato strutturato personalizzato (JSON-LD) nei contenuti;/produzione-video-palermo;nessun JSON-LD nel contenuto;sì
SCH-01;critical;structured;Nessun dato strutturato personalizzato (JSON-LD) nei contenuti;/realizzazione-e-commerce-palermo;nessun JSON-LD nel contenuto;sì
SCH-01;critical;structured;Nessun dato strutturato personalizzato (JSON-LD) nei contenuti;/graphic-design-palermo;nessun JSON-LD nel contenuto;sì
SCH-01;critical;structured;Nessun dato strutturato personalizzato (JSON-LD) nei contenuti;/sviluppo-crm-gestionali-palermo;nessun JSON-LD nel contenuto;sì
SCH-01;critical;structured;Nessun dato strutturato personalizzato (JSON-LD) nei contenuti;/naming-palermo;nessun JSON-LD nel contenuto;sì
SCH-01;critical;structured;Nessun dato strutturato personalizzato (JSON-LD) nei contenuti;/stampe-digitali-palermo;nessun JSON-LD nel contenuto;sì
SCH-01;critical;structured;Nessun dato strutturato personalizzato (JSON-LD) nei contenuti;/lavora-con-noi;nessun JSON-LD nel contenuto;sì
SCH-01;critical;structured;Nessun dato strutturato personalizzato (JSON-LD) nei contenuti;/innovazione-digitale-pmi-competitive;nessun JSON-LD nel contenuto;sì
SCH-01;critical;structured;Nessun dato strutturato personalizzato (JSON-LD) nei contenuti;/innovazione-digitale-palermo;nessun JSON-LD nel contenuto;sì
SCH-01;critical;structured;Nessun dato strutturato personalizzato (JSON-LD) nei contenuti;/cybersecurity-per-aziende;nessun JSON-LD nel contenuto;sì
SCH-01;critical;structured;Nessun dato strutturato personalizzato (JSON-LD) nei contenuti;/strategia-marketing-digitale;nessun JSON-LD nel contenuto;sì
SCH-01;critical;structured;Nessun dato strutturato personalizzato (JSON-LD) nei contenuti;/campagne-ai-driven-marketing-automation;nessun JSON-LD nel contenuto;sì
SCH-01;critical;structured;Nessun dato strutturato personalizzato (JSON-LD) nei contenuti;/gestione-social-media-presenza-online;nessun JSON-LD nel contenuto;sì
SCH-01;critical;structured;Nessun dato strutturato personalizzato (JSON-LD) nei contenuti;/design-responsivo-sito-web-successo-online;nessun JSON-LD nel contenuto;sì
SCH-01;critical;structured;Nessun dato strutturato personalizzato (JSON-LD) nei contenuti;/perche-un-sito-web-professionale-e-la-chiave-del-successo-per-ogni-impresa;nessun JSON-LD nel contenuto;sì
SCH-01;critical;structured;Nessun dato strutturato personalizzato (JSON-LD) nei contenuti;/come-creare-una-strategia-di-comunicazione-digitale-efficace-per-piccole-imprese;nessun JSON-LD nel contenuto;sì
SCH-01;critical;structured;Nessun dato strutturato personalizzato (JSON-LD) nei contenuti;/reputazione_online_cose_perche_conta_e_come_verificarla;nessun JSON-LD nel contenuto;sì
SCH-01;critical;structured;Nessun dato strutturato personalizzato (JSON-LD) nei contenuti;/come-creare-una-landing-page-efficace;nessun JSON-LD nel contenuto;sì
SCH-01;critical;structured;Nessun dato strutturato personalizzato (JSON-LD) nei contenuti;/branded-content-come-raccontare-il-tuo-brand-con-max-digital-innovation;nessun JSON-LD nel contenuto;sì
SCH-01;critical;structured;Nessun dato strutturato personalizzato (JSON-LD) nei contenuti;/piano-di-marketing-cose-e-come-crearlo-con-successo;nessun JSON-LD nel contenuto;sì
SCH-01;critical;structured;Nessun dato strutturato personalizzato (JSON-LD) nei contenuti;/cookie-cosa-sono-e-a-che-servono;nessun JSON-LD nel contenuto;sì
SCH-01;critical;structured;Nessun dato strutturato personalizzato (JSON-LD) nei contenuti;/privacy-policy;nessun JSON-LD nel contenuto;sì
SCH-01;critical;structured;Nessun dato strutturato personalizzato (JSON-LD) nei contenuti;/scopri-come-aumentare-posizionamento-seo-per-il-tuo-sito-web-su-google;nessun JSON-LD nel contenuto;sì
SCH-01;critical;structured;Nessun dato strutturato personalizzato (JSON-LD) nei contenuti;/tipologie-di-siti-web-la-guida-definitiva-per-imprenditori;nessun JSON-LD nel contenuto;sì
SCH-01;critical;structured;Nessun dato strutturato personalizzato (JSON-LD) nei contenuti;/tiktok-ads-manager-guida-completa-su-come-gestire-le-tue-campagne-su-tiktok;nessun JSON-LD nel contenuto;sì
SCH-01;critical;structured;Nessun dato strutturato personalizzato (JSON-LD) nei contenuti;/dem-marketing-come-usarlo-nel-2024-per-massimizzare-i-risultati;nessun JSON-LD nel contenuto;sì
SCH-01;critical;structured;Nessun dato strutturato personalizzato (JSON-LD) nei contenuti;/e-commerce-a-palermo;nessun JSON-LD nel contenuto;sì
SCH-01;critical;structured;Nessun dato strutturato personalizzato (JSON-LD) nei contenuti;/business-innovation-cosa-chiede-il-mercato-oggi;nessun JSON-LD nel contenuto;sì
SCH-01;critical;structured;Nessun dato strutturato personalizzato (JSON-LD) nei contenuti;/advertising-a-palermo;nessun JSON-LD nel contenuto;sì
SCH-01;critical;structured;Nessun dato strutturato personalizzato (JSON-LD) nei contenuti;/5-consigli-preziosi-per-pubblicizzare-la-propria-azienda-a-palermo-su-google;nessun JSON-LD nel contenuto;sì
SCH-01;critical;structured;Nessun dato strutturato personalizzato (JSON-LD) nei contenuti;/realizzazione-siti-web-per-bb-a-palermo-hotel-motel-e-strutture-ricettive-tutto-quello-che-ce-da-sapere;nessun JSON-LD nel contenuto;sì
SCH-01;critical;structured;Nessun dato strutturato personalizzato (JSON-LD) nei contenuti;/hai-bisogno-di-pubblicizzare-il-tuo-ristorante-a-palermo-ecco-come-possiamo-aiutarti;nessun JSON-LD nel contenuto;sì
SCH-01;critical;structured;Nessun dato strutturato personalizzato (JSON-LD) nei contenuti;/ecco-perche-un-sito-web-a-palermo-e-cosi-essenziale-per-la-tua-attivita;nessun JSON-LD nel contenuto;sì
SCH-01;critical;structured;Nessun dato strutturato personalizzato (JSON-LD) nei contenuti;/gestione-social-media-a-palermo-come-la-nostra-agenzia-di-comunicazione-cura-i-tuoi-social-media;nessun JSON-LD nel contenuto;sì
SCH-01;critical;structured;Nessun dato strutturato personalizzato (JSON-LD) nei contenuti;/loghi-per-la-tua-azienda-a-palermo-caratteristiche-e-come-crearne-uno-efficace;nessun JSON-LD nel contenuto;sì
SCH-01;critical;structured;Nessun dato strutturato personalizzato (JSON-LD) nei contenuti;/ottimizzare-la-comunicazione-grazie-allutilizzo-di-call-to-action-efficaci-per-il-tuo-sito-web-a-palermo;nessun JSON-LD nel contenuto;sì
SCH-01;critical;structured;Nessun dato strutturato personalizzato (JSON-LD) nei contenuti;/11-trend-marketing-a-palermo-per-e-commerce-marketing-che-faranno-crescere-il-tuo-e-commerce;nessun JSON-LD nel contenuto;sì
SCH-01;critical;structured;Nessun dato strutturato personalizzato (JSON-LD) nei contenuti;/come-fare-pubblicita-a-palermo-su-internet-guida-per-principianti;nessun JSON-LD nel contenuto;sì
SCH-01;critical;structured;Nessun dato strutturato personalizzato (JSON-LD) nei contenuti;/campagne-pubblicitarie-a-palermo-la-soluzione-per-far-crescere-il-tuo-business;nessun JSON-LD nel contenuto;sì
SCH-01;critical;structured;Nessun dato strutturato personalizzato (JSON-LD) nei contenuti;/pubblicita-su-tiktok-a-palermo-come-aiutiamo-la-tua-azienda-a-crescere;nessun JSON-LD nel contenuto;sì
SCH-01;critical;structured;Nessun dato strutturato personalizzato (JSON-LD) nei contenuti;/seo-e-sem;nessun JSON-LD nel contenuto;sì
SCH-01;critical;structured;Nessun dato strutturato personalizzato (JSON-LD) nei contenuti;/web-agency-a-palermo-il-design-che-parte-dal-brand;nessun JSON-LD nel contenuto;sì
SCH-01;critical;structured;Nessun dato strutturato personalizzato (JSON-LD) nei contenuti;/b2b-a-palermo-cosa-puo-imparare-dal-b2c-per-sfruttare-al-meglio-il-digitale;nessun JSON-LD nel contenuto;sì
SCH-01;critical;structured;Nessun dato strutturato personalizzato (JSON-LD) nei contenuti;/strategie-di-content-marketing-per-le-piccole-imprese-a-palermo;nessun JSON-LD nel contenuto;sì
SCH-01;critical;structured;Nessun dato strutturato personalizzato (JSON-LD) nei contenuti;/web-marketing-per-palestre-e-centri-sportivi;nessun JSON-LD nel contenuto;sì
SCH-01;critical;structured;Nessun dato strutturato personalizzato (JSON-LD) nei contenuti;/mi-serve-davvero-un-sito-web-aziendale;nessun JSON-LD nel contenuto;sì
SCH-01;critical;structured;Nessun dato strutturato personalizzato (JSON-LD) nei contenuti;/quali-sono-i-servizi-offerti-da-unagenzia-di-comunicazione-a-palermo;nessun JSON-LD nel contenuto;sì
SCH-01;critical;structured;Nessun dato strutturato personalizzato (JSON-LD) nei contenuti;/le-commerce-in-italia-sta-cambiando-con-lintelligenza-artificiale;nessun JSON-LD nel contenuto;sì
SCH-01;critical;structured;Nessun dato strutturato personalizzato (JSON-LD) nei contenuti;/il-marketing-per-attivita-locali-i-vantaggi-di-affidarsi-a-una-web-agency;nessun JSON-LD nel contenuto;sì
SCH-01;critical;structured;Nessun dato strutturato personalizzato (JSON-LD) nei contenuti;/i-social-media-gli-alleati-per-il-tuo-e-commerce;nessun JSON-LD nel contenuto;sì
SCH-01;critical;structured;Nessun dato strutturato personalizzato (JSON-LD) nei contenuti;/marketing-online-per-la-tua-concessionaria;nessun JSON-LD nel contenuto;sì
SCH-01;critical;structured;Nessun dato strutturato personalizzato (JSON-LD) nei contenuti;/marketing-online-per-il-tuo-negozio-di-abbigliamento;nessun JSON-LD nel contenuto;sì
SCH-01;critical;structured;Nessun dato strutturato personalizzato (JSON-LD) nei contenuti;/web-marketing-per-la-tua-parruccheria;nessun JSON-LD nel contenuto;sì
SCH-01;critical;structured;Nessun dato strutturato personalizzato (JSON-LD) nei contenuti;/come-promuovere-il-tuo-salone-di-bellezza-a-palermo;nessun JSON-LD nel contenuto;sì
SCH-01;critical;structured;Nessun dato strutturato personalizzato (JSON-LD) nei contenuti;/come-pubblicizzare-la-tua-ottica-a-palermo;nessun JSON-LD nel contenuto;sì
SCH-01;critical;structured;Nessun dato strutturato personalizzato (JSON-LD) nei contenuti;/come-pubblicizzare-la-tua-pizzeria;nessun JSON-LD nel contenuto;sì
SCH-01;critical;structured;Nessun dato strutturato personalizzato (JSON-LD) nei contenuti;/gestione-marketing-per-il-tuo-pub;nessun JSON-LD nel contenuto;sì
SCH-01;critical;structured;Nessun dato strutturato personalizzato (JSON-LD) nei contenuti;/idee-creative-per-pubblicizzare-la-tua-panineria;nessun JSON-LD nel contenuto;sì
SCH-01;critical;structured;Nessun dato strutturato personalizzato (JSON-LD) nei contenuti;/gestione-marketing-per-la-tua-hamburgeria;nessun JSON-LD nel contenuto;sì
SCH-01;critical;structured;Nessun dato strutturato personalizzato (JSON-LD) nei contenuti;/strategie-di-marketing-di-successo-i-passi-fondamentali-per-distinguersi-nel-mercato;nessun JSON-LD nel contenuto;sì
SCH-01;critical;structured;Nessun dato strutturato personalizzato (JSON-LD) nei contenuti;/pubblicita-per-il-tuo-brand-a-palermo-come-differenziarsi-dalla-massa;nessun JSON-LD nel contenuto;sì
SCH-01;critical;structured;Nessun dato strutturato personalizzato (JSON-LD) nei contenuti;/restare-al-passo-coi-trend-e-difficile-scopri-come-unagenzia-di-comunicazione-puo-aiutarti;nessun JSON-LD nel contenuto;sì
SCH-01;critical;structured;Nessun dato strutturato personalizzato (JSON-LD) nei contenuti;/hai-bisogno-di-uno-store-online-per-la-tua-attivita-offriamo-realizzazione-e-commerce-a-palermo;nessun JSON-LD nel contenuto;sì
SCH-01;critical;structured;Nessun dato strutturato personalizzato (JSON-LD) nei contenuti;/vendita-online-a-palermo-sui-social-unottima-vetrina-per-i-tuoi-prodotti;nessun JSON-LD nel contenuto;sì
SCH-01;critical;structured;Nessun dato strutturato personalizzato (JSON-LD) nei contenuti;/sito-web-per-artisti-fai-conoscere-la-tua-arte;nessun JSON-LD nel contenuto;sì
SCH-01;critical;structured;Nessun dato strutturato personalizzato (JSON-LD) nei contenuti;/quanto-costa-un-sito-web-a-palermo;nessun JSON-LD nel contenuto;sì
SCH-01;critical;structured;Nessun dato strutturato personalizzato (JSON-LD) nei contenuti;/usa-la-local-seo-e-porta-il-tuo-business-al-top;nessun JSON-LD nel contenuto;sì
SCH-01;critical;structured;Nessun dato strutturato personalizzato (JSON-LD) nei contenuti;/mobile-marketing-e-micro-momenti;nessun JSON-LD nel contenuto;sì
SCH-01;critical;structured;Nessun dato strutturato personalizzato (JSON-LD) nei contenuti;/social-media-marketing-nel-settore-arredamento;nessun JSON-LD nel contenuto;sì
SCH-01;critical;structured;Nessun dato strutturato personalizzato (JSON-LD) nei contenuti;/il-web-design-e-la-sua-evoluzione;nessun JSON-LD nel contenuto;sì
SCH-01;critical;structured;Nessun dato strutturato personalizzato (JSON-LD) nei contenuti;/marketing-esperienziale-coinvolgi-il-pubblico-con-esperienze-uniche;nessun JSON-LD nel contenuto;sì
SCH-01;critical;structured;Nessun dato strutturato personalizzato (JSON-LD) nei contenuti;/come-creare-siti-web-professionali-e-di-qualita;nessun JSON-LD nel contenuto;sì
SCH-01;critical;structured;Nessun dato strutturato personalizzato (JSON-LD) nei contenuti;/come-scegliere-lagenzia-pubblicitaria-a-palermo-ideale-per-la-vostra-azienda;nessun JSON-LD nel contenuto;sì
SCH-01;critical;structured;Nessun dato strutturato personalizzato (JSON-LD) nei contenuti;/10-modi-per-migliorare-la-visibilita-del-tuo-sito-web-sui-motori-di-ricerca;nessun JSON-LD nel contenuto;sì
SCH-01;critical;structured;Nessun dato strutturato personalizzato (JSON-LD) nei contenuti;/web-agency-a-palermo-per-creare-un-sito-professionale;nessun JSON-LD nel contenuto;sì
SCH-01;critical;structured;Nessun dato strutturato personalizzato (JSON-LD) nei contenuti;/digital-agency-a-palermo-la-soluzione-completa-per-la-tua-presenza-online;nessun JSON-LD nel contenuto;sì
SCH-01;critical;structured;Nessun dato strutturato personalizzato (JSON-LD) nei contenuti;/creare-un-video-aziendale-efficace-coinvolgente-e-professionale;nessun JSON-LD nel contenuto;sì
SCH-01;critical;structured;Nessun dato strutturato personalizzato (JSON-LD) nei contenuti;/rendi-la-tua-azienda-digitale-trasformazione-e-innovazione-a-palermo;nessun JSON-LD nel contenuto;sì
SCH-01;critical;structured;Nessun dato strutturato personalizzato (JSON-LD) nei contenuti;/come-migliorare-la-tua-brand-reputation-con-le-attivita-di-digital-marketing;nessun JSON-LD nel contenuto;sì
SCH-01;critical;structured;Nessun dato strutturato personalizzato (JSON-LD) nei contenuti;/come-realizzare-un-sito-web-efficace-le-migliori-alternative-per-creare-un-percorso-di-successo-online;nessun JSON-LD nel contenuto;sì
SCH-01;critical;structured;Nessun dato strutturato personalizzato (JSON-LD) nei contenuti;/sito-web-accessibile-cose-come-crearlo-e-perche-e-importante;nessun JSON-LD nel contenuto;sì
SCH-01;critical;structured;Nessun dato strutturato personalizzato (JSON-LD) nei contenuti;/privacy-policy-sito-web-cose-e-come-scriverla-correttamente;nessun JSON-LD nel contenuto;sì
SCH-01;critical;structured;Nessun dato strutturato personalizzato (JSON-LD) nei contenuti;/le-11-regole-per-un-sito-web-efficace;nessun JSON-LD nel contenuto;sì
SCH-01;critical;structured;Nessun dato strutturato personalizzato (JSON-LD) nei contenuti;/creare-un-sito-web-a-palermo-le-caratteristiche-di-unarchitettura-efficace;nessun JSON-LD nel contenuto;sì
SCH-01;critical;structured;Nessun dato strutturato personalizzato (JSON-LD) nei contenuti;/strategie-di-web-reputation-come-costruire-gestire-e-misurare-la-percezione-online;nessun JSON-LD nel contenuto;sì
SCH-01;critical;structured;Nessun dato strutturato personalizzato (JSON-LD) nei contenuti;/sognavi-un-hotel-sempre-pieno-il-web-marketing-per-il-turismo-puo-trasformare-il-tuo-sogno-in-realta;nessun JSON-LD nel contenuto;sì
SCH-01;critical;structured;Nessun dato strutturato personalizzato (JSON-LD) nei contenuti;/google-ai-search-la-nuova-era-della-ricerca-intelligente-e-le-opportunita-per-il-marketing;nessun JSON-LD nel contenuto;sì
SCH-01;critical;structured;Nessun dato strutturato personalizzato (JSON-LD) nei contenuti;/aumentare-le-vendite-ecommerce-non-sei-soddisfatto-della-tua-agenzia;nessun JSON-LD nel contenuto;sì
SCH-01;critical;structured;Nessun dato strutturato personalizzato (JSON-LD) nei contenuti;/come-essere-in-prima-pagina-su-google-le-bugie-piu-diffuse-sulla-seo;nessun JSON-LD nel contenuto;sì
SCH-01;critical;structured;Nessun dato strutturato personalizzato (JSON-LD) nei contenuti;/gestione-marketing-per-la-tua-enoteca;nessun JSON-LD nel contenuto;sì
SCH-01;critical;structured;Nessun dato strutturato personalizzato (JSON-LD) nei contenuti;/gestione-marketing-per-il-tuo-fast-food;nessun JSON-LD nel contenuto;sì
SCH-01;critical;structured;Nessun dato strutturato personalizzato (JSON-LD) nei contenuti;/gestione-social-media-per-la-tua-attivita;nessun JSON-LD nel contenuto;sì
SCH-01;critical;structured;Nessun dato strutturato personalizzato (JSON-LD) nei contenuti;/marketing-e-pubblicita-a-palermo-tutti-i-tipi-di-pubblicita-per-far-crescere-la-tua-attivita;nessun JSON-LD nel contenuto;sì
SCH-01;critical;structured;Nessun dato strutturato personalizzato (JSON-LD) nei contenuti;/vuoi-aprire-unattivita-a-palermo-e-non-sai-a-chi-affidarti-ecco-come-fare-gestione-marketing-attivita-a-palermo;nessun JSON-LD nel contenuto;sì
SCH-01;critical;structured;Nessun dato strutturato personalizzato (JSON-LD) nei contenuti;/la-tua-agenzia-di-marketing-a-palermo-per-una-crescita-su-misura;nessun JSON-LD nel contenuto;sì
SCH-01;critical;structured;Nessun dato strutturato personalizzato (JSON-LD) nei contenuti;/quanto-costa-realizzare-un-cartello-pubblicitario-a-palermo;nessun JSON-LD nel contenuto;sì
SCH-01;critical;structured;Nessun dato strutturato personalizzato (JSON-LD) nei contenuti;/cosa-fare-per-indicizzare-il-tuo-sito-web;nessun JSON-LD nel contenuto;sì
SCH-01;critical;structured;Nessun dato strutturato personalizzato (JSON-LD) nei contenuti;/non-sai-come-sponsorizzare-il-tuo-progetto-artistico-scopri-le-strategie-vincenti;nessun JSON-LD nel contenuto;sì
SCH-01;critical;structured;Nessun dato strutturato personalizzato (JSON-LD) nei contenuti;/il-partner-giusto-per-il-tuo-successo-come-trovare-uno-sponsor-affidabile-a-palermo;nessun JSON-LD nel contenuto;sì
SCH-01;critical;structured;Nessun dato strutturato personalizzato (JSON-LD) nei contenuti;/marketing-per-imprese-edili;nessun JSON-LD nel contenuto;sì
SCH-01;critical;structured;Nessun dato strutturato personalizzato (JSON-LD) nei contenuti;/web-agency-a-palermo-la-guida-completa-per-far-crescere-la-tua-attivita-online;nessun JSON-LD nel contenuto;sì
SCH-01;critical;structured;Nessun dato strutturato personalizzato (JSON-LD) nei contenuti;/copywriter-seo-per-i-social-media-perche-a-google-piace-web-agency-seo-a-palermo;nessun JSON-LD nel contenuto;sì
SCH-01;critical;structured;Nessun dato strutturato personalizzato (JSON-LD) nei contenuti;/web-agency-a-palermo-per-il-settore-immobiliare-la-chiave-per-il-successo-online;nessun JSON-LD nel contenuto;sì
SCH-01;critical;structured;Nessun dato strutturato personalizzato (JSON-LD) nei contenuti;/web-agency-per-startup-a-palermo-la-tua-guida-al-successo-digitale;nessun JSON-LD nel contenuto;sì
SCH-01;critical;structured;Nessun dato strutturato personalizzato (JSON-LD) nei contenuti;/web-agency-per-e-commerce-a-palermo-come-incrementare-le-vendite-online;nessun JSON-LD nel contenuto;sì
SCH-01;critical;structured;Nessun dato strutturato personalizzato (JSON-LD) nei contenuti;/web-agency-a-palermo-per-eventi-massimizza-la-partecipazione-al-tuo-evento;nessun JSON-LD nel contenuto;sì
SCH-01;critical;structured;Nessun dato strutturato personalizzato (JSON-LD) nei contenuti;/web-agency-locale-a-palermo-la-tua-guida-per-conquistare-il-pubblico-della-citta;nessun JSON-LD nel contenuto;sì
SCH-01;critical;structured;Nessun dato strutturato personalizzato (JSON-LD) nei contenuti;/pubblicita-digitale-a-palermo-come-aumentare-la-visibilita-della-tua-attivita;nessun JSON-LD nel contenuto;sì
SCH-01;critical;structured;Nessun dato strutturato personalizzato (JSON-LD) nei contenuti;/creazione-siti-web-professionali-a-palermo-costruisci-la-tua-identita-digitale;nessun JSON-LD nel contenuto;sì
SCH-01;critical;structured;Nessun dato strutturato personalizzato (JSON-LD) nei contenuti;/marketing-su-misura-per-il-tuo-negozio-di-giocattoli;nessun JSON-LD nel contenuto;sì
SCH-01;critical;structured;Nessun dato strutturato personalizzato (JSON-LD) nei contenuti;/marketing-per-farmacie-come-aumentare-visibilita-e-fidelizzare-i-clienti;nessun JSON-LD nel contenuto;sì
SCH-01;critical;structured;Nessun dato strutturato personalizzato (JSON-LD) nei contenuti;/marketing-digitale-a-palermo-la-chiave-per-il-successo-della-tua-attivita;nessun JSON-LD nel contenuto;sì
SCH-01;critical;structured;Nessun dato strutturato personalizzato (JSON-LD) nei contenuti;/cosa-si-intende-per-sito-web-una-guida-per-capirne-limportanza;nessun JSON-LD nel contenuto;sì
SCH-01;critical;structured;Nessun dato strutturato personalizzato (JSON-LD) nei contenuti;/quali-sono-i-siti-web-piu-visitati-scopri-le-piattaforme-piu-popolari-al-mondo;nessun JSON-LD nel contenuto;sì
SCH-01;critical;structured;Nessun dato strutturato personalizzato (JSON-LD) nei contenuti;/che-tipi-di-siti-web-esistono-una-guida-per-scegliere-quello-giusto-per-te;nessun JSON-LD nel contenuto;sì
SCH-01;critical;structured;Nessun dato strutturato personalizzato (JSON-LD) nei contenuti;/come-si-chiama-chi-crea-un-sito-web-scopri-la-figura-del-web-developer;nessun JSON-LD nel contenuto;sì
SCH-01;critical;structured;Nessun dato strutturato personalizzato (JSON-LD) nei contenuti;/che-cosa-fa-una-web-agency-una-guida-ai-servizi-digitali-piu-richiesti;nessun JSON-LD nel contenuto;sì
SCH-01;critical;structured;Nessun dato strutturato personalizzato (JSON-LD) nei contenuti;/quante-sono-le-web-agency-in-italia-unanalisi-del-panorama-digitale-italiano;nessun JSON-LD nel contenuto;sì
SCH-01;critical;structured;Nessun dato strutturato personalizzato (JSON-LD) nei contenuti;/quanto-guadagna-una-web-agency-analisi-dei-fattori-che-influenzano-i-ricavi;nessun JSON-LD nel contenuto;sì
SCH-01;critical;structured;Nessun dato strutturato personalizzato (JSON-LD) nei contenuti;/chi-lavora-in-una-web-agency-scopri-i-ruoli-principali;nessun JSON-LD nel contenuto;sì
SCH-01;critical;structured;Nessun dato strutturato personalizzato (JSON-LD) nei contenuti;/cose-unagency-scopri-il-ruolo-e-i-servizi-di-unagenzia-moderna;nessun JSON-LD nel contenuto;sì
SCH-01;critical;structured;Nessun dato strutturato personalizzato (JSON-LD) nei contenuti;/cosa-si-intende-per-pubblicita-una-guida-completa-al-mondo-pubblicitario;nessun JSON-LD nel contenuto;sì
SCH-01;critical;structured;Nessun dato strutturato personalizzato (JSON-LD) nei contenuti;/come-farsi-pubblicita-gratis-strategie-efficaci-per-aumentare-la-visibilita;nessun JSON-LD nel contenuto;sì
SCH-01;critical;structured;Nessun dato strutturato personalizzato (JSON-LD) nei contenuti;/qual-e-il-compito-della-pubblicita-capire-lobiettivo-e-il-valore-della-comunicazione-pubblicitaria;nessun JSON-LD nel contenuto;sì
SCH-01;critical;structured;Nessun dato strutturato personalizzato (JSON-LD) nei contenuti;/quanto-si-paga-unagenzia-di-comunicazione-guida-ai-costi-dei-servizi-di-comunicazione;nessun JSON-LD nel contenuto;sì
SCH-01;critical;structured;Nessun dato strutturato personalizzato (JSON-LD) nei contenuti;/cosa-fa-lagenzia-di-marketing-una-guida-ai-servizi-e-al-ruolo-strategico;nessun JSON-LD nel contenuto;sì
SCH-01;critical;structured;Nessun dato strutturato personalizzato (JSON-LD) nei contenuti;/che-cose-unazienda-di-marketing-scopri-il-motore-del-successo-aziendale;nessun JSON-LD nel contenuto;sì
SCH-01;critical;structured;Nessun dato strutturato personalizzato (JSON-LD) nei contenuti;/3-tipi-di-marketing-a-palermo-scopri-le-strategie-per-il-successo-della-tua-attivita;nessun JSON-LD nel contenuto;sì
SCH-01;critical;structured;Nessun dato strutturato personalizzato (JSON-LD) nei contenuti;/che-lavoro-fa-il-marketing-il-motore-che-trasforma-idee-in-successo;nessun JSON-LD nel contenuto;sì
SCH-01;critical;structured;Nessun dato strutturato personalizzato (JSON-LD) nei contenuti;/come-fare-unottima-pubblicita-strategie-vincenti-per-il-tuo-successo;nessun JSON-LD nel contenuto;sì
SCH-01;critical;structured;Nessun dato strutturato personalizzato (JSON-LD) nei contenuti;/dove-fare-pubblicita-a-basso-costo-scopri-le-migliori-strategie-economiche-per-promuovere-la-tua-attivita;nessun JSON-LD nel contenuto;sì
SCH-01;critical;structured;Nessun dato strutturato personalizzato (JSON-LD) nei contenuti;/quale-pubblicita-funziona-di-piu-scopri-le-strategie-piu-efficaci-per-il-tuo-business;nessun JSON-LD nel contenuto;sì
SCH-01;critical;structured;Nessun dato strutturato personalizzato (JSON-LD) nei contenuti;/come-iniziare-a-fare-digital-marketing-guida-pratica-per-chi-vuole-emergere-online;nessun JSON-LD nel contenuto;sì
SCH-01;critical;structured;Nessun dato strutturato personalizzato (JSON-LD) nei contenuti;/portfolio-fotografico-online-cose-e-perche-e-importante-crearlo;nessun JSON-LD nel contenuto;sì
SCH-01;critical;structured;Nessun dato strutturato personalizzato (JSON-LD) nei contenuti;/rispondere-alle-recensioni-con-lai-la-nuova-frontiera-dellautomazione;nessun JSON-LD nel contenuto;sì
SCH-01;critical;structured;Nessun dato strutturato personalizzato (JSON-LD) nei contenuti;/focus-group-cose-a-che-serve-e-come-farlo-al-meglio;nessun JSON-LD nel contenuto;sì
SCH-01;critical;structured;Nessun dato strutturato personalizzato (JSON-LD) nei contenuti;/come-creare-sondaggi-online-e-raggiungere-il-tuo-pubblico-in-modo-efficace;nessun JSON-LD nel contenuto;sì
SCH-01;critical;structured;Nessun dato strutturato personalizzato (JSON-LD) nei contenuti;/come-ridurre-peso-delle-foto-consigli-pratici-per-immagini-piu-leggere;nessun JSON-LD nel contenuto;sì
SCH-01;critical;structured;Nessun dato strutturato personalizzato (JSON-LD) nei contenuti;/cosa-fa-un-ufficio-di-comunicazione-scopri-il-cuore-della-strategia-aziendale;nessun JSON-LD nel contenuto;sì
SCH-01;critical;structured;Nessun dato strutturato personalizzato (JSON-LD) nei contenuti;/come-si-chiama-chi-si-occupa-di-comunicazione-scopri-i-ruoli-e-le-competenze-di-questi-professionisti;nessun JSON-LD nel contenuto;sì
SCH-01;critical;structured;Nessun dato strutturato personalizzato (JSON-LD) nei contenuti;/come-trovare-unagenzia-di-comunicazione-consigli-per-scegliere-il-partner-giusto;nessun JSON-LD nel contenuto;sì
SCH-01;critical;structured;Nessun dato strutturato personalizzato (JSON-LD) nei contenuti;/scegliere-la-giusta-agenzia-di-comunicazione-consigli-e-strategie-per-trovare-il-partner-ideale;nessun JSON-LD nel contenuto;sì
SCH-01;critical;structured;Nessun dato strutturato personalizzato (JSON-LD) nei contenuti;/come-sfruttare-al-meglio-i-test-a-b-per-aumentare-le-conversioni;nessun JSON-LD nel contenuto;sì
SCH-01;critical;structured;Nessun dato strutturato personalizzato (JSON-LD) nei contenuti;/come-creare-un-podcast-aziendale-per-migliorare-il-posizionamento-del-brand;nessun JSON-LD nel contenuto;sì
SCH-01;critical;structured;Nessun dato strutturato personalizzato (JSON-LD) nei contenuti;/come-trovare-il-co-founder-perfetto-per-la-tua-startup-e-lo-sponsor-ideale-per-la-tua-crescita;nessun JSON-LD nel contenuto;sì
SCH-01;critical;structured;Nessun dato strutturato personalizzato (JSON-LD) nei contenuti;/i-migliori-formati-banner-per-ottimizzare-le-tue-campagne-pubblicitarie;nessun JSON-LD nel contenuto;sì
SCH-01;critical;structured;Nessun dato strutturato personalizzato (JSON-LD) nei contenuti;/come-crescere-su-instagram-8-tattiche-per-sfruttare-lalgoritmo-e-aumentare-lengagement;nessun JSON-LD nel contenuto;sì
SCH-01;critical;structured;Nessun dato strutturato personalizzato (JSON-LD) nei contenuti;/tiktok-adv-o-instagram-adv-qual-e-la-piattaforma-migliore-per-la-tua-campagna-online;nessun JSON-LD nel contenuto;sì
SCH-01;critical;structured;Nessun dato strutturato personalizzato (JSON-LD) nei contenuti;/la-potenza-dei-micro-influencer-e-il-loro-impatto-online-per-le-aziende;nessun JSON-LD nel contenuto;sì
SCH-01;critical;structured;Nessun dato strutturato personalizzato (JSON-LD) nei contenuti;/black-friday-2024-come-preparare-il-tuo-e-commerce-a-palermo-per-massimizzare-le-vendite;nessun JSON-LD nel contenuto;sì
SCH-01;critical;structured;Nessun dato strutturato personalizzato (JSON-LD) nei contenuti;/integrazione-di-piattaforme-tiktok-e-commerce-un-nuovo-orizzonte-per-i-commercianti-a-palermo;nessun JSON-LD nel contenuto;sì
SCH-01;critical;structured;Nessun dato strutturato personalizzato (JSON-LD) nei contenuti;/quanto-e-importante-il-feedback-dei-clienti-per-migliorare-il-tuo-business;nessun JSON-LD nel contenuto;sì
SCH-01;critical;structured;Nessun dato strutturato personalizzato (JSON-LD) nei contenuti;/la-gen-z-e-il-nuovo-percorso-di-acquisto-come-adattare-la-tua-strategia-di-marketing;nessun JSON-LD nel contenuto;sì
SCH-01;critical;structured;Nessun dato strutturato personalizzato (JSON-LD) nei contenuti;/marketing-sostenibile-cose-e-come-farlo;nessun JSON-LD nel contenuto;sì
SCH-01;critical;structured;Nessun dato strutturato personalizzato (JSON-LD) nei contenuti;/video-verticali-luso-strategico-per-i-tuoi-social;nessun JSON-LD nel contenuto;sì
SCH-01;critical;structured;Nessun dato strutturato personalizzato (JSON-LD) nei contenuti;/video-marketing-cose-e-perche-dovresti-farlo;nessun JSON-LD nel contenuto;sì
SCH-01;critical;structured;Nessun dato strutturato personalizzato (JSON-LD) nei contenuti;/visual-storytelling-una-storia-di-successo;nessun JSON-LD nel contenuto;sì
SCH-01;critical;structured;Nessun dato strutturato personalizzato (JSON-LD) nei contenuti;/tutti-i-vantaggi-di-scegliere-una-web-agency-per-il-tuo-business;nessun JSON-LD nel contenuto;sì
SCH-01;critical;structured;Nessun dato strutturato personalizzato (JSON-LD) nei contenuti;/il-diario-segreto-di-una-web-agency-storie-di-successi-digitali;nessun JSON-LD nel contenuto;sì
SCH-01;critical;structured;Nessun dato strutturato personalizzato (JSON-LD) nei contenuti;/il-laboratorio-creativo-di-una-web-agency-dove-nascono-le-idee;nessun JSON-LD nel contenuto;sì
SCH-01;critical;structured;Nessun dato strutturato personalizzato (JSON-LD) nei contenuti;/quando-la-web-agency-incontra-lintelligenza-artificiale;nessun JSON-LD nel contenuto;sì
SCH-01;critical;structured;Nessun dato strutturato personalizzato (JSON-LD) nei contenuti;/i-siti-web-del-futuro-come-saranno-nel-2050;nessun JSON-LD nel contenuto;sì
SCH-01;critical;structured;Nessun dato strutturato personalizzato (JSON-LD) nei contenuti;/siti-web-quando-il-design-incontra-lanima;nessun JSON-LD nel contenuto;sì
SCH-01;critical;structured;Nessun dato strutturato personalizzato (JSON-LD) nei contenuti;/i-custodi-dei-siti-web-chi-protegge-i-tuoi-dati;nessun JSON-LD nel contenuto;sì
SCH-01;critical;structured;Nessun dato strutturato personalizzato (JSON-LD) nei contenuti;/siti-web-intelligenti-come-reagiscono-ai-tuoi-bisogni;nessun JSON-LD nel contenuto;sì
SCH-01;critical;structured;Nessun dato strutturato personalizzato (JSON-LD) nei contenuti;/la-magia-dietro-i-siti-web-che-conquistano;nessun JSON-LD nel contenuto;sì
SCH-01;critical;structured;Nessun dato strutturato personalizzato (JSON-LD) nei contenuti;/agenzia-di-comunicazione-digitale-il-futuro-della-promozione-online;nessun JSON-LD nel contenuto;sì
SCH-01;critical;structured;Nessun dato strutturato personalizzato (JSON-LD) nei contenuti;/agenzia-di-comunicazione-creativa-idee-e-strategie-per-il-tuo-brand;nessun JSON-LD nel contenuto;sì
SCH-01;critical;structured;Nessun dato strutturato personalizzato (JSON-LD) nei contenuti;/agenzia-di-comunicazione-visiva-come-catturare-lattenzione-del-pubblico;nessun JSON-LD nel contenuto;sì
SCH-01;critical;structured;Nessun dato strutturato personalizzato (JSON-LD) nei contenuti;/agenzia-di-comunicazione-strategica-come-pianificare-il-successo;nessun JSON-LD nel contenuto;sì
SCH-01;critical;structured;Nessun dato strutturato personalizzato (JSON-LD) nei contenuti;/agenzia-di-comunicazione-per-eventi-trasformare-ogni-occasione-in-opportunita-di-successo;nessun JSON-LD nel contenuto;sì
SCH-01;critical;structured;Nessun dato strutturato personalizzato (JSON-LD) nei contenuti;/agenzia-di-comunicazione-per-e-commerce-vendere-di-piu-online;nessun JSON-LD nel contenuto;sì
SCH-01;critical;structured;Nessun dato strutturato personalizzato (JSON-LD) nei contenuti;/agenzia-di-comunicazione-video-limpatto-del-visual-marketing;nessun JSON-LD nel contenuto;sì
SCH-01;critical;structured;Nessun dato strutturato personalizzato (JSON-LD) nei contenuti;/come-raggiungere-al-meglio-il-proprio-pubblico-strategie-efficaci-per-comunicare-con-successo;nessun JSON-LD nel contenuto;sì
SCH-01;critical;structured;Nessun dato strutturato personalizzato (JSON-LD) nei contenuti;/perche-hai-bisogno-di-un-social-media-manager-a-palermo;nessun JSON-LD nel contenuto;sì
SCH-01;critical;structured;Nessun dato strutturato personalizzato (JSON-LD) nei contenuti;/come-strutturare-una-strategia-digitale-efficace;nessun JSON-LD nel contenuto;sì
SCH-01;critical;structured;Nessun dato strutturato personalizzato (JSON-LD) nei contenuti;/migliorare-lindicizzazione-su-google-strategie-efficaci-per-scalare-la-serp;nessun JSON-LD nel contenuto;sì
SCH-01;critical;structured;Nessun dato strutturato personalizzato (JSON-LD) nei contenuti;/progettare-un-packaging-efficace-guida-per-valorizzare-il-tuo-prodotto;nessun JSON-LD nel contenuto;sì
SCH-01;critical;structured;Nessun dato strutturato personalizzato (JSON-LD) nei contenuti;/la-penna-magica-di-unagenzia-di-comunicazione-il-potere-dello-storytelling-che-emoziona-e-conquista;nessun JSON-LD nel contenuto;sì
SCH-01;critical;structured;Nessun dato strutturato personalizzato (JSON-LD) nei contenuti;/larte-della-comunicazione-di-lusso-strategie-esclusive-per-conquistare-clienti-premium;nessun JSON-LD nel contenuto;sì
SCH-01;critical;structured;Nessun dato strutturato personalizzato (JSON-LD) nei contenuti;/viaggi-nellera-digitale-come-unagenzia-di-comunicazione-trasforma-il-turismo-in-emozione;nessun JSON-LD nel contenuto;sì
SCH-01;critical;structured;Nessun dato strutturato personalizzato (JSON-LD) nei contenuti;/strategie-su-misura-come-unagenzia-di-comunicazione-per-pmi-guida-al-successo-nel-mercato-locale;nessun JSON-LD nel contenuto;sì
SCH-01;critical;structured;Nessun dato strutturato personalizzato (JSON-LD) nei contenuti;/come-unagenzia-di-comunicazione-e-influencer-marketing-trasforma-la-pubblicita-moderna;nessun JSON-LD nel contenuto;sì
SCH-01;critical;structured;Nessun dato strutturato personalizzato (JSON-LD) nei contenuti;/come-scegliere-unagenzia-di-comunicazione-efficace-la-guida-per-il-successo-del-tuo-brand;nessun JSON-LD nel contenuto;sì
SCH-01;critical;structured;Nessun dato strutturato personalizzato (JSON-LD) nei contenuti;/servizi-di-comunicazione-digitale-la-chiave-per-il-successo-nel-mondo-online;nessun JSON-LD nel contenuto;sì
SCH-01;critical;structured;Nessun dato strutturato personalizzato (JSON-LD) nei contenuti;/creazione-di-strategie-di-comunicazione-guida-per-un-successo-garantito;nessun JSON-LD nel contenuto;sì
SCH-01;critical;structured;Nessun dato strutturato personalizzato (JSON-LD) nei contenuti;/soluzioni-per-la-comunicazione-aziendale-strategie-per-far-crescere-il-tuo-brand;nessun JSON-LD nel contenuto;sì
SCH-01;critical;structured;Nessun dato strutturato personalizzato (JSON-LD) nei contenuti;/esperti-in-comunicazione-e-branding-il-segreto-per-un-brand-di-successo;nessun JSON-LD nel contenuto;sì
SCH-01;critical;structured;Nessun dato strutturato personalizzato (JSON-LD) nei contenuti;/branding-da-sogno-come-unagenzia-di-comunicazione-costruisce-unidentita-vincente;nessun JSON-LD nel contenuto;sì
SCH-01;critical;structured;Nessun dato strutturato personalizzato (JSON-LD) nei contenuti;/strategie-di-marketing-per-aziende-come-costruire-un-piano-di-successo;nessun JSON-LD nel contenuto;sì
SCH-01;critical;structured;Nessun dato strutturato personalizzato (JSON-LD) nei contenuti;/consulenza-per-la-creazione-di-brand-costruisci-unidentita-vincente;nessun JSON-LD nel contenuto;sì
SCH-01;critical;structured;Nessun dato strutturato personalizzato (JSON-LD) nei contenuti;/creazione-di-marchi-aziendali-come-costruire-unidentita-forte-e-riconoscibile;nessun JSON-LD nel contenuto;sì
SCH-01;critical;structured;Nessun dato strutturato personalizzato (JSON-LD) nei contenuti;/come-costruire-un-marchio-di-successo-con-lo-sviluppo-e-gestione-del-brand-a-palermo;nessun JSON-LD nel contenuto;sì
SCH-01;critical;structured;Nessun dato strutturato personalizzato (JSON-LD) nei contenuti;/gestione-della-reputazione-online-come-proteggere-e-migliorare-limmagine-del-tuo-brand;nessun JSON-LD nel contenuto;sì
SCH-01;critical;structured;Nessun dato strutturato personalizzato (JSON-LD) nei contenuti;/comunicazione-per-la-crescita-aziendale-strategie-per-raggiungere-il-successo;nessun JSON-LD nel contenuto;sì
SCH-01;critical;structured;Nessun dato strutturato personalizzato (JSON-LD) nei contenuti;/agenzia-tiktok-come-sfruttare-il-potenziale-di-tiktok-per-il-tuo-brand;nessun JSON-LD nel contenuto;sì
SCH-01;critical;structured;Nessun dato strutturato personalizzato (JSON-LD) nei contenuti;/come-funzionano-le-agenzie-su-tiktok-scopri-come-potenziare-il-tuo-brand;nessun JSON-LD nel contenuto;sì
SCH-01;critical;structured;Nessun dato strutturato personalizzato (JSON-LD) nei contenuti;/come-si-fa-a-crescere-su-tiktok-strategie-per-aumentare-visibilita-e-engagement;nessun JSON-LD nel contenuto;sì
SCH-01;critical;structured;Nessun dato strutturato personalizzato (JSON-LD) nei contenuti;/agenzia-per-eventi-a-palermo-come-organizzare-eventi-indimenticabili;nessun JSON-LD nel contenuto;sì
SCH-01;critical;structured;Nessun dato strutturato personalizzato (JSON-LD) nei contenuti;/organizzare-eventi-a-palermo-come-creare-esperienze-indimenticabili;nessun JSON-LD nel contenuto;sì
SCH-01;critical;structured;Nessun dato strutturato personalizzato (JSON-LD) nei contenuti;/come-organizzare-eventi-aziendali-di-successo-strategie-vincenti-per-il-tuo-business;nessun JSON-LD nel contenuto;sì
SCH-01;critical;structured;Nessun dato strutturato personalizzato (JSON-LD) nei contenuti;/come-realizzare-un-evento-di-lancio-prodotto-di-successo-a-palermo;nessun JSON-LD nel contenuto;sì
SCH-01;critical;structured;Nessun dato strutturato personalizzato (JSON-LD) nei contenuti;/come-gestire-eventi-privati-con-successo-dalla-festa-di-compleanno-a-eventi-esclusivi;nessun JSON-LD nel contenuto;sì
SCH-01;critical;structured;Nessun dato strutturato personalizzato (JSON-LD) nei contenuti;/social-media-manager-a-palermo-come-scegliere-il-professionista-giusto-per-il-tuo-brand;nessun JSON-LD nel contenuto;sì
SCH-01;critical;structured;Nessun dato strutturato personalizzato (JSON-LD) nei contenuti;/social-media-manager-per-e-commerce-aumentare-le-vendite-con-strategie-mirate;nessun JSON-LD nel contenuto;sì
SCH-01;critical;structured;Nessun dato strutturato personalizzato (JSON-LD) nei contenuti;/il-ruolo-di-un-social-media-manager-nelle-piccole-e-medie-imprese;nessun JSON-LD nel contenuto;sì
SCH-01;critical;structured;Nessun dato strutturato personalizzato (JSON-LD) nei contenuti;/come-il-social-media-manager-puo-potenziare-la-tua-strategia-di-content-marketing;nessun JSON-LD nel contenuto;sì
SCH-01;critical;structured;Nessun dato strutturato personalizzato (JSON-LD) nei contenuti;/come-diventare-un-social-media-manager-di-successo-guida-passo-dopo-passo;nessun JSON-LD nel contenuto;sì
SCH-01;critical;structured;Nessun dato strutturato personalizzato (JSON-LD) nei contenuti;/che-cosa-fa-una-social-media-manager;nessun JSON-LD nel contenuto;sì
SCH-01;critical;structured;Nessun dato strutturato personalizzato (JSON-LD) nei contenuti;/quanto-costa-farsi-gestire-un-profilo-instagram;nessun JSON-LD nel contenuto;sì
SCH-01;critical;structured;Nessun dato strutturato personalizzato (JSON-LD) nei contenuti;/5-errori-silenziosi-che-stai-commettendo-nel-tuo-sito-web-aziendale;nessun JSON-LD nel contenuto;sì
SCH-01;critical;structured;Nessun dato strutturato personalizzato (JSON-LD) nei contenuti;/strategie-digitali-per-artigiani-locali-come-vendere-di-piu-online-marketing;nessun JSON-LD nel contenuto;sì
SCH-01;critical;structured;Nessun dato strutturato personalizzato (JSON-LD) nei contenuti;/il-potere-delle-landing-page-per-attivita-locali-converti-i-clienti-della-tua-citta;nessun JSON-LD nel contenuto;sì
SCH-01;critical;structured;Nessun dato strutturato personalizzato (JSON-LD) nei contenuti;/micro-influencer-locale-come-usarli-per-far-crescere-la-tua-azienda-marketing-palermo;nessun JSON-LD nel contenuto;sì
SCH-01;critical;structured;Nessun dato strutturato personalizzato (JSON-LD) nei contenuti;/posizionamento-zero-su-google-cose-e-come-ottenerlo;nessun JSON-LD nel contenuto;sì
SCH-01;critical;structured;Nessun dato strutturato personalizzato (JSON-LD) nei contenuti;/come-unire-seo-e-branding-visivo-in-un-solo-progetto-web;nessun JSON-LD nel contenuto;sì
SCH-01;critical;structured;Nessun dato strutturato personalizzato (JSON-LD) nei contenuti;/leffetto-domino-delle-recensioni-online-per-le-attivita-locali;nessun JSON-LD nel contenuto;sì
SCH-01;critical;structured;Nessun dato strutturato personalizzato (JSON-LD) nei contenuti;/seo-per-podcast-e-audio-contenuti-come-farli-trovare-online;nessun JSON-LD nel contenuto;sì
SCH-01;critical;structured;Nessun dato strutturato personalizzato (JSON-LD) nei contenuti;/siti-one-page-quando-funzionano-davvero;nessun JSON-LD nel contenuto;sì
SCH-01;critical;structured;Nessun dato strutturato personalizzato (JSON-LD) nei contenuti;/strategie-digitali-per-chi-apre-una-start-up-culturale-a-palermo;nessun JSON-LD nel contenuto;sì
SCH-01;critical;structured;Nessun dato strutturato personalizzato (JSON-LD) nei contenuti;/come-promuovere-la-tua-casa-vacanze-con-il-marketing-locale-digitale;nessun JSON-LD nel contenuto;sì
SCH-01;critical;structured;Nessun dato strutturato personalizzato (JSON-LD) nei contenuti;/brand-identity-per-artisti-e-creativi-distinguersi-online-in-modo-autentico;nessun JSON-LD nel contenuto;sì
SCH-01;critical;structured;Nessun dato strutturato personalizzato (JSON-LD) nei contenuti;/il-ruolo-del-marketing-digitale-per-le-librerie-indipendenti;nessun JSON-LD nel contenuto;sì
SCH-01;critical;structured;Nessun dato strutturato personalizzato (JSON-LD) nei contenuti;/comunicazione-digitale-per-associazioni-no-profit-come-farsi-conoscere;nessun JSON-LD nel contenuto;sì
SCH-01;critical;structured;Nessun dato strutturato personalizzato (JSON-LD) nei contenuti;/strategie-web-per-eventi-teatrali-e-spettacoli-indipendenti;nessun JSON-LD nel contenuto;sì
SCH-01;critical;structured;Nessun dato strutturato personalizzato (JSON-LD) nei contenuti;/digitale-e-tradizione-come-promuovere-botteghe-storiche-con-nuove-strategie-comunicazione;nessun JSON-LD nel contenuto;sì
SCH-01;critical;structured;Nessun dato strutturato personalizzato (JSON-LD) nei contenuti;/formazione-online-come-promuovere-il-tuo-corso-o-workshop-sul-web;nessun JSON-LD nel contenuto;sì
SCH-01;critical;structured;Nessun dato strutturato personalizzato (JSON-LD) nei contenuti;/dalla-strada-al-web-come-promuovere-un-food-truck-a-palermo;nessun JSON-LD nel contenuto;sì
SCH-01;critical;structured;Nessun dato strutturato personalizzato (JSON-LD) nei contenuti;/digital-strategy-per-laboratori-di-analisi-come-farsi-scegliere-online;nessun JSON-LD nel contenuto;sì
SCH-01;critical;structured;Nessun dato strutturato personalizzato (JSON-LD) nei contenuti;/come-comunicare-online-per-una-scuola-di-musica-o-danza-a-palermo;nessun JSON-LD nel contenuto;sì
SCH-01;critical;structured;Nessun dato strutturato personalizzato (JSON-LD) nei contenuti;/come-far-crescere-una-sartoria-o-atelier-online-strategie-su-misura;nessun JSON-LD nel contenuto;sì
SCH-01;critical;structured;Nessun dato strutturato personalizzato (JSON-LD) nei contenuti;/pet-business-come-farsi-conoscere-online-con-una-comunicazione-mirata;nessun JSON-LD nel contenuto;sì
SCH-01;critical;structured;Nessun dato strutturato personalizzato (JSON-LD) nei contenuti;/vendere-arte-online-come-costruire-una-strategia-digitale-per-gallerie-e-artisti;nessun JSON-LD nel contenuto;sì
SCH-01;critical;structured;Nessun dato strutturato personalizzato (JSON-LD) nei contenuti;/ristorazione-vegetariana-e-vegana-come-comunicare-i-tuoi-valori-online;nessun JSON-LD nel contenuto;sì
SCH-01;critical;structured;Nessun dato strutturato personalizzato (JSON-LD) nei contenuti;/digital-strategy-per-wedding-planner-e-servizi-per-eventi-privati;nessun JSON-LD nel contenuto;sì
SCH-01;critical;structured;Nessun dato strutturato personalizzato (JSON-LD) nei contenuti;/consulenti-psicologi-e-coach-come-trovare-clienti-online-a-palermo;nessun JSON-LD nel contenuto;sì
SCH-01;critical;structured;Nessun dato strutturato personalizzato (JSON-LD) nei contenuti;/come-lanciare-prodotti-tipici-siciliani-online-vendita;nessun JSON-LD nel contenuto;sì
SCH-01;critical;structured;Nessun dato strutturato personalizzato (JSON-LD) nei contenuti;/servizi-alla-persona-promuovere-online-estetiste-massaggiatori-e-parrucchieri;nessun JSON-LD nel contenuto;sì
SCH-01;critical;structured;Nessun dato strutturato personalizzato (JSON-LD) nei contenuti;/digital-branding-per-studi-legali-e-professionisti-del-diritto;nessun JSON-LD nel contenuto;sì
SCH-01;critical;structured;Nessun dato strutturato personalizzato (JSON-LD) nei contenuti;/come-comunicare-in-modo-efficacer-studi-di-fisioterapia;nessun JSON-LD nel contenuto;sì
SCH-01;critical;structured;Nessun dato strutturato personalizzato (JSON-LD) nei contenuti;/psicologi-online-come-promuoversi-nel-rispetto-della-deontologia;nessun JSON-LD nel contenuto;sì
SCH-01;critical;structured;Nessun dato strutturato personalizzato (JSON-LD) nei contenuti;/come-promuovere-un-centro-odontoiatrico-sul-web-senza-perdere-serieta;nessun JSON-LD nel contenuto;sì
SCH-01;critical;structured;Nessun dato strutturato personalizzato (JSON-LD) nei contenuti;/farmacie-e-parafarmacie-strategie-locali-per-aumentare-la-clientela;nessun JSON-LD nel contenuto;sì
SCH-01;critical;structured;Nessun dato strutturato personalizzato (JSON-LD) nei contenuti;/come-far-crescere-un-centro-logopedico-con-il-supporto-digitale;nessun JSON-LD nel contenuto;sì
SCH-01;critical;structured;Nessun dato strutturato personalizzato (JSON-LD) nei contenuti;/visibilita-online-per-nutrizionisti-e-biologi-cosa-funziona-davvero;nessun JSON-LD nel contenuto;sì
SCH-01;critical;structured;Nessun dato strutturato personalizzato (JSON-LD) nei contenuti;/come-lanciare-una-clinica-estetica-digital-branding-per-la-bellezza;nessun JSON-LD nel contenuto;sì
SCH-01;critical;structured;Nessun dato strutturato personalizzato (JSON-LD) nei contenuti;/servizi-veterinari-come-raggiungere-piu-clienti-online-in-modo-etico;nessun JSON-LD nel contenuto;sì
SCH-01;critical;structured;Nessun dato strutturato personalizzato (JSON-LD) nei contenuti;/come-farsi-scegliere-online-come-ostetrica-o-operatore-del-benessere-femminile;nessun JSON-LD nel contenuto;sì
SCH-01;critical;structured;Nessun dato strutturato personalizzato (JSON-LD) nei contenuti;/digital-strategy-per-studi-di-podologia-e-professionisti-del-piede;nessun JSON-LD nel contenuto;sì
SCH-01;critical;structured;Nessun dato strutturato personalizzato (JSON-LD) nei contenuti;/come-promuovere-online-una-scuola-privata-o-centro-di-formazione-a-palermo;nessun JSON-LD nel contenuto;sì
SCH-01;critical;structured;Nessun dato strutturato personalizzato (JSON-LD) nei contenuti;/comunicazione-per-architetti-e-interior-designer-il-progetto-parte-dal-web;nessun JSON-LD nel contenuto;sì
SCH-01;critical;structured;Nessun dato strutturato personalizzato (JSON-LD) nei contenuti;/come-far-crescere-unazienda-agricola-con-e-commerce-e-promozione-locale;nessun JSON-LD nel contenuto;sì
SCH-01;critical;structured;Nessun dato strutturato personalizzato (JSON-LD) nei contenuti;/pet-sitter-e-pensioni-per-animali-come-attirare-piu-clienti-online;nessun JSON-LD nel contenuto;sì
SCH-01;critical;structured;Nessun dato strutturato personalizzato (JSON-LD) nei contenuti;/servizi-per-linfanzia-come-farsi-conoscere-online-come-baby-sitter-o-tata-qualificata;nessun JSON-LD nel contenuto;sì
SCH-01;critical;structured;Nessun dato strutturato personalizzato (JSON-LD) nei contenuti;/come-promuovere-online-una-cooperativa-sociale-a-palermo;nessun JSON-LD nel contenuto;sì
SCH-01;critical;structured;Nessun dato strutturato personalizzato (JSON-LD) nei contenuti;/digital-strategy-per-agenzie-investigative-e-professionisti-della-sicurezza;nessun JSON-LD nel contenuto;sì
SCH-01;critical;structured;Nessun dato strutturato personalizzato (JSON-LD) nei contenuti;/comunicazione-per-traduttori-e-interpreti-come-trovare-clienti-online;nessun JSON-LD nel contenuto;sì
SCH-01;critical;structured;Nessun dato strutturato personalizzato (JSON-LD) nei contenuti;/social-media-manager-a-palermo-quanto-conta-davvero-per-unazienda-locale;nessun JSON-LD nel contenuto;sì
SCH-01;critical;structured;Nessun dato strutturato personalizzato (JSON-LD) nei contenuti;/agenzia-marketing-a-palermo-come-sceglierne-una-adatta-alla-tua-attivita;nessun JSON-LD nel contenuto;sì
SCH-01;critical;structured;Nessun dato strutturato personalizzato (JSON-LD) nei contenuti;/web-agency-a-palermo-per-professionisti-siti-e-strategie-personalizzate;nessun JSON-LD nel contenuto;sì
SCH-01;critical;structured;Nessun dato strutturato personalizzato (JSON-LD) nei contenuti;/tiktok-e-instagram-reels-perche-ogni-impresa-a-palermo-deve-sfruttarli-ora;nessun JSON-LD nel contenuto;sì
SCH-01;critical;structured;Nessun dato strutturato personalizzato (JSON-LD) nei contenuti;/scopri-come-creare-video-virali;nessun JSON-LD nel contenuto;sì
SCH-01;critical;structured;Nessun dato strutturato personalizzato (JSON-LD) nei contenuti;/contenuti-che-spopolano-sui-social;nessun JSON-LD nel contenuto;sì
SCH-01;critical;structured;Nessun dato strutturato personalizzato (JSON-LD) nei contenuti;/i-segreti-dei-video-virali-tecniche-e-strumenti-da-conoscere;nessun JSON-LD nel contenuto;sì
SCH-01;critical;structured;Nessun dato strutturato personalizzato (JSON-LD) nei contenuti;/come-trasformare-unidea-in-un-video-virale-di-successo;nessun JSON-LD nel contenuto;sì
SCH-01;critical;structured;Nessun dato strutturato personalizzato (JSON-LD) nei contenuti;/scopri-come-un-semplice-video-ha-raggiunto-1-milione-di-visualizzazioni-in-24-ore;nessun JSON-LD nel contenuto;sì
SCH-01;critical;structured;Nessun dato strutturato personalizzato (JSON-LD) nei contenuti;/da-zero-a-virale-la-storia-di-un-contenuto-che-ha-conquistato-il-web;nessun JSON-LD nel contenuto;sì
SCH-01;critical;structured;Nessun dato strutturato personalizzato (JSON-LD) nei contenuti;/il-potere-dei-video-brevi;nessun JSON-LD nel contenuto;sì
SCH-01;critical;structured;Nessun dato strutturato personalizzato (JSON-LD) nei contenuti;/3-trucchi-per-rendere-i-tuoi-reels-irresistibili;nessun JSON-LD nel contenuto;sì
SCH-01;critical;structured;Nessun dato strutturato personalizzato (JSON-LD) nei contenuti;/scopri-strategie-efficaci-per-creare-reels;nessun JSON-LD nel contenuto;sì
SCH-01;critical;structured;Nessun dato strutturato personalizzato (JSON-LD) nei contenuti;/creare-reels-che-tutti-vogliono-condividere;nessun JSON-LD nel contenuto;sì
SCH-01;critical;structured;Nessun dato strutturato personalizzato (JSON-LD) nei contenuti;/partecipare-alla-sfida-del-momento;nessun JSON-LD nel contenuto;sì
SCH-01;critical;structured;Nessun dato strutturato personalizzato (JSON-LD) nei contenuti;/trend-alert-i-video-che-stanno-conquistando-tiktok;nessun JSON-LD nel contenuto;sì
SCH-01;critical;structured;Nessun dato strutturato personalizzato (JSON-LD) nei contenuti;/challenge-virali-come-sfruttarle-per-aumentare-la-tua-visibilita;nessun JSON-LD nel contenuto;sì
SCH-01;critical;structured;Nessun dato strutturato personalizzato (JSON-LD) nei contenuti;/i-trend-del-2025-cosa-funziona-davvero-sui-social;nessun JSON-LD nel contenuto;sì
SCH-01;critical;structured;Nessun dato strutturato personalizzato (JSON-LD) nei contenuti;/unisciti-al-movimento-crea-contenuti-che-fanno-parlare-di-se;nessun JSON-LD nel contenuto;sì
SCH-01;critical;structured;Nessun dato strutturato personalizzato (JSON-LD) nei contenuti;/strategie-seo-per-video-virali-come-farsi-trovare-online;nessun JSON-LD nel contenuto;sì
SCH-01;critical;structured;Nessun dato strutturato personalizzato (JSON-LD) nei contenuti;/parole-chiave-e-viralita-il-connubio-perfetto-per-i-tuoi-video;nessun JSON-LD nel contenuto;sì
SCH-01;critical;structured;Nessun dato strutturato personalizzato (JSON-LD) nei contenuti;/come-ottimizzare-i-tuoi-video-per-i-motori-di-ricerca-nel-2025;nessun JSON-LD nel contenuto;sì
SCH-01;critical;structured;Nessun dato strutturato personalizzato (JSON-LD) nei contenuti;/seo-per-contenuti-video-guida-pratica-per-aumentare-le-visualizzazioni;nessun JSON-LD nel contenuto;sì
SCH-01;critical;structured;Nessun dato strutturato personalizzato (JSON-LD) nei contenuti;/i-migliori-strumenti-per-analizzare-e-migliorare-la-performance-dei-tuoi-video;nessun JSON-LD nel contenuto;sì
SCH-01;critical;structured;Nessun dato strutturato personalizzato (JSON-LD) nei contenuti;/agenzia-di-comunicazione-a-palermo-come-far-crescere-il-tuo-brand-nel-2025;nessun JSON-LD nel contenuto;sì
SCH-01;critical;structured;Nessun dato strutturato personalizzato (JSON-LD) nei contenuti;/i-segreti-del-marketing-digitale-a-palermo-scopri-la-nostra-agenzia;nessun JSON-LD nel contenuto;sì
SCH-01;critical;structured;Nessun dato strutturato personalizzato (JSON-LD) nei contenuti;/vuoi-dominare-i-social-a-palermo-affidati-ai-migliori;nessun JSON-LD nel contenuto;sì
SCH-01;critical;structured;Nessun dato strutturato personalizzato (JSON-LD) nei contenuti;/seo-e-video-virali-a-palermo-come-max-digital-innovation-sta-cambiando-le-regole;nessun JSON-LD nel contenuto;sì
SCH-01;critical;structured;Nessun dato strutturato personalizzato (JSON-LD) nei contenuti;/come-aumentare-le-visualizzazioni-su-instagram-nel-2026;nessun JSON-LD nel contenuto;sì
SCH-01;critical;structured;Nessun dato strutturato personalizzato (JSON-LD) nei contenuti;/algoritmo-instagram-come-funziona-davvero;nessun JSON-LD nel contenuto;sì
SCH-01;critical;structured;Nessun dato strutturato personalizzato (JSON-LD) nei contenuti;/strategie-instagram-per-far-crescere-un-profilo-aziendale;nessun JSON-LD nel contenuto;sì
SCH-01;critical;structured;Nessun dato strutturato personalizzato (JSON-LD) nei contenuti;/perche-i-tuoi-reel-non-fanno-visualizzazioni;nessun JSON-LD nel contenuto;sì
SCH-01;critical;structured;Nessun dato strutturato personalizzato (JSON-LD) nei contenuti;/come-finire-negli-esplora-di-instagram;nessun JSON-LD nel contenuto;sì
SCH-01;critical;structured;Nessun dato strutturato personalizzato (JSON-LD) nei contenuti;/instagram-per-aziende-errori-da-evitare;nessun JSON-LD nel contenuto;sì
SCH-01;critical;structured;Nessun dato strutturato personalizzato (JSON-LD) nei contenuti;/come-creare-reel-virali-su-instagram;nessun JSON-LD nel contenuto;sì
SCH-01;critical;structured;Nessun dato strutturato personalizzato (JSON-LD) nei contenuti;/le-migliori-strategie-instagram-per-vendere-di-piu;nessun JSON-LD nel contenuto;sì
SCH-01;critical;structured;Nessun dato strutturato personalizzato (JSON-LD) nei contenuti;/come-aumentare-lengagement-su-instagram;nessun JSON-LD nel contenuto;sì
SCH-01;critical;structured;Nessun dato strutturato personalizzato (JSON-LD) nei contenuti;/come-aumentare-le-visualizzazioni-su-tiktok;nessun JSON-LD nel contenuto;sì
SCH-01;critical;structured;Nessun dato strutturato personalizzato (JSON-LD) nei contenuti;/algoritmo-tiktok-tutto-quello-che-devi-sapere;nessun JSON-LD nel contenuto;sì
SCH-01;critical;structured;Nessun dato strutturato personalizzato (JSON-LD) nei contenuti;/perche-i-video-tiktok-fanno-poche-visualizzazioni;nessun JSON-LD nel contenuto;sì
SCH-01;critical;structured;Nessun dato strutturato personalizzato (JSON-LD) nei contenuti;/come-andare-virale-su-tiktok;nessun JSON-LD nel contenuto;sì
SCH-01;critical;structured;Nessun dato strutturato personalizzato (JSON-LD) nei contenuti;/strategie-tiktok-per-aziende;nessun JSON-LD nel contenuto;sì
SCH-01;critical;structured;Nessun dato strutturato personalizzato (JSON-LD) nei contenuti;/tiktok-per-negozi-conviene-davvero;nessun JSON-LD nel contenuto;sì
SCH-01;critical;structured;Nessun dato strutturato personalizzato (JSON-LD) nei contenuti;/quanto-dura-un-video-tiktok-ideale;nessun JSON-LD nel contenuto;sì
SCH-01;critical;structured;Nessun dato strutturato personalizzato (JSON-LD) nei contenuti;/come-far-crescere-il-tuo-profilo-in-6-giorni;nessun JSON-LD nel contenuto;sì
SCH-01;critical;structured;Nessun dato strutturato personalizzato (JSON-LD) nei contenuti;/come-far-crescere-il-tuo-profilo-tiktok-in-6-giorni;nessun JSON-LD nel contenuto;sì
SCH-01;critical;structured;Nessun dato strutturato personalizzato (JSON-LD) nei contenuti;/produzione-video-a-palermo-come-scegliere-lagenzia-giusta;nessun JSON-LD nel contenuto;sì
SCH-01;critical;structured;Nessun dato strutturato personalizzato (JSON-LD) nei contenuti;/video-aziendali-a-palermo-perche-aumentano-le-vendite;nessun JSON-LD nel contenuto;sì
SCH-01;critical;structured;Nessun dato strutturato personalizzato (JSON-LD) nei contenuti;/creazione-video-virali-palermo;nessun JSON-LD nel contenuto;sì
SCH-01;critical;structured;Nessun dato strutturato personalizzato (JSON-LD) nei contenuti;/produzione-video-virali-palermo;nessun JSON-LD nel contenuto;sì
SCH-01;critical;structured;Nessun dato strutturato personalizzato (JSON-LD) nei contenuti;/realizzazione-video-virali-palermo;nessun JSON-LD nel contenuto;sì
SCH-01;critical;structured;Nessun dato strutturato personalizzato (JSON-LD) nei contenuti;/creazione-video-virali-sicilia;nessun JSON-LD nel contenuto;sì
SCH-01;critical;structured;Nessun dato strutturato personalizzato (JSON-LD) nei contenuti;/produzione-video-virali-sicilia;nessun JSON-LD nel contenuto;sì
SCH-01;critical;structured;Nessun dato strutturato personalizzato (JSON-LD) nei contenuti;/realizzazione-video-sicilia;nessun JSON-LD nel contenuto;sì
SCH-01;critical;structured;Nessun dato strutturato personalizzato (JSON-LD) nei contenuti;/produzione-video-virali-per-la-tua-attivita-palermo;nessun JSON-LD nel contenuto;sì
SCH-01;critical;structured;Nessun dato strutturato personalizzato (JSON-LD) nei contenuti;/realizzazione-video-virali-trapani;nessun JSON-LD nel contenuto;sì
SCH-01;critical;structured;Nessun dato strutturato personalizzato (JSON-LD) nei contenuti;/produzione-video-palermo-perche-oggi-e-indispensabile-per-ogni-azienda;nessun JSON-LD nel contenuto;sì
SCH-01;critical;structured;Nessun dato strutturato personalizzato (JSON-LD) nei contenuti;/video-promozionali-per-la-tua-azienda-palermo-funzionano-davvero;nessun JSON-LD nel contenuto;sì
SCH-01;critical;structured;Nessun dato strutturato personalizzato (JSON-LD) nei contenuti;/produzione-video-professionale-palermo-tutto-quello-che-devi-sapere;nessun JSON-LD nel contenuto;sì
SCH-01;critical;structured;Nessun dato strutturato personalizzato (JSON-LD) nei contenuti;/come-trasformare-un-semplice-video-in-un-contenuto-virale-a-palermo;nessun JSON-LD nel contenuto;sì
SCH-01;critical;structured;Nessun dato strutturato personalizzato (JSON-LD) nei contenuti;/perche-ogni-attivita-di-palermo-dovrebbe-pubblicare-video-2;nessun JSON-LD nel contenuto;sì
LNK-01;critical;links;Pagine orfane: nessun link interno in entrata;/privacy-policy;0 link interni in entrata;sì
LNK-01;critical;links;Pagine orfane: nessun link interno in entrata;/cookie-policy;0 link interni in entrata;sì
LNK-01;critical;links;Pagine orfane: nessun link interno in entrata;/lavora-con-noi;0 link interni in entrata;sì
LNK-01;critical;links;Pagine orfane: nessun link interno in entrata;/innovazione-digitale-pmi-competitive;0 link interni in entrata;sì
LNK-01;critical;links;Pagine orfane: nessun link interno in entrata;/innovazione-digitale-palermo;0 link interni in entrata;sì
LNK-01;critical;links;Pagine orfane: nessun link interno in entrata;/cybersecurity-per-aziende;0 link interni in entrata;sì
LNK-01;critical;links;Pagine orfane: nessun link interno in entrata;/strategia-marketing-digitale;0 link interni in entrata;sì
LNK-01;critical;links;Pagine orfane: nessun link interno in entrata;/campagne-ai-driven-marketing-automation;0 link interni in entrata;sì
LNK-01;critical;links;Pagine orfane: nessun link interno in entrata;/gestione-social-media-presenza-online;0 link interni in entrata;sì
LNK-01;critical;links;Pagine orfane: nessun link interno in entrata;/design-responsivo-sito-web-successo-online;0 link interni in entrata;sì
LNK-01;critical;links;Pagine orfane: nessun link interno in entrata;/perche-un-sito-web-professionale-e-la-chiave-del-successo-per-ogni-impresa;0 link interni in entrata;sì
LNK-01;critical;links;Pagine orfane: nessun link interno in entrata;/reputazione_online_cose_perche_conta_e_come_verificarla;0 link interni in entrata;sì
LNK-01;critical;links;Pagine orfane: nessun link interno in entrata;/come-creare-una-landing-page-efficace;0 link interni in entrata;sì
LNK-01;critical;links;Pagine orfane: nessun link interno in entrata;/cookie-cosa-sono-e-a-che-servono;0 link interni in entrata;sì
LNK-01;critical;links;Pagine orfane: nessun link interno in entrata;/privacy-policy;0 link interni in entrata;sì
LNK-01;critical;links;Pagine orfane: nessun link interno in entrata;/scopri-come-aumentare-posizionamento-seo-per-il-tuo-sito-web-su-google;0 link interni in entrata;sì
LNK-01;critical;links;Pagine orfane: nessun link interno in entrata;/tipologie-di-siti-web-la-guida-definitiva-per-imprenditori;0 link interni in entrata;sì
LNK-01;critical;links;Pagine orfane: nessun link interno in entrata;/tiktok-ads-manager-guida-completa-su-come-gestire-le-tue-campagne-su-tiktok;0 link interni in entrata;sì
LNK-01;critical;links;Pagine orfane: nessun link interno in entrata;/dem-marketing-come-usarlo-nel-2024-per-massimizzare-i-risultati;0 link interni in entrata;sì
LNK-01;critical;links;Pagine orfane: nessun link interno in entrata;/e-commerce-a-palermo;0 link interni in entrata;sì
LNK-01;critical;links;Pagine orfane: nessun link interno in entrata;/business-innovation-cosa-chiede-il-mercato-oggi;0 link interni in entrata;sì
LNK-01;critical;links;Pagine orfane: nessun link interno in entrata;/advertising-a-palermo;0 link interni in entrata;sì
LNK-01;critical;links;Pagine orfane: nessun link interno in entrata;/5-consigli-preziosi-per-pubblicizzare-la-propria-azienda-a-palermo-su-google;0 link interni in entrata;sì
LNK-01;critical;links;Pagine orfane: nessun link interno in entrata;/realizzazione-siti-web-per-bb-a-palermo-hotel-motel-e-strutture-ricettive-tutto-quello-che-ce-da-sapere;0 link interni in entrata;sì
LNK-01;critical;links;Pagine orfane: nessun link interno in entrata;/hai-bisogno-di-pubblicizzare-il-tuo-ristorante-a-palermo-ecco-come-possiamo-aiutarti;0 link interni in entrata;sì
LNK-01;critical;links;Pagine orfane: nessun link interno in entrata;/ecco-perche-un-sito-web-a-palermo-e-cosi-essenziale-per-la-tua-attivita;0 link interni in entrata;sì
LNK-01;critical;links;Pagine orfane: nessun link interno in entrata;/gestione-social-media-a-palermo-come-la-nostra-agenzia-di-comunicazione-cura-i-tuoi-social-media;0 link interni in entrata;sì
LNK-01;critical;links;Pagine orfane: nessun link interno in entrata;/loghi-per-la-tua-azienda-a-palermo-caratteristiche-e-come-crearne-uno-efficace;0 link interni in entrata;sì
LNK-01;critical;links;Pagine orfane: nessun link interno in entrata;/ottimizzare-la-comunicazione-grazie-allutilizzo-di-call-to-action-efficaci-per-il-tuo-sito-web-a-palermo;0 link interni in entrata;sì
LNK-01;critical;links;Pagine orfane: nessun link interno in entrata;/11-trend-marketing-a-palermo-per-e-commerce-marketing-che-faranno-crescere-il-tuo-e-commerce;0 link interni in entrata;sì
LNK-01;critical;links;Pagine orfane: nessun link interno in entrata;/come-fare-pubblicita-a-palermo-su-internet-guida-per-principianti;0 link interni in entrata;sì
LNK-01;critical;links;Pagine orfane: nessun link interno in entrata;/campagne-pubblicitarie-a-palermo-la-soluzione-per-far-crescere-il-tuo-business;0 link interni in entrata;sì
LNK-01;critical;links;Pagine orfane: nessun link interno in entrata;/pubblicita-su-tiktok-a-palermo-come-aiutiamo-la-tua-azienda-a-crescere;0 link interni in entrata;sì
LNK-01;critical;links;Pagine orfane: nessun link interno in entrata;/seo-e-sem;0 link interni in entrata;sì
LNK-01;critical;links;Pagine orfane: nessun link interno in entrata;/web-agency-a-palermo-il-design-che-parte-dal-brand;0 link interni in entrata;sì
LNK-01;critical;links;Pagine orfane: nessun link interno in entrata;/b2b-a-palermo-cosa-puo-imparare-dal-b2c-per-sfruttare-al-meglio-il-digitale;0 link interni in entrata;sì
LNK-01;critical;links;Pagine orfane: nessun link interno in entrata;/strategie-di-content-marketing-per-le-piccole-imprese-a-palermo;0 link interni in entrata;sì
LNK-01;critical;links;Pagine orfane: nessun link interno in entrata;/web-marketing-per-palestre-e-centri-sportivi;0 link interni in entrata;sì
LNK-01;critical;links;Pagine orfane: nessun link interno in entrata;/mi-serve-davvero-un-sito-web-aziendale;0 link interni in entrata;sì
LNK-01;critical;links;Pagine orfane: nessun link interno in entrata;/quali-sono-i-servizi-offerti-da-unagenzia-di-comunicazione-a-palermo;0 link interni in entrata;sì
LNK-01;critical;links;Pagine orfane: nessun link interno in entrata;/le-commerce-in-italia-sta-cambiando-con-lintelligenza-artificiale;0 link interni in entrata;sì
LNK-01;critical;links;Pagine orfane: nessun link interno in entrata;/il-marketing-per-attivita-locali-i-vantaggi-di-affidarsi-a-una-web-agency;0 link interni in entrata;sì
LNK-01;critical;links;Pagine orfane: nessun link interno in entrata;/i-social-media-gli-alleati-per-il-tuo-e-commerce;0 link interni in entrata;sì
LNK-01;critical;links;Pagine orfane: nessun link interno in entrata;/marketing-online-per-la-tua-concessionaria;0 link interni in entrata;sì
LNK-01;critical;links;Pagine orfane: nessun link interno in entrata;/marketing-online-per-il-tuo-negozio-di-abbigliamento;0 link interni in entrata;sì
LNK-01;critical;links;Pagine orfane: nessun link interno in entrata;/web-marketing-per-la-tua-parruccheria;0 link interni in entrata;sì
LNK-01;critical;links;Pagine orfane: nessun link interno in entrata;/come-promuovere-il-tuo-salone-di-bellezza-a-palermo;0 link interni in entrata;sì
LNK-01;critical;links;Pagine orfane: nessun link interno in entrata;/come-pubblicizzare-la-tua-ottica-a-palermo;0 link interni in entrata;sì
LNK-01;critical;links;Pagine orfane: nessun link interno in entrata;/come-pubblicizzare-la-tua-pizzeria;0 link interni in entrata;sì
LNK-01;critical;links;Pagine orfane: nessun link interno in entrata;/gestione-marketing-per-il-tuo-pub;0 link interni in entrata;sì
LNK-01;critical;links;Pagine orfane: nessun link interno in entrata;/idee-creative-per-pubblicizzare-la-tua-panineria;0 link interni in entrata;sì
LNK-01;critical;links;Pagine orfane: nessun link interno in entrata;/gestione-marketing-per-la-tua-hamburgeria;0 link interni in entrata;sì
LNK-01;critical;links;Pagine orfane: nessun link interno in entrata;/strategie-di-marketing-di-successo-i-passi-fondamentali-per-distinguersi-nel-mercato;0 link interni in entrata;sì
LNK-01;critical;links;Pagine orfane: nessun link interno in entrata;/pubblicita-per-il-tuo-brand-a-palermo-come-differenziarsi-dalla-massa;0 link interni in entrata;sì
LNK-01;critical;links;Pagine orfane: nessun link interno in entrata;/restare-al-passo-coi-trend-e-difficile-scopri-come-unagenzia-di-comunicazione-puo-aiutarti;0 link interni in entrata;sì
LNK-01;critical;links;Pagine orfane: nessun link interno in entrata;/hai-bisogno-di-uno-store-online-per-la-tua-attivita-offriamo-realizzazione-e-commerce-a-palermo;0 link interni in entrata;sì
LNK-01;critical;links;Pagine orfane: nessun link interno in entrata;/vendita-online-a-palermo-sui-social-unottima-vetrina-per-i-tuoi-prodotti;0 link interni in entrata;sì
LNK-01;critical;links;Pagine orfane: nessun link interno in entrata;/sito-web-per-artisti-fai-conoscere-la-tua-arte;0 link interni in entrata;sì
LNK-01;critical;links;Pagine orfane: nessun link interno in entrata;/quanto-costa-un-sito-web-a-palermo;0 link interni in entrata;sì
LNK-01;critical;links;Pagine orfane: nessun link interno in entrata;/usa-la-local-seo-e-porta-il-tuo-business-al-top;0 link interni in entrata;sì
LNK-01;critical;links;Pagine orfane: nessun link interno in entrata;/mobile-marketing-e-micro-momenti;0 link interni in entrata;sì
LNK-01;critical;links;Pagine orfane: nessun link interno in entrata;/social-media-marketing-nel-settore-arredamento;0 link interni in entrata;sì
LNK-01;critical;links;Pagine orfane: nessun link interno in entrata;/il-web-design-e-la-sua-evoluzione;0 link interni in entrata;sì
LNK-01;critical;links;Pagine orfane: nessun link interno in entrata;/marketing-esperienziale-coinvolgi-il-pubblico-con-esperienze-uniche;0 link interni in entrata;sì
LNK-01;critical;links;Pagine orfane: nessun link interno in entrata;/come-creare-siti-web-professionali-e-di-qualita;0 link interni in entrata;sì
LNK-01;critical;links;Pagine orfane: nessun link interno in entrata;/come-scegliere-lagenzia-pubblicitaria-a-palermo-ideale-per-la-vostra-azienda;0 link interni in entrata;sì
LNK-01;critical;links;Pagine orfane: nessun link interno in entrata;/10-modi-per-migliorare-la-visibilita-del-tuo-sito-web-sui-motori-di-ricerca;0 link interni in entrata;sì
LNK-01;critical;links;Pagine orfane: nessun link interno in entrata;/web-agency-a-palermo-per-creare-un-sito-professionale;0 link interni in entrata;sì
LNK-01;critical;links;Pagine orfane: nessun link interno in entrata;/digital-agency-a-palermo-la-soluzione-completa-per-la-tua-presenza-online;0 link interni in entrata;sì
LNK-01;critical;links;Pagine orfane: nessun link interno in entrata;/creare-un-video-aziendale-efficace-coinvolgente-e-professionale;0 link interni in entrata;sì
LNK-01;critical;links;Pagine orfane: nessun link interno in entrata;/rendi-la-tua-azienda-digitale-trasformazione-e-innovazione-a-palermo;0 link interni in entrata;sì
LNK-01;critical;links;Pagine orfane: nessun link interno in entrata;/come-migliorare-la-tua-brand-reputation-con-le-attivita-di-digital-marketing;0 link interni in entrata;sì
LNK-01;critical;links;Pagine orfane: nessun link interno in entrata;/come-realizzare-un-sito-web-efficace-le-migliori-alternative-per-creare-un-percorso-di-successo-online;0 link interni in entrata;sì
LNK-01;critical;links;Pagine orfane: nessun link interno in entrata;/sito-web-accessibile-cose-come-crearlo-e-perche-e-importante;0 link interni in entrata;sì
LNK-01;critical;links;Pagine orfane: nessun link interno in entrata;/privacy-policy-sito-web-cose-e-come-scriverla-correttamente;0 link interni in entrata;sì
LNK-01;critical;links;Pagine orfane: nessun link interno in entrata;/le-11-regole-per-un-sito-web-efficace;0 link interni in entrata;sì
LNK-01;critical;links;Pagine orfane: nessun link interno in entrata;/creare-un-sito-web-a-palermo-le-caratteristiche-di-unarchitettura-efficace;0 link interni in entrata;sì
LNK-01;critical;links;Pagine orfane: nessun link interno in entrata;/strategie-di-web-reputation-come-costruire-gestire-e-misurare-la-percezione-online;0 link interni in entrata;sì
LNK-01;critical;links;Pagine orfane: nessun link interno in entrata;/sognavi-un-hotel-sempre-pieno-il-web-marketing-per-il-turismo-puo-trasformare-il-tuo-sogno-in-realta;0 link interni in entrata;sì
LNK-01;critical;links;Pagine orfane: nessun link interno in entrata;/google-ai-search-la-nuova-era-della-ricerca-intelligente-e-le-opportunita-per-il-marketing;0 link interni in entrata;sì
LNK-01;critical;links;Pagine orfane: nessun link interno in entrata;/aumentare-le-vendite-ecommerce-non-sei-soddisfatto-della-tua-agenzia;0 link interni in entrata;sì
LNK-01;critical;links;Pagine orfane: nessun link interno in entrata;/come-essere-in-prima-pagina-su-google-le-bugie-piu-diffuse-sulla-seo;0 link interni in entrata;sì
LNK-01;critical;links;Pagine orfane: nessun link interno in entrata;/gestione-marketing-per-la-tua-enoteca;0 link interni in entrata;sì
LNK-01;critical;links;Pagine orfane: nessun link interno in entrata;/gestione-marketing-per-il-tuo-fast-food;0 link interni in entrata;sì
LNK-01;critical;links;Pagine orfane: nessun link interno in entrata;/gestione-social-media-per-la-tua-attivita;0 link interni in entrata;sì
LNK-01;critical;links;Pagine orfane: nessun link interno in entrata;/marketing-e-pubblicita-a-palermo-tutti-i-tipi-di-pubblicita-per-far-crescere-la-tua-attivita;0 link interni in entrata;sì
LNK-01;critical;links;Pagine orfane: nessun link interno in entrata;/vuoi-aprire-unattivita-a-palermo-e-non-sai-a-chi-affidarti-ecco-come-fare-gestione-marketing-attivita-a-palermo;0 link interni in entrata;sì
LNK-01;critical;links;Pagine orfane: nessun link interno in entrata;/la-tua-agenzia-di-marketing-a-palermo-per-una-crescita-su-misura;0 link interni in entrata;sì
LNK-01;critical;links;Pagine orfane: nessun link interno in entrata;/quanto-costa-realizzare-un-cartello-pubblicitario-a-palermo;0 link interni in entrata;sì
LNK-01;critical;links;Pagine orfane: nessun link interno in entrata;/cosa-fare-per-indicizzare-il-tuo-sito-web;0 link interni in entrata;sì
LNK-01;critical;links;Pagine orfane: nessun link interno in entrata;/non-sai-come-sponsorizzare-il-tuo-progetto-artistico-scopri-le-strategie-vincenti;0 link interni in entrata;sì
LNK-01;critical;links;Pagine orfane: nessun link interno in entrata;/il-partner-giusto-per-il-tuo-successo-come-trovare-uno-sponsor-affidabile-a-palermo;0 link interni in entrata;sì
LNK-01;critical;links;Pagine orfane: nessun link interno in entrata;/marketing-per-imprese-edili;0 link interni in entrata;sì
LNK-01;critical;links;Pagine orfane: nessun link interno in entrata;/web-agency-a-palermo-la-guida-completa-per-far-crescere-la-tua-attivita-online;0 link interni in entrata;sì
LNK-01;critical;links;Pagine orfane: nessun link interno in entrata;/copywriter-seo-per-i-social-media-perche-a-google-piace-web-agency-seo-a-palermo;0 link interni in entrata;sì
LNK-01;critical;links;Pagine orfane: nessun link interno in entrata;/web-agency-a-palermo-per-il-settore-immobiliare-la-chiave-per-il-successo-online;0 link interni in entrata;sì
LNK-01;critical;links;Pagine orfane: nessun link interno in entrata;/web-agency-per-startup-a-palermo-la-tua-guida-al-successo-digitale;0 link interni in entrata;sì
LNK-01;critical;links;Pagine orfane: nessun link interno in entrata;/web-agency-per-e-commerce-a-palermo-come-incrementare-le-vendite-online;0 link interni in entrata;sì
LNK-01;critical;links;Pagine orfane: nessun link interno in entrata;/web-agency-a-palermo-per-eventi-massimizza-la-partecipazione-al-tuo-evento;0 link interni in entrata;sì
LNK-01;critical;links;Pagine orfane: nessun link interno in entrata;/web-agency-locale-a-palermo-la-tua-guida-per-conquistare-il-pubblico-della-citta;0 link interni in entrata;sì
LNK-01;critical;links;Pagine orfane: nessun link interno in entrata;/pubblicita-digitale-a-palermo-come-aumentare-la-visibilita-della-tua-attivita;0 link interni in entrata;sì
LNK-01;critical;links;Pagine orfane: nessun link interno in entrata;/creazione-siti-web-professionali-a-palermo-costruisci-la-tua-identita-digitale;0 link interni in entrata;sì
LNK-01;critical;links;Pagine orfane: nessun link interno in entrata;/marketing-su-misura-per-il-tuo-negozio-di-giocattoli;0 link interni in entrata;sì
LNK-01;critical;links;Pagine orfane: nessun link interno in entrata;/marketing-per-farmacie-come-aumentare-visibilita-e-fidelizzare-i-clienti;0 link interni in entrata;sì
LNK-01;critical;links;Pagine orfane: nessun link interno in entrata;/marketing-digitale-a-palermo-la-chiave-per-il-successo-della-tua-attivita;0 link interni in entrata;sì
LNK-01;critical;links;Pagine orfane: nessun link interno in entrata;/cosa-si-intende-per-sito-web-una-guida-per-capirne-limportanza;0 link interni in entrata;sì
LNK-01;critical;links;Pagine orfane: nessun link interno in entrata;/quali-sono-i-siti-web-piu-visitati-scopri-le-piattaforme-piu-popolari-al-mondo;0 link interni in entrata;sì
LNK-01;critical;links;Pagine orfane: nessun link interno in entrata;/che-tipi-di-siti-web-esistono-una-guida-per-scegliere-quello-giusto-per-te;0 link interni in entrata;sì
LNK-01;critical;links;Pagine orfane: nessun link interno in entrata;/come-si-chiama-chi-crea-un-sito-web-scopri-la-figura-del-web-developer;0 link interni in entrata;sì
LNK-01;critical;links;Pagine orfane: nessun link interno in entrata;/che-cosa-fa-una-web-agency-una-guida-ai-servizi-digitali-piu-richiesti;0 link interni in entrata;sì
LNK-01;critical;links;Pagine orfane: nessun link interno in entrata;/quante-sono-le-web-agency-in-italia-unanalisi-del-panorama-digitale-italiano;0 link interni in entrata;sì
LNK-01;critical;links;Pagine orfane: nessun link interno in entrata;/quanto-guadagna-una-web-agency-analisi-dei-fattori-che-influenzano-i-ricavi;0 link interni in entrata;sì
LNK-01;critical;links;Pagine orfane: nessun link interno in entrata;/chi-lavora-in-una-web-agency-scopri-i-ruoli-principali;0 link interni in entrata;sì
LNK-01;critical;links;Pagine orfane: nessun link interno in entrata;/cose-unagency-scopri-il-ruolo-e-i-servizi-di-unagenzia-moderna;0 link interni in entrata;sì
LNK-01;critical;links;Pagine orfane: nessun link interno in entrata;/cosa-si-intende-per-pubblicita-una-guida-completa-al-mondo-pubblicitario;0 link interni in entrata;sì
LNK-01;critical;links;Pagine orfane: nessun link interno in entrata;/come-farsi-pubblicita-gratis-strategie-efficaci-per-aumentare-la-visibilita;0 link interni in entrata;sì
LNK-01;critical;links;Pagine orfane: nessun link interno in entrata;/qual-e-il-compito-della-pubblicita-capire-lobiettivo-e-il-valore-della-comunicazione-pubblicitaria;0 link interni in entrata;sì
LNK-01;critical;links;Pagine orfane: nessun link interno in entrata;/quanto-si-paga-unagenzia-di-comunicazione-guida-ai-costi-dei-servizi-di-comunicazione;0 link interni in entrata;sì
LNK-01;critical;links;Pagine orfane: nessun link interno in entrata;/cosa-fa-lagenzia-di-marketing-una-guida-ai-servizi-e-al-ruolo-strategico;0 link interni in entrata;sì
LNK-01;critical;links;Pagine orfane: nessun link interno in entrata;/che-cose-unazienda-di-marketing-scopri-il-motore-del-successo-aziendale;0 link interni in entrata;sì
LNK-01;critical;links;Pagine orfane: nessun link interno in entrata;/3-tipi-di-marketing-a-palermo-scopri-le-strategie-per-il-successo-della-tua-attivita;0 link interni in entrata;sì
LNK-01;critical;links;Pagine orfane: nessun link interno in entrata;/che-lavoro-fa-il-marketing-il-motore-che-trasforma-idee-in-successo;0 link interni in entrata;sì
LNK-01;critical;links;Pagine orfane: nessun link interno in entrata;/come-fare-unottima-pubblicita-strategie-vincenti-per-il-tuo-successo;0 link interni in entrata;sì
LNK-01;critical;links;Pagine orfane: nessun link interno in entrata;/dove-fare-pubblicita-a-basso-costo-scopri-le-migliori-strategie-economiche-per-promuovere-la-tua-attivita;0 link interni in entrata;sì
LNK-01;critical;links;Pagine orfane: nessun link interno in entrata;/quale-pubblicita-funziona-di-piu-scopri-le-strategie-piu-efficaci-per-il-tuo-business;0 link interni in entrata;sì
LNK-01;critical;links;Pagine orfane: nessun link interno in entrata;/come-iniziare-a-fare-digital-marketing-guida-pratica-per-chi-vuole-emergere-online;0 link interni in entrata;sì
LNK-01;critical;links;Pagine orfane: nessun link interno in entrata;/portfolio-fotografico-online-cose-e-perche-e-importante-crearlo;0 link interni in entrata;sì
LNK-01;critical;links;Pagine orfane: nessun link interno in entrata;/rispondere-alle-recensioni-con-lai-la-nuova-frontiera-dellautomazione;0 link interni in entrata;sì
LNK-01;critical;links;Pagine orfane: nessun link interno in entrata;/focus-group-cose-a-che-serve-e-come-farlo-al-meglio;0 link interni in entrata;sì
LNK-01;critical;links;Pagine orfane: nessun link interno in entrata;/come-creare-sondaggi-online-e-raggiungere-il-tuo-pubblico-in-modo-efficace;0 link interni in entrata;sì
LNK-01;critical;links;Pagine orfane: nessun link interno in entrata;/come-ridurre-peso-delle-foto-consigli-pratici-per-immagini-piu-leggere;0 link interni in entrata;sì
LNK-01;critical;links;Pagine orfane: nessun link interno in entrata;/cosa-fa-un-ufficio-di-comunicazione-scopri-il-cuore-della-strategia-aziendale;0 link interni in entrata;sì
LNK-01;critical;links;Pagine orfane: nessun link interno in entrata;/come-si-chiama-chi-si-occupa-di-comunicazione-scopri-i-ruoli-e-le-competenze-di-questi-professionisti;0 link interni in entrata;sì
LNK-01;critical;links;Pagine orfane: nessun link interno in entrata;/come-trovare-unagenzia-di-comunicazione-consigli-per-scegliere-il-partner-giusto;0 link interni in entrata;sì
LNK-01;critical;links;Pagine orfane: nessun link interno in entrata;/scegliere-la-giusta-agenzia-di-comunicazione-consigli-e-strategie-per-trovare-il-partner-ideale;0 link interni in entrata;sì
LNK-01;critical;links;Pagine orfane: nessun link interno in entrata;/come-sfruttare-al-meglio-i-test-a-b-per-aumentare-le-conversioni;0 link interni in entrata;sì
LNK-01;critical;links;Pagine orfane: nessun link interno in entrata;/come-creare-un-podcast-aziendale-per-migliorare-il-posizionamento-del-brand;0 link interni in entrata;sì
LNK-01;critical;links;Pagine orfane: nessun link interno in entrata;/come-trovare-il-co-founder-perfetto-per-la-tua-startup-e-lo-sponsor-ideale-per-la-tua-crescita;0 link interni in entrata;sì
LNK-01;critical;links;Pagine orfane: nessun link interno in entrata;/i-migliori-formati-banner-per-ottimizzare-le-tue-campagne-pubblicitarie;0 link interni in entrata;sì
LNK-01;critical;links;Pagine orfane: nessun link interno in entrata;/come-crescere-su-instagram-8-tattiche-per-sfruttare-lalgoritmo-e-aumentare-lengagement;0 link interni in entrata;sì
LNK-01;critical;links;Pagine orfane: nessun link interno in entrata;/tiktok-adv-o-instagram-adv-qual-e-la-piattaforma-migliore-per-la-tua-campagna-online;0 link interni in entrata;sì
LNK-01;critical;links;Pagine orfane: nessun link interno in entrata;/la-potenza-dei-micro-influencer-e-il-loro-impatto-online-per-le-aziende;0 link interni in entrata;sì
LNK-01;critical;links;Pagine orfane: nessun link interno in entrata;/black-friday-2024-come-preparare-il-tuo-e-commerce-a-palermo-per-massimizzare-le-vendite;0 link interni in entrata;sì
LNK-01;critical;links;Pagine orfane: nessun link interno in entrata;/integrazione-di-piattaforme-tiktok-e-commerce-un-nuovo-orizzonte-per-i-commercianti-a-palermo;0 link interni in entrata;sì
LNK-01;critical;links;Pagine orfane: nessun link interno in entrata;/quanto-e-importante-il-feedback-dei-clienti-per-migliorare-il-tuo-business;0 link interni in entrata;sì
LNK-01;critical;links;Pagine orfane: nessun link interno in entrata;/la-gen-z-e-il-nuovo-percorso-di-acquisto-come-adattare-la-tua-strategia-di-marketing;0 link interni in entrata;sì
LNK-01;critical;links;Pagine orfane: nessun link interno in entrata;/marketing-sostenibile-cose-e-come-farlo;0 link interni in entrata;sì
LNK-01;critical;links;Pagine orfane: nessun link interno in entrata;/video-verticali-luso-strategico-per-i-tuoi-social;0 link interni in entrata;sì
LNK-01;critical;links;Pagine orfane: nessun link interno in entrata;/video-marketing-cose-e-perche-dovresti-farlo;0 link interni in entrata;sì
LNK-01;critical;links;Pagine orfane: nessun link interno in entrata;/visual-storytelling-una-storia-di-successo;0 link interni in entrata;sì
LNK-01;critical;links;Pagine orfane: nessun link interno in entrata;/tutti-i-vantaggi-di-scegliere-una-web-agency-per-il-tuo-business;0 link interni in entrata;sì
LNK-01;critical;links;Pagine orfane: nessun link interno in entrata;/il-diario-segreto-di-una-web-agency-storie-di-successi-digitali;0 link interni in entrata;sì
LNK-01;critical;links;Pagine orfane: nessun link interno in entrata;/il-laboratorio-creativo-di-una-web-agency-dove-nascono-le-idee;0 link interni in entrata;sì
LNK-01;critical;links;Pagine orfane: nessun link interno in entrata;/quando-la-web-agency-incontra-lintelligenza-artificiale;0 link interni in entrata;sì
LNK-01;critical;links;Pagine orfane: nessun link interno in entrata;/i-siti-web-del-futuro-come-saranno-nel-2050;0 link interni in entrata;sì
LNK-01;critical;links;Pagine orfane: nessun link interno in entrata;/siti-web-quando-il-design-incontra-lanima;0 link interni in entrata;sì
LNK-01;critical;links;Pagine orfane: nessun link interno in entrata;/i-custodi-dei-siti-web-chi-protegge-i-tuoi-dati;0 link interni in entrata;sì
LNK-01;critical;links;Pagine orfane: nessun link interno in entrata;/siti-web-intelligenti-come-reagiscono-ai-tuoi-bisogni;0 link interni in entrata;sì
LNK-01;critical;links;Pagine orfane: nessun link interno in entrata;/la-magia-dietro-i-siti-web-che-conquistano;0 link interni in entrata;sì
LNK-01;critical;links;Pagine orfane: nessun link interno in entrata;/agenzia-di-comunicazione-digitale-il-futuro-della-promozione-online;0 link interni in entrata;sì
LNK-01;critical;links;Pagine orfane: nessun link interno in entrata;/agenzia-di-comunicazione-creativa-idee-e-strategie-per-il-tuo-brand;0 link interni in entrata;sì
LNK-01;critical;links;Pagine orfane: nessun link interno in entrata;/agenzia-di-comunicazione-visiva-come-catturare-lattenzione-del-pubblico;0 link interni in entrata;sì
LNK-01;critical;links;Pagine orfane: nessun link interno in entrata;/agenzia-di-comunicazione-strategica-come-pianificare-il-successo;0 link interni in entrata;sì
LNK-01;critical;links;Pagine orfane: nessun link interno in entrata;/agenzia-di-comunicazione-per-eventi-trasformare-ogni-occasione-in-opportunita-di-successo;0 link interni in entrata;sì
LNK-01;critical;links;Pagine orfane: nessun link interno in entrata;/agenzia-di-comunicazione-per-e-commerce-vendere-di-piu-online;0 link interni in entrata;sì
LNK-01;critical;links;Pagine orfane: nessun link interno in entrata;/agenzia-di-comunicazione-video-limpatto-del-visual-marketing;0 link interni in entrata;sì
LNK-01;critical;links;Pagine orfane: nessun link interno in entrata;/come-raggiungere-al-meglio-il-proprio-pubblico-strategie-efficaci-per-comunicare-con-successo;0 link interni in entrata;sì
LNK-01;critical;links;Pagine orfane: nessun link interno in entrata;/perche-hai-bisogno-di-un-social-media-manager-a-palermo;0 link interni in entrata;sì
LNK-01;critical;links;Pagine orfane: nessun link interno in entrata;/come-strutturare-una-strategia-digitale-efficace;0 link interni in entrata;sì
LNK-01;critical;links;Pagine orfane: nessun link interno in entrata;/migliorare-lindicizzazione-su-google-strategie-efficaci-per-scalare-la-serp;0 link interni in entrata;sì
LNK-01;critical;links;Pagine orfane: nessun link interno in entrata;/progettare-un-packaging-efficace-guida-per-valorizzare-il-tuo-prodotto;0 link interni in entrata;sì
LNK-01;critical;links;Pagine orfane: nessun link interno in entrata;/la-penna-magica-di-unagenzia-di-comunicazione-il-potere-dello-storytelling-che-emoziona-e-conquista;0 link interni in entrata;sì
LNK-01;critical;links;Pagine orfane: nessun link interno in entrata;/larte-della-comunicazione-di-lusso-strategie-esclusive-per-conquistare-clienti-premium;0 link interni in entrata;sì
LNK-01;critical;links;Pagine orfane: nessun link interno in entrata;/viaggi-nellera-digitale-come-unagenzia-di-comunicazione-trasforma-il-turismo-in-emozione;0 link interni in entrata;sì
LNK-01;critical;links;Pagine orfane: nessun link interno in entrata;/strategie-su-misura-come-unagenzia-di-comunicazione-per-pmi-guida-al-successo-nel-mercato-locale;0 link interni in entrata;sì
LNK-01;critical;links;Pagine orfane: nessun link interno in entrata;/come-unagenzia-di-comunicazione-e-influencer-marketing-trasforma-la-pubblicita-moderna;0 link interni in entrata;sì
LNK-01;critical;links;Pagine orfane: nessun link interno in entrata;/come-scegliere-unagenzia-di-comunicazione-efficace-la-guida-per-il-successo-del-tuo-brand;0 link interni in entrata;sì
LNK-01;critical;links;Pagine orfane: nessun link interno in entrata;/servizi-di-comunicazione-digitale-la-chiave-per-il-successo-nel-mondo-online;0 link interni in entrata;sì
LNK-01;critical;links;Pagine orfane: nessun link interno in entrata;/creazione-di-strategie-di-comunicazione-guida-per-un-successo-garantito;0 link interni in entrata;sì
LNK-01;critical;links;Pagine orfane: nessun link interno in entrata;/soluzioni-per-la-comunicazione-aziendale-strategie-per-far-crescere-il-tuo-brand;0 link interni in entrata;sì
LNK-01;critical;links;Pagine orfane: nessun link interno in entrata;/esperti-in-comunicazione-e-branding-il-segreto-per-un-brand-di-successo;0 link interni in entrata;sì
LNK-01;critical;links;Pagine orfane: nessun link interno in entrata;/branding-da-sogno-come-unagenzia-di-comunicazione-costruisce-unidentita-vincente;0 link interni in entrata;sì
LNK-01;critical;links;Pagine orfane: nessun link interno in entrata;/strategie-di-marketing-per-aziende-come-costruire-un-piano-di-successo;0 link interni in entrata;sì
LNK-01;critical;links;Pagine orfane: nessun link interno in entrata;/consulenza-per-la-creazione-di-brand-costruisci-unidentita-vincente;0 link interni in entrata;sì
LNK-01;critical;links;Pagine orfane: nessun link interno in entrata;/creazione-di-marchi-aziendali-come-costruire-unidentita-forte-e-riconoscibile;0 link interni in entrata;sì
LNK-01;critical;links;Pagine orfane: nessun link interno in entrata;/come-costruire-un-marchio-di-successo-con-lo-sviluppo-e-gestione-del-brand-a-palermo;0 link interni in entrata;sì
LNK-01;critical;links;Pagine orfane: nessun link interno in entrata;/gestione-della-reputazione-online-come-proteggere-e-migliorare-limmagine-del-tuo-brand;0 link interni in entrata;sì
LNK-01;critical;links;Pagine orfane: nessun link interno in entrata;/comunicazione-per-la-crescita-aziendale-strategie-per-raggiungere-il-successo;0 link interni in entrata;sì
LNK-01;critical;links;Pagine orfane: nessun link interno in entrata;/agenzia-tiktok-come-sfruttare-il-potenziale-di-tiktok-per-il-tuo-brand;0 link interni in entrata;sì
LNK-01;critical;links;Pagine orfane: nessun link interno in entrata;/come-funzionano-le-agenzie-su-tiktok-scopri-come-potenziare-il-tuo-brand;0 link interni in entrata;sì
LNK-01;critical;links;Pagine orfane: nessun link interno in entrata;/come-si-fa-a-crescere-su-tiktok-strategie-per-aumentare-visibilita-e-engagement;0 link interni in entrata;sì
LNK-01;critical;links;Pagine orfane: nessun link interno in entrata;/agenzia-per-eventi-a-palermo-come-organizzare-eventi-indimenticabili;0 link interni in entrata;sì
LNK-01;critical;links;Pagine orfane: nessun link interno in entrata;/organizzare-eventi-a-palermo-come-creare-esperienze-indimenticabili;0 link interni in entrata;sì
LNK-01;critical;links;Pagine orfane: nessun link interno in entrata;/come-organizzare-eventi-aziendali-di-successo-strategie-vincenti-per-il-tuo-business;0 link interni in entrata;sì
LNK-01;critical;links;Pagine orfane: nessun link interno in entrata;/come-realizzare-un-evento-di-lancio-prodotto-di-successo-a-palermo;0 link interni in entrata;sì
LNK-01;critical;links;Pagine orfane: nessun link interno in entrata;/come-gestire-eventi-privati-con-successo-dalla-festa-di-compleanno-a-eventi-esclusivi;0 link interni in entrata;sì
LNK-01;critical;links;Pagine orfane: nessun link interno in entrata;/social-media-manager-a-palermo-come-scegliere-il-professionista-giusto-per-il-tuo-brand;0 link interni in entrata;sì
LNK-01;critical;links;Pagine orfane: nessun link interno in entrata;/social-media-manager-per-e-commerce-aumentare-le-vendite-con-strategie-mirate;0 link interni in entrata;sì
LNK-01;critical;links;Pagine orfane: nessun link interno in entrata;/il-ruolo-di-un-social-media-manager-nelle-piccole-e-medie-imprese;0 link interni in entrata;sì
LNK-01;critical;links;Pagine orfane: nessun link interno in entrata;/come-il-social-media-manager-puo-potenziare-la-tua-strategia-di-content-marketing;0 link interni in entrata;sì
LNK-01;critical;links;Pagine orfane: nessun link interno in entrata;/come-diventare-un-social-media-manager-di-successo-guida-passo-dopo-passo;0 link interni in entrata;sì
LNK-01;critical;links;Pagine orfane: nessun link interno in entrata;/che-cosa-fa-una-social-media-manager;0 link interni in entrata;sì
LNK-01;critical;links;Pagine orfane: nessun link interno in entrata;/quanto-costa-farsi-gestire-un-profilo-instagram;0 link interni in entrata;sì
LNK-01;critical;links;Pagine orfane: nessun link interno in entrata;/5-errori-silenziosi-che-stai-commettendo-nel-tuo-sito-web-aziendale;0 link interni in entrata;sì
LNK-01;critical;links;Pagine orfane: nessun link interno in entrata;/strategie-digitali-per-artigiani-locali-come-vendere-di-piu-online-marketing;0 link interni in entrata;sì
LNK-01;critical;links;Pagine orfane: nessun link interno in entrata;/il-potere-delle-landing-page-per-attivita-locali-converti-i-clienti-della-tua-citta;0 link interni in entrata;sì
LNK-01;critical;links;Pagine orfane: nessun link interno in entrata;/micro-influencer-locale-come-usarli-per-far-crescere-la-tua-azienda-marketing-palermo;0 link interni in entrata;sì
LNK-01;critical;links;Pagine orfane: nessun link interno in entrata;/posizionamento-zero-su-google-cose-e-come-ottenerlo;0 link interni in entrata;sì
LNK-01;critical;links;Pagine orfane: nessun link interno in entrata;/come-unire-seo-e-branding-visivo-in-un-solo-progetto-web;0 link interni in entrata;sì
LNK-01;critical;links;Pagine orfane: nessun link interno in entrata;/leffetto-domino-delle-recensioni-online-per-le-attivita-locali;0 link interni in entrata;sì
LNK-01;critical;links;Pagine orfane: nessun link interno in entrata;/seo-per-podcast-e-audio-contenuti-come-farli-trovare-online;0 link interni in entrata;sì
LNK-01;critical;links;Pagine orfane: nessun link interno in entrata;/siti-one-page-quando-funzionano-davvero;0 link interni in entrata;sì
LNK-01;critical;links;Pagine orfane: nessun link interno in entrata;/strategie-digitali-per-chi-apre-una-start-up-culturale-a-palermo;0 link interni in entrata;sì
LNK-01;critical;links;Pagine orfane: nessun link interno in entrata;/come-promuovere-la-tua-casa-vacanze-con-il-marketing-locale-digitale;0 link interni in entrata;sì
LNK-01;critical;links;Pagine orfane: nessun link interno in entrata;/brand-identity-per-artisti-e-creativi-distinguersi-online-in-modo-autentico;0 link interni in entrata;sì
LNK-01;critical;links;Pagine orfane: nessun link interno in entrata;/il-ruolo-del-marketing-digitale-per-le-librerie-indipendenti;0 link interni in entrata;sì
LNK-01;critical;links;Pagine orfane: nessun link interno in entrata;/comunicazione-digitale-per-associazioni-no-profit-come-farsi-conoscere;0 link interni in entrata;sì
LNK-01;critical;links;Pagine orfane: nessun link interno in entrata;/strategie-web-per-eventi-teatrali-e-spettacoli-indipendenti;0 link interni in entrata;sì
LNK-01;critical;links;Pagine orfane: nessun link interno in entrata;/digitale-e-tradizione-come-promuovere-botteghe-storiche-con-nuove-strategie-comunicazione;0 link interni in entrata;sì
LNK-01;critical;links;Pagine orfane: nessun link interno in entrata;/formazione-online-come-promuovere-il-tuo-corso-o-workshop-sul-web;0 link interni in entrata;sì
LNK-01;critical;links;Pagine orfane: nessun link interno in entrata;/dalla-strada-al-web-come-promuovere-un-food-truck-a-palermo;0 link interni in entrata;sì
LNK-01;critical;links;Pagine orfane: nessun link interno in entrata;/digital-strategy-per-laboratori-di-analisi-come-farsi-scegliere-online;0 link interni in entrata;sì
LNK-01;critical;links;Pagine orfane: nessun link interno in entrata;/come-comunicare-in-modo-efficacer-studi-di-fisioterapia;0 link interni in entrata;sì
CNT-01;critical;content;"Contenuto molto scarno (thin content, < 300 parole)";/lavora-con-noi;299 parole;no
CNT-01;critical;content;"Contenuto molto scarno (thin content, < 300 parole)";/il-laboratorio-creativo-di-una-web-agency-dove-nascono-le-idee;298 parole;no
CNT-01;critical;content;"Contenuto molto scarno (thin content, < 300 parole)";/tiktok-e-instagram-reels-perche-ogni-impresa-a-palermo-deve-sfruttarli-ora;262 parole;no
CNT-03;critical;content;Contenuti quasi duplicati fra loro;/i-segreti-dei-video-virali-tecniche-e-strumenti-da-conoscere;similarità 90% con /come-trasformare-unidea-in-un-video-virale-di-successo/;no
CNT-03;critical;content;Contenuti quasi duplicati fra loro;/i-segreti-dei-video-virali-tecniche-e-strumenti-da-conoscere;similarità 90% con /scopri-come-un-semplice-video-ha-raggiunto-1-milione-di-visualizzazioni-in-24-ore/;no
CNT-03;critical;content;Contenuti quasi duplicati fra loro;/come-trasformare-unidea-in-un-video-virale-di-successo;similarità 93% con /scopri-come-un-semplice-video-ha-raggiunto-1-milione-di-visualizzazioni-in-24-ore/;no
CNT-03;critical;content;Contenuti quasi duplicati fra loro;/3-trucchi-per-rendere-i-tuoi-reels-irresistibili;similarità 87% con /scopri-strategie-efficaci-per-creare-reels/;no
LNK-04;high;links;Link esterni in dofollow che disperdono autorità;(sito);120 link dofollow verso linktr.ee;sì
LNK-04;high;links;Link esterni in dofollow che disperdono autorità;(sito);70 link dofollow verso www.youtube.com;sì
LNK-04;high;links;Link esterni in dofollow che disperdono autorità;(sito);25 link dofollow verso www.instagram.com;sì
LNK-04;high;links;Link esterni in dofollow che disperdono autorità;(sito);18 link dofollow verso youtube.com;sì
LNK-04;high;links;Link esterni in dofollow che disperdono autorità;(sito);17 link dofollow verso www.google.com;sì
LNK-04;high;links;Link esterni in dofollow che disperdono autorità;(sito);11 link dofollow verso wa.me;sì
LNK-04;high;links;Link esterni in dofollow che disperdono autorità;(sito);2 link dofollow verso www.verycontent.it;sì
LNK-04;high;links;Link esterni in dofollow che disperdono autorità;(sito);2 link dofollow verso wildflowermood.com;sì
LNK-04;high;links;Link esterni in dofollow che disperdono autorità;(sito);2 link dofollow verso www.websonica.it;sì
LNK-04;high;links;Link esterni in dofollow che disperdono autorità;(sito);1 link dofollow verso www.google.it;sì
LNK-04;high;links;Link esterni in dofollow che disperdono autorità;(sito);1 link dofollow verso www.corrierecomunicazioni.it;sì
LNK-04;high;links;Link esterni in dofollow che disperdono autorità;(sito);1 link dofollow verso www.iridaproduzioni.com;sì
LNK-04;high;links;Link esterni in dofollow che disperdono autorità;(sito);1 link dofollow verso www.riccardodebernardinis.com;sì
LNK-04;high;links;Link esterni in dofollow che disperdono autorità;(sito);1 link dofollow verso it.wikipedia.org;sì
LNK-04;high;links;Link esterni in dofollow che disperdono autorità;(sito);1 link dofollow verso www.producer.video;sì
LNK-04;high;links;Link esterni in dofollow che disperdono autorità;(sito);1 link dofollow verso www.bluehost.it;sì
LNK-04;high;links;Link esterni in dofollow che disperdono autorità;(sito);1 link dofollow verso taggbox.com;sì
LNK-04;high;links;Link esterni in dofollow che disperdono autorità;(sito);1 link dofollow verso www.creazioneweb.net;sì
LNK-04;high;links;Link esterni in dofollow che disperdono autorità;(sito);1 link dofollow verso www.appguias.com;sì
LNK-04;high;links;Link esterni in dofollow che disperdono autorità;(sito);1 link dofollow verso mastroinchiostro.com;sì
LNK-04;high;links;Link esterni in dofollow che disperdono autorità;(sito);1 link dofollow verso www.unibo.it;sì
LNK-04;high;links;Link esterni in dofollow che disperdono autorità;(sito);1 link dofollow verso www.scuolamediadigitale.it;sì
LNK-04;high;links;Link esterni in dofollow che disperdono autorità;(sito);1 link dofollow verso www.tiktok.com;sì
LNK-06;high;links;Il blog non è raggiungibile dal menu principale;(sito);"menu con 7 voci, nessuna porta al blog (311 articoli non navigabili)";no
LNK-07;high;links;Menu costruito su ancore della home invece che su pagine reali;(sito);"voce di menu ""Expertise"" punta a /#cosa-facciamo";no
LNK-07;high;links;Menu costruito su ancore della home invece che su pagine reali;(sito);"voce di menu ""Brand Growth"" punta a /#metodo";no
LNK-07;high;links;Menu costruito su ancore della home invece che su pagine reali;(sito);"voce di menu ""About"" punta a /#about";no
LNK-07;high;links;Menu costruito su ancore della home invece che su pagine reali;(sito);"voce di menu ""Contatti"" punta a /#contatti";no
LOC-08;high;local;Nessuna recensione o testimonianza strutturata;(sito);nessuna recensione strutturata sul sito;no
GEO-06;high;generative;Autore non attribuito a una persona reale;(sito);"autore ""Max Digital"" senza nome e cognome reali";sì
GEO-06;high;generative;Autore non attribuito a una persona reale;(sito);"autore ""Maxdigital26"" senza nome e cognome reali";sì
GEO-08;high;generative;Entità del brand non definita in modo coerente;(sito);nessuno schema Organization che definisca l’entità aziendale;no
GEO-08;high;generative;Entità del brand non definita in modo coerente;(sito);nessun sameAs verso profili social/directory: l’entità non è collegabile;no
EAT-01;high;eeat;Nessuna biografia autore collegata ai contenuti;(sito);nessuno schema Person / author box rilevato;sì
EAT-02;high;eeat;Nessun caso studio o portfolio verificabile;(sito);nessuna pagina portfolio o casi studio pubblicata;no
TAX-01;high;taxonomy;Categoria sovraccarica: quasi tutti gli articoli nella stessa;(sito);"categoria ""E-commerce"": 258 articoli su 311 (83%)";no
TEC-03;high;technical;max-image-preview:large assente;/privacy-policy;direttiva assente;sì
TEC-03;high;technical;max-image-preview:large assente;/;direttiva assente;sì
TEC-03;high;technical;max-image-preview:large assente;/digital-strategies;direttiva assente;sì
TEC-03;high;technical;max-image-preview:large assente;/cookie-policy;direttiva assente;sì
TEC-03;high;technical;max-image-preview:large assente;/servizi-digitali-palermo;direttiva assente;sì
TEC-03;high;technical;max-image-preview:large assente;/realizzazione-siti-web-a-palermo;direttiva assente;sì
TEC-03;high;technical;max-image-preview:large assente;/gestione-social-media-palermo;direttiva assente;sì
TEC-03;high;technical;max-image-preview:large assente;/digital-marketing-palermo;direttiva assente;sì
TEC-03;high;technical;max-image-preview:large assente;/produzione-video-palermo;direttiva assente;sì
TEC-03;high;technical;max-image-preview:large assente;/realizzazione-e-commerce-palermo;direttiva assente;sì
TEC-03;high;technical;max-image-preview:large assente;/graphic-design-palermo;direttiva assente;sì
TEC-03;high;technical;max-image-preview:large assente;/sviluppo-crm-gestionali-palermo;direttiva assente;sì
TEC-03;high;technical;max-image-preview:large assente;/naming-palermo;direttiva assente;sì
TEC-03;high;technical;max-image-preview:large assente;/stampe-digitali-palermo;direttiva assente;sì
TEC-03;high;technical;max-image-preview:large assente;/lavora-con-noi;direttiva assente;sì
TEC-03;high;technical;max-image-preview:large assente;/innovazione-digitale-pmi-competitive;direttiva assente;sì
TEC-03;high;technical;max-image-preview:large assente;/innovazione-digitale-palermo;direttiva assente;sì
TEC-03;high;technical;max-image-preview:large assente;/cybersecurity-per-aziende;direttiva assente;sì
TEC-03;high;technical;max-image-preview:large assente;/strategia-marketing-digitale;direttiva assente;sì
TEC-03;high;technical;max-image-preview:large assente;/campagne-ai-driven-marketing-automation;direttiva assente;sì
TEC-03;high;technical;max-image-preview:large assente;/gestione-social-media-presenza-online;direttiva assente;sì
TEC-03;high;technical;max-image-preview:large assente;/design-responsivo-sito-web-successo-online;direttiva assente;sì
TEC-03;high;technical;max-image-preview:large assente;/perche-un-sito-web-professionale-e-la-chiave-del-successo-per-ogni-impresa;direttiva assente;sì
TEC-03;high;technical;max-image-preview:large assente;/come-creare-una-strategia-di-comunicazione-digitale-efficace-per-piccole-imprese;direttiva assente;sì
TEC-03;high;technical;max-image-preview:large assente;/reputazione_online_cose_perche_conta_e_come_verificarla;direttiva assente;sì
TEC-03;high;technical;max-image-preview:large assente;/come-creare-una-landing-page-efficace;direttiva assente;sì
TEC-03;high;technical;max-image-preview:large assente;/branded-content-come-raccontare-il-tuo-brand-con-max-digital-innovation;direttiva assente;sì
TEC-03;high;technical;max-image-preview:large assente;/piano-di-marketing-cose-e-come-crearlo-con-successo;direttiva assente;sì
TEC-03;high;technical;max-image-preview:large assente;/cookie-cosa-sono-e-a-che-servono;direttiva assente;sì
TEC-03;high;technical;max-image-preview:large assente;/privacy-policy;direttiva assente;sì
TEC-03;high;technical;max-image-preview:large assente;/scopri-come-aumentare-posizionamento-seo-per-il-tuo-sito-web-su-google;direttiva assente;sì
TEC-03;high;technical;max-image-preview:large assente;/tipologie-di-siti-web-la-guida-definitiva-per-imprenditori;direttiva assente;sì
TEC-03;high;technical;max-image-preview:large assente;/tiktok-ads-manager-guida-completa-su-come-gestire-le-tue-campagne-su-tiktok;direttiva assente;sì
TEC-03;high;technical;max-image-preview:large assente;/dem-marketing-come-usarlo-nel-2024-per-massimizzare-i-risultati;direttiva assente;sì
TEC-03;high;technical;max-image-preview:large assente;/e-commerce-a-palermo;direttiva assente;sì
TEC-03;high;technical;max-image-preview:large assente;/business-innovation-cosa-chiede-il-mercato-oggi;direttiva assente;sì
TEC-03;high;technical;max-image-preview:large assente;/advertising-a-palermo;direttiva assente;sì
TEC-03;high;technical;max-image-preview:large assente;/5-consigli-preziosi-per-pubblicizzare-la-propria-azienda-a-palermo-su-google;direttiva assente;sì
TEC-03;high;technical;max-image-preview:large assente;/realizzazione-siti-web-per-bb-a-palermo-hotel-motel-e-strutture-ricettive-tutto-quello-che-ce-da-sapere;direttiva assente;sì
TEC-03;high;technical;max-image-preview:large assente;/hai-bisogno-di-pubblicizzare-il-tuo-ristorante-a-palermo-ecco-come-possiamo-aiutarti;direttiva assente;sì
TEC-03;high;technical;max-image-preview:large assente;/ecco-perche-un-sito-web-a-palermo-e-cosi-essenziale-per-la-tua-attivita;direttiva assente;sì
TEC-03;high;technical;max-image-preview:large assente;/gestione-social-media-a-palermo-come-la-nostra-agenzia-di-comunicazione-cura-i-tuoi-social-media;direttiva assente;sì
TEC-03;high;technical;max-image-preview:large assente;/loghi-per-la-tua-azienda-a-palermo-caratteristiche-e-come-crearne-uno-efficace;direttiva assente;sì
TEC-03;high;technical;max-image-preview:large assente;/ottimizzare-la-comunicazione-grazie-allutilizzo-di-call-to-action-efficaci-per-il-tuo-sito-web-a-palermo;direttiva assente;sì
TEC-03;high;technical;max-image-preview:large assente;/11-trend-marketing-a-palermo-per-e-commerce-marketing-che-faranno-crescere-il-tuo-e-commerce;direttiva assente;sì
TEC-03;high;technical;max-image-preview:large assente;/come-fare-pubblicita-a-palermo-su-internet-guida-per-principianti;direttiva assente;sì
TEC-03;high;technical;max-image-preview:large assente;/campagne-pubblicitarie-a-palermo-la-soluzione-per-far-crescere-il-tuo-business;direttiva assente;sì
TEC-03;high;technical;max-image-preview:large assente;/pubblicita-su-tiktok-a-palermo-come-aiutiamo-la-tua-azienda-a-crescere;direttiva assente;sì
TEC-03;high;technical;max-image-preview:large assente;/seo-e-sem;direttiva assente;sì
TEC-03;high;technical;max-image-preview:large assente;/web-agency-a-palermo-il-design-che-parte-dal-brand;direttiva assente;sì
TEC-03;high;technical;max-image-preview:large assente;/b2b-a-palermo-cosa-puo-imparare-dal-b2c-per-sfruttare-al-meglio-il-digitale;direttiva assente;sì
TEC-03;high;technical;max-image-preview:large assente;/strategie-di-content-marketing-per-le-piccole-imprese-a-palermo;direttiva assente;sì
TEC-03;high;technical;max-image-preview:large assente;/web-marketing-per-palestre-e-centri-sportivi;direttiva assente;sì
TEC-03;high;technical;max-image-preview:large assente;/mi-serve-davvero-un-sito-web-aziendale;direttiva assente;sì
TEC-03;high;technical;max-image-preview:large assente;/quali-sono-i-servizi-offerti-da-unagenzia-di-comunicazione-a-palermo;direttiva assente;sì
TEC-03;high;technical;max-image-preview:large assente;/le-commerce-in-italia-sta-cambiando-con-lintelligenza-artificiale;direttiva assente;sì
TEC-03;high;technical;max-image-preview:large assente;/il-marketing-per-attivita-locali-i-vantaggi-di-affidarsi-a-una-web-agency;direttiva assente;sì
TEC-03;high;technical;max-image-preview:large assente;/i-social-media-gli-alleati-per-il-tuo-e-commerce;direttiva assente;sì
TEC-03;high;technical;max-image-preview:large assente;/marketing-online-per-la-tua-concessionaria;direttiva assente;sì
TEC-03;high;technical;max-image-preview:large assente;/marketing-online-per-il-tuo-negozio-di-abbigliamento;direttiva assente;sì
TEC-03;high;technical;max-image-preview:large assente;/web-marketing-per-la-tua-parruccheria;direttiva assente;sì
TEC-03;high;technical;max-image-preview:large assente;/come-promuovere-il-tuo-salone-di-bellezza-a-palermo;direttiva assente;sì
TEC-03;high;technical;max-image-preview:large assente;/come-pubblicizzare-la-tua-ottica-a-palermo;direttiva assente;sì
TEC-03;high;technical;max-image-preview:large assente;/come-pubblicizzare-la-tua-pizzeria;direttiva assente;sì
TEC-03;high;technical;max-image-preview:large assente;/gestione-marketing-per-il-tuo-pub;direttiva assente;sì
TEC-03;high;technical;max-image-preview:large assente;/idee-creative-per-pubblicizzare-la-tua-panineria;direttiva assente;sì
TEC-03;high;technical;max-image-preview:large assente;/gestione-marketing-per-la-tua-hamburgeria;direttiva assente;sì
TEC-03;high;technical;max-image-preview:large assente;/strategie-di-marketing-di-successo-i-passi-fondamentali-per-distinguersi-nel-mercato;direttiva assente;sì
TEC-03;high;technical;max-image-preview:large assente;/pubblicita-per-il-tuo-brand-a-palermo-come-differenziarsi-dalla-massa;direttiva assente;sì
TEC-03;high;technical;max-image-preview:large assente;/restare-al-passo-coi-trend-e-difficile-scopri-come-unagenzia-di-comunicazione-puo-aiutarti;direttiva assente;sì
TEC-03;high;technical;max-image-preview:large assente;/hai-bisogno-di-uno-store-online-per-la-tua-attivita-offriamo-realizzazione-e-commerce-a-palermo;direttiva assente;sì
TEC-03;high;technical;max-image-preview:large assente;/vendita-online-a-palermo-sui-social-unottima-vetrina-per-i-tuoi-prodotti;direttiva assente;sì
TEC-03;high;technical;max-image-preview:large assente;/sito-web-per-artisti-fai-conoscere-la-tua-arte;direttiva assente;sì
TEC-03;high;technical;max-image-preview:large assente;/quanto-costa-un-sito-web-a-palermo;direttiva assente;sì
TEC-03;high;technical;max-image-preview:large assente;/usa-la-local-seo-e-porta-il-tuo-business-al-top;direttiva assente;sì
TEC-03;high;technical;max-image-preview:large assente;/mobile-marketing-e-micro-momenti;direttiva assente;sì
TEC-03;high;technical;max-image-preview:large assente;/social-media-marketing-nel-settore-arredamento;direttiva assente;sì
TEC-03;high;technical;max-image-preview:large assente;/il-web-design-e-la-sua-evoluzione;direttiva assente;sì
TEC-03;high;technical;max-image-preview:large assente;/marketing-esperienziale-coinvolgi-il-pubblico-con-esperienze-uniche;direttiva assente;sì
TEC-03;high;technical;max-image-preview:large assente;/come-creare-siti-web-professionali-e-di-qualita;direttiva assente;sì
TEC-03;high;technical;max-image-preview:large assente;/come-scegliere-lagenzia-pubblicitaria-a-palermo-ideale-per-la-vostra-azienda;direttiva assente;sì
TEC-03;high;technical;max-image-preview:large assente;/10-modi-per-migliorare-la-visibilita-del-tuo-sito-web-sui-motori-di-ricerca;direttiva assente;sì
TEC-03;high;technical;max-image-preview:large assente;/web-agency-a-palermo-per-creare-un-sito-professionale;direttiva assente;sì
TEC-03;high;technical;max-image-preview:large assente;/digital-agency-a-palermo-la-soluzione-completa-per-la-tua-presenza-online;direttiva assente;sì
TEC-03;high;technical;max-image-preview:large assente;/creare-un-video-aziendale-efficace-coinvolgente-e-professionale;direttiva assente;sì
TEC-03;high;technical;max-image-preview:large assente;/rendi-la-tua-azienda-digitale-trasformazione-e-innovazione-a-palermo;direttiva assente;sì
TEC-03;high;technical;max-image-preview:large assente;/come-migliorare-la-tua-brand-reputation-con-le-attivita-di-digital-marketing;direttiva assente;sì
TEC-03;high;technical;max-image-preview:large assente;/come-realizzare-un-sito-web-efficace-le-migliori-alternative-per-creare-un-percorso-di-successo-online;direttiva assente;sì
TEC-03;high;technical;max-image-preview:large assente;/sito-web-accessibile-cose-come-crearlo-e-perche-e-importante;direttiva assente;sì
TEC-03;high;technical;max-image-preview:large assente;/privacy-policy-sito-web-cose-e-come-scriverla-correttamente;direttiva assente;sì
TEC-03;high;technical;max-image-preview:large assente;/le-11-regole-per-un-sito-web-efficace;direttiva assente;sì
TEC-03;high;technical;max-image-preview:large assente;/creare-un-sito-web-a-palermo-le-caratteristiche-di-unarchitettura-efficace;direttiva assente;sì
TEC-03;high;technical;max-image-preview:large assente;/strategie-di-web-reputation-come-costruire-gestire-e-misurare-la-percezione-online;direttiva assente;sì
TEC-03;high;technical;max-image-preview:large assente;/sognavi-un-hotel-sempre-pieno-il-web-marketing-per-il-turismo-puo-trasformare-il-tuo-sogno-in-realta;direttiva assente;sì
TEC-03;high;technical;max-image-preview:large assente;/google-ai-search-la-nuova-era-della-ricerca-intelligente-e-le-opportunita-per-il-marketing;direttiva assente;sì
TEC-03;high;technical;max-image-preview:large assente;/aumentare-le-vendite-ecommerce-non-sei-soddisfatto-della-tua-agenzia;direttiva assente;sì
TEC-03;high;technical;max-image-preview:large assente;/come-essere-in-prima-pagina-su-google-le-bugie-piu-diffuse-sulla-seo;direttiva assente;sì
TEC-03;high;technical;max-image-preview:large assente;/gestione-marketing-per-la-tua-enoteca;direttiva assente;sì
TEC-03;high;technical;max-image-preview:large assente;/gestione-marketing-per-il-tuo-fast-food;direttiva assente;sì
TEC-03;high;technical;max-image-preview:large assente;/gestione-social-media-per-la-tua-attivita;direttiva assente;sì
TEC-03;high;technical;max-image-preview:large assente;/marketing-e-pubblicita-a-palermo-tutti-i-tipi-di-pubblicita-per-far-crescere-la-tua-attivita;direttiva assente;sì
TEC-03;high;technical;max-image-preview:large assente;/vuoi-aprire-unattivita-a-palermo-e-non-sai-a-chi-affidarti-ecco-come-fare-gestione-marketing-attivita-a-palermo;direttiva assente;sì
TEC-03;high;technical;max-image-preview:large assente;/la-tua-agenzia-di-marketing-a-palermo-per-una-crescita-su-misura;direttiva assente;sì
TEC-03;high;technical;max-image-preview:large assente;/quanto-costa-realizzare-un-cartello-pubblicitario-a-palermo;direttiva assente;sì
TEC-03;high;technical;max-image-preview:large assente;/cosa-fare-per-indicizzare-il-tuo-sito-web;direttiva assente;sì
TEC-03;high;technical;max-image-preview:large assente;/non-sai-come-sponsorizzare-il-tuo-progetto-artistico-scopri-le-strategie-vincenti;direttiva assente;sì
TEC-03;high;technical;max-image-preview:large assente;/il-partner-giusto-per-il-tuo-successo-come-trovare-uno-sponsor-affidabile-a-palermo;direttiva assente;sì
TEC-03;high;technical;max-image-preview:large assente;/marketing-per-imprese-edili;direttiva assente;sì
TEC-03;high;technical;max-image-preview:large assente;/web-agency-a-palermo-la-guida-completa-per-far-crescere-la-tua-attivita-online;direttiva assente;sì
TEC-03;high;technical;max-image-preview:large assente;/copywriter-seo-per-i-social-media-perche-a-google-piace-web-agency-seo-a-palermo;direttiva assente;sì
TEC-03;high;technical;max-image-preview:large assente;/web-agency-a-palermo-per-il-settore-immobiliare-la-chiave-per-il-successo-online;direttiva assente;sì
TEC-03;high;technical;max-image-preview:large assente;/web-agency-per-startup-a-palermo-la-tua-guida-al-successo-digitale;direttiva assente;sì
TEC-03;high;technical;max-image-preview:large assente;/web-agency-per-e-commerce-a-palermo-come-incrementare-le-vendite-online;direttiva assente;sì
TEC-03;high;technical;max-image-preview:large assente;/web-agency-a-palermo-per-eventi-massimizza-la-partecipazione-al-tuo-evento;direttiva assente;sì
TEC-03;high;technical;max-image-preview:large assente;/web-agency-locale-a-palermo-la-tua-guida-per-conquistare-il-pubblico-della-citta;direttiva assente;sì
TEC-03;high;technical;max-image-preview:large assente;/pubblicita-digitale-a-palermo-come-aumentare-la-visibilita-della-tua-attivita;direttiva assente;sì
TEC-03;high;technical;max-image-preview:large assente;/creazione-siti-web-professionali-a-palermo-costruisci-la-tua-identita-digitale;direttiva assente;sì
TEC-03;high;technical;max-image-preview:large assente;/marketing-su-misura-per-il-tuo-negozio-di-giocattoli;direttiva assente;sì
TEC-03;high;technical;max-image-preview:large assente;/marketing-per-farmacie-come-aumentare-visibilita-e-fidelizzare-i-clienti;direttiva assente;sì
TEC-03;high;technical;max-image-preview:large assente;/marketing-digitale-a-palermo-la-chiave-per-il-successo-della-tua-attivita;direttiva assente;sì
TEC-03;high;technical;max-image-preview:large assente;/cosa-si-intende-per-sito-web-una-guida-per-capirne-limportanza;direttiva assente;sì
TEC-03;high;technical;max-image-preview:large assente;/quali-sono-i-siti-web-piu-visitati-scopri-le-piattaforme-piu-popolari-al-mondo;direttiva assente;sì
TEC-03;high;technical;max-image-preview:large assente;/che-tipi-di-siti-web-esistono-una-guida-per-scegliere-quello-giusto-per-te;direttiva assente;sì
TEC-03;high;technical;max-image-preview:large assente;/come-si-chiama-chi-crea-un-sito-web-scopri-la-figura-del-web-developer;direttiva assente;sì
TEC-03;high;technical;max-image-preview:large assente;/che-cosa-fa-una-web-agency-una-guida-ai-servizi-digitali-piu-richiesti;direttiva assente;sì
TEC-03;high;technical;max-image-preview:large assente;/quante-sono-le-web-agency-in-italia-unanalisi-del-panorama-digitale-italiano;direttiva assente;sì
TEC-03;high;technical;max-image-preview:large assente;/quanto-guadagna-una-web-agency-analisi-dei-fattori-che-influenzano-i-ricavi;direttiva assente;sì
TEC-03;high;technical;max-image-preview:large assente;/chi-lavora-in-una-web-agency-scopri-i-ruoli-principali;direttiva assente;sì
TEC-03;high;technical;max-image-preview:large assente;/cose-unagency-scopri-il-ruolo-e-i-servizi-di-unagenzia-moderna;direttiva assente;sì
TEC-03;high;technical;max-image-preview:large assente;/cosa-si-intende-per-pubblicita-una-guida-completa-al-mondo-pubblicitario;direttiva assente;sì
TEC-03;high;technical;max-image-preview:large assente;/come-farsi-pubblicita-gratis-strategie-efficaci-per-aumentare-la-visibilita;direttiva assente;sì
TEC-03;high;technical;max-image-preview:large assente;/qual-e-il-compito-della-pubblicita-capire-lobiettivo-e-il-valore-della-comunicazione-pubblicitaria;direttiva assente;sì
TEC-03;high;technical;max-image-preview:large assente;/quanto-si-paga-unagenzia-di-comunicazione-guida-ai-costi-dei-servizi-di-comunicazione;direttiva assente;sì
TEC-03;high;technical;max-image-preview:large assente;/cosa-fa-lagenzia-di-marketing-una-guida-ai-servizi-e-al-ruolo-strategico;direttiva assente;sì
TEC-03;high;technical;max-image-preview:large assente;/che-cose-unazienda-di-marketing-scopri-il-motore-del-successo-aziendale;direttiva assente;sì
TEC-03;high;technical;max-image-preview:large assente;/3-tipi-di-marketing-a-palermo-scopri-le-strategie-per-il-successo-della-tua-attivita;direttiva assente;sì
TEC-03;high;technical;max-image-preview:large assente;/che-lavoro-fa-il-marketing-il-motore-che-trasforma-idee-in-successo;direttiva assente;sì
TEC-03;high;technical;max-image-preview:large assente;/come-fare-unottima-pubblicita-strategie-vincenti-per-il-tuo-successo;direttiva assente;sì
TEC-03;high;technical;max-image-preview:large assente;/dove-fare-pubblicita-a-basso-costo-scopri-le-migliori-strategie-economiche-per-promuovere-la-tua-attivita;direttiva assente;sì
TEC-03;high;technical;max-image-preview:large assente;/quale-pubblicita-funziona-di-piu-scopri-le-strategie-piu-efficaci-per-il-tuo-business;direttiva assente;sì
TEC-03;high;technical;max-image-preview:large assente;/come-iniziare-a-fare-digital-marketing-guida-pratica-per-chi-vuole-emergere-online;direttiva assente;sì
TEC-03;high;technical;max-image-preview:large assente;/portfolio-fotografico-online-cose-e-perche-e-importante-crearlo;direttiva assente;sì
TEC-03;high;technical;max-image-preview:large assente;/rispondere-alle-recensioni-con-lai-la-nuova-frontiera-dellautomazione;direttiva assente;sì
TEC-03;high;technical;max-image-preview:large assente;/focus-group-cose-a-che-serve-e-come-farlo-al-meglio;direttiva assente;sì
TEC-03;high;technical;max-image-preview:large assente;/come-creare-sondaggi-online-e-raggiungere-il-tuo-pubblico-in-modo-efficace;direttiva assente;sì
TEC-03;high;technical;max-image-preview:large assente;/come-ridurre-peso-delle-foto-consigli-pratici-per-immagini-piu-leggere;direttiva assente;sì
TEC-03;high;technical;max-image-preview:large assente;/cosa-fa-un-ufficio-di-comunicazione-scopri-il-cuore-della-strategia-aziendale;direttiva assente;sì
TEC-03;high;technical;max-image-preview:large assente;/come-si-chiama-chi-si-occupa-di-comunicazione-scopri-i-ruoli-e-le-competenze-di-questi-professionisti;direttiva assente;sì
TEC-03;high;technical;max-image-preview:large assente;/come-trovare-unagenzia-di-comunicazione-consigli-per-scegliere-il-partner-giusto;direttiva assente;sì
TEC-03;high;technical;max-image-preview:large assente;/scegliere-la-giusta-agenzia-di-comunicazione-consigli-e-strategie-per-trovare-il-partner-ideale;direttiva assente;sì
TEC-03;high;technical;max-image-preview:large assente;/come-sfruttare-al-meglio-i-test-a-b-per-aumentare-le-conversioni;direttiva assente;sì
TEC-03;high;technical;max-image-preview:large assente;/come-creare-un-podcast-aziendale-per-migliorare-il-posizionamento-del-brand;direttiva assente;sì
TEC-03;high;technical;max-image-preview:large assente;/come-trovare-il-co-founder-perfetto-per-la-tua-startup-e-lo-sponsor-ideale-per-la-tua-crescita;direttiva assente;sì
TEC-03;high;technical;max-image-preview:large assente;/i-migliori-formati-banner-per-ottimizzare-le-tue-campagne-pubblicitarie;direttiva assente;sì
TEC-03;high;technical;max-image-preview:large assente;/come-crescere-su-instagram-8-tattiche-per-sfruttare-lalgoritmo-e-aumentare-lengagement;direttiva assente;sì
TEC-03;high;technical;max-image-preview:large assente;/tiktok-adv-o-instagram-adv-qual-e-la-piattaforma-migliore-per-la-tua-campagna-online;direttiva assente;sì
TEC-03;high;technical;max-image-preview:large assente;/la-potenza-dei-micro-influencer-e-il-loro-impatto-online-per-le-aziende;direttiva assente;sì
TEC-03;high;technical;max-image-preview:large assente;/black-friday-2024-come-preparare-il-tuo-e-commerce-a-palermo-per-massimizzare-le-vendite;direttiva assente;sì
TEC-03;high;technical;max-image-preview:large assente;/integrazione-di-piattaforme-tiktok-e-commerce-un-nuovo-orizzonte-per-i-commercianti-a-palermo;direttiva assente;sì
TEC-03;high;technical;max-image-preview:large assente;/quanto-e-importante-il-feedback-dei-clienti-per-migliorare-il-tuo-business;direttiva assente;sì
TEC-03;high;technical;max-image-preview:large assente;/la-gen-z-e-il-nuovo-percorso-di-acquisto-come-adattare-la-tua-strategia-di-marketing;direttiva assente;sì
TEC-03;high;technical;max-image-preview:large assente;/marketing-sostenibile-cose-e-come-farlo;direttiva assente;sì
TEC-03;high;technical;max-image-preview:large assente;/video-verticali-luso-strategico-per-i-tuoi-social;direttiva assente;sì
TEC-03;high;technical;max-image-preview:large assente;/video-marketing-cose-e-perche-dovresti-farlo;direttiva assente;sì
TEC-03;high;technical;max-image-preview:large assente;/visual-storytelling-una-storia-di-successo;direttiva assente;sì
TEC-03;high;technical;max-image-preview:large assente;/tutti-i-vantaggi-di-scegliere-una-web-agency-per-il-tuo-business;direttiva assente;sì
TEC-03;high;technical;max-image-preview:large assente;/il-diario-segreto-di-una-web-agency-storie-di-successi-digitali;direttiva assente;sì
TEC-03;high;technical;max-image-preview:large assente;/il-laboratorio-creativo-di-una-web-agency-dove-nascono-le-idee;direttiva assente;sì
TEC-03;high;technical;max-image-preview:large assente;/quando-la-web-agency-incontra-lintelligenza-artificiale;direttiva assente;sì
TEC-03;high;technical;max-image-preview:large assente;/i-siti-web-del-futuro-come-saranno-nel-2050;direttiva assente;sì
TEC-03;high;technical;max-image-preview:large assente;/siti-web-quando-il-design-incontra-lanima;direttiva assente;sì
TEC-03;high;technical;max-image-preview:large assente;/i-custodi-dei-siti-web-chi-protegge-i-tuoi-dati;direttiva assente;sì
TEC-03;high;technical;max-image-preview:large assente;/siti-web-intelligenti-come-reagiscono-ai-tuoi-bisogni;direttiva assente;sì
TEC-03;high;technical;max-image-preview:large assente;/la-magia-dietro-i-siti-web-che-conquistano;direttiva assente;sì
TEC-03;high;technical;max-image-preview:large assente;/agenzia-di-comunicazione-digitale-il-futuro-della-promozione-online;direttiva assente;sì
TEC-03;high;technical;max-image-preview:large assente;/agenzia-di-comunicazione-creativa-idee-e-strategie-per-il-tuo-brand;direttiva assente;sì
TEC-03;high;technical;max-image-preview:large assente;/agenzia-di-comunicazione-visiva-come-catturare-lattenzione-del-pubblico;direttiva assente;sì
TEC-03;high;technical;max-image-preview:large assente;/agenzia-di-comunicazione-strategica-come-pianificare-il-successo;direttiva assente;sì
TEC-03;high;technical;max-image-preview:large assente;/agenzia-di-comunicazione-per-eventi-trasformare-ogni-occasione-in-opportunita-di-successo;direttiva assente;sì
TEC-03;high;technical;max-image-preview:large assente;/agenzia-di-comunicazione-per-e-commerce-vendere-di-piu-online;direttiva assente;sì
TEC-03;high;technical;max-image-preview:large assente;/agenzia-di-comunicazione-video-limpatto-del-visual-marketing;direttiva assente;sì
TEC-03;high;technical;max-image-preview:large assente;/come-raggiungere-al-meglio-il-proprio-pubblico-strategie-efficaci-per-comunicare-con-successo;direttiva assente;sì
TEC-03;high;technical;max-image-preview:large assente;/perche-hai-bisogno-di-un-social-media-manager-a-palermo;direttiva assente;sì
TEC-03;high;technical;max-image-preview:large assente;/come-strutturare-una-strategia-digitale-efficace;direttiva assente;sì
TEC-03;high;technical;max-image-preview:large assente;/migliorare-lindicizzazione-su-google-strategie-efficaci-per-scalare-la-serp;direttiva assente;sì
TEC-03;high;technical;max-image-preview:large assente;/progettare-un-packaging-efficace-guida-per-valorizzare-il-tuo-prodotto;direttiva assente;sì
TEC-03;high;technical;max-image-preview:large assente;/la-penna-magica-di-unagenzia-di-comunicazione-il-potere-dello-storytelling-che-emoziona-e-conquista;direttiva assente;sì
TEC-03;high;technical;max-image-preview:large assente;/larte-della-comunicazione-di-lusso-strategie-esclusive-per-conquistare-clienti-premium;direttiva assente;sì
TEC-03;high;technical;max-image-preview:large assente;/viaggi-nellera-digitale-come-unagenzia-di-comunicazione-trasforma-il-turismo-in-emozione;direttiva assente;sì
TEC-03;high;technical;max-image-preview:large assente;/strategie-su-misura-come-unagenzia-di-comunicazione-per-pmi-guida-al-successo-nel-mercato-locale;direttiva assente;sì
TEC-03;high;technical;max-image-preview:large assente;/come-unagenzia-di-comunicazione-e-influencer-marketing-trasforma-la-pubblicita-moderna;direttiva assente;sì
TEC-03;high;technical;max-image-preview:large assente;/come-scegliere-unagenzia-di-comunicazione-efficace-la-guida-per-il-successo-del-tuo-brand;direttiva assente;sì
TEC-03;high;technical;max-image-preview:large assente;/servizi-di-comunicazione-digitale-la-chiave-per-il-successo-nel-mondo-online;direttiva assente;sì
TEC-03;high;technical;max-image-preview:large assente;/creazione-di-strategie-di-comunicazione-guida-per-un-successo-garantito;direttiva assente;sì
TEC-03;high;technical;max-image-preview:large assente;/soluzioni-per-la-comunicazione-aziendale-strategie-per-far-crescere-il-tuo-brand;direttiva assente;sì
TEC-03;high;technical;max-image-preview:large assente;/esperti-in-comunicazione-e-branding-il-segreto-per-un-brand-di-successo;direttiva assente;sì
TEC-03;high;technical;max-image-preview:large assente;/branding-da-sogno-come-unagenzia-di-comunicazione-costruisce-unidentita-vincente;direttiva assente;sì
TEC-03;high;technical;max-image-preview:large assente;/strategie-di-marketing-per-aziende-come-costruire-un-piano-di-successo;direttiva assente;sì
TEC-03;high;technical;max-image-preview:large assente;/consulenza-per-la-creazione-di-brand-costruisci-unidentita-vincente;direttiva assente;sì
TEC-03;high;technical;max-image-preview:large assente;/creazione-di-marchi-aziendali-come-costruire-unidentita-forte-e-riconoscibile;direttiva assente;sì
TEC-03;high;technical;max-image-preview:large assente;/come-costruire-un-marchio-di-successo-con-lo-sviluppo-e-gestione-del-brand-a-palermo;direttiva assente;sì
TEC-03;high;technical;max-image-preview:large assente;/gestione-della-reputazione-online-come-proteggere-e-migliorare-limmagine-del-tuo-brand;direttiva assente;sì
TEC-03;high;technical;max-image-preview:large assente;/comunicazione-per-la-crescita-aziendale-strategie-per-raggiungere-il-successo;direttiva assente;sì
TEC-03;high;technical;max-image-preview:large assente;/agenzia-tiktok-come-sfruttare-il-potenziale-di-tiktok-per-il-tuo-brand;direttiva assente;sì
TEC-03;high;technical;max-image-preview:large assente;/come-funzionano-le-agenzie-su-tiktok-scopri-come-potenziare-il-tuo-brand;direttiva assente;sì
TEC-03;high;technical;max-image-preview:large assente;/come-si-fa-a-crescere-su-tiktok-strategie-per-aumentare-visibilita-e-engagement;direttiva assente;sì
TEC-03;high;technical;max-image-preview:large assente;/agenzia-per-eventi-a-palermo-come-organizzare-eventi-indimenticabili;direttiva assente;sì
TEC-03;high;technical;max-image-preview:large assente;/organizzare-eventi-a-palermo-come-creare-esperienze-indimenticabili;direttiva assente;sì
TEC-03;high;technical;max-image-preview:large assente;/come-organizzare-eventi-aziendali-di-successo-strategie-vincenti-per-il-tuo-business;direttiva assente;sì
TEC-03;high;technical;max-image-preview:large assente;/come-realizzare-un-evento-di-lancio-prodotto-di-successo-a-palermo;direttiva assente;sì
TEC-03;high;technical;max-image-preview:large assente;/come-gestire-eventi-privati-con-successo-dalla-festa-di-compleanno-a-eventi-esclusivi;direttiva assente;sì
TEC-03;high;technical;max-image-preview:large assente;/social-media-manager-a-palermo-come-scegliere-il-professionista-giusto-per-il-tuo-brand;direttiva assente;sì
TEC-03;high;technical;max-image-preview:large assente;/social-media-manager-per-e-commerce-aumentare-le-vendite-con-strategie-mirate;direttiva assente;sì
TEC-03;high;technical;max-image-preview:large assente;/il-ruolo-di-un-social-media-manager-nelle-piccole-e-medie-imprese;direttiva assente;sì
TEC-03;high;technical;max-image-preview:large assente;/come-il-social-media-manager-puo-potenziare-la-tua-strategia-di-content-marketing;direttiva assente;sì
TEC-03;high;technical;max-image-preview:large assente;/come-diventare-un-social-media-manager-di-successo-guida-passo-dopo-passo;direttiva assente;sì
TEC-03;high;technical;max-image-preview:large assente;/che-cosa-fa-una-social-media-manager;direttiva assente;sì
TEC-03;high;technical;max-image-preview:large assente;/quanto-costa-farsi-gestire-un-profilo-instagram;direttiva assente;sì
TEC-03;high;technical;max-image-preview:large assente;/5-errori-silenziosi-che-stai-commettendo-nel-tuo-sito-web-aziendale;direttiva assente;sì
TEC-03;high;technical;max-image-preview:large assente;/strategie-digitali-per-artigiani-locali-come-vendere-di-piu-online-marketing;direttiva assente;sì
TEC-03;high;technical;max-image-preview:large assente;/il-potere-delle-landing-page-per-attivita-locali-converti-i-clienti-della-tua-citta;direttiva assente;sì
TEC-03;high;technical;max-image-preview:large assente;/micro-influencer-locale-come-usarli-per-far-crescere-la-tua-azienda-marketing-palermo;direttiva assente;sì
TEC-03;high;technical;max-image-preview:large assente;/posizionamento-zero-su-google-cose-e-come-ottenerlo;direttiva assente;sì
TEC-03;high;technical;max-image-preview:large assente;/come-unire-seo-e-branding-visivo-in-un-solo-progetto-web;direttiva assente;sì
TEC-03;high;technical;max-image-preview:large assente;/leffetto-domino-delle-recensioni-online-per-le-attivita-locali;direttiva assente;sì
TEC-03;high;technical;max-image-preview:large assente;/seo-per-podcast-e-audio-contenuti-come-farli-trovare-online;direttiva assente;sì
TEC-03;high;technical;max-image-preview:large assente;/siti-one-page-quando-funzionano-davvero;direttiva assente;sì
TEC-03;high;technical;max-image-preview:large assente;/strategie-digitali-per-chi-apre-una-start-up-culturale-a-palermo;direttiva assente;sì
TEC-03;high;technical;max-image-preview:large assente;/come-promuovere-la-tua-casa-vacanze-con-il-marketing-locale-digitale;direttiva assente;sì
TEC-03;high;technical;max-image-preview:large assente;/brand-identity-per-artisti-e-creativi-distinguersi-online-in-modo-autentico;direttiva assente;sì
TEC-03;high;technical;max-image-preview:large assente;/il-ruolo-del-marketing-digitale-per-le-librerie-indipendenti;direttiva assente;sì
TEC-03;high;technical;max-image-preview:large assente;/comunicazione-digitale-per-associazioni-no-profit-come-farsi-conoscere;direttiva assente;sì
TEC-03;high;technical;max-image-preview:large assente;/strategie-web-per-eventi-teatrali-e-spettacoli-indipendenti;direttiva assente;sì
TEC-03;high;technical;max-image-preview:large assente;/digitale-e-tradizione-come-promuovere-botteghe-storiche-con-nuove-strategie-comunicazione;direttiva assente;sì
TEC-03;high;technical;max-image-preview:large assente;/formazione-online-come-promuovere-il-tuo-corso-o-workshop-sul-web;direttiva assente;sì
TEC-03;high;technical;max-image-preview:large assente;/dalla-strada-al-web-come-promuovere-un-food-truck-a-palermo;direttiva assente;sì
TEC-03;high;technical;max-image-preview:large assente;/digital-strategy-per-laboratori-di-analisi-come-farsi-scegliere-online;direttiva assente;sì
TEC-03;high;technical;max-image-preview:large assente;/come-comunicare-online-per-una-scuola-di-musica-o-danza-a-palermo;direttiva assente;sì
TEC-03;high;technical;max-image-preview:large assente;/come-far-crescere-una-sartoria-o-atelier-online-strategie-su-misura;direttiva assente;sì
TEC-03;high;technical;max-image-preview:large assente;/pet-business-come-farsi-conoscere-online-con-una-comunicazione-mirata;direttiva assente;sì
TEC-03;high;technical;max-image-preview:large assente;/vendere-arte-online-come-costruire-una-strategia-digitale-per-gallerie-e-artisti;direttiva assente;sì
TEC-03;high;technical;max-image-preview:large assente;/ristorazione-vegetariana-e-vegana-come-comunicare-i-tuoi-valori-online;direttiva assente;sì
TEC-03;high;technical;max-image-preview:large assente;/digital-strategy-per-wedding-planner-e-servizi-per-eventi-privati;direttiva assente;sì
TEC-03;high;technical;max-image-preview:large assente;/consulenti-psicologi-e-coach-come-trovare-clienti-online-a-palermo;direttiva assente;sì
TEC-03;high;technical;max-image-preview:large assente;/come-lanciare-prodotti-tipici-siciliani-online-vendita;direttiva assente;sì
TEC-03;high;technical;max-image-preview:large assente;/servizi-alla-persona-promuovere-online-estetiste-massaggiatori-e-parrucchieri;direttiva assente;sì
TEC-03;high;technical;max-image-preview:large assente;/digital-branding-per-studi-legali-e-professionisti-del-diritto;direttiva assente;sì
TEC-03;high;technical;max-image-preview:large assente;/come-comunicare-in-modo-efficacer-studi-di-fisioterapia;direttiva assente;sì
TEC-03;high;technical;max-image-preview:large assente;/psicologi-online-come-promuoversi-nel-rispetto-della-deontologia;direttiva assente;sì
TEC-03;high;technical;max-image-preview:large assente;/come-promuovere-un-centro-odontoiatrico-sul-web-senza-perdere-serieta;direttiva assente;sì
TEC-03;high;technical;max-image-preview:large assente;/farmacie-e-parafarmacie-strategie-locali-per-aumentare-la-clientela;direttiva assente;sì
TEC-03;high;technical;max-image-preview:large assente;/come-far-crescere-un-centro-logopedico-con-il-supporto-digitale;direttiva assente;sì
TEC-03;high;technical;max-image-preview:large assente;/visibilita-online-per-nutrizionisti-e-biologi-cosa-funziona-davvero;direttiva assente;sì
TEC-03;high;technical;max-image-preview:large assente;/come-lanciare-una-clinica-estetica-digital-branding-per-la-bellezza;direttiva assente;sì
TEC-03;high;technical;max-image-preview:large assente;/servizi-veterinari-come-raggiungere-piu-clienti-online-in-modo-etico;direttiva assente;sì
TEC-03;high;technical;max-image-preview:large assente;/come-farsi-scegliere-online-come-ostetrica-o-operatore-del-benessere-femminile;direttiva assente;sì
TEC-03;high;technical;max-image-preview:large assente;/digital-strategy-per-studi-di-podologia-e-professionisti-del-piede;direttiva assente;sì
TEC-03;high;technical;max-image-preview:large assente;/come-promuovere-online-una-scuola-privata-o-centro-di-formazione-a-palermo;direttiva assente;sì
TEC-03;high;technical;max-image-preview:large assente;/comunicazione-per-architetti-e-interior-designer-il-progetto-parte-dal-web;direttiva assente;sì
TEC-03;high;technical;max-image-preview:large assente;/come-far-crescere-unazienda-agricola-con-e-commerce-e-promozione-locale;direttiva assente;sì
TEC-03;high;technical;max-image-preview:large assente;/pet-sitter-e-pensioni-per-animali-come-attirare-piu-clienti-online;direttiva assente;sì
TEC-03;high;technical;max-image-preview:large assente;/servizi-per-linfanzia-come-farsi-conoscere-online-come-baby-sitter-o-tata-qualificata;direttiva assente;sì
TEC-03;high;technical;max-image-preview:large assente;/come-promuovere-online-una-cooperativa-sociale-a-palermo;direttiva assente;sì
TEC-03;high;technical;max-image-preview:large assente;/digital-strategy-per-agenzie-investigative-e-professionisti-della-sicurezza;direttiva assente;sì
TEC-03;high;technical;max-image-preview:large assente;/comunicazione-per-traduttori-e-interpreti-come-trovare-clienti-online;direttiva assente;sì
TEC-03;high;technical;max-image-preview:large assente;/social-media-manager-a-palermo-quanto-conta-davvero-per-unazienda-locale;direttiva assente;sì
TEC-03;high;technical;max-image-preview:large assente;/agenzia-marketing-a-palermo-come-sceglierne-una-adatta-alla-tua-attivita;direttiva assente;sì
TEC-03;high;technical;max-image-preview:large assente;/web-agency-a-palermo-per-professionisti-siti-e-strategie-personalizzate;direttiva assente;sì
TEC-03;high;technical;max-image-preview:large assente;/tiktok-e-instagram-reels-perche-ogni-impresa-a-palermo-deve-sfruttarli-ora;direttiva assente;sì
TEC-03;high;technical;max-image-preview:large assente;/scopri-come-creare-video-virali;direttiva assente;sì
TEC-03;high;technical;max-image-preview:large assente;/contenuti-che-spopolano-sui-social;direttiva assente;sì
TEC-03;high;technical;max-image-preview:large assente;/i-segreti-dei-video-virali-tecniche-e-strumenti-da-conoscere;direttiva assente;sì
TEC-03;high;technical;max-image-preview:large assente;/come-trasformare-unidea-in-un-video-virale-di-successo;direttiva assente;sì
TEC-03;high;technical;max-image-preview:large assente;/scopri-come-un-semplice-video-ha-raggiunto-1-milione-di-visualizzazioni-in-24-ore;direttiva assente;sì
TEC-03;high;technical;max-image-preview:large assente;/da-zero-a-virale-la-storia-di-un-contenuto-che-ha-conquistato-il-web;direttiva assente;sì
TEC-03;high;technical;max-image-preview:large assente;/il-potere-dei-video-brevi;direttiva assente;sì
TEC-03;high;technical;max-image-preview:large assente;/3-trucchi-per-rendere-i-tuoi-reels-irresistibili;direttiva assente;sì
TEC-03;high;technical;max-image-preview:large assente;/scopri-strategie-efficaci-per-creare-reels;direttiva assente;sì
TEC-03;high;technical;max-image-preview:large assente;/creare-reels-che-tutti-vogliono-condividere;direttiva assente;sì
TEC-03;high;technical;max-image-preview:large assente;/partecipare-alla-sfida-del-momento;direttiva assente;sì
TEC-03;high;technical;max-image-preview:large assente;/trend-alert-i-video-che-stanno-conquistando-tiktok;direttiva assente;sì
TEC-03;high;technical;max-image-preview:large assente;/challenge-virali-come-sfruttarle-per-aumentare-la-tua-visibilita;direttiva assente;sì
TEC-03;high;technical;max-image-preview:large assente;/i-trend-del-2025-cosa-funziona-davvero-sui-social;direttiva assente;sì
TEC-03;high;technical;max-image-preview:large assente;/unisciti-al-movimento-crea-contenuti-che-fanno-parlare-di-se;direttiva assente;sì
TEC-03;high;technical;max-image-preview:large assente;/strategie-seo-per-video-virali-come-farsi-trovare-online;direttiva assente;sì
TEC-03;high;technical;max-image-preview:large assente;/parole-chiave-e-viralita-il-connubio-perfetto-per-i-tuoi-video;direttiva assente;sì
TEC-03;high;technical;max-image-preview:large assente;/come-ottimizzare-i-tuoi-video-per-i-motori-di-ricerca-nel-2025;direttiva assente;sì
TEC-03;high;technical;max-image-preview:large assente;/seo-per-contenuti-video-guida-pratica-per-aumentare-le-visualizzazioni;direttiva assente;sì
TEC-03;high;technical;max-image-preview:large assente;/i-migliori-strumenti-per-analizzare-e-migliorare-la-performance-dei-tuoi-video;direttiva assente;sì
TEC-03;high;technical;max-image-preview:large assente;/agenzia-di-comunicazione-a-palermo-come-far-crescere-il-tuo-brand-nel-2025;direttiva assente;sì
TEC-03;high;technical;max-image-preview:large assente;/i-segreti-del-marketing-digitale-a-palermo-scopri-la-nostra-agenzia;direttiva assente;sì
TEC-03;high;technical;max-image-preview:large assente;/vuoi-dominare-i-social-a-palermo-affidati-ai-migliori;direttiva assente;sì
TEC-03;high;technical;max-image-preview:large assente;/seo-e-video-virali-a-palermo-come-max-digital-innovation-sta-cambiando-le-regole;direttiva assente;sì
TEC-03;high;technical;max-image-preview:large assente;/come-aumentare-le-visualizzazioni-su-instagram-nel-2026;direttiva assente;sì
TEC-03;high;technical;max-image-preview:large assente;/algoritmo-instagram-come-funziona-davvero;direttiva assente;sì
TEC-03;high;technical;max-image-preview:large assente;/strategie-instagram-per-far-crescere-un-profilo-aziendale;direttiva assente;sì
TEC-03;high;technical;max-image-preview:large assente;/perche-i-tuoi-reel-non-fanno-visualizzazioni;direttiva assente;sì
TEC-03;high;technical;max-image-preview:large assente;/come-finire-negli-esplora-di-instagram;direttiva assente;sì
TEC-03;high;technical;max-image-preview:large assente;/instagram-per-aziende-errori-da-evitare;direttiva assente;sì
TEC-03;high;technical;max-image-preview:large assente;/come-creare-reel-virali-su-instagram;direttiva assente;sì
TEC-03;high;technical;max-image-preview:large assente;/le-migliori-strategie-instagram-per-vendere-di-piu;direttiva assente;sì
TEC-03;high;technical;max-image-preview:large assente;/come-aumentare-lengagement-su-instagram;direttiva assente;sì
TEC-03;high;technical;max-image-preview:large assente;/come-aumentare-le-visualizzazioni-su-tiktok;direttiva assente;sì
TEC-03;high;technical;max-image-preview:large assente;/algoritmo-tiktok-tutto-quello-che-devi-sapere;direttiva assente;sì
TEC-03;high;technical;max-image-preview:large assente;/perche-i-video-tiktok-fanno-poche-visualizzazioni;direttiva assente;sì
TEC-03;high;technical;max-image-preview:large assente;/come-andare-virale-su-tiktok;direttiva assente;sì
TEC-03;high;technical;max-image-preview:large assente;/strategie-tiktok-per-aziende;direttiva assente;sì
TEC-03;high;technical;max-image-preview:large assente;/tiktok-per-negozi-conviene-davvero;direttiva assente;sì
TEC-03;high;technical;max-image-preview:large assente;/quanto-dura-un-video-tiktok-ideale;direttiva assente;sì
TEC-03;high;technical;max-image-preview:large assente;/come-far-crescere-il-tuo-profilo-in-6-giorni;direttiva assente;sì
TEC-03;high;technical;max-image-preview:large assente;/come-far-crescere-il-tuo-profilo-tiktok-in-6-giorni;direttiva assente;sì
TEC-03;high;technical;max-image-preview:large assente;/produzione-video-a-palermo-come-scegliere-lagenzia-giusta;direttiva assente;sì
TEC-03;high;technical;max-image-preview:large assente;/video-aziendali-a-palermo-perche-aumentano-le-vendite;direttiva assente;sì
TEC-03;high;technical;max-image-preview:large assente;/creazione-video-virali-palermo;direttiva assente;sì
TEC-03;high;technical;max-image-preview:large assente;/produzione-video-virali-palermo;direttiva assente;sì
TEC-03;high;technical;max-image-preview:large assente;/realizzazione-video-virali-palermo;direttiva assente;sì
TEC-03;high;technical;max-image-preview:large assente;/creazione-video-virali-sicilia;direttiva assente;sì
TEC-03;high;technical;max-image-preview:large assente;/produzione-video-virali-sicilia;direttiva assente;sì
TEC-03;high;technical;max-image-preview:large assente;/realizzazione-video-sicilia;direttiva assente;sì
TEC-03;high;technical;max-image-preview:large assente;/produzione-video-virali-per-la-tua-attivita-palermo;direttiva assente;sì
TEC-03;high;technical;max-image-preview:large assente;/realizzazione-video-virali-trapani;direttiva assente;sì
TEC-03;high;technical;max-image-preview:large assente;/produzione-video-palermo-perche-oggi-e-indispensabile-per-ogni-azienda;direttiva assente;sì
TEC-03;high;technical;max-image-preview:large assente;/video-promozionali-per-la-tua-azienda-palermo-funzionano-davvero;direttiva assente;sì
TEC-03;high;technical;max-image-preview:large assente;/produzione-video-professionale-palermo-tutto-quello-che-devi-sapere;direttiva assente;sì
TEC-03;high;technical;max-image-preview:large assente;/come-trasformare-un-semplice-video-in-un-contenuto-virale-a-palermo;direttiva assente;sì
TEC-03;high;technical;max-image-preview:large assente;/perche-ogni-attivita-di-palermo-dovrebbe-pubblicare-video-2;direttiva assente;sì
SCH-03;high;structured;BreadcrumbList assente;/privacy-policy;nessun BreadcrumbList;sì
SCH-03;high;structured;BreadcrumbList assente;/;nessun BreadcrumbList;sì
SCH-03;high;structured;BreadcrumbList assente;/digital-strategies;nessun BreadcrumbList;sì
SCH-03;high;structured;BreadcrumbList assente;/cookie-policy;nessun BreadcrumbList;sì
SCH-03;high;structured;BreadcrumbList assente;/servizi-digitali-palermo;nessun BreadcrumbList;sì
SCH-03;high;structured;BreadcrumbList assente;/realizzazione-siti-web-a-palermo;nessun BreadcrumbList;sì
SCH-03;high;structured;BreadcrumbList assente;/digital-marketing-palermo;nessun BreadcrumbList;sì
SCH-03;high;structured;BreadcrumbList assente;/produzione-video-palermo;nessun BreadcrumbList;sì
SCH-03;high;structured;BreadcrumbList assente;/realizzazione-e-commerce-palermo;nessun BreadcrumbList;sì
SCH-03;high;structured;BreadcrumbList assente;/graphic-design-palermo;nessun BreadcrumbList;sì
SCH-03;high;structured;BreadcrumbList assente;/sviluppo-crm-gestionali-palermo;nessun BreadcrumbList;sì
SCH-03;high;structured;BreadcrumbList assente;/naming-palermo;nessun BreadcrumbList;sì
SCH-03;high;structured;BreadcrumbList assente;/stampe-digitali-palermo;nessun BreadcrumbList;sì
SCH-03;high;structured;BreadcrumbList assente;/lavora-con-noi;nessun BreadcrumbList;sì
SCH-03;high;structured;BreadcrumbList assente;/innovazione-digitale-pmi-competitive;nessun BreadcrumbList;sì
SCH-03;high;structured;BreadcrumbList assente;/innovazione-digitale-palermo;nessun BreadcrumbList;sì
SCH-03;high;structured;BreadcrumbList assente;/cybersecurity-per-aziende;nessun BreadcrumbList;sì
SCH-03;high;structured;BreadcrumbList assente;/strategia-marketing-digitale;nessun BreadcrumbList;sì
SCH-03;high;structured;BreadcrumbList assente;/campagne-ai-driven-marketing-automation;nessun BreadcrumbList;sì
SCH-03;high;structured;BreadcrumbList assente;/gestione-social-media-presenza-online;nessun BreadcrumbList;sì
SCH-03;high;structured;BreadcrumbList assente;/design-responsivo-sito-web-successo-online;nessun BreadcrumbList;sì
SCH-03;high;structured;BreadcrumbList assente;/perche-un-sito-web-professionale-e-la-chiave-del-successo-per-ogni-impresa;nessun BreadcrumbList;sì
SCH-03;high;structured;BreadcrumbList assente;/come-creare-una-strategia-di-comunicazione-digitale-efficace-per-piccole-imprese;nessun BreadcrumbList;sì
SCH-03;high;structured;BreadcrumbList assente;/reputazione_online_cose_perche_conta_e_come_verificarla;nessun BreadcrumbList;sì
SCH-03;high;structured;BreadcrumbList assente;/come-creare-una-landing-page-efficace;nessun BreadcrumbList;sì
SCH-03;high;structured;BreadcrumbList assente;/branded-content-come-raccontare-il-tuo-brand-con-max-digital-innovation;nessun BreadcrumbList;sì
SCH-03;high;structured;BreadcrumbList assente;/piano-di-marketing-cose-e-come-crearlo-con-successo;nessun BreadcrumbList;sì
SCH-03;high;structured;BreadcrumbList assente;/cookie-cosa-sono-e-a-che-servono;nessun BreadcrumbList;sì
SCH-03;high;structured;BreadcrumbList assente;/privacy-policy;nessun BreadcrumbList;sì
SCH-03;high;structured;BreadcrumbList assente;/scopri-come-aumentare-posizionamento-seo-per-il-tuo-sito-web-su-google;nessun BreadcrumbList;sì
SCH-03;high;structured;BreadcrumbList assente;/tipologie-di-siti-web-la-guida-definitiva-per-imprenditori;nessun BreadcrumbList;sì
SCH-03;high;structured;BreadcrumbList assente;/tiktok-ads-manager-guida-completa-su-come-gestire-le-tue-campagne-su-tiktok;nessun BreadcrumbList;sì
SCH-03;high;structured;BreadcrumbList assente;/dem-marketing-come-usarlo-nel-2024-per-massimizzare-i-risultati;nessun BreadcrumbList;sì
SCH-03;high;structured;BreadcrumbList assente;/e-commerce-a-palermo;nessun BreadcrumbList;sì
SCH-03;high;structured;BreadcrumbList assente;/business-innovation-cosa-chiede-il-mercato-oggi;nessun BreadcrumbList;sì
SCH-03;high;structured;BreadcrumbList assente;/advertising-a-palermo;nessun BreadcrumbList;sì
SCH-03;high;structured;BreadcrumbList assente;/5-consigli-preziosi-per-pubblicizzare-la-propria-azienda-a-palermo-su-google;nessun BreadcrumbList;sì
SCH-03;high;structured;BreadcrumbList assente;/realizzazione-siti-web-per-bb-a-palermo-hotel-motel-e-strutture-ricettive-tutto-quello-che-ce-da-sapere;nessun BreadcrumbList;sì
SCH-03;high;structured;BreadcrumbList assente;/hai-bisogno-di-pubblicizzare-il-tuo-ristorante-a-palermo-ecco-come-possiamo-aiutarti;nessun BreadcrumbList;sì
SCH-03;high;structured;BreadcrumbList assente;/ecco-perche-un-sito-web-a-palermo-e-cosi-essenziale-per-la-tua-attivita;nessun BreadcrumbList;sì
SCH-03;high;structured;BreadcrumbList assente;/gestione-social-media-a-palermo-come-la-nostra-agenzia-di-comunicazione-cura-i-tuoi-social-media;nessun BreadcrumbList;sì
SCH-03;high;structured;BreadcrumbList assente;/loghi-per-la-tua-azienda-a-palermo-caratteristiche-e-come-crearne-uno-efficace;nessun BreadcrumbList;sì
SCH-03;high;structured;BreadcrumbList assente;/ottimizzare-la-comunicazione-grazie-allutilizzo-di-call-to-action-efficaci-per-il-tuo-sito-web-a-palermo;nessun BreadcrumbList;sì
SCH-03;high;structured;BreadcrumbList assente;/11-trend-marketing-a-palermo-per-e-commerce-marketing-che-faranno-crescere-il-tuo-e-commerce;nessun BreadcrumbList;sì
SCH-03;high;structured;BreadcrumbList assente;/come-fare-pubblicita-a-palermo-su-internet-guida-per-principianti;nessun BreadcrumbList;sì
SCH-03;high;structured;BreadcrumbList assente;/campagne-pubblicitarie-a-palermo-la-soluzione-per-far-crescere-il-tuo-business;nessun BreadcrumbList;sì
SCH-03;high;structured;BreadcrumbList assente;/pubblicita-su-tiktok-a-palermo-come-aiutiamo-la-tua-azienda-a-crescere;nessun BreadcrumbList;sì
SCH-03;high;structured;BreadcrumbList assente;/seo-e-sem;nessun BreadcrumbList;sì
SCH-03;high;structured;BreadcrumbList assente;/web-agency-a-palermo-il-design-che-parte-dal-brand;nessun BreadcrumbList;sì
SCH-03;high;structured;BreadcrumbList assente;/b2b-a-palermo-cosa-puo-imparare-dal-b2c-per-sfruttare-al-meglio-il-digitale;nessun BreadcrumbList;sì
SCH-03;high;structured;BreadcrumbList assente;/strategie-di-content-marketing-per-le-piccole-imprese-a-palermo;nessun BreadcrumbList;sì
SCH-03;high;structured;BreadcrumbList assente;/web-marketing-per-palestre-e-centri-sportivi;nessun BreadcrumbList;sì
SCH-03;high;structured;BreadcrumbList assente;/mi-serve-davvero-un-sito-web-aziendale;nessun BreadcrumbList;sì
SCH-03;high;structured;BreadcrumbList assente;/quali-sono-i-servizi-offerti-da-unagenzia-di-comunicazione-a-palermo;nessun BreadcrumbList;sì
SCH-03;high;structured;BreadcrumbList assente;/le-commerce-in-italia-sta-cambiando-con-lintelligenza-artificiale;nessun BreadcrumbList;sì
SCH-03;high;structured;BreadcrumbList assente;/il-marketing-per-attivita-locali-i-vantaggi-di-affidarsi-a-una-web-agency;nessun BreadcrumbList;sì
SCH-03;high;structured;BreadcrumbList assente;/i-social-media-gli-alleati-per-il-tuo-e-commerce;nessun BreadcrumbList;sì
SCH-03;high;structured;BreadcrumbList assente;/marketing-online-per-la-tua-concessionaria;nessun BreadcrumbList;sì
SCH-03;high;structured;BreadcrumbList assente;/marketing-online-per-il-tuo-negozio-di-abbigliamento;nessun BreadcrumbList;sì
SCH-03;high;structured;BreadcrumbList assente;/web-marketing-per-la-tua-parruccheria;nessun BreadcrumbList;sì
SCH-03;high;structured;BreadcrumbList assente;/come-promuovere-il-tuo-salone-di-bellezza-a-palermo;nessun BreadcrumbList;sì
SCH-03;high;structured;BreadcrumbList assente;/come-pubblicizzare-la-tua-ottica-a-palermo;nessun BreadcrumbList;sì
SCH-03;high;structured;BreadcrumbList assente;/come-pubblicizzare-la-tua-pizzeria;nessun BreadcrumbList;sì
SCH-03;high;structured;BreadcrumbList assente;/gestione-marketing-per-il-tuo-pub;nessun BreadcrumbList;sì
SCH-03;high;structured;BreadcrumbList assente;/idee-creative-per-pubblicizzare-la-tua-panineria;nessun BreadcrumbList;sì
SCH-03;high;structured;BreadcrumbList assente;/gestione-marketing-per-la-tua-hamburgeria;nessun BreadcrumbList;sì
SCH-03;high;structured;BreadcrumbList assente;/strategie-di-marketing-di-successo-i-passi-fondamentali-per-distinguersi-nel-mercato;nessun BreadcrumbList;sì
SCH-03;high;structured;BreadcrumbList assente;/pubblicita-per-il-tuo-brand-a-palermo-come-differenziarsi-dalla-massa;nessun BreadcrumbList;sì
SCH-03;high;structured;BreadcrumbList assente;/restare-al-passo-coi-trend-e-difficile-scopri-come-unagenzia-di-comunicazione-puo-aiutarti;nessun BreadcrumbList;sì
SCH-03;high;structured;BreadcrumbList assente;/hai-bisogno-di-uno-store-online-per-la-tua-attivita-offriamo-realizzazione-e-commerce-a-palermo;nessun BreadcrumbList;sì
SCH-03;high;structured;BreadcrumbList assente;/vendita-online-a-palermo-sui-social-unottima-vetrina-per-i-tuoi-prodotti;nessun BreadcrumbList;sì
SCH-03;high;structured;BreadcrumbList assente;/sito-web-per-artisti-fai-conoscere-la-tua-arte;nessun BreadcrumbList;sì
SCH-03;high;structured;BreadcrumbList assente;/quanto-costa-un-sito-web-a-palermo;nessun BreadcrumbList;sì
SCH-03;high;structured;BreadcrumbList assente;/usa-la-local-seo-e-porta-il-tuo-business-al-top;nessun BreadcrumbList;sì
SCH-03;high;structured;BreadcrumbList assente;/mobile-marketing-e-micro-momenti;nessun BreadcrumbList;sì
SCH-03;high;structured;BreadcrumbList assente;/social-media-marketing-nel-settore-arredamento;nessun BreadcrumbList;sì
SCH-03;high;structured;BreadcrumbList assente;/il-web-design-e-la-sua-evoluzione;nessun BreadcrumbList;sì
SCH-03;high;structured;BreadcrumbList assente;/marketing-esperienziale-coinvolgi-il-pubblico-con-esperienze-uniche;nessun BreadcrumbList;sì
SCH-03;high;structured;BreadcrumbList assente;/come-creare-siti-web-professionali-e-di-qualita;nessun BreadcrumbList;sì
SCH-03;high;structured;BreadcrumbList assente;/come-scegliere-lagenzia-pubblicitaria-a-palermo-ideale-per-la-vostra-azienda;nessun BreadcrumbList;sì
SCH-03;high;structured;BreadcrumbList assente;/10-modi-per-migliorare-la-visibilita-del-tuo-sito-web-sui-motori-di-ricerca;nessun BreadcrumbList;sì
SCH-03;high;structured;BreadcrumbList assente;/web-agency-a-palermo-per-creare-un-sito-professionale;nessun BreadcrumbList;sì
SCH-03;high;structured;BreadcrumbList assente;/digital-agency-a-palermo-la-soluzione-completa-per-la-tua-presenza-online;nessun BreadcrumbList;sì
SCH-03;high;structured;BreadcrumbList assente;/creare-un-video-aziendale-efficace-coinvolgente-e-professionale;nessun BreadcrumbList;sì
SCH-03;high;structured;BreadcrumbList assente;/rendi-la-tua-azienda-digitale-trasformazione-e-innovazione-a-palermo;nessun BreadcrumbList;sì
SCH-03;high;structured;BreadcrumbList assente;/come-migliorare-la-tua-brand-reputation-con-le-attivita-di-digital-marketing;nessun BreadcrumbList;sì
SCH-03;high;structured;BreadcrumbList assente;/come-realizzare-un-sito-web-efficace-le-migliori-alternative-per-creare-un-percorso-di-successo-online;nessun BreadcrumbList;sì
SCH-03;high;structured;BreadcrumbList assente;/sito-web-accessibile-cose-come-crearlo-e-perche-e-importante;nessun BreadcrumbList;sì
SCH-03;high;structured;BreadcrumbList assente;/privacy-policy-sito-web-cose-e-come-scriverla-correttamente;nessun BreadcrumbList;sì
SCH-03;high;structured;BreadcrumbList assente;/le-11-regole-per-un-sito-web-efficace;nessun BreadcrumbList;sì
SCH-03;high;structured;BreadcrumbList assente;/creare-un-sito-web-a-palermo-le-caratteristiche-di-unarchitettura-efficace;nessun BreadcrumbList;sì
SCH-03;high;structured;BreadcrumbList assente;/strategie-di-web-reputation-come-costruire-gestire-e-misurare-la-percezione-online;nessun BreadcrumbList;sì
SCH-03;high;structured;BreadcrumbList assente;/sognavi-un-hotel-sempre-pieno-il-web-marketing-per-il-turismo-puo-trasformare-il-tuo-sogno-in-realta;nessun BreadcrumbList;sì
SCH-03;high;structured;BreadcrumbList assente;/google-ai-search-la-nuova-era-della-ricerca-intelligente-e-le-opportunita-per-il-marketing;nessun BreadcrumbList;sì
SCH-03;high;structured;BreadcrumbList assente;/aumentare-le-vendite-ecommerce-non-sei-soddisfatto-della-tua-agenzia;nessun BreadcrumbList;sì
SCH-03;high;structured;BreadcrumbList assente;/come-essere-in-prima-pagina-su-google-le-bugie-piu-diffuse-sulla-seo;nessun BreadcrumbList;sì
SCH-03;high;structured;BreadcrumbList assente;/gestione-marketing-per-la-tua-enoteca;nessun BreadcrumbList;sì
SCH-03;high;structured;BreadcrumbList assente;/gestione-marketing-per-il-tuo-fast-food;nessun BreadcrumbList;sì
SCH-03;high;structured;BreadcrumbList assente;/gestione-social-media-per-la-tua-attivita;nessun BreadcrumbList;sì
SCH-03;high;structured;BreadcrumbList assente;/marketing-e-pubblicita-a-palermo-tutti-i-tipi-di-pubblicita-per-far-crescere-la-tua-attivita;nessun BreadcrumbList;sì
SCH-03;high;structured;BreadcrumbList assente;/vuoi-aprire-unattivita-a-palermo-e-non-sai-a-chi-affidarti-ecco-come-fare-gestione-marketing-attivita-a-palermo;nessun BreadcrumbList;sì
SCH-03;high;structured;BreadcrumbList assente;/la-tua-agenzia-di-marketing-a-palermo-per-una-crescita-su-misura;nessun BreadcrumbList;sì
SCH-03;high;structured;BreadcrumbList assente;/quanto-costa-realizzare-un-cartello-pubblicitario-a-palermo;nessun BreadcrumbList;sì
SCH-03;high;structured;BreadcrumbList assente;/cosa-fare-per-indicizzare-il-tuo-sito-web;nessun BreadcrumbList;sì
SCH-03;high;structured;BreadcrumbList assente;/non-sai-come-sponsorizzare-il-tuo-progetto-artistico-scopri-le-strategie-vincenti;nessun BreadcrumbList;sì
SCH-03;high;structured;BreadcrumbList assente;/il-partner-giusto-per-il-tuo-successo-come-trovare-uno-sponsor-affidabile-a-palermo;nessun BreadcrumbList;sì
SCH-03;high;structured;BreadcrumbList assente;/marketing-per-imprese-edili;nessun BreadcrumbList;sì
SCH-03;high;structured;BreadcrumbList assente;/web-agency-a-palermo-la-guida-completa-per-far-crescere-la-tua-attivita-online;nessun BreadcrumbList;sì
SCH-03;high;structured;BreadcrumbList assente;/copywriter-seo-per-i-social-media-perche-a-google-piace-web-agency-seo-a-palermo;nessun BreadcrumbList;sì
SCH-03;high;structured;BreadcrumbList assente;/web-agency-a-palermo-per-il-settore-immobiliare-la-chiave-per-il-successo-online;nessun BreadcrumbList;sì
SCH-03;high;structured;BreadcrumbList assente;/web-agency-per-startup-a-palermo-la-tua-guida-al-successo-digitale;nessun BreadcrumbList;sì
SCH-03;high;structured;BreadcrumbList assente;/web-agency-per-e-commerce-a-palermo-come-incrementare-le-vendite-online;nessun BreadcrumbList;sì
SCH-03;high;structured;BreadcrumbList assente;/web-agency-a-palermo-per-eventi-massimizza-la-partecipazione-al-tuo-evento;nessun BreadcrumbList;sì
SCH-03;high;structured;BreadcrumbList assente;/web-agency-locale-a-palermo-la-tua-guida-per-conquistare-il-pubblico-della-citta;nessun BreadcrumbList;sì
SCH-03;high;structured;BreadcrumbList assente;/pubblicita-digitale-a-palermo-come-aumentare-la-visibilita-della-tua-attivita;nessun BreadcrumbList;sì
SCH-03;high;structured;BreadcrumbList assente;/creazione-siti-web-professionali-a-palermo-costruisci-la-tua-identita-digitale;nessun BreadcrumbList;sì
SCH-03;high;structured;BreadcrumbList assente;/marketing-su-misura-per-il-tuo-negozio-di-giocattoli;nessun BreadcrumbList;sì
SCH-03;high;structured;BreadcrumbList assente;/marketing-per-farmacie-come-aumentare-visibilita-e-fidelizzare-i-clienti;nessun BreadcrumbList;sì
SCH-03;high;structured;BreadcrumbList assente;/marketing-digitale-a-palermo-la-chiave-per-il-successo-della-tua-attivita;nessun BreadcrumbList;sì
SCH-03;high;structured;BreadcrumbList assente;/cosa-si-intende-per-sito-web-una-guida-per-capirne-limportanza;nessun BreadcrumbList;sì
SCH-03;high;structured;BreadcrumbList assente;/quali-sono-i-siti-web-piu-visitati-scopri-le-piattaforme-piu-popolari-al-mondo;nessun BreadcrumbList;sì
SCH-03;high;structured;BreadcrumbList assente;/che-tipi-di-siti-web-esistono-una-guida-per-scegliere-quello-giusto-per-te;nessun BreadcrumbList;sì
SCH-03;high;structured;BreadcrumbList assente;/come-si-chiama-chi-crea-un-sito-web-scopri-la-figura-del-web-developer;nessun BreadcrumbList;sì
SCH-03;high;structured;BreadcrumbList assente;/che-cosa-fa-una-web-agency-una-guida-ai-servizi-digitali-piu-richiesti;nessun BreadcrumbList;sì
SCH-03;high;structured;BreadcrumbList assente;/quante-sono-le-web-agency-in-italia-unanalisi-del-panorama-digitale-italiano;nessun BreadcrumbList;sì
SCH-03;high;structured;BreadcrumbList assente;/quanto-guadagna-una-web-agency-analisi-dei-fattori-che-influenzano-i-ricavi;nessun BreadcrumbList;sì
SCH-03;high;structured;BreadcrumbList assente;/chi-lavora-in-una-web-agency-scopri-i-ruoli-principali;nessun BreadcrumbList;sì
SCH-03;high;structured;BreadcrumbList assente;/cose-unagency-scopri-il-ruolo-e-i-servizi-di-unagenzia-moderna;nessun BreadcrumbList;sì
SCH-03;high;structured;BreadcrumbList assente;/cosa-si-intende-per-pubblicita-una-guida-completa-al-mondo-pubblicitario;nessun BreadcrumbList;sì
SCH-03;high;structured;BreadcrumbList assente;/come-farsi-pubblicita-gratis-strategie-efficaci-per-aumentare-la-visibilita;nessun BreadcrumbList;sì
SCH-03;high;structured;BreadcrumbList assente;/qual-e-il-compito-della-pubblicita-capire-lobiettivo-e-il-valore-della-comunicazione-pubblicitaria;nessun BreadcrumbList;sì
SCH-03;high;structured;BreadcrumbList assente;/quanto-si-paga-unagenzia-di-comunicazione-guida-ai-costi-dei-servizi-di-comunicazione;nessun BreadcrumbList;sì
SCH-03;high;structured;BreadcrumbList assente;/cosa-fa-lagenzia-di-marketing-una-guida-ai-servizi-e-al-ruolo-strategico;nessun BreadcrumbList;sì
SCH-03;high;structured;BreadcrumbList assente;/che-cose-unazienda-di-marketing-scopri-il-motore-del-successo-aziendale;nessun BreadcrumbList;sì
SCH-03;high;structured;BreadcrumbList assente;/3-tipi-di-marketing-a-palermo-scopri-le-strategie-per-il-successo-della-tua-attivita;nessun BreadcrumbList;sì
SCH-03;high;structured;BreadcrumbList assente;/che-lavoro-fa-il-marketing-il-motore-che-trasforma-idee-in-successo;nessun BreadcrumbList;sì
SCH-03;high;structured;BreadcrumbList assente;/come-fare-unottima-pubblicita-strategie-vincenti-per-il-tuo-successo;nessun BreadcrumbList;sì
SCH-03;high;structured;BreadcrumbList assente;/dove-fare-pubblicita-a-basso-costo-scopri-le-migliori-strategie-economiche-per-promuovere-la-tua-attivita;nessun BreadcrumbList;sì
SCH-03;high;structured;BreadcrumbList assente;/quale-pubblicita-funziona-di-piu-scopri-le-strategie-piu-efficaci-per-il-tuo-business;nessun BreadcrumbList;sì
SCH-03;high;structured;BreadcrumbList assente;/come-iniziare-a-fare-digital-marketing-guida-pratica-per-chi-vuole-emergere-online;nessun BreadcrumbList;sì
SCH-03;high;structured;BreadcrumbList assente;/portfolio-fotografico-online-cose-e-perche-e-importante-crearlo;nessun BreadcrumbList;sì
SCH-03;high;structured;BreadcrumbList assente;/rispondere-alle-recensioni-con-lai-la-nuova-frontiera-dellautomazione;nessun BreadcrumbList;sì
SCH-03;high;structured;BreadcrumbList assente;/focus-group-cose-a-che-serve-e-come-farlo-al-meglio;nessun BreadcrumbList;sì
SCH-03;high;structured;BreadcrumbList assente;/come-creare-sondaggi-online-e-raggiungere-il-tuo-pubblico-in-modo-efficace;nessun BreadcrumbList;sì
SCH-03;high;structured;BreadcrumbList assente;/come-ridurre-peso-delle-foto-consigli-pratici-per-immagini-piu-leggere;nessun BreadcrumbList;sì
SCH-03;high;structured;BreadcrumbList assente;/cosa-fa-un-ufficio-di-comunicazione-scopri-il-cuore-della-strategia-aziendale;nessun BreadcrumbList;sì
SCH-03;high;structured;BreadcrumbList assente;/come-si-chiama-chi-si-occupa-di-comunicazione-scopri-i-ruoli-e-le-competenze-di-questi-professionisti;nessun BreadcrumbList;sì
SCH-03;high;structured;BreadcrumbList assente;/come-trovare-unagenzia-di-comunicazione-consigli-per-scegliere-il-partner-giusto;nessun BreadcrumbList;sì
SCH-03;high;structured;BreadcrumbList assente;/scegliere-la-giusta-agenzia-di-comunicazione-consigli-e-strategie-per-trovare-il-partner-ideale;nessun BreadcrumbList;sì
SCH-03;high;structured;BreadcrumbList assente;/come-sfruttare-al-meglio-i-test-a-b-per-aumentare-le-conversioni;nessun BreadcrumbList;sì
SCH-03;high;structured;BreadcrumbList assente;/come-creare-un-podcast-aziendale-per-migliorare-il-posizionamento-del-brand;nessun BreadcrumbList;sì
SCH-03;high;structured;BreadcrumbList assente;/come-trovare-il-co-founder-perfetto-per-la-tua-startup-e-lo-sponsor-ideale-per-la-tua-crescita;nessun BreadcrumbList;sì
SCH-03;high;structured;BreadcrumbList assente;/i-migliori-formati-banner-per-ottimizzare-le-tue-campagne-pubblicitarie;nessun BreadcrumbList;sì
SCH-03;high;structured;BreadcrumbList assente;/come-crescere-su-instagram-8-tattiche-per-sfruttare-lalgoritmo-e-aumentare-lengagement;nessun BreadcrumbList;sì
SCH-03;high;structured;BreadcrumbList assente;/tiktok-adv-o-instagram-adv-qual-e-la-piattaforma-migliore-per-la-tua-campagna-online;nessun BreadcrumbList;sì
SCH-03;high;structured;BreadcrumbList assente;/la-potenza-dei-micro-influencer-e-il-loro-impatto-online-per-le-aziende;nessun BreadcrumbList;sì
SCH-03;high;structured;BreadcrumbList assente;/black-friday-2024-come-preparare-il-tuo-e-commerce-a-palermo-per-massimizzare-le-vendite;nessun BreadcrumbList;sì
SCH-03;high;structured;BreadcrumbList assente;/integrazione-di-piattaforme-tiktok-e-commerce-un-nuovo-orizzonte-per-i-commercianti-a-palermo;nessun BreadcrumbList;sì
SCH-03;high;structured;BreadcrumbList assente;/quanto-e-importante-il-feedback-dei-clienti-per-migliorare-il-tuo-business;nessun BreadcrumbList;sì
SCH-03;high;structured;BreadcrumbList assente;/la-gen-z-e-il-nuovo-percorso-di-acquisto-come-adattare-la-tua-strategia-di-marketing;nessun BreadcrumbList;sì
SCH-03;high;structured;BreadcrumbList assente;/marketing-sostenibile-cose-e-come-farlo;nessun BreadcrumbList;sì
SCH-03;high;structured;BreadcrumbList assente;/video-verticali-luso-strategico-per-i-tuoi-social;nessun BreadcrumbList;sì
SCH-03;high;structured;BreadcrumbList assente;/video-marketing-cose-e-perche-dovresti-farlo;nessun BreadcrumbList;sì
SCH-03;high;structured;BreadcrumbList assente;/visual-storytelling-una-storia-di-successo;nessun BreadcrumbList;sì
SCH-03;high;structured;BreadcrumbList assente;/tutti-i-vantaggi-di-scegliere-una-web-agency-per-il-tuo-business;nessun BreadcrumbList;sì
SCH-03;high;structured;BreadcrumbList assente;/il-diario-segreto-di-una-web-agency-storie-di-successi-digitali;nessun BreadcrumbList;sì
SCH-03;high;structured;BreadcrumbList assente;/il-laboratorio-creativo-di-una-web-agency-dove-nascono-le-idee;nessun BreadcrumbList;sì
SCH-03;high;structured;BreadcrumbList assente;/quando-la-web-agency-incontra-lintelligenza-artificiale;nessun BreadcrumbList;sì
SCH-03;high;structured;BreadcrumbList assente;/i-siti-web-del-futuro-come-saranno-nel-2050;nessun BreadcrumbList;sì
SCH-03;high;structured;BreadcrumbList assente;/siti-web-quando-il-design-incontra-lanima;nessun BreadcrumbList;sì
SCH-03;high;structured;BreadcrumbList assente;/i-custodi-dei-siti-web-chi-protegge-i-tuoi-dati;nessun BreadcrumbList;sì
SCH-03;high;structured;BreadcrumbList assente;/siti-web-intelligenti-come-reagiscono-ai-tuoi-bisogni;nessun BreadcrumbList;sì
SCH-03;high;structured;BreadcrumbList assente;/la-magia-dietro-i-siti-web-che-conquistano;nessun BreadcrumbList;sì
SCH-03;high;structured;BreadcrumbList assente;/agenzia-di-comunicazione-digitale-il-futuro-della-promozione-online;nessun BreadcrumbList;sì
SCH-03;high;structured;BreadcrumbList assente;/agenzia-di-comunicazione-creativa-idee-e-strategie-per-il-tuo-brand;nessun BreadcrumbList;sì
SCH-03;high;structured;BreadcrumbList assente;/agenzia-di-comunicazione-visiva-come-catturare-lattenzione-del-pubblico;nessun BreadcrumbList;sì
SCH-03;high;structured;BreadcrumbList assente;/agenzia-di-comunicazione-strategica-come-pianificare-il-successo;nessun BreadcrumbList;sì
SCH-03;high;structured;BreadcrumbList assente;/agenzia-di-comunicazione-per-eventi-trasformare-ogni-occasione-in-opportunita-di-successo;nessun BreadcrumbList;sì
SCH-03;high;structured;BreadcrumbList assente;/agenzia-di-comunicazione-per-e-commerce-vendere-di-piu-online;nessun BreadcrumbList;sì
SCH-03;high;structured;BreadcrumbList assente;/agenzia-di-comunicazione-video-limpatto-del-visual-marketing;nessun BreadcrumbList;sì
SCH-03;high;structured;BreadcrumbList assente;/come-raggiungere-al-meglio-il-proprio-pubblico-strategie-efficaci-per-comunicare-con-successo;nessun BreadcrumbList;sì
SCH-03;high;structured;BreadcrumbList assente;/perche-hai-bisogno-di-un-social-media-manager-a-palermo;nessun BreadcrumbList;sì
SCH-03;high;structured;BreadcrumbList assente;/come-strutturare-una-strategia-digitale-efficace;nessun BreadcrumbList;sì
SCH-03;high;structured;BreadcrumbList assente;/migliorare-lindicizzazione-su-google-strategie-efficaci-per-scalare-la-serp;nessun BreadcrumbList;sì
SCH-03;high;structured;BreadcrumbList assente;/progettare-un-packaging-efficace-guida-per-valorizzare-il-tuo-prodotto;nessun BreadcrumbList;sì
SCH-03;high;structured;BreadcrumbList assente;/la-penna-magica-di-unagenzia-di-comunicazione-il-potere-dello-storytelling-che-emoziona-e-conquista;nessun BreadcrumbList;sì
SCH-03;high;structured;BreadcrumbList assente;/larte-della-comunicazione-di-lusso-strategie-esclusive-per-conquistare-clienti-premium;nessun BreadcrumbList;sì
SCH-03;high;structured;BreadcrumbList assente;/viaggi-nellera-digitale-come-unagenzia-di-comunicazione-trasforma-il-turismo-in-emozione;nessun BreadcrumbList;sì
SCH-03;high;structured;BreadcrumbList assente;/strategie-su-misura-come-unagenzia-di-comunicazione-per-pmi-guida-al-successo-nel-mercato-locale;nessun BreadcrumbList;sì
SCH-03;high;structured;BreadcrumbList assente;/come-unagenzia-di-comunicazione-e-influencer-marketing-trasforma-la-pubblicita-moderna;nessun BreadcrumbList;sì
SCH-03;high;structured;BreadcrumbList assente;/come-scegliere-unagenzia-di-comunicazione-efficace-la-guida-per-il-successo-del-tuo-brand;nessun BreadcrumbList;sì
SCH-03;high;structured;BreadcrumbList assente;/servizi-di-comunicazione-digitale-la-chiave-per-il-successo-nel-mondo-online;nessun BreadcrumbList;sì
SCH-03;high;structured;BreadcrumbList assente;/creazione-di-strategie-di-comunicazione-guida-per-un-successo-garantito;nessun BreadcrumbList;sì
SCH-03;high;structured;BreadcrumbList assente;/soluzioni-per-la-comunicazione-aziendale-strategie-per-far-crescere-il-tuo-brand;nessun BreadcrumbList;sì
SCH-03;high;structured;BreadcrumbList assente;/esperti-in-comunicazione-e-branding-il-segreto-per-un-brand-di-successo;nessun BreadcrumbList;sì
SCH-03;high;structured;BreadcrumbList assente;/branding-da-sogno-come-unagenzia-di-comunicazione-costruisce-unidentita-vincente;nessun BreadcrumbList;sì
SCH-03;high;structured;BreadcrumbList assente;/strategie-di-marketing-per-aziende-come-costruire-un-piano-di-successo;nessun BreadcrumbList;sì
SCH-03;high;structured;BreadcrumbList assente;/consulenza-per-la-creazione-di-brand-costruisci-unidentita-vincente;nessun BreadcrumbList;sì
SCH-03;high;structured;BreadcrumbList assente;/creazione-di-marchi-aziendali-come-costruire-unidentita-forte-e-riconoscibile;nessun BreadcrumbList;sì
SCH-03;high;structured;BreadcrumbList assente;/come-costruire-un-marchio-di-successo-con-lo-sviluppo-e-gestione-del-brand-a-palermo;nessun BreadcrumbList;sì
SCH-03;high;structured;BreadcrumbList assente;/gestione-della-reputazione-online-come-proteggere-e-migliorare-limmagine-del-tuo-brand;nessun BreadcrumbList;sì
SCH-03;high;structured;BreadcrumbList assente;/comunicazione-per-la-crescita-aziendale-strategie-per-raggiungere-il-successo;nessun BreadcrumbList;sì
SCH-03;high;structured;BreadcrumbList assente;/agenzia-tiktok-come-sfruttare-il-potenziale-di-tiktok-per-il-tuo-brand;nessun BreadcrumbList;sì
SCH-03;high;structured;BreadcrumbList assente;/come-funzionano-le-agenzie-su-tiktok-scopri-come-potenziare-il-tuo-brand;nessun BreadcrumbList;sì
SCH-03;high;structured;BreadcrumbList assente;/come-si-fa-a-crescere-su-tiktok-strategie-per-aumentare-visibilita-e-engagement;nessun BreadcrumbList;sì
SCH-03;high;structured;BreadcrumbList assente;/agenzia-per-eventi-a-palermo-come-organizzare-eventi-indimenticabili;nessun BreadcrumbList;sì
SCH-03;high;structured;BreadcrumbList assente;/organizzare-eventi-a-palermo-come-creare-esperienze-indimenticabili;nessun BreadcrumbList;sì
SCH-03;high;structured;BreadcrumbList assente;/come-organizzare-eventi-aziendali-di-successo-strategie-vincenti-per-il-tuo-business;nessun BreadcrumbList;sì
SCH-03;high;structured;BreadcrumbList assente;/come-realizzare-un-evento-di-lancio-prodotto-di-successo-a-palermo;nessun BreadcrumbList;sì
SCH-03;high;structured;BreadcrumbList assente;/come-gestire-eventi-privati-con-successo-dalla-festa-di-compleanno-a-eventi-esclusivi;nessun BreadcrumbList;sì
SCH-03;high;structured;BreadcrumbList assente;/social-media-manager-a-palermo-come-scegliere-il-professionista-giusto-per-il-tuo-brand;nessun BreadcrumbList;sì
SCH-03;high;structured;BreadcrumbList assente;/social-media-manager-per-e-commerce-aumentare-le-vendite-con-strategie-mirate;nessun BreadcrumbList;sì
SCH-03;high;structured;BreadcrumbList assente;/il-ruolo-di-un-social-media-manager-nelle-piccole-e-medie-imprese;nessun BreadcrumbList;sì
SCH-03;high;structured;BreadcrumbList assente;/come-il-social-media-manager-puo-potenziare-la-tua-strategia-di-content-marketing;nessun BreadcrumbList;sì
SCH-03;high;structured;BreadcrumbList assente;/come-diventare-un-social-media-manager-di-successo-guida-passo-dopo-passo;nessun BreadcrumbList;sì
SCH-03;high;structured;BreadcrumbList assente;/che-cosa-fa-una-social-media-manager;nessun BreadcrumbList;sì
SCH-03;high;structured;BreadcrumbList assente;/quanto-costa-farsi-gestire-un-profilo-instagram;nessun BreadcrumbList;sì
SCH-03;high;structured;BreadcrumbList assente;/5-errori-silenziosi-che-stai-commettendo-nel-tuo-sito-web-aziendale;nessun BreadcrumbList;sì
SCH-03;high;structured;BreadcrumbList assente;/strategie-digitali-per-artigiani-locali-come-vendere-di-piu-online-marketing;nessun BreadcrumbList;sì
SCH-03;high;structured;BreadcrumbList assente;/il-potere-delle-landing-page-per-attivita-locali-converti-i-clienti-della-tua-citta;nessun BreadcrumbList;sì
SCH-03;high;structured;BreadcrumbList assente;/micro-influencer-locale-come-usarli-per-far-crescere-la-tua-azienda-marketing-palermo;nessun BreadcrumbList;sì
SCH-03;high;structured;BreadcrumbList assente;/posizionamento-zero-su-google-cose-e-come-ottenerlo;nessun BreadcrumbList;sì
SCH-03;high;structured;BreadcrumbList assente;/come-unire-seo-e-branding-visivo-in-un-solo-progetto-web;nessun BreadcrumbList;sì
SCH-03;high;structured;BreadcrumbList assente;/leffetto-domino-delle-recensioni-online-per-le-attivita-locali;nessun BreadcrumbList;sì
SCH-03;high;structured;BreadcrumbList assente;/seo-per-podcast-e-audio-contenuti-come-farli-trovare-online;nessun BreadcrumbList;sì
SCH-03;high;structured;BreadcrumbList assente;/siti-one-page-quando-funzionano-davvero;nessun BreadcrumbList;sì
SCH-03;high;structured;BreadcrumbList assente;/strategie-digitali-per-chi-apre-una-start-up-culturale-a-palermo;nessun BreadcrumbList;sì
SCH-03;high;structured;BreadcrumbList assente;/come-promuovere-la-tua-casa-vacanze-con-il-marketing-locale-digitale;nessun BreadcrumbList;sì
SCH-03;high;structured;BreadcrumbList assente;/brand-identity-per-artisti-e-creativi-distinguersi-online-in-modo-autentico;nessun BreadcrumbList;sì
SCH-03;high;structured;BreadcrumbList assente;/il-ruolo-del-marketing-digitale-per-le-librerie-indipendenti;nessun BreadcrumbList;sì
SCH-03;high;structured;BreadcrumbList assente;/comunicazione-digitale-per-associazioni-no-profit-come-farsi-conoscere;nessun BreadcrumbList;sì
SCH-03;high;structured;BreadcrumbList assente;/strategie-web-per-eventi-teatrali-e-spettacoli-indipendenti;nessun BreadcrumbList;sì
SCH-03;high;structured;BreadcrumbList assente;/digitale-e-tradizione-come-promuovere-botteghe-storiche-con-nuove-strategie-comunicazione;nessun BreadcrumbList;sì
SCH-03;high;structured;BreadcrumbList assente;/formazione-online-come-promuovere-il-tuo-corso-o-workshop-sul-web;nessun BreadcrumbList;sì
SCH-03;high;structured;BreadcrumbList assente;/dalla-strada-al-web-come-promuovere-un-food-truck-a-palermo;nessun BreadcrumbList;sì
SCH-03;high;structured;BreadcrumbList assente;/digital-strategy-per-laboratori-di-analisi-come-farsi-scegliere-online;nessun BreadcrumbList;sì
SCH-03;high;structured;BreadcrumbList assente;/come-comunicare-online-per-una-scuola-di-musica-o-danza-a-palermo;nessun BreadcrumbList;sì
SCH-03;high;structured;BreadcrumbList assente;/come-far-crescere-una-sartoria-o-atelier-online-strategie-su-misura;nessun BreadcrumbList;sì
SCH-03;high;structured;BreadcrumbList assente;/pet-business-come-farsi-conoscere-online-con-una-comunicazione-mirata;nessun BreadcrumbList;sì
SCH-03;high;structured;BreadcrumbList assente;/vendere-arte-online-come-costruire-una-strategia-digitale-per-gallerie-e-artisti;nessun BreadcrumbList;sì
SCH-03;high;structured;BreadcrumbList assente;/ristorazione-vegetariana-e-vegana-come-comunicare-i-tuoi-valori-online;nessun BreadcrumbList;sì
SCH-03;high;structured;BreadcrumbList assente;/digital-strategy-per-wedding-planner-e-servizi-per-eventi-privati;nessun BreadcrumbList;sì
SCH-03;high;structured;BreadcrumbList assente;/consulenti-psicologi-e-coach-come-trovare-clienti-online-a-palermo;nessun BreadcrumbList;sì
SCH-03;high;structured;BreadcrumbList assente;/come-lanciare-prodotti-tipici-siciliani-online-vendita;nessun BreadcrumbList;sì
SCH-03;high;structured;BreadcrumbList assente;/servizi-alla-persona-promuovere-online-estetiste-massaggiatori-e-parrucchieri;nessun BreadcrumbList;sì
SCH-03;high;structured;BreadcrumbList assente;/digital-branding-per-studi-legali-e-professionisti-del-diritto;nessun BreadcrumbList;sì
SCH-03;high;structured;BreadcrumbList assente;/come-comunicare-in-modo-efficacer-studi-di-fisioterapia;nessun BreadcrumbList;sì
SCH-03;high;structured;BreadcrumbList assente;/psicologi-online-come-promuoversi-nel-rispetto-della-deontologia;nessun BreadcrumbList;sì
SCH-03;high;structured;BreadcrumbList assente;/come-promuovere-un-centro-odontoiatrico-sul-web-senza-perdere-serieta;nessun BreadcrumbList;sì
SCH-03;high;structured;BreadcrumbList assente;/farmacie-e-parafarmacie-strategie-locali-per-aumentare-la-clientela;nessun BreadcrumbList;sì
SCH-03;high;structured;BreadcrumbList assente;/come-far-crescere-un-centro-logopedico-con-il-supporto-digitale;nessun BreadcrumbList;sì
SCH-03;high;structured;BreadcrumbList assente;/visibilita-online-per-nutrizionisti-e-biologi-cosa-funziona-davvero;nessun BreadcrumbList;sì
SCH-03;high;structured;BreadcrumbList assente;/come-lanciare-una-clinica-estetica-digital-branding-per-la-bellezza;nessun BreadcrumbList;sì
SCH-03;high;structured;BreadcrumbList assente;/servizi-veterinari-come-raggiungere-piu-clienti-online-in-modo-etico;nessun BreadcrumbList;sì
SCH-03;high;structured;BreadcrumbList assente;/come-farsi-scegliere-online-come-ostetrica-o-operatore-del-benessere-femminile;nessun BreadcrumbList;sì
SCH-03;high;structured;BreadcrumbList assente;/digital-strategy-per-studi-di-podologia-e-professionisti-del-piede;nessun BreadcrumbList;sì
SCH-03;high;structured;BreadcrumbList assente;/come-promuovere-online-una-scuola-privata-o-centro-di-formazione-a-palermo;nessun BreadcrumbList;sì
SCH-03;high;structured;BreadcrumbList assente;/comunicazione-per-architetti-e-interior-designer-il-progetto-parte-dal-web;nessun BreadcrumbList;sì
SCH-03;high;structured;BreadcrumbList assente;/come-far-crescere-unazienda-agricola-con-e-commerce-e-promozione-locale;nessun BreadcrumbList;sì
SCH-03;high;structured;BreadcrumbList assente;/pet-sitter-e-pensioni-per-animali-come-attirare-piu-clienti-online;nessun BreadcrumbList;sì
SCH-03;high;structured;BreadcrumbList assente;/servizi-per-linfanzia-come-farsi-conoscere-online-come-baby-sitter-o-tata-qualificata;nessun BreadcrumbList;sì
SCH-03;high;structured;BreadcrumbList assente;/come-promuovere-online-una-cooperativa-sociale-a-palermo;nessun BreadcrumbList;sì
SCH-03;high;structured;BreadcrumbList assente;/digital-strategy-per-agenzie-investigative-e-professionisti-della-sicurezza;nessun BreadcrumbList;sì
SCH-03;high;structured;BreadcrumbList assente;/comunicazione-per-traduttori-e-interpreti-come-trovare-clienti-online;nessun BreadcrumbList;sì
SCH-03;high;structured;BreadcrumbList assente;/social-media-manager-a-palermo-quanto-conta-davvero-per-unazienda-locale;nessun BreadcrumbList;sì
SCH-03;high;structured;BreadcrumbList assente;/agenzia-marketing-a-palermo-come-sceglierne-una-adatta-alla-tua-attivita;nessun BreadcrumbList;sì
SCH-03;high;structured;BreadcrumbList assente;/web-agency-a-palermo-per-professionisti-siti-e-strategie-personalizzate;nessun BreadcrumbList;sì
SCH-03;high;structured;BreadcrumbList assente;/tiktok-e-instagram-reels-perche-ogni-impresa-a-palermo-deve-sfruttarli-ora;nessun BreadcrumbList;sì
SCH-03;high;structured;BreadcrumbList assente;/scopri-come-creare-video-virali;nessun BreadcrumbList;sì
SCH-03;high;structured;BreadcrumbList assente;/contenuti-che-spopolano-sui-social;nessun BreadcrumbList;sì
SCH-03;high;structured;BreadcrumbList assente;/i-segreti-dei-video-virali-tecniche-e-strumenti-da-conoscere;nessun BreadcrumbList;sì
SCH-03;high;structured;BreadcrumbList assente;/come-trasformare-unidea-in-un-video-virale-di-successo;nessun BreadcrumbList;sì
SCH-03;high;structured;BreadcrumbList assente;/scopri-come-un-semplice-video-ha-raggiunto-1-milione-di-visualizzazioni-in-24-ore;nessun BreadcrumbList;sì
SCH-03;high;structured;BreadcrumbList assente;/da-zero-a-virale-la-storia-di-un-contenuto-che-ha-conquistato-il-web;nessun BreadcrumbList;sì
SCH-03;high;structured;BreadcrumbList assente;/il-potere-dei-video-brevi;nessun BreadcrumbList;sì
SCH-03;high;structured;BreadcrumbList assente;/3-trucchi-per-rendere-i-tuoi-reels-irresistibili;nessun BreadcrumbList;sì
SCH-03;high;structured;BreadcrumbList assente;/scopri-strategie-efficaci-per-creare-reels;nessun BreadcrumbList;sì
SCH-03;high;structured;BreadcrumbList assente;/creare-reels-che-tutti-vogliono-condividere;nessun BreadcrumbList;sì
SCH-03;high;structured;BreadcrumbList assente;/partecipare-alla-sfida-del-momento;nessun BreadcrumbList;sì
SCH-03;high;structured;BreadcrumbList assente;/trend-alert-i-video-che-stanno-conquistando-tiktok;nessun BreadcrumbList;sì
SCH-03;high;structured;BreadcrumbList assente;/challenge-virali-come-sfruttarle-per-aumentare-la-tua-visibilita;nessun BreadcrumbList;sì
SCH-03;high;structured;BreadcrumbList assente;/i-trend-del-2025-cosa-funziona-davvero-sui-social;nessun BreadcrumbList;sì
SCH-03;high;structured;BreadcrumbList assente;/unisciti-al-movimento-crea-contenuti-che-fanno-parlare-di-se;nessun BreadcrumbList;sì
SCH-03;high;structured;BreadcrumbList assente;/strategie-seo-per-video-virali-come-farsi-trovare-online;nessun BreadcrumbList;sì
SCH-03;high;structured;BreadcrumbList assente;/parole-chiave-e-viralita-il-connubio-perfetto-per-i-tuoi-video;nessun BreadcrumbList;sì
SCH-03;high;structured;BreadcrumbList assente;/come-ottimizzare-i-tuoi-video-per-i-motori-di-ricerca-nel-2025;nessun BreadcrumbList;sì
SCH-03;high;structured;BreadcrumbList assente;/seo-per-contenuti-video-guida-pratica-per-aumentare-le-visualizzazioni;nessun BreadcrumbList;sì
SCH-03;high;structured;BreadcrumbList assente;/i-migliori-strumenti-per-analizzare-e-migliorare-la-performance-dei-tuoi-video;nessun BreadcrumbList;sì
SCH-03;high;structured;BreadcrumbList assente;/agenzia-di-comunicazione-a-palermo-come-far-crescere-il-tuo-brand-nel-2025;nessun BreadcrumbList;sì
SCH-03;high;structured;BreadcrumbList assente;/i-segreti-del-marketing-digitale-a-palermo-scopri-la-nostra-agenzia;nessun BreadcrumbList;sì
SCH-03;high;structured;BreadcrumbList assente;/vuoi-dominare-i-social-a-palermo-affidati-ai-migliori;nessun BreadcrumbList;sì
SCH-03;high;structured;BreadcrumbList assente;/seo-e-video-virali-a-palermo-come-max-digital-innovation-sta-cambiando-le-regole;nessun BreadcrumbList;sì
SCH-03;high;structured;BreadcrumbList assente;/come-aumentare-le-visualizzazioni-su-instagram-nel-2026;nessun BreadcrumbList;sì
SCH-03;high;structured;BreadcrumbList assente;/algoritmo-instagram-come-funziona-davvero;nessun BreadcrumbList;sì
SCH-03;high;structured;BreadcrumbList assente;/strategie-instagram-per-far-crescere-un-profilo-aziendale;nessun BreadcrumbList;sì
SCH-03;high;structured;BreadcrumbList assente;/perche-i-tuoi-reel-non-fanno-visualizzazioni;nessun BreadcrumbList;sì
SCH-03;high;structured;BreadcrumbList assente;/come-finire-negli-esplora-di-instagram;nessun BreadcrumbList;sì
SCH-03;high;structured;BreadcrumbList assente;/instagram-per-aziende-errori-da-evitare;nessun BreadcrumbList;sì
SCH-03;high;structured;BreadcrumbList assente;/come-creare-reel-virali-su-instagram;nessun BreadcrumbList;sì
SCH-03;high;structured;BreadcrumbList assente;/le-migliori-strategie-instagram-per-vendere-di-piu;nessun BreadcrumbList;sì
SCH-03;high;structured;BreadcrumbList assente;/come-aumentare-lengagement-su-instagram;nessun BreadcrumbList;sì
SCH-03;high;structured;BreadcrumbList assente;/come-aumentare-le-visualizzazioni-su-tiktok;nessun BreadcrumbList;sì
SCH-03;high;structured;BreadcrumbList assente;/algoritmo-tiktok-tutto-quello-che-devi-sapere;nessun BreadcrumbList;sì
SCH-03;high;structured;BreadcrumbList assente;/perche-i-video-tiktok-fanno-poche-visualizzazioni;nessun BreadcrumbList;sì
SCH-03;high;structured;BreadcrumbList assente;/come-andare-virale-su-tiktok;nessun BreadcrumbList;sì
SCH-03;high;structured;BreadcrumbList assente;/strategie-tiktok-per-aziende;nessun BreadcrumbList;sì
SCH-03;high;structured;BreadcrumbList assente;/tiktok-per-negozi-conviene-davvero;nessun BreadcrumbList;sì
SCH-03;high;structured;BreadcrumbList assente;/quanto-dura-un-video-tiktok-ideale;nessun BreadcrumbList;sì
SCH-03;high;structured;BreadcrumbList assente;/come-far-crescere-il-tuo-profilo-in-6-giorni;nessun BreadcrumbList;sì
SCH-03;high;structured;BreadcrumbList assente;/come-far-crescere-il-tuo-profilo-tiktok-in-6-giorni;nessun BreadcrumbList;sì
SCH-03;high;structured;BreadcrumbList assente;/produzione-video-a-palermo-come-scegliere-lagenzia-giusta;nessun BreadcrumbList;sì
SCH-03;high;structured;BreadcrumbList assente;/video-aziendali-a-palermo-perche-aumentano-le-vendite;nessun BreadcrumbList;sì
SCH-03;high;structured;BreadcrumbList assente;/creazione-video-virali-palermo;nessun BreadcrumbList;sì
SCH-03;high;structured;BreadcrumbList assente;/produzione-video-virali-palermo;nessun BreadcrumbList;sì
SCH-03;high;structured;BreadcrumbList assente;/realizzazione-video-virali-palermo;nessun BreadcrumbList;sì
SCH-03;high;structured;BreadcrumbList assente;/creazione-video-virali-sicilia;nessun BreadcrumbList;sì
SCH-03;high;structured;BreadcrumbList assente;/produzione-video-virali-sicilia;nessun BreadcrumbList;sì
SCH-03;high;structured;BreadcrumbList assente;/realizzazione-video-sicilia;nessun BreadcrumbList;sì
SCH-03;high;structured;BreadcrumbList assente;/produzione-video-virali-per-la-tua-attivita-palermo;nessun BreadcrumbList;sì
SCH-03;high;structured;BreadcrumbList assente;/realizzazione-video-virali-trapani;nessun BreadcrumbList;sì
SCH-03;high;structured;BreadcrumbList assente;/produzione-video-palermo-perche-oggi-e-indispensabile-per-ogni-azienda;nessun BreadcrumbList;sì
SCH-03;high;structured;BreadcrumbList assente;/video-promozionali-per-la-tua-azienda-palermo-funzionano-davvero;nessun BreadcrumbList;sì
SCH-03;high;structured;BreadcrumbList assente;/produzione-video-professionale-palermo-tutto-quello-che-devi-sapere;nessun BreadcrumbList;sì
SCH-03;high;structured;BreadcrumbList assente;/come-trasformare-un-semplice-video-in-un-contenuto-virale-a-palermo;nessun BreadcrumbList;sì
SCH-03;high;structured;BreadcrumbList assente;/perche-ogni-attivita-di-palermo-dovrebbe-pubblicare-video-2;nessun BreadcrumbList;sì
GEO-03;high;generative;Nessuna risposta diretta in apertura (answer-first);/privacy-policy;nessun blocco di sintesi iniziale citabile;sì
GEO-03;high;generative;Nessuna risposta diretta in apertura (answer-first);/;nessun blocco di sintesi iniziale citabile;sì
GEO-03;high;generative;Nessuna risposta diretta in apertura (answer-first);/digital-strategies;nessun blocco di sintesi iniziale citabile;sì
GEO-03;high;generative;Nessuna risposta diretta in apertura (answer-first);/servizi-digitali-palermo;nessun blocco di sintesi iniziale citabile;sì
GEO-03;high;generative;Nessuna risposta diretta in apertura (answer-first);/realizzazione-siti-web-a-palermo;nessun blocco di sintesi iniziale citabile;sì
GEO-03;high;generative;Nessuna risposta diretta in apertura (answer-first);/gestione-social-media-palermo;nessun blocco di sintesi iniziale citabile;sì
GEO-03;high;generative;Nessuna risposta diretta in apertura (answer-first);/digital-marketing-palermo;nessun blocco di sintesi iniziale citabile;sì
GEO-03;high;generative;Nessuna risposta diretta in apertura (answer-first);/produzione-video-palermo;nessun blocco di sintesi iniziale citabile;sì
GEO-03;high;generative;Nessuna risposta diretta in apertura (answer-first);/realizzazione-e-commerce-palermo;nessun blocco di sintesi iniziale citabile;sì
GEO-03;high;generative;Nessuna risposta diretta in apertura (answer-first);/graphic-design-palermo;nessun blocco di sintesi iniziale citabile;sì
GEO-03;high;generative;Nessuna risposta diretta in apertura (answer-first);/sviluppo-crm-gestionali-palermo;nessun blocco di sintesi iniziale citabile;sì
GEO-03;high;generative;Nessuna risposta diretta in apertura (answer-first);/naming-palermo;nessun blocco di sintesi iniziale citabile;sì
GEO-03;high;generative;Nessuna risposta diretta in apertura (answer-first);/stampe-digitali-palermo;nessun blocco di sintesi iniziale citabile;sì
GEO-03;high;generative;Nessuna risposta diretta in apertura (answer-first);/lavora-con-noi;nessun blocco di sintesi iniziale citabile;sì
GEO-03;high;generative;Nessuna risposta diretta in apertura (answer-first);/innovazione-digitale-pmi-competitive;nessun blocco di sintesi iniziale citabile;sì
GEO-03;high;generative;Nessuna risposta diretta in apertura (answer-first);/innovazione-digitale-palermo;nessun blocco di sintesi iniziale citabile;sì
GEO-03;high;generative;Nessuna risposta diretta in apertura (answer-first);/cybersecurity-per-aziende;nessun blocco di sintesi iniziale citabile;sì
GEO-03;high;generative;Nessuna risposta diretta in apertura (answer-first);/strategia-marketing-digitale;nessun blocco di sintesi iniziale citabile;sì
GEO-03;high;generative;Nessuna risposta diretta in apertura (answer-first);/campagne-ai-driven-marketing-automation;nessun blocco di sintesi iniziale citabile;sì
GEO-03;high;generative;Nessuna risposta diretta in apertura (answer-first);/gestione-social-media-presenza-online;nessun blocco di sintesi iniziale citabile;sì
GEO-03;high;generative;Nessuna risposta diretta in apertura (answer-first);/design-responsivo-sito-web-successo-online;nessun blocco di sintesi iniziale citabile;sì
GEO-03;high;generative;Nessuna risposta diretta in apertura (answer-first);/perche-un-sito-web-professionale-e-la-chiave-del-successo-per-ogni-impresa;nessun blocco di sintesi iniziale citabile;sì
GEO-03;high;generative;Nessuna risposta diretta in apertura (answer-first);/come-creare-una-strategia-di-comunicazione-digitale-efficace-per-piccole-imprese;nessun blocco di sintesi iniziale citabile;sì
GEO-03;high;generative;Nessuna risposta diretta in apertura (answer-first);/reputazione_online_cose_perche_conta_e_come_verificarla;nessun blocco di sintesi iniziale citabile;sì
GEO-03;high;generative;Nessuna risposta diretta in apertura (answer-first);/come-creare-una-landing-page-efficace;nessun blocco di sintesi iniziale citabile;sì
GEO-03;high;generative;Nessuna risposta diretta in apertura (answer-first);/branded-content-come-raccontare-il-tuo-brand-con-max-digital-innovation;nessun blocco di sintesi iniziale citabile;sì
GEO-03;high;generative;Nessuna risposta diretta in apertura (answer-first);/piano-di-marketing-cose-e-come-crearlo-con-successo;nessun blocco di sintesi iniziale citabile;sì
GEO-03;high;generative;Nessuna risposta diretta in apertura (answer-first);/cookie-cosa-sono-e-a-che-servono;nessun blocco di sintesi iniziale citabile;sì
GEO-03;high;generative;Nessuna risposta diretta in apertura (answer-first);/privacy-policy;nessun blocco di sintesi iniziale citabile;sì
GEO-03;high;generative;Nessuna risposta diretta in apertura (answer-first);/scopri-come-aumentare-posizionamento-seo-per-il-tuo-sito-web-su-google;nessun blocco di sintesi iniziale citabile;sì
GEO-03;high;generative;Nessuna risposta diretta in apertura (answer-first);/tipologie-di-siti-web-la-guida-definitiva-per-imprenditori;nessun blocco di sintesi iniziale citabile;sì
GEO-03;high;generative;Nessuna risposta diretta in apertura (answer-first);/tiktok-ads-manager-guida-completa-su-come-gestire-le-tue-campagne-su-tiktok;nessun blocco di sintesi iniziale citabile;sì
GEO-03;high;generative;Nessuna risposta diretta in apertura (answer-first);/dem-marketing-come-usarlo-nel-2024-per-massimizzare-i-risultati;nessun blocco di sintesi iniziale citabile;sì
GEO-03;high;generative;Nessuna risposta diretta in apertura (answer-first);/e-commerce-a-palermo;nessun blocco di sintesi iniziale citabile;sì
GEO-03;high;generative;Nessuna risposta diretta in apertura (answer-first);/business-innovation-cosa-chiede-il-mercato-oggi;nessun blocco di sintesi iniziale citabile;sì
GEO-03;high;generative;Nessuna risposta diretta in apertura (answer-first);/advertising-a-palermo;nessun blocco di sintesi iniziale citabile;sì
GEO-03;high;generative;Nessuna risposta diretta in apertura (answer-first);/5-consigli-preziosi-per-pubblicizzare-la-propria-azienda-a-palermo-su-google;nessun blocco di sintesi iniziale citabile;sì
GEO-03;high;generative;Nessuna risposta diretta in apertura (answer-first);/realizzazione-siti-web-per-bb-a-palermo-hotel-motel-e-strutture-ricettive-tutto-quello-che-ce-da-sapere;nessun blocco di sintesi iniziale citabile;sì
GEO-03;high;generative;Nessuna risposta diretta in apertura (answer-first);/hai-bisogno-di-pubblicizzare-il-tuo-ristorante-a-palermo-ecco-come-possiamo-aiutarti;nessun blocco di sintesi iniziale citabile;sì
GEO-03;high;generative;Nessuna risposta diretta in apertura (answer-first);/ecco-perche-un-sito-web-a-palermo-e-cosi-essenziale-per-la-tua-attivita;nessun blocco di sintesi iniziale citabile;sì
GEO-03;high;generative;Nessuna risposta diretta in apertura (answer-first);/gestione-social-media-a-palermo-come-la-nostra-agenzia-di-comunicazione-cura-i-tuoi-social-media;nessun blocco di sintesi iniziale citabile;sì
GEO-03;high;generative;Nessuna risposta diretta in apertura (answer-first);/loghi-per-la-tua-azienda-a-palermo-caratteristiche-e-come-crearne-uno-efficace;nessun blocco di sintesi iniziale citabile;sì
GEO-03;high;generative;Nessuna risposta diretta in apertura (answer-first);/ottimizzare-la-comunicazione-grazie-allutilizzo-di-call-to-action-efficaci-per-il-tuo-sito-web-a-palermo;nessun blocco di sintesi iniziale citabile;sì
GEO-03;high;generative;Nessuna risposta diretta in apertura (answer-first);/11-trend-marketing-a-palermo-per-e-commerce-marketing-che-faranno-crescere-il-tuo-e-commerce;nessun blocco di sintesi iniziale citabile;sì
GEO-03;high;generative;Nessuna risposta diretta in apertura (answer-first);/come-fare-pubblicita-a-palermo-su-internet-guida-per-principianti;nessun blocco di sintesi iniziale citabile;sì
GEO-03;high;generative;Nessuna risposta diretta in apertura (answer-first);/campagne-pubblicitarie-a-palermo-la-soluzione-per-far-crescere-il-tuo-business;nessun blocco di sintesi iniziale citabile;sì
GEO-03;high;generative;Nessuna risposta diretta in apertura (answer-first);/pubblicita-su-tiktok-a-palermo-come-aiutiamo-la-tua-azienda-a-crescere;nessun blocco di sintesi iniziale citabile;sì
GEO-03;high;generative;Nessuna risposta diretta in apertura (answer-first);/seo-e-sem;nessun blocco di sintesi iniziale citabile;sì
GEO-03;high;generative;Nessuna risposta diretta in apertura (answer-first);/web-agency-a-palermo-il-design-che-parte-dal-brand;nessun blocco di sintesi iniziale citabile;sì
GEO-03;high;generative;Nessuna risposta diretta in apertura (answer-first);/b2b-a-palermo-cosa-puo-imparare-dal-b2c-per-sfruttare-al-meglio-il-digitale;nessun blocco di sintesi iniziale citabile;sì
GEO-03;high;generative;Nessuna risposta diretta in apertura (answer-first);/strategie-di-content-marketing-per-le-piccole-imprese-a-palermo;nessun blocco di sintesi iniziale citabile;sì
GEO-03;high;generative;Nessuna risposta diretta in apertura (answer-first);/web-marketing-per-palestre-e-centri-sportivi;nessun blocco di sintesi iniziale citabile;sì
GEO-03;high;generative;Nessuna risposta diretta in apertura (answer-first);/mi-serve-davvero-un-sito-web-aziendale;nessun blocco di sintesi iniziale citabile;sì
GEO-03;high;generative;Nessuna risposta diretta in apertura (answer-first);/quali-sono-i-servizi-offerti-da-unagenzia-di-comunicazione-a-palermo;nessun blocco di sintesi iniziale citabile;sì
GEO-03;high;generative;Nessuna risposta diretta in apertura (answer-first);/le-commerce-in-italia-sta-cambiando-con-lintelligenza-artificiale;nessun blocco di sintesi iniziale citabile;sì
GEO-03;high;generative;Nessuna risposta diretta in apertura (answer-first);/il-marketing-per-attivita-locali-i-vantaggi-di-affidarsi-a-una-web-agency;nessun blocco di sintesi iniziale citabile;sì
GEO-03;high;generative;Nessuna risposta diretta in apertura (answer-first);/i-social-media-gli-alleati-per-il-tuo-e-commerce;nessun blocco di sintesi iniziale citabile;sì
GEO-03;high;generative;Nessuna risposta diretta in apertura (answer-first);/marketing-online-per-la-tua-concessionaria;nessun blocco di sintesi iniziale citabile;sì
GEO-03;high;generative;Nessuna risposta diretta in apertura (answer-first);/marketing-online-per-il-tuo-negozio-di-abbigliamento;nessun blocco di sintesi iniziale citabile;sì
GEO-03;high;generative;Nessuna risposta diretta in apertura (answer-first);/web-marketing-per-la-tua-parruccheria;nessun blocco di sintesi iniziale citabile;sì
GEO-03;high;generative;Nessuna risposta diretta in apertura (answer-first);/come-promuovere-il-tuo-salone-di-bellezza-a-palermo;nessun blocco di sintesi iniziale citabile;sì
GEO-03;high;generative;Nessuna risposta diretta in apertura (answer-first);/come-pubblicizzare-la-tua-ottica-a-palermo;nessun blocco di sintesi iniziale citabile;sì
GEO-03;high;generative;Nessuna risposta diretta in apertura (answer-first);/come-pubblicizzare-la-tua-pizzeria;nessun blocco di sintesi iniziale citabile;sì
GEO-03;high;generative;Nessuna risposta diretta in apertura (answer-first);/gestione-marketing-per-il-tuo-pub;nessun blocco di sintesi iniziale citabile;sì
GEO-03;high;generative;Nessuna risposta diretta in apertura (answer-first);/idee-creative-per-pubblicizzare-la-tua-panineria;nessun blocco di sintesi iniziale citabile;sì
GEO-03;high;generative;Nessuna risposta diretta in apertura (answer-first);/gestione-marketing-per-la-tua-hamburgeria;nessun blocco di sintesi iniziale citabile;sì
GEO-03;high;generative;Nessuna risposta diretta in apertura (answer-first);/strategie-di-marketing-di-successo-i-passi-fondamentali-per-distinguersi-nel-mercato;nessun blocco di sintesi iniziale citabile;sì
GEO-03;high;generative;Nessuna risposta diretta in apertura (answer-first);/pubblicita-per-il-tuo-brand-a-palermo-come-differenziarsi-dalla-massa;nessun blocco di sintesi iniziale citabile;sì
GEO-03;high;generative;Nessuna risposta diretta in apertura (answer-first);/restare-al-passo-coi-trend-e-difficile-scopri-come-unagenzia-di-comunicazione-puo-aiutarti;nessun blocco di sintesi iniziale citabile;sì
GEO-03;high;generative;Nessuna risposta diretta in apertura (answer-first);/hai-bisogno-di-uno-store-online-per-la-tua-attivita-offriamo-realizzazione-e-commerce-a-palermo;nessun blocco di sintesi iniziale citabile;sì
GEO-03;high;generative;Nessuna risposta diretta in apertura (answer-first);/vendita-online-a-palermo-sui-social-unottima-vetrina-per-i-tuoi-prodotti;nessun blocco di sintesi iniziale citabile;sì
GEO-03;high;generative;Nessuna risposta diretta in apertura (answer-first);/sito-web-per-artisti-fai-conoscere-la-tua-arte;nessun blocco di sintesi iniziale citabile;sì
GEO-03;high;generative;Nessuna risposta diretta in apertura (answer-first);/quanto-costa-un-sito-web-a-palermo;nessun blocco di sintesi iniziale citabile;sì
GEO-03;high;generative;Nessuna risposta diretta in apertura (answer-first);/usa-la-local-seo-e-porta-il-tuo-business-al-top;nessun blocco di sintesi iniziale citabile;sì
GEO-03;high;generative;Nessuna risposta diretta in apertura (answer-first);/mobile-marketing-e-micro-momenti;nessun blocco di sintesi iniziale citabile;sì
GEO-03;high;generative;Nessuna risposta diretta in apertura (answer-first);/social-media-marketing-nel-settore-arredamento;nessun blocco di sintesi iniziale citabile;sì
GEO-03;high;generative;Nessuna risposta diretta in apertura (answer-first);/il-web-design-e-la-sua-evoluzione;nessun blocco di sintesi iniziale citabile;sì
GEO-03;high;generative;Nessuna risposta diretta in apertura (answer-first);/marketing-esperienziale-coinvolgi-il-pubblico-con-esperienze-uniche;nessun blocco di sintesi iniziale citabile;sì
GEO-03;high;generative;Nessuna risposta diretta in apertura (answer-first);/come-creare-siti-web-professionali-e-di-qualita;nessun blocco di sintesi iniziale citabile;sì
GEO-03;high;generative;Nessuna risposta diretta in apertura (answer-first);/come-scegliere-lagenzia-pubblicitaria-a-palermo-ideale-per-la-vostra-azienda;nessun blocco di sintesi iniziale citabile;sì
GEO-03;high;generative;Nessuna risposta diretta in apertura (answer-first);/10-modi-per-migliorare-la-visibilita-del-tuo-sito-web-sui-motori-di-ricerca;nessun blocco di sintesi iniziale citabile;sì
GEO-03;high;generative;Nessuna risposta diretta in apertura (answer-first);/web-agency-a-palermo-per-creare-un-sito-professionale;nessun blocco di sintesi iniziale citabile;sì
GEO-03;high;generative;Nessuna risposta diretta in apertura (answer-first);/digital-agency-a-palermo-la-soluzione-completa-per-la-tua-presenza-online;nessun blocco di sintesi iniziale citabile;sì
GEO-03;high;generative;Nessuna risposta diretta in apertura (answer-first);/creare-un-video-aziendale-efficace-coinvolgente-e-professionale;nessun blocco di sintesi iniziale citabile;sì
GEO-03;high;generative;Nessuna risposta diretta in apertura (answer-first);/rendi-la-tua-azienda-digitale-trasformazione-e-innovazione-a-palermo;nessun blocco di sintesi iniziale citabile;sì
GEO-03;high;generative;Nessuna risposta diretta in apertura (answer-first);/come-migliorare-la-tua-brand-reputation-con-le-attivita-di-digital-marketing;nessun blocco di sintesi iniziale citabile;sì
GEO-03;high;generative;Nessuna risposta diretta in apertura (answer-first);/come-realizzare-un-sito-web-efficace-le-migliori-alternative-per-creare-un-percorso-di-successo-online;nessun blocco di sintesi iniziale citabile;sì
GEO-03;high;generative;Nessuna risposta diretta in apertura (answer-first);/sito-web-accessibile-cose-come-crearlo-e-perche-e-importante;nessun blocco di sintesi iniziale citabile;sì
GEO-03;high;generative;Nessuna risposta diretta in apertura (answer-first);/privacy-policy-sito-web-cose-e-come-scriverla-correttamente;nessun blocco di sintesi iniziale citabile;sì
GEO-03;high;generative;Nessuna risposta diretta in apertura (answer-first);/le-11-regole-per-un-sito-web-efficace;nessun blocco di sintesi iniziale citabile;sì
GEO-03;high;generative;Nessuna risposta diretta in apertura (answer-first);/creare-un-sito-web-a-palermo-le-caratteristiche-di-unarchitettura-efficace;nessun blocco di sintesi iniziale citabile;sì
GEO-03;high;generative;Nessuna risposta diretta in apertura (answer-first);/strategie-di-web-reputation-come-costruire-gestire-e-misurare-la-percezione-online;nessun blocco di sintesi iniziale citabile;sì
GEO-03;high;generative;Nessuna risposta diretta in apertura (answer-first);/sognavi-un-hotel-sempre-pieno-il-web-marketing-per-il-turismo-puo-trasformare-il-tuo-sogno-in-realta;nessun blocco di sintesi iniziale citabile;sì
GEO-03;high;generative;Nessuna risposta diretta in apertura (answer-first);/google-ai-search-la-nuova-era-della-ricerca-intelligente-e-le-opportunita-per-il-marketing;nessun blocco di sintesi iniziale citabile;sì
GEO-03;high;generative;Nessuna risposta diretta in apertura (answer-first);/aumentare-le-vendite-ecommerce-non-sei-soddisfatto-della-tua-agenzia;nessun blocco di sintesi iniziale citabile;sì
GEO-03;high;generative;Nessuna risposta diretta in apertura (answer-first);/come-essere-in-prima-pagina-su-google-le-bugie-piu-diffuse-sulla-seo;nessun blocco di sintesi iniziale citabile;sì
GEO-03;high;generative;Nessuna risposta diretta in apertura (answer-first);/gestione-marketing-per-la-tua-enoteca;nessun blocco di sintesi iniziale citabile;sì
GEO-03;high;generative;Nessuna risposta diretta in apertura (answer-first);/gestione-marketing-per-il-tuo-fast-food;nessun blocco di sintesi iniziale citabile;sì
GEO-03;high;generative;Nessuna risposta diretta in apertura (answer-first);/gestione-social-media-per-la-tua-attivita;nessun blocco di sintesi iniziale citabile;sì
GEO-03;high;generative;Nessuna risposta diretta in apertura (answer-first);/marketing-e-pubblicita-a-palermo-tutti-i-tipi-di-pubblicita-per-far-crescere-la-tua-attivita;nessun blocco di sintesi iniziale citabile;sì
GEO-03;high;generative;Nessuna risposta diretta in apertura (answer-first);/vuoi-aprire-unattivita-a-palermo-e-non-sai-a-chi-affidarti-ecco-come-fare-gestione-marketing-attivita-a-palermo;nessun blocco di sintesi iniziale citabile;sì
GEO-03;high;generative;Nessuna risposta diretta in apertura (answer-first);/la-tua-agenzia-di-marketing-a-palermo-per-una-crescita-su-misura;nessun blocco di sintesi iniziale citabile;sì
GEO-03;high;generative;Nessuna risposta diretta in apertura (answer-first);/quanto-costa-realizzare-un-cartello-pubblicitario-a-palermo;nessun blocco di sintesi iniziale citabile;sì
GEO-03;high;generative;Nessuna risposta diretta in apertura (answer-first);/cosa-fare-per-indicizzare-il-tuo-sito-web;nessun blocco di sintesi iniziale citabile;sì
GEO-03;high;generative;Nessuna risposta diretta in apertura (answer-first);/non-sai-come-sponsorizzare-il-tuo-progetto-artistico-scopri-le-strategie-vincenti;nessun blocco di sintesi iniziale citabile;sì
GEO-03;high;generative;Nessuna risposta diretta in apertura (answer-first);/il-partner-giusto-per-il-tuo-successo-come-trovare-uno-sponsor-affidabile-a-palermo;nessun blocco di sintesi iniziale citabile;sì
GEO-03;high;generative;Nessuna risposta diretta in apertura (answer-first);/marketing-per-imprese-edili;nessun blocco di sintesi iniziale citabile;sì
GEO-03;high;generative;Nessuna risposta diretta in apertura (answer-first);/web-agency-a-palermo-la-guida-completa-per-far-crescere-la-tua-attivita-online;nessun blocco di sintesi iniziale citabile;sì
GEO-03;high;generative;Nessuna risposta diretta in apertura (answer-first);/copywriter-seo-per-i-social-media-perche-a-google-piace-web-agency-seo-a-palermo;nessun blocco di sintesi iniziale citabile;sì
GEO-03;high;generative;Nessuna risposta diretta in apertura (answer-first);/web-agency-a-palermo-per-il-settore-immobiliare-la-chiave-per-il-successo-online;nessun blocco di sintesi iniziale citabile;sì
GEO-03;high;generative;Nessuna risposta diretta in apertura (answer-first);/web-agency-per-startup-a-palermo-la-tua-guida-al-successo-digitale;nessun blocco di sintesi iniziale citabile;sì
GEO-03;high;generative;Nessuna risposta diretta in apertura (answer-first);/web-agency-per-e-commerce-a-palermo-come-incrementare-le-vendite-online;nessun blocco di sintesi iniziale citabile;sì
GEO-03;high;generative;Nessuna risposta diretta in apertura (answer-first);/web-agency-a-palermo-per-eventi-massimizza-la-partecipazione-al-tuo-evento;nessun blocco di sintesi iniziale citabile;sì
GEO-03;high;generative;Nessuna risposta diretta in apertura (answer-first);/web-agency-locale-a-palermo-la-tua-guida-per-conquistare-il-pubblico-della-citta;nessun blocco di sintesi iniziale citabile;sì
GEO-03;high;generative;Nessuna risposta diretta in apertura (answer-first);/pubblicita-digitale-a-palermo-come-aumentare-la-visibilita-della-tua-attivita;nessun blocco di sintesi iniziale citabile;sì
GEO-03;high;generative;Nessuna risposta diretta in apertura (answer-first);/creazione-siti-web-professionali-a-palermo-costruisci-la-tua-identita-digitale;nessun blocco di sintesi iniziale citabile;sì
GEO-03;high;generative;Nessuna risposta diretta in apertura (answer-first);/marketing-su-misura-per-il-tuo-negozio-di-giocattoli;nessun blocco di sintesi iniziale citabile;sì
GEO-03;high;generative;Nessuna risposta diretta in apertura (answer-first);/marketing-per-farmacie-come-aumentare-visibilita-e-fidelizzare-i-clienti;nessun blocco di sintesi iniziale citabile;sì
GEO-03;high;generative;Nessuna risposta diretta in apertura (answer-first);/marketing-digitale-a-palermo-la-chiave-per-il-successo-della-tua-attivita;nessun blocco di sintesi iniziale citabile;sì
GEO-03;high;generative;Nessuna risposta diretta in apertura (answer-first);/cosa-si-intende-per-sito-web-una-guida-per-capirne-limportanza;nessun blocco di sintesi iniziale citabile;sì
GEO-03;high;generative;Nessuna risposta diretta in apertura (answer-first);/quali-sono-i-siti-web-piu-visitati-scopri-le-piattaforme-piu-popolari-al-mondo;nessun blocco di sintesi iniziale citabile;sì
GEO-03;high;generative;Nessuna risposta diretta in apertura (answer-first);/che-tipi-di-siti-web-esistono-una-guida-per-scegliere-quello-giusto-per-te;nessun blocco di sintesi iniziale citabile;sì
GEO-03;high;generative;Nessuna risposta diretta in apertura (answer-first);/come-si-chiama-chi-crea-un-sito-web-scopri-la-figura-del-web-developer;nessun blocco di sintesi iniziale citabile;sì
GEO-03;high;generative;Nessuna risposta diretta in apertura (answer-first);/che-cosa-fa-una-web-agency-una-guida-ai-servizi-digitali-piu-richiesti;nessun blocco di sintesi iniziale citabile;sì
GEO-03;high;generative;Nessuna risposta diretta in apertura (answer-first);/quante-sono-le-web-agency-in-italia-unanalisi-del-panorama-digitale-italiano;nessun blocco di sintesi iniziale citabile;sì
GEO-03;high;generative;Nessuna risposta diretta in apertura (answer-first);/quanto-guadagna-una-web-agency-analisi-dei-fattori-che-influenzano-i-ricavi;nessun blocco di sintesi iniziale citabile;sì
GEO-03;high;generative;Nessuna risposta diretta in apertura (answer-first);/chi-lavora-in-una-web-agency-scopri-i-ruoli-principali;nessun blocco di sintesi iniziale citabile;sì
GEO-03;high;generative;Nessuna risposta diretta in apertura (answer-first);/cose-unagency-scopri-il-ruolo-e-i-servizi-di-unagenzia-moderna;nessun blocco di sintesi iniziale citabile;sì
GEO-03;high;generative;Nessuna risposta diretta in apertura (answer-first);/cosa-si-intende-per-pubblicita-una-guida-completa-al-mondo-pubblicitario;nessun blocco di sintesi iniziale citabile;sì
GEO-03;high;generative;Nessuna risposta diretta in apertura (answer-first);/come-farsi-pubblicita-gratis-strategie-efficaci-per-aumentare-la-visibilita;nessun blocco di sintesi iniziale citabile;sì
GEO-03;high;generative;Nessuna risposta diretta in apertura (answer-first);/qual-e-il-compito-della-pubblicita-capire-lobiettivo-e-il-valore-della-comunicazione-pubblicitaria;nessun blocco di sintesi iniziale citabile;sì
GEO-03;high;generative;Nessuna risposta diretta in apertura (answer-first);/quanto-si-paga-unagenzia-di-comunicazione-guida-ai-costi-dei-servizi-di-comunicazione;nessun blocco di sintesi iniziale citabile;sì
GEO-03;high;generative;Nessuna risposta diretta in apertura (answer-first);/cosa-fa-lagenzia-di-marketing-una-guida-ai-servizi-e-al-ruolo-strategico;nessun blocco di sintesi iniziale citabile;sì
GEO-03;high;generative;Nessuna risposta diretta in apertura (answer-first);/che-cose-unazienda-di-marketing-scopri-il-motore-del-successo-aziendale;nessun blocco di sintesi iniziale citabile;sì
GEO-03;high;generative;Nessuna risposta diretta in apertura (answer-first);/3-tipi-di-marketing-a-palermo-scopri-le-strategie-per-il-successo-della-tua-attivita;nessun blocco di sintesi iniziale citabile;sì
GEO-03;high;generative;Nessuna risposta diretta in apertura (answer-first);/che-lavoro-fa-il-marketing-il-motore-che-trasforma-idee-in-successo;nessun blocco di sintesi iniziale citabile;sì
GEO-03;high;generative;Nessuna risposta diretta in apertura (answer-first);/come-fare-unottima-pubblicita-strategie-vincenti-per-il-tuo-successo;nessun blocco di sintesi iniziale citabile;sì
GEO-03;high;generative;Nessuna risposta diretta in apertura (answer-first);/dove-fare-pubblicita-a-basso-costo-scopri-le-migliori-strategie-economiche-per-promuovere-la-tua-attivita;nessun blocco di sintesi iniziale citabile;sì
GEO-03;high;generative;Nessuna risposta diretta in apertura (answer-first);/quale-pubblicita-funziona-di-piu-scopri-le-strategie-piu-efficaci-per-il-tuo-business;nessun blocco di sintesi iniziale citabile;sì
GEO-03;high;generative;Nessuna risposta diretta in apertura (answer-first);/come-iniziare-a-fare-digital-marketing-guida-pratica-per-chi-vuole-emergere-online;nessun blocco di sintesi iniziale citabile;sì
GEO-03;high;generative;Nessuna risposta diretta in apertura (answer-first);/portfolio-fotografico-online-cose-e-perche-e-importante-crearlo;nessun blocco di sintesi iniziale citabile;sì
GEO-03;high;generative;Nessuna risposta diretta in apertura (answer-first);/rispondere-alle-recensioni-con-lai-la-nuova-frontiera-dellautomazione;nessun blocco di sintesi iniziale citabile;sì
GEO-03;high;generative;Nessuna risposta diretta in apertura (answer-first);/focus-group-cose-a-che-serve-e-come-farlo-al-meglio;nessun blocco di sintesi iniziale citabile;sì
GEO-03;high;generative;Nessuna risposta diretta in apertura (answer-first);/come-creare-sondaggi-online-e-raggiungere-il-tuo-pubblico-in-modo-efficace;nessun blocco di sintesi iniziale citabile;sì
GEO-03;high;generative;Nessuna risposta diretta in apertura (answer-first);/come-ridurre-peso-delle-foto-consigli-pratici-per-immagini-piu-leggere;nessun blocco di sintesi iniziale citabile;sì
GEO-03;high;generative;Nessuna risposta diretta in apertura (answer-first);/cosa-fa-un-ufficio-di-comunicazione-scopri-il-cuore-della-strategia-aziendale;nessun blocco di sintesi iniziale citabile;sì
GEO-03;high;generative;Nessuna risposta diretta in apertura (answer-first);/come-si-chiama-chi-si-occupa-di-comunicazione-scopri-i-ruoli-e-le-competenze-di-questi-professionisti;nessun blocco di sintesi iniziale citabile;sì
GEO-03;high;generative;Nessuna risposta diretta in apertura (answer-first);/come-trovare-unagenzia-di-comunicazione-consigli-per-scegliere-il-partner-giusto;nessun blocco di sintesi iniziale citabile;sì
GEO-03;high;generative;Nessuna risposta diretta in apertura (answer-first);/scegliere-la-giusta-agenzia-di-comunicazione-consigli-e-strategie-per-trovare-il-partner-ideale;nessun blocco di sintesi iniziale citabile;sì
GEO-03;high;generative;Nessuna risposta diretta in apertura (answer-first);/come-sfruttare-al-meglio-i-test-a-b-per-aumentare-le-conversioni;nessun blocco di sintesi iniziale citabile;sì
GEO-03;high;generative;Nessuna risposta diretta in apertura (answer-first);/come-creare-un-podcast-aziendale-per-migliorare-il-posizionamento-del-brand;nessun blocco di sintesi iniziale citabile;sì
GEO-03;high;generative;Nessuna risposta diretta in apertura (answer-first);/come-trovare-il-co-founder-perfetto-per-la-tua-startup-e-lo-sponsor-ideale-per-la-tua-crescita;nessun blocco di sintesi iniziale citabile;sì
GEO-03;high;generative;Nessuna risposta diretta in apertura (answer-first);/i-migliori-formati-banner-per-ottimizzare-le-tue-campagne-pubblicitarie;nessun blocco di sintesi iniziale citabile;sì
GEO-03;high;generative;Nessuna risposta diretta in apertura (answer-first);/come-crescere-su-instagram-8-tattiche-per-sfruttare-lalgoritmo-e-aumentare-lengagement;nessun blocco di sintesi iniziale citabile;sì
GEO-03;high;generative;Nessuna risposta diretta in apertura (answer-first);/tiktok-adv-o-instagram-adv-qual-e-la-piattaforma-migliore-per-la-tua-campagna-online;nessun blocco di sintesi iniziale citabile;sì
GEO-03;high;generative;Nessuna risposta diretta in apertura (answer-first);/la-potenza-dei-micro-influencer-e-il-loro-impatto-online-per-le-aziende;nessun blocco di sintesi iniziale citabile;sì
GEO-03;high;generative;Nessuna risposta diretta in apertura (answer-first);/black-friday-2024-come-preparare-il-tuo-e-commerce-a-palermo-per-massimizzare-le-vendite;nessun blocco di sintesi iniziale citabile;sì
GEO-03;high;generative;Nessuna risposta diretta in apertura (answer-first);/integrazione-di-piattaforme-tiktok-e-commerce-un-nuovo-orizzonte-per-i-commercianti-a-palermo;nessun blocco di sintesi iniziale citabile;sì
GEO-03;high;generative;Nessuna risposta diretta in apertura (answer-first);/quanto-e-importante-il-feedback-dei-clienti-per-migliorare-il-tuo-business;nessun blocco di sintesi iniziale citabile;sì
GEO-03;high;generative;Nessuna risposta diretta in apertura (answer-first);/la-gen-z-e-il-nuovo-percorso-di-acquisto-come-adattare-la-tua-strategia-di-marketing;nessun blocco di sintesi iniziale citabile;sì
GEO-03;high;generative;Nessuna risposta diretta in apertura (answer-first);/marketing-sostenibile-cose-e-come-farlo;nessun blocco di sintesi iniziale citabile;sì
GEO-03;high;generative;Nessuna risposta diretta in apertura (answer-first);/video-verticali-luso-strategico-per-i-tuoi-social;nessun blocco di sintesi iniziale citabile;sì
GEO-03;high;generative;Nessuna risposta diretta in apertura (answer-first);/video-marketing-cose-e-perche-dovresti-farlo;nessun blocco di sintesi iniziale citabile;sì
GEO-03;high;generative;Nessuna risposta diretta in apertura (answer-first);/visual-storytelling-una-storia-di-successo;nessun blocco di sintesi iniziale citabile;sì
GEO-03;high;generative;Nessuna risposta diretta in apertura (answer-first);/tutti-i-vantaggi-di-scegliere-una-web-agency-per-il-tuo-business;nessun blocco di sintesi iniziale citabile;sì
GEO-03;high;generative;Nessuna risposta diretta in apertura (answer-first);/il-diario-segreto-di-una-web-agency-storie-di-successi-digitali;nessun blocco di sintesi iniziale citabile;sì
GEO-03;high;generative;Nessuna risposta diretta in apertura (answer-first);/il-laboratorio-creativo-di-una-web-agency-dove-nascono-le-idee;nessun blocco di sintesi iniziale citabile;sì
GEO-03;high;generative;Nessuna risposta diretta in apertura (answer-first);/quando-la-web-agency-incontra-lintelligenza-artificiale;nessun blocco di sintesi iniziale citabile;sì
GEO-03;high;generative;Nessuna risposta diretta in apertura (answer-first);/i-siti-web-del-futuro-come-saranno-nel-2050;nessun blocco di sintesi iniziale citabile;sì
GEO-03;high;generative;Nessuna risposta diretta in apertura (answer-first);/siti-web-quando-il-design-incontra-lanima;nessun blocco di sintesi iniziale citabile;sì
GEO-03;high;generative;Nessuna risposta diretta in apertura (answer-first);/i-custodi-dei-siti-web-chi-protegge-i-tuoi-dati;nessun blocco di sintesi iniziale citabile;sì
GEO-03;high;generative;Nessuna risposta diretta in apertura (answer-first);/siti-web-intelligenti-come-reagiscono-ai-tuoi-bisogni;nessun blocco di sintesi iniziale citabile;sì
GEO-03;high;generative;Nessuna risposta diretta in apertura (answer-first);/la-magia-dietro-i-siti-web-che-conquistano;nessun blocco di sintesi iniziale citabile;sì
GEO-03;high;generative;Nessuna risposta diretta in apertura (answer-first);/agenzia-di-comunicazione-digitale-il-futuro-della-promozione-online;nessun blocco di sintesi iniziale citabile;sì
GEO-03;high;generative;Nessuna risposta diretta in apertura (answer-first);/agenzia-di-comunicazione-creativa-idee-e-strategie-per-il-tuo-brand;nessun blocco di sintesi iniziale citabile;sì
GEO-03;high;generative;Nessuna risposta diretta in apertura (answer-first);/agenzia-di-comunicazione-visiva-come-catturare-lattenzione-del-pubblico;nessun blocco di sintesi iniziale citabile;sì
GEO-03;high;generative;Nessuna risposta diretta in apertura (answer-first);/agenzia-di-comunicazione-strategica-come-pianificare-il-successo;nessun blocco di sintesi iniziale citabile;sì
GEO-03;high;generative;Nessuna risposta diretta in apertura (answer-first);/agenzia-di-comunicazione-per-eventi-trasformare-ogni-occasione-in-opportunita-di-successo;nessun blocco di sintesi iniziale citabile;sì
GEO-03;high;generative;Nessuna risposta diretta in apertura (answer-first);/agenzia-di-comunicazione-per-e-commerce-vendere-di-piu-online;nessun blocco di sintesi iniziale citabile;sì
GEO-03;high;generative;Nessuna risposta diretta in apertura (answer-first);/agenzia-di-comunicazione-video-limpatto-del-visual-marketing;nessun blocco di sintesi iniziale citabile;sì
GEO-03;high;generative;Nessuna risposta diretta in apertura (answer-first);/come-raggiungere-al-meglio-il-proprio-pubblico-strategie-efficaci-per-comunicare-con-successo;nessun blocco di sintesi iniziale citabile;sì
GEO-03;high;generative;Nessuna risposta diretta in apertura (answer-first);/perche-hai-bisogno-di-un-social-media-manager-a-palermo;nessun blocco di sintesi iniziale citabile;sì
GEO-03;high;generative;Nessuna risposta diretta in apertura (answer-first);/come-strutturare-una-strategia-digitale-efficace;nessun blocco di sintesi iniziale citabile;sì
GEO-03;high;generative;Nessuna risposta diretta in apertura (answer-first);/migliorare-lindicizzazione-su-google-strategie-efficaci-per-scalare-la-serp;nessun blocco di sintesi iniziale citabile;sì
GEO-03;high;generative;Nessuna risposta diretta in apertura (answer-first);/progettare-un-packaging-efficace-guida-per-valorizzare-il-tuo-prodotto;nessun blocco di sintesi iniziale citabile;sì
GEO-03;high;generative;Nessuna risposta diretta in apertura (answer-first);/la-penna-magica-di-unagenzia-di-comunicazione-il-potere-dello-storytelling-che-emoziona-e-conquista;nessun blocco di sintesi iniziale citabile;sì
GEO-03;high;generative;Nessuna risposta diretta in apertura (answer-first);/larte-della-comunicazione-di-lusso-strategie-esclusive-per-conquistare-clienti-premium;nessun blocco di sintesi iniziale citabile;sì
GEO-03;high;generative;Nessuna risposta diretta in apertura (answer-first);/viaggi-nellera-digitale-come-unagenzia-di-comunicazione-trasforma-il-turismo-in-emozione;nessun blocco di sintesi iniziale citabile;sì
GEO-03;high;generative;Nessuna risposta diretta in apertura (answer-first);/strategie-su-misura-come-unagenzia-di-comunicazione-per-pmi-guida-al-successo-nel-mercato-locale;nessun blocco di sintesi iniziale citabile;sì
GEO-03;high;generative;Nessuna risposta diretta in apertura (answer-first);/come-unagenzia-di-comunicazione-e-influencer-marketing-trasforma-la-pubblicita-moderna;nessun blocco di sintesi iniziale citabile;sì
GEO-03;high;generative;Nessuna risposta diretta in apertura (answer-first);/come-scegliere-unagenzia-di-comunicazione-efficace-la-guida-per-il-successo-del-tuo-brand;nessun blocco di sintesi iniziale citabile;sì
GEO-03;high;generative;Nessuna risposta diretta in apertura (answer-first);/servizi-di-comunicazione-digitale-la-chiave-per-il-successo-nel-mondo-online;nessun blocco di sintesi iniziale citabile;sì
GEO-03;high;generative;Nessuna risposta diretta in apertura (answer-first);/creazione-di-strategie-di-comunicazione-guida-per-un-successo-garantito;nessun blocco di sintesi iniziale citabile;sì
GEO-03;high;generative;Nessuna risposta diretta in apertura (answer-first);/soluzioni-per-la-comunicazione-aziendale-strategie-per-far-crescere-il-tuo-brand;nessun blocco di sintesi iniziale citabile;sì
GEO-03;high;generative;Nessuna risposta diretta in apertura (answer-first);/esperti-in-comunicazione-e-branding-il-segreto-per-un-brand-di-successo;nessun blocco di sintesi iniziale citabile;sì
GEO-03;high;generative;Nessuna risposta diretta in apertura (answer-first);/branding-da-sogno-come-unagenzia-di-comunicazione-costruisce-unidentita-vincente;nessun blocco di sintesi iniziale citabile;sì
GEO-03;high;generative;Nessuna risposta diretta in apertura (answer-first);/strategie-di-marketing-per-aziende-come-costruire-un-piano-di-successo;nessun blocco di sintesi iniziale citabile;sì
GEO-03;high;generative;Nessuna risposta diretta in apertura (answer-first);/consulenza-per-la-creazione-di-brand-costruisci-unidentita-vincente;nessun blocco di sintesi iniziale citabile;sì
GEO-03;high;generative;Nessuna risposta diretta in apertura (answer-first);/creazione-di-marchi-aziendali-come-costruire-unidentita-forte-e-riconoscibile;nessun blocco di sintesi iniziale citabile;sì
GEO-03;high;generative;Nessuna risposta diretta in apertura (answer-first);/come-costruire-un-marchio-di-successo-con-lo-sviluppo-e-gestione-del-brand-a-palermo;nessun blocco di sintesi iniziale citabile;sì
GEO-03;high;generative;Nessuna risposta diretta in apertura (answer-first);/gestione-della-reputazione-online-come-proteggere-e-migliorare-limmagine-del-tuo-brand;nessun blocco di sintesi iniziale citabile;sì
GEO-03;high;generative;Nessuna risposta diretta in apertura (answer-first);/comunicazione-per-la-crescita-aziendale-strategie-per-raggiungere-il-successo;nessun blocco di sintesi iniziale citabile;sì
GEO-03;high;generative;Nessuna risposta diretta in apertura (answer-first);/agenzia-tiktok-come-sfruttare-il-potenziale-di-tiktok-per-il-tuo-brand;nessun blocco di sintesi iniziale citabile;sì
GEO-03;high;generative;Nessuna risposta diretta in apertura (answer-first);/come-funzionano-le-agenzie-su-tiktok-scopri-come-potenziare-il-tuo-brand;nessun blocco di sintesi iniziale citabile;sì
GEO-03;high;generative;Nessuna risposta diretta in apertura (answer-first);/come-si-fa-a-crescere-su-tiktok-strategie-per-aumentare-visibilita-e-engagement;nessun blocco di sintesi iniziale citabile;sì
GEO-03;high;generative;Nessuna risposta diretta in apertura (answer-first);/agenzia-per-eventi-a-palermo-come-organizzare-eventi-indimenticabili;nessun blocco di sintesi iniziale citabile;sì
GEO-03;high;generative;Nessuna risposta diretta in apertura (answer-first);/organizzare-eventi-a-palermo-come-creare-esperienze-indimenticabili;nessun blocco di sintesi iniziale citabile;sì
GEO-03;high;generative;Nessuna risposta diretta in apertura (answer-first);/come-organizzare-eventi-aziendali-di-successo-strategie-vincenti-per-il-tuo-business;nessun blocco di sintesi iniziale citabile;sì
GEO-03;high;generative;Nessuna risposta diretta in apertura (answer-first);/come-realizzare-un-evento-di-lancio-prodotto-di-successo-a-palermo;nessun blocco di sintesi iniziale citabile;sì
GEO-03;high;generative;Nessuna risposta diretta in apertura (answer-first);/come-gestire-eventi-privati-con-successo-dalla-festa-di-compleanno-a-eventi-esclusivi;nessun blocco di sintesi iniziale citabile;sì
GEO-03;high;generative;Nessuna risposta diretta in apertura (answer-first);/social-media-manager-a-palermo-come-scegliere-il-professionista-giusto-per-il-tuo-brand;nessun blocco di sintesi iniziale citabile;sì
GEO-03;high;generative;Nessuna risposta diretta in apertura (answer-first);/social-media-manager-per-e-commerce-aumentare-le-vendite-con-strategie-mirate;nessun blocco di sintesi iniziale citabile;sì
GEO-03;high;generative;Nessuna risposta diretta in apertura (answer-first);/il-ruolo-di-un-social-media-manager-nelle-piccole-e-medie-imprese;nessun blocco di sintesi iniziale citabile;sì
GEO-03;high;generative;Nessuna risposta diretta in apertura (answer-first);/come-il-social-media-manager-puo-potenziare-la-tua-strategia-di-content-marketing;nessun blocco di sintesi iniziale citabile;sì
GEO-03;high;generative;Nessuna risposta diretta in apertura (answer-first);/come-diventare-un-social-media-manager-di-successo-guida-passo-dopo-passo;nessun blocco di sintesi iniziale citabile;sì
GEO-03;high;generative;Nessuna risposta diretta in apertura (answer-first);/quanto-costa-farsi-gestire-un-profilo-instagram;nessun blocco di sintesi iniziale citabile;sì
GEO-03;high;generative;Nessuna risposta diretta in apertura (answer-first);/5-errori-silenziosi-che-stai-commettendo-nel-tuo-sito-web-aziendale;nessun blocco di sintesi iniziale citabile;sì
GEO-03;high;generative;Nessuna risposta diretta in apertura (answer-first);/strategie-digitali-per-artigiani-locali-come-vendere-di-piu-online-marketing;nessun blocco di sintesi iniziale citabile;sì
GEO-03;high;generative;Nessuna risposta diretta in apertura (answer-first);/il-potere-delle-landing-page-per-attivita-locali-converti-i-clienti-della-tua-citta;nessun blocco di sintesi iniziale citabile;sì
GEO-03;high;generative;Nessuna risposta diretta in apertura (answer-first);/micro-influencer-locale-come-usarli-per-far-crescere-la-tua-azienda-marketing-palermo;nessun blocco di sintesi iniziale citabile;sì
GEO-03;high;generative;Nessuna risposta diretta in apertura (answer-first);/posizionamento-zero-su-google-cose-e-come-ottenerlo;nessun blocco di sintesi iniziale citabile;sì
GEO-03;high;generative;Nessuna risposta diretta in apertura (answer-first);/come-unire-seo-e-branding-visivo-in-un-solo-progetto-web;nessun blocco di sintesi iniziale citabile;sì
GEO-03;high;generative;Nessuna risposta diretta in apertura (answer-first);/leffetto-domino-delle-recensioni-online-per-le-attivita-locali;nessun blocco di sintesi iniziale citabile;sì
GEO-03;high;generative;Nessuna risposta diretta in apertura (answer-first);/seo-per-podcast-e-audio-contenuti-come-farli-trovare-online;nessun blocco di sintesi iniziale citabile;sì
GEO-03;high;generative;Nessuna risposta diretta in apertura (answer-first);/siti-one-page-quando-funzionano-davvero;nessun blocco di sintesi iniziale citabile;sì
GEO-03;high;generative;Nessuna risposta diretta in apertura (answer-first);/strategie-digitali-per-chi-apre-una-start-up-culturale-a-palermo;nessun blocco di sintesi iniziale citabile;sì
GEO-03;high;generative;Nessuna risposta diretta in apertura (answer-first);/come-promuovere-la-tua-casa-vacanze-con-il-marketing-locale-digitale;nessun blocco di sintesi iniziale citabile;sì
GEO-03;high;generative;Nessuna risposta diretta in apertura (answer-first);/brand-identity-per-artisti-e-creativi-distinguersi-online-in-modo-autentico;nessun blocco di sintesi iniziale citabile;sì
GEO-03;high;generative;Nessuna risposta diretta in apertura (answer-first);/il-ruolo-del-marketing-digitale-per-le-librerie-indipendenti;nessun blocco di sintesi iniziale citabile;sì
GEO-03;high;generative;Nessuna risposta diretta in apertura (answer-first);/comunicazione-digitale-per-associazioni-no-profit-come-farsi-conoscere;nessun blocco di sintesi iniziale citabile;sì
GEO-03;high;generative;Nessuna risposta diretta in apertura (answer-first);/strategie-web-per-eventi-teatrali-e-spettacoli-indipendenti;nessun blocco di sintesi iniziale citabile;sì
GEO-03;high;generative;Nessuna risposta diretta in apertura (answer-first);/digitale-e-tradizione-come-promuovere-botteghe-storiche-con-nuove-strategie-comunicazione;nessun blocco di sintesi iniziale citabile;sì
GEO-03;high;generative;Nessuna risposta diretta in apertura (answer-first);/formazione-online-come-promuovere-il-tuo-corso-o-workshop-sul-web;nessun blocco di sintesi iniziale citabile;sì
GEO-03;high;generative;Nessuna risposta diretta in apertura (answer-first);/dalla-strada-al-web-come-promuovere-un-food-truck-a-palermo;nessun blocco di sintesi iniziale citabile;sì
GEO-03;high;generative;Nessuna risposta diretta in apertura (answer-first);/digital-strategy-per-laboratori-di-analisi-come-farsi-scegliere-online;nessun blocco di sintesi iniziale citabile;sì
GEO-03;high;generative;Nessuna risposta diretta in apertura (answer-first);/come-comunicare-online-per-una-scuola-di-musica-o-danza-a-palermo;nessun blocco di sintesi iniziale citabile;sì
GEO-03;high;generative;Nessuna risposta diretta in apertura (answer-first);/come-far-crescere-una-sartoria-o-atelier-online-strategie-su-misura;nessun blocco di sintesi iniziale citabile;sì
GEO-03;high;generative;Nessuna risposta diretta in apertura (answer-first);/pet-business-come-farsi-conoscere-online-con-una-comunicazione-mirata;nessun blocco di sintesi iniziale citabile;sì
GEO-03;high;generative;Nessuna risposta diretta in apertura (answer-first);/vendere-arte-online-come-costruire-una-strategia-digitale-per-gallerie-e-artisti;nessun blocco di sintesi iniziale citabile;sì
GEO-03;high;generative;Nessuna risposta diretta in apertura (answer-first);/ristorazione-vegetariana-e-vegana-come-comunicare-i-tuoi-valori-online;nessun blocco di sintesi iniziale citabile;sì
GEO-03;high;generative;Nessuna risposta diretta in apertura (answer-first);/digital-strategy-per-wedding-planner-e-servizi-per-eventi-privati;nessun blocco di sintesi iniziale citabile;sì
GEO-03;high;generative;Nessuna risposta diretta in apertura (answer-first);/consulenti-psicologi-e-coach-come-trovare-clienti-online-a-palermo;nessun blocco di sintesi iniziale citabile;sì
GEO-03;high;generative;Nessuna risposta diretta in apertura (answer-first);/come-lanciare-prodotti-tipici-siciliani-online-vendita;nessun blocco di sintesi iniziale citabile;sì
GEO-03;high;generative;Nessuna risposta diretta in apertura (answer-first);/servizi-alla-persona-promuovere-online-estetiste-massaggiatori-e-parrucchieri;nessun blocco di sintesi iniziale citabile;sì
GEO-03;high;generative;Nessuna risposta diretta in apertura (answer-first);/digital-branding-per-studi-legali-e-professionisti-del-diritto;nessun blocco di sintesi iniziale citabile;sì
GEO-03;high;generative;Nessuna risposta diretta in apertura (answer-first);/come-comunicare-in-modo-efficacer-studi-di-fisioterapia;nessun blocco di sintesi iniziale citabile;sì
GEO-03;high;generative;Nessuna risposta diretta in apertura (answer-first);/psicologi-online-come-promuoversi-nel-rispetto-della-deontologia;nessun blocco di sintesi iniziale citabile;sì
GEO-03;high;generative;Nessuna risposta diretta in apertura (answer-first);/come-promuovere-un-centro-odontoiatrico-sul-web-senza-perdere-serieta;nessun blocco di sintesi iniziale citabile;sì
GEO-03;high;generative;Nessuna risposta diretta in apertura (answer-first);/farmacie-e-parafarmacie-strategie-locali-per-aumentare-la-clientela;nessun blocco di sintesi iniziale citabile;sì
GEO-03;high;generative;Nessuna risposta diretta in apertura (answer-first);/come-far-crescere-un-centro-logopedico-con-il-supporto-digitale;nessun blocco di sintesi iniziale citabile;sì
GEO-03;high;generative;Nessuna risposta diretta in apertura (answer-first);/visibilita-online-per-nutrizionisti-e-biologi-cosa-funziona-davvero;nessun blocco di sintesi iniziale citabile;sì
GEO-03;high;generative;Nessuna risposta diretta in apertura (answer-first);/come-lanciare-una-clinica-estetica-digital-branding-per-la-bellezza;nessun blocco di sintesi iniziale citabile;sì
GEO-03;high;generative;Nessuna risposta diretta in apertura (answer-first);/servizi-veterinari-come-raggiungere-piu-clienti-online-in-modo-etico;nessun blocco di sintesi iniziale citabile;sì
GEO-03;high;generative;Nessuna risposta diretta in apertura (answer-first);/come-farsi-scegliere-online-come-ostetrica-o-operatore-del-benessere-femminile;nessun blocco di sintesi iniziale citabile;sì
GEO-03;high;generative;Nessuna risposta diretta in apertura (answer-first);/digital-strategy-per-studi-di-podologia-e-professionisti-del-piede;nessun blocco di sintesi iniziale citabile;sì
GEO-03;high;generative;Nessuna risposta diretta in apertura (answer-first);/come-promuovere-online-una-scuola-privata-o-centro-di-formazione-a-palermo;nessun blocco di sintesi iniziale citabile;sì
GEO-03;high;generative;Nessuna risposta diretta in apertura (answer-first);/comunicazione-per-architetti-e-interior-designer-il-progetto-parte-dal-web;nessun blocco di sintesi iniziale citabile;sì
GEO-03;high;generative;Nessuna risposta diretta in apertura (answer-first);/come-far-crescere-unazienda-agricola-con-e-commerce-e-promozione-locale;nessun blocco di sintesi iniziale citabile;sì
GEO-03;high;generative;Nessuna risposta diretta in apertura (answer-first);/pet-sitter-e-pensioni-per-animali-come-attirare-piu-clienti-online;nessun blocco di sintesi iniziale citabile;sì
GEO-03;high;generative;Nessuna risposta diretta in apertura (answer-first);/servizi-per-linfanzia-come-farsi-conoscere-online-come-baby-sitter-o-tata-qualificata;nessun blocco di sintesi iniziale citabile;sì
GEO-03;high;generative;Nessuna risposta diretta in apertura (answer-first);/come-promuovere-online-una-cooperativa-sociale-a-palermo;nessun blocco di sintesi iniziale citabile;sì
GEO-03;high;generative;Nessuna risposta diretta in apertura (answer-first);/digital-strategy-per-agenzie-investigative-e-professionisti-della-sicurezza;nessun blocco di sintesi iniziale citabile;sì
GEO-03;high;generative;Nessuna risposta diretta in apertura (answer-first);/comunicazione-per-traduttori-e-interpreti-come-trovare-clienti-online;nessun blocco di sintesi iniziale citabile;sì
GEO-03;high;generative;Nessuna risposta diretta in apertura (answer-first);/social-media-manager-a-palermo-quanto-conta-davvero-per-unazienda-locale;nessun blocco di sintesi iniziale citabile;sì
GEO-03;high;generative;Nessuna risposta diretta in apertura (answer-first);/agenzia-marketing-a-palermo-come-sceglierne-una-adatta-alla-tua-attivita;nessun blocco di sintesi iniziale citabile;sì
GEO-03;high;generative;Nessuna risposta diretta in apertura (answer-first);/web-agency-a-palermo-per-professionisti-siti-e-strategie-personalizzate;nessun blocco di sintesi iniziale citabile;sì
GEO-03;high;generative;Nessuna risposta diretta in apertura (answer-first);/tiktok-e-instagram-reels-perche-ogni-impresa-a-palermo-deve-sfruttarli-ora;nessun blocco di sintesi iniziale citabile;sì
GEO-03;high;generative;Nessuna risposta diretta in apertura (answer-first);/scopri-come-creare-video-virali;nessun blocco di sintesi iniziale citabile;sì
GEO-03;high;generative;Nessuna risposta diretta in apertura (answer-first);/contenuti-che-spopolano-sui-social;nessun blocco di sintesi iniziale citabile;sì
GEO-03;high;generative;Nessuna risposta diretta in apertura (answer-first);/i-segreti-dei-video-virali-tecniche-e-strumenti-da-conoscere;nessun blocco di sintesi iniziale citabile;sì
GEO-03;high;generative;Nessuna risposta diretta in apertura (answer-first);/come-trasformare-unidea-in-un-video-virale-di-successo;nessun blocco di sintesi iniziale citabile;sì
GEO-03;high;generative;Nessuna risposta diretta in apertura (answer-first);/scopri-come-un-semplice-video-ha-raggiunto-1-milione-di-visualizzazioni-in-24-ore;nessun blocco di sintesi iniziale citabile;sì
GEO-03;high;generative;Nessuna risposta diretta in apertura (answer-first);/da-zero-a-virale-la-storia-di-un-contenuto-che-ha-conquistato-il-web;nessun blocco di sintesi iniziale citabile;sì
GEO-03;high;generative;Nessuna risposta diretta in apertura (answer-first);/il-potere-dei-video-brevi;nessun blocco di sintesi iniziale citabile;sì
GEO-03;high;generative;Nessuna risposta diretta in apertura (answer-first);/3-trucchi-per-rendere-i-tuoi-reels-irresistibili;nessun blocco di sintesi iniziale citabile;sì
GEO-03;high;generative;Nessuna risposta diretta in apertura (answer-first);/scopri-strategie-efficaci-per-creare-reels;nessun blocco di sintesi iniziale citabile;sì
GEO-03;high;generative;Nessuna risposta diretta in apertura (answer-first);/creare-reels-che-tutti-vogliono-condividere;nessun blocco di sintesi iniziale citabile;sì
GEO-03;high;generative;Nessuna risposta diretta in apertura (answer-first);/partecipare-alla-sfida-del-momento;nessun blocco di sintesi iniziale citabile;sì
GEO-03;high;generative;Nessuna risposta diretta in apertura (answer-first);/trend-alert-i-video-che-stanno-conquistando-tiktok;nessun blocco di sintesi iniziale citabile;sì
GEO-03;high;generative;Nessuna risposta diretta in apertura (answer-first);/challenge-virali-come-sfruttarle-per-aumentare-la-tua-visibilita;nessun blocco di sintesi iniziale citabile;sì
GEO-03;high;generative;Nessuna risposta diretta in apertura (answer-first);/i-trend-del-2025-cosa-funziona-davvero-sui-social;nessun blocco di sintesi iniziale citabile;sì
GEO-03;high;generative;Nessuna risposta diretta in apertura (answer-first);/unisciti-al-movimento-crea-contenuti-che-fanno-parlare-di-se;nessun blocco di sintesi iniziale citabile;sì
GEO-03;high;generative;Nessuna risposta diretta in apertura (answer-first);/strategie-seo-per-video-virali-come-farsi-trovare-online;nessun blocco di sintesi iniziale citabile;sì
GEO-03;high;generative;Nessuna risposta diretta in apertura (answer-first);/parole-chiave-e-viralita-il-connubio-perfetto-per-i-tuoi-video;nessun blocco di sintesi iniziale citabile;sì
GEO-03;high;generative;Nessuna risposta diretta in apertura (answer-first);/come-ottimizzare-i-tuoi-video-per-i-motori-di-ricerca-nel-2025;nessun blocco di sintesi iniziale citabile;sì
GEO-03;high;generative;Nessuna risposta diretta in apertura (answer-first);/seo-per-contenuti-video-guida-pratica-per-aumentare-le-visualizzazioni;nessun blocco di sintesi iniziale citabile;sì
GEO-03;high;generative;Nessuna risposta diretta in apertura (answer-first);/i-migliori-strumenti-per-analizzare-e-migliorare-la-performance-dei-tuoi-video;nessun blocco di sintesi iniziale citabile;sì
GEO-03;high;generative;Nessuna risposta diretta in apertura (answer-first);/agenzia-di-comunicazione-a-palermo-come-far-crescere-il-tuo-brand-nel-2025;nessun blocco di sintesi iniziale citabile;sì
GEO-03;high;generative;Nessuna risposta diretta in apertura (answer-first);/i-segreti-del-marketing-digitale-a-palermo-scopri-la-nostra-agenzia;nessun blocco di sintesi iniziale citabile;sì
GEO-03;high;generative;Nessuna risposta diretta in apertura (answer-first);/vuoi-dominare-i-social-a-palermo-affidati-ai-migliori;nessun blocco di sintesi iniziale citabile;sì
GEO-03;high;generative;Nessuna risposta diretta in apertura (answer-first);/seo-e-video-virali-a-palermo-come-max-digital-innovation-sta-cambiando-le-regole;nessun blocco di sintesi iniziale citabile;sì
GEO-03;high;generative;Nessuna risposta diretta in apertura (answer-first);/come-aumentare-le-visualizzazioni-su-instagram-nel-2026;nessun blocco di sintesi iniziale citabile;sì
GEO-03;high;generative;Nessuna risposta diretta in apertura (answer-first);/algoritmo-instagram-come-funziona-davvero;nessun blocco di sintesi iniziale citabile;sì
GEO-03;high;generative;Nessuna risposta diretta in apertura (answer-first);/strategie-instagram-per-far-crescere-un-profilo-aziendale;nessun blocco di sintesi iniziale citabile;sì
GEO-03;high;generative;Nessuna risposta diretta in apertura (answer-first);/perche-i-tuoi-reel-non-fanno-visualizzazioni;nessun blocco di sintesi iniziale citabile;sì
GEO-03;high;generative;Nessuna risposta diretta in apertura (answer-first);/come-finire-negli-esplora-di-instagram;nessun blocco di sintesi iniziale citabile;sì
GEO-03;high;generative;Nessuna risposta diretta in apertura (answer-first);/instagram-per-aziende-errori-da-evitare;nessun blocco di sintesi iniziale citabile;sì
GEO-03;high;generative;Nessuna risposta diretta in apertura (answer-first);/come-creare-reel-virali-su-instagram;nessun blocco di sintesi iniziale citabile;sì
GEO-03;high;generative;Nessuna risposta diretta in apertura (answer-first);/le-migliori-strategie-instagram-per-vendere-di-piu;nessun blocco di sintesi iniziale citabile;sì
GEO-03;high;generative;Nessuna risposta diretta in apertura (answer-first);/come-aumentare-lengagement-su-instagram;nessun blocco di sintesi iniziale citabile;sì
GEO-03;high;generative;Nessuna risposta diretta in apertura (answer-first);/come-aumentare-le-visualizzazioni-su-tiktok;nessun blocco di sintesi iniziale citabile;sì
GEO-03;high;generative;Nessuna risposta diretta in apertura (answer-first);/algoritmo-tiktok-tutto-quello-che-devi-sapere;nessun blocco di sintesi iniziale citabile;sì
GEO-03;high;generative;Nessuna risposta diretta in apertura (answer-first);/perche-i-video-tiktok-fanno-poche-visualizzazioni;nessun blocco di sintesi iniziale citabile;sì
GEO-03;high;generative;Nessuna risposta diretta in apertura (answer-first);/come-andare-virale-su-tiktok;nessun blocco di sintesi iniziale citabile;sì
GEO-03;high;generative;Nessuna risposta diretta in apertura (answer-first);/strategie-tiktok-per-aziende;nessun blocco di sintesi iniziale citabile;sì
GEO-03;high;generative;Nessuna risposta diretta in apertura (answer-first);/tiktok-per-negozi-conviene-davvero;nessun blocco di sintesi iniziale citabile;sì
GEO-03;high;generative;Nessuna risposta diretta in apertura (answer-first);/quanto-dura-un-video-tiktok-ideale;nessun blocco di sintesi iniziale citabile;sì
GEO-03;high;generative;Nessuna risposta diretta in apertura (answer-first);/come-far-crescere-il-tuo-profilo-in-6-giorni;nessun blocco di sintesi iniziale citabile;sì
GEO-03;high;generative;Nessuna risposta diretta in apertura (answer-first);/come-far-crescere-il-tuo-profilo-tiktok-in-6-giorni;nessun blocco di sintesi iniziale citabile;sì
GEO-03;high;generative;Nessuna risposta diretta in apertura (answer-first);/produzione-video-a-palermo-come-scegliere-lagenzia-giusta;nessun blocco di sintesi iniziale citabile;sì
GEO-03;high;generative;Nessuna risposta diretta in apertura (answer-first);/video-aziendali-a-palermo-perche-aumentano-le-vendite;nessun blocco di sintesi iniziale citabile;sì
GEO-03;high;generative;Nessuna risposta diretta in apertura (answer-first);/creazione-video-virali-palermo;nessun blocco di sintesi iniziale citabile;sì
GEO-03;high;generative;Nessuna risposta diretta in apertura (answer-first);/produzione-video-virali-palermo;nessun blocco di sintesi iniziale citabile;sì
GEO-03;high;generative;Nessuna risposta diretta in apertura (answer-first);/realizzazione-video-virali-palermo;nessun blocco di sintesi iniziale citabile;sì
GEO-03;high;generative;Nessuna risposta diretta in apertura (answer-first);/creazione-video-virali-sicilia;nessun blocco di sintesi iniziale citabile;sì
GEO-03;high;generative;Nessuna risposta diretta in apertura (answer-first);/produzione-video-virali-sicilia;nessun blocco di sintesi iniziale citabile;sì
GEO-03;high;generative;Nessuna risposta diretta in apertura (answer-first);/realizzazione-video-sicilia;nessun blocco di sintesi iniziale citabile;sì
GEO-03;high;generative;Nessuna risposta diretta in apertura (answer-first);/produzione-video-virali-per-la-tua-attivita-palermo;nessun blocco di sintesi iniziale citabile;sì
GEO-03;high;generative;Nessuna risposta diretta in apertura (answer-first);/realizzazione-video-virali-trapani;nessun blocco di sintesi iniziale citabile;sì
GEO-03;high;generative;Nessuna risposta diretta in apertura (answer-first);/produzione-video-palermo-perche-oggi-e-indispensabile-per-ogni-azienda;nessun blocco di sintesi iniziale citabile;sì
GEO-03;high;generative;Nessuna risposta diretta in apertura (answer-first);/video-promozionali-per-la-tua-azienda-palermo-funzionano-davvero;nessun blocco di sintesi iniziale citabile;sì
GEO-03;high;generative;Nessuna risposta diretta in apertura (answer-first);/produzione-video-professionale-palermo-tutto-quello-che-devi-sapere;nessun blocco di sintesi iniziale citabile;sì
GEO-03;high;generative;Nessuna risposta diretta in apertura (answer-first);/come-trasformare-un-semplice-video-in-un-contenuto-virale-a-palermo;nessun blocco di sintesi iniziale citabile;sì
GEO-03;high;generative;Nessuna risposta diretta in apertura (answer-first);/perche-ogni-attivita-di-palermo-dovrebbe-pubblicare-video-2;nessun blocco di sintesi iniziale citabile;sì
GEO-05;high;generative;"Contenuto senza dati, numeri o fonti citabili";/servizi-digitali-palermo;nessun dato numerico o percentuale nel testo;no
GEO-05;high;generative;"Contenuto senza dati, numeri o fonti citabili";/realizzazione-siti-web-a-palermo;nessun dato numerico o percentuale nel testo;no
GEO-05;high;generative;"Contenuto senza dati, numeri o fonti citabili";/digital-marketing-palermo;nessun dato numerico o percentuale nel testo;no
GEO-05;high;generative;"Contenuto senza dati, numeri o fonti citabili";/produzione-video-palermo;nessun dato numerico o percentuale nel testo;no
GEO-05;high;generative;"Contenuto senza dati, numeri o fonti citabili";/realizzazione-e-commerce-palermo;nessun dato numerico o percentuale nel testo;no
GEO-05;high;generative;"Contenuto senza dati, numeri o fonti citabili";/graphic-design-palermo;nessun dato numerico o percentuale nel testo;no
GEO-05;high;generative;"Contenuto senza dati, numeri o fonti citabili";/sviluppo-crm-gestionali-palermo;nessun dato numerico o percentuale nel testo;no
GEO-05;high;generative;"Contenuto senza dati, numeri o fonti citabili";/naming-palermo;nessun dato numerico o percentuale nel testo;no
GEO-05;high;generative;"Contenuto senza dati, numeri o fonti citabili";/stampe-digitali-palermo;nessun dato numerico o percentuale nel testo;no
GEO-05;high;generative;"Contenuto senza dati, numeri o fonti citabili";/innovazione-digitale-pmi-competitive;nessun dato numerico o percentuale nel testo;no
GEO-05;high;generative;"Contenuto senza dati, numeri o fonti citabili";/innovazione-digitale-palermo;nessun dato numerico o percentuale nel testo;no
GEO-05;high;generative;"Contenuto senza dati, numeri o fonti citabili";/cybersecurity-per-aziende;nessun dato numerico o percentuale nel testo;no
GEO-05;high;generative;"Contenuto senza dati, numeri o fonti citabili";/strategia-marketing-digitale;nessun dato numerico o percentuale nel testo;no
GEO-05;high;generative;"Contenuto senza dati, numeri o fonti citabili";/campagne-ai-driven-marketing-automation;nessun dato numerico o percentuale nel testo;no
GEO-05;high;generative;"Contenuto senza dati, numeri o fonti citabili";/gestione-social-media-presenza-online;nessun dato numerico o percentuale nel testo;no
GEO-05;high;generative;"Contenuto senza dati, numeri o fonti citabili";/design-responsivo-sito-web-successo-online;nessun dato numerico o percentuale nel testo;no
GEO-05;high;generative;"Contenuto senza dati, numeri o fonti citabili";/perche-un-sito-web-professionale-e-la-chiave-del-successo-per-ogni-impresa;nessun dato numerico o percentuale nel testo;no
GEO-05;high;generative;"Contenuto senza dati, numeri o fonti citabili";/come-creare-una-strategia-di-comunicazione-digitale-efficace-per-piccole-imprese;nessun dato numerico o percentuale nel testo;no
GEO-05;high;generative;"Contenuto senza dati, numeri o fonti citabili";/reputazione_online_cose_perche_conta_e_come_verificarla;nessun dato numerico o percentuale nel testo;no
GEO-05;high;generative;"Contenuto senza dati, numeri o fonti citabili";/come-creare-una-landing-page-efficace;nessun dato numerico o percentuale nel testo;no
GEO-05;high;generative;"Contenuto senza dati, numeri o fonti citabili";/branded-content-come-raccontare-il-tuo-brand-con-max-digital-innovation;nessun dato numerico o percentuale nel testo;no
GEO-05;high;generative;"Contenuto senza dati, numeri o fonti citabili";/piano-di-marketing-cose-e-come-crearlo-con-successo;nessun dato numerico o percentuale nel testo;no
GEO-05;high;generative;"Contenuto senza dati, numeri o fonti citabili";/cookie-cosa-sono-e-a-che-servono;nessun dato numerico o percentuale nel testo;no
GEO-05;high;generative;"Contenuto senza dati, numeri o fonti citabili";/privacy-policy;nessun dato numerico o percentuale nel testo;no
GEO-05;high;generative;"Contenuto senza dati, numeri o fonti citabili";/scopri-come-aumentare-posizionamento-seo-per-il-tuo-sito-web-su-google;nessun dato numerico o percentuale nel testo;no
GEO-05;high;generative;"Contenuto senza dati, numeri o fonti citabili";/tipologie-di-siti-web-la-guida-definitiva-per-imprenditori;nessun dato numerico o percentuale nel testo;no
GEO-05;high;generative;"Contenuto senza dati, numeri o fonti citabili";/tiktok-ads-manager-guida-completa-su-come-gestire-le-tue-campagne-su-tiktok;nessun dato numerico o percentuale nel testo;no
GEO-05;high;generative;"Contenuto senza dati, numeri o fonti citabili";/dem-marketing-come-usarlo-nel-2024-per-massimizzare-i-risultati;nessun dato numerico o percentuale nel testo;no
GEO-05;high;generative;"Contenuto senza dati, numeri o fonti citabili";/e-commerce-a-palermo;nessun dato numerico o percentuale nel testo;no
GEO-05;high;generative;"Contenuto senza dati, numeri o fonti citabili";/business-innovation-cosa-chiede-il-mercato-oggi;nessun dato numerico o percentuale nel testo;no
GEO-05;high;generative;"Contenuto senza dati, numeri o fonti citabili";/advertising-a-palermo;nessun dato numerico o percentuale nel testo;no
GEO-05;high;generative;"Contenuto senza dati, numeri o fonti citabili";/5-consigli-preziosi-per-pubblicizzare-la-propria-azienda-a-palermo-su-google;nessun dato numerico o percentuale nel testo;no
GEO-05;high;generative;"Contenuto senza dati, numeri o fonti citabili";/realizzazione-siti-web-per-bb-a-palermo-hotel-motel-e-strutture-ricettive-tutto-quello-che-ce-da-sapere;nessun dato numerico o percentuale nel testo;no
GEO-05;high;generative;"Contenuto senza dati, numeri o fonti citabili";/hai-bisogno-di-pubblicizzare-il-tuo-ristorante-a-palermo-ecco-come-possiamo-aiutarti;nessun dato numerico o percentuale nel testo;no
GEO-05;high;generative;"Contenuto senza dati, numeri o fonti citabili";/ecco-perche-un-sito-web-a-palermo-e-cosi-essenziale-per-la-tua-attivita;nessun dato numerico o percentuale nel testo;no
GEO-05;high;generative;"Contenuto senza dati, numeri o fonti citabili";/gestione-social-media-a-palermo-come-la-nostra-agenzia-di-comunicazione-cura-i-tuoi-social-media;nessun dato numerico o percentuale nel testo;no
GEO-05;high;generative;"Contenuto senza dati, numeri o fonti citabili";/loghi-per-la-tua-azienda-a-palermo-caratteristiche-e-come-crearne-uno-efficace;nessun dato numerico o percentuale nel testo;no
GEO-05;high;generative;"Contenuto senza dati, numeri o fonti citabili";/ottimizzare-la-comunicazione-grazie-allutilizzo-di-call-to-action-efficaci-per-il-tuo-sito-web-a-palermo;nessun dato numerico o percentuale nel testo;no
GEO-05;high;generative;"Contenuto senza dati, numeri o fonti citabili";/11-trend-marketing-a-palermo-per-e-commerce-marketing-che-faranno-crescere-il-tuo-e-commerce;nessun dato numerico o percentuale nel testo;no
GEO-05;high;generative;"Contenuto senza dati, numeri o fonti citabili";/come-fare-pubblicita-a-palermo-su-internet-guida-per-principianti;nessun dato numerico o percentuale nel testo;no
GEO-05;high;generative;"Contenuto senza dati, numeri o fonti citabili";/campagne-pubblicitarie-a-palermo-la-soluzione-per-far-crescere-il-tuo-business;nessun dato numerico o percentuale nel testo;no
GEO-05;high;generative;"Contenuto senza dati, numeri o fonti citabili";/pubblicita-su-tiktok-a-palermo-come-aiutiamo-la-tua-azienda-a-crescere;nessun dato numerico o percentuale nel testo;no
GEO-05;high;generative;"Contenuto senza dati, numeri o fonti citabili";/seo-e-sem;nessun dato numerico o percentuale nel testo;no
GEO-05;high;generative;"Contenuto senza dati, numeri o fonti citabili";/web-agency-a-palermo-il-design-che-parte-dal-brand;nessun dato numerico o percentuale nel testo;no
GEO-05;high;generative;"Contenuto senza dati, numeri o fonti citabili";/b2b-a-palermo-cosa-puo-imparare-dal-b2c-per-sfruttare-al-meglio-il-digitale;nessun dato numerico o percentuale nel testo;no
GEO-05;high;generative;"Contenuto senza dati, numeri o fonti citabili";/strategie-di-content-marketing-per-le-piccole-imprese-a-palermo;nessun dato numerico o percentuale nel testo;no
GEO-05;high;generative;"Contenuto senza dati, numeri o fonti citabili";/web-marketing-per-palestre-e-centri-sportivi;nessun dato numerico o percentuale nel testo;no
GEO-05;high;generative;"Contenuto senza dati, numeri o fonti citabili";/mi-serve-davvero-un-sito-web-aziendale;nessun dato numerico o percentuale nel testo;no
GEO-05;high;generative;"Contenuto senza dati, numeri o fonti citabili";/quali-sono-i-servizi-offerti-da-unagenzia-di-comunicazione-a-palermo;nessun dato numerico o percentuale nel testo;no
GEO-05;high;generative;"Contenuto senza dati, numeri o fonti citabili";/le-commerce-in-italia-sta-cambiando-con-lintelligenza-artificiale;nessun dato numerico o percentuale nel testo;no
GEO-05;high;generative;"Contenuto senza dati, numeri o fonti citabili";/il-marketing-per-attivita-locali-i-vantaggi-di-affidarsi-a-una-web-agency;nessun dato numerico o percentuale nel testo;no
GEO-05;high;generative;"Contenuto senza dati, numeri o fonti citabili";/i-social-media-gli-alleati-per-il-tuo-e-commerce;nessun dato numerico o percentuale nel testo;no
GEO-05;high;generative;"Contenuto senza dati, numeri o fonti citabili";/marketing-online-per-la-tua-concessionaria;nessun dato numerico o percentuale nel testo;no
GEO-05;high;generative;"Contenuto senza dati, numeri o fonti citabili";/marketing-online-per-il-tuo-negozio-di-abbigliamento;nessun dato numerico o percentuale nel testo;no
GEO-05;high;generative;"Contenuto senza dati, numeri o fonti citabili";/web-marketing-per-la-tua-parruccheria;nessun dato numerico o percentuale nel testo;no
GEO-05;high;generative;"Contenuto senza dati, numeri o fonti citabili";/come-promuovere-il-tuo-salone-di-bellezza-a-palermo;nessun dato numerico o percentuale nel testo;no
GEO-05;high;generative;"Contenuto senza dati, numeri o fonti citabili";/come-pubblicizzare-la-tua-ottica-a-palermo;nessun dato numerico o percentuale nel testo;no
GEO-05;high;generative;"Contenuto senza dati, numeri o fonti citabili";/come-pubblicizzare-la-tua-pizzeria;nessun dato numerico o percentuale nel testo;no
GEO-05;high;generative;"Contenuto senza dati, numeri o fonti citabili";/gestione-marketing-per-il-tuo-pub;nessun dato numerico o percentuale nel testo;no
GEO-05;high;generative;"Contenuto senza dati, numeri o fonti citabili";/idee-creative-per-pubblicizzare-la-tua-panineria;nessun dato numerico o percentuale nel testo;no
GEO-05;high;generative;"Contenuto senza dati, numeri o fonti citabili";/gestione-marketing-per-la-tua-hamburgeria;nessun dato numerico o percentuale nel testo;no
GEO-05;high;generative;"Contenuto senza dati, numeri o fonti citabili";/strategie-di-marketing-di-successo-i-passi-fondamentali-per-distinguersi-nel-mercato;nessun dato numerico o percentuale nel testo;no
GEO-05;high;generative;"Contenuto senza dati, numeri o fonti citabili";/pubblicita-per-il-tuo-brand-a-palermo-come-differenziarsi-dalla-massa;nessun dato numerico o percentuale nel testo;no
GEO-05;high;generative;"Contenuto senza dati, numeri o fonti citabili";/restare-al-passo-coi-trend-e-difficile-scopri-come-unagenzia-di-comunicazione-puo-aiutarti;nessun dato numerico o percentuale nel testo;no
GEO-05;high;generative;"Contenuto senza dati, numeri o fonti citabili";/hai-bisogno-di-uno-store-online-per-la-tua-attivita-offriamo-realizzazione-e-commerce-a-palermo;nessun dato numerico o percentuale nel testo;no
GEO-05;high;generative;"Contenuto senza dati, numeri o fonti citabili";/vendita-online-a-palermo-sui-social-unottima-vetrina-per-i-tuoi-prodotti;nessun dato numerico o percentuale nel testo;no
GEO-05;high;generative;"Contenuto senza dati, numeri o fonti citabili";/sito-web-per-artisti-fai-conoscere-la-tua-arte;nessun dato numerico o percentuale nel testo;no
GEO-05;high;generative;"Contenuto senza dati, numeri o fonti citabili";/quanto-costa-un-sito-web-a-palermo;nessun dato numerico o percentuale nel testo;no
GEO-05;high;generative;"Contenuto senza dati, numeri o fonti citabili";/usa-la-local-seo-e-porta-il-tuo-business-al-top;nessun dato numerico o percentuale nel testo;no
GEO-05;high;generative;"Contenuto senza dati, numeri o fonti citabili";/mobile-marketing-e-micro-momenti;nessun dato numerico o percentuale nel testo;no
GEO-05;high;generative;"Contenuto senza dati, numeri o fonti citabili";/social-media-marketing-nel-settore-arredamento;nessun dato numerico o percentuale nel testo;no
GEO-05;high;generative;"Contenuto senza dati, numeri o fonti citabili";/il-web-design-e-la-sua-evoluzione;nessun dato numerico o percentuale nel testo;no
GEO-05;high;generative;"Contenuto senza dati, numeri o fonti citabili";/marketing-esperienziale-coinvolgi-il-pubblico-con-esperienze-uniche;nessun dato numerico o percentuale nel testo;no
GEO-05;high;generative;"Contenuto senza dati, numeri o fonti citabili";/come-creare-siti-web-professionali-e-di-qualita;nessun dato numerico o percentuale nel testo;no
GEO-05;high;generative;"Contenuto senza dati, numeri o fonti citabili";/come-scegliere-lagenzia-pubblicitaria-a-palermo-ideale-per-la-vostra-azienda;nessun dato numerico o percentuale nel testo;no
GEO-05;high;generative;"Contenuto senza dati, numeri o fonti citabili";/10-modi-per-migliorare-la-visibilita-del-tuo-sito-web-sui-motori-di-ricerca;nessun dato numerico o percentuale nel testo;no
GEO-05;high;generative;"Contenuto senza dati, numeri o fonti citabili";/web-agency-a-palermo-per-creare-un-sito-professionale;nessun dato numerico o percentuale nel testo;no
GEO-05;high;generative;"Contenuto senza dati, numeri o fonti citabili";/digital-agency-a-palermo-la-soluzione-completa-per-la-tua-presenza-online;nessun dato numerico o percentuale nel testo;no
GEO-05;high;generative;"Contenuto senza dati, numeri o fonti citabili";/creare-un-video-aziendale-efficace-coinvolgente-e-professionale;nessun dato numerico o percentuale nel testo;no
GEO-05;high;generative;"Contenuto senza dati, numeri o fonti citabili";/rendi-la-tua-azienda-digitale-trasformazione-e-innovazione-a-palermo;nessun dato numerico o percentuale nel testo;no
GEO-05;high;generative;"Contenuto senza dati, numeri o fonti citabili";/come-migliorare-la-tua-brand-reputation-con-le-attivita-di-digital-marketing;nessun dato numerico o percentuale nel testo;no
GEO-05;high;generative;"Contenuto senza dati, numeri o fonti citabili";/come-realizzare-un-sito-web-efficace-le-migliori-alternative-per-creare-un-percorso-di-successo-online;nessun dato numerico o percentuale nel testo;no
GEO-05;high;generative;"Contenuto senza dati, numeri o fonti citabili";/sito-web-accessibile-cose-come-crearlo-e-perche-e-importante;nessun dato numerico o percentuale nel testo;no
GEO-05;high;generative;"Contenuto senza dati, numeri o fonti citabili";/privacy-policy-sito-web-cose-e-come-scriverla-correttamente;nessun dato numerico o percentuale nel testo;no
GEO-05;high;generative;"Contenuto senza dati, numeri o fonti citabili";/le-11-regole-per-un-sito-web-efficace;nessun dato numerico o percentuale nel testo;no
GEO-05;high;generative;"Contenuto senza dati, numeri o fonti citabili";/creare-un-sito-web-a-palermo-le-caratteristiche-di-unarchitettura-efficace;nessun dato numerico o percentuale nel testo;no
GEO-05;high;generative;"Contenuto senza dati, numeri o fonti citabili";/strategie-di-web-reputation-come-costruire-gestire-e-misurare-la-percezione-online;nessun dato numerico o percentuale nel testo;no
GEO-05;high;generative;"Contenuto senza dati, numeri o fonti citabili";/sognavi-un-hotel-sempre-pieno-il-web-marketing-per-il-turismo-puo-trasformare-il-tuo-sogno-in-realta;nessun dato numerico o percentuale nel testo;no
GEO-05;high;generative;"Contenuto senza dati, numeri o fonti citabili";/google-ai-search-la-nuova-era-della-ricerca-intelligente-e-le-opportunita-per-il-marketing;nessun dato numerico o percentuale nel testo;no
GEO-05;high;generative;"Contenuto senza dati, numeri o fonti citabili";/aumentare-le-vendite-ecommerce-non-sei-soddisfatto-della-tua-agenzia;nessun dato numerico o percentuale nel testo;no
GEO-05;high;generative;"Contenuto senza dati, numeri o fonti citabili";/come-essere-in-prima-pagina-su-google-le-bugie-piu-diffuse-sulla-seo;nessun dato numerico o percentuale nel testo;no
GEO-05;high;generative;"Contenuto senza dati, numeri o fonti citabili";/gestione-marketing-per-la-tua-enoteca;nessun dato numerico o percentuale nel testo;no
GEO-05;high;generative;"Contenuto senza dati, numeri o fonti citabili";/gestione-marketing-per-il-tuo-fast-food;nessun dato numerico o percentuale nel testo;no
GEO-05;high;generative;"Contenuto senza dati, numeri o fonti citabili";/gestione-social-media-per-la-tua-attivita;nessun dato numerico o percentuale nel testo;no
GEO-05;high;generative;"Contenuto senza dati, numeri o fonti citabili";/marketing-e-pubblicita-a-palermo-tutti-i-tipi-di-pubblicita-per-far-crescere-la-tua-attivita;nessun dato numerico o percentuale nel testo;no
GEO-05;high;generative;"Contenuto senza dati, numeri o fonti citabili";/vuoi-aprire-unattivita-a-palermo-e-non-sai-a-chi-affidarti-ecco-come-fare-gestione-marketing-attivita-a-palermo;nessun dato numerico o percentuale nel testo;no
GEO-05;high;generative;"Contenuto senza dati, numeri o fonti citabili";/la-tua-agenzia-di-marketing-a-palermo-per-una-crescita-su-misura;nessun dato numerico o percentuale nel testo;no
GEO-05;high;generative;"Contenuto senza dati, numeri o fonti citabili";/quanto-costa-realizzare-un-cartello-pubblicitario-a-palermo;nessun dato numerico o percentuale nel testo;no
GEO-05;high;generative;"Contenuto senza dati, numeri o fonti citabili";/cosa-fare-per-indicizzare-il-tuo-sito-web;nessun dato numerico o percentuale nel testo;no
GEO-05;high;generative;"Contenuto senza dati, numeri o fonti citabili";/non-sai-come-sponsorizzare-il-tuo-progetto-artistico-scopri-le-strategie-vincenti;nessun dato numerico o percentuale nel testo;no
GEO-05;high;generative;"Contenuto senza dati, numeri o fonti citabili";/il-partner-giusto-per-il-tuo-successo-come-trovare-uno-sponsor-affidabile-a-palermo;nessun dato numerico o percentuale nel testo;no
GEO-05;high;generative;"Contenuto senza dati, numeri o fonti citabili";/marketing-per-imprese-edili;nessun dato numerico o percentuale nel testo;no
GEO-05;high;generative;"Contenuto senza dati, numeri o fonti citabili";/web-agency-a-palermo-la-guida-completa-per-far-crescere-la-tua-attivita-online;nessun dato numerico o percentuale nel testo;no
GEO-05;high;generative;"Contenuto senza dati, numeri o fonti citabili";/copywriter-seo-per-i-social-media-perche-a-google-piace-web-agency-seo-a-palermo;nessun dato numerico o percentuale nel testo;no
GEO-05;high;generative;"Contenuto senza dati, numeri o fonti citabili";/web-agency-a-palermo-per-il-settore-immobiliare-la-chiave-per-il-successo-online;nessun dato numerico o percentuale nel testo;no
GEO-05;high;generative;"Contenuto senza dati, numeri o fonti citabili";/web-agency-per-startup-a-palermo-la-tua-guida-al-successo-digitale;nessun dato numerico o percentuale nel testo;no
GEO-05;high;generative;"Contenuto senza dati, numeri o fonti citabili";/web-agency-per-e-commerce-a-palermo-come-incrementare-le-vendite-online;nessun dato numerico o percentuale nel testo;no
GEO-05;high;generative;"Contenuto senza dati, numeri o fonti citabili";/web-agency-a-palermo-per-eventi-massimizza-la-partecipazione-al-tuo-evento;nessun dato numerico o percentuale nel testo;no
GEO-05;high;generative;"Contenuto senza dati, numeri o fonti citabili";/web-agency-locale-a-palermo-la-tua-guida-per-conquistare-il-pubblico-della-citta;nessun dato numerico o percentuale nel testo;no
GEO-05;high;generative;"Contenuto senza dati, numeri o fonti citabili";/pubblicita-digitale-a-palermo-come-aumentare-la-visibilita-della-tua-attivita;nessun dato numerico o percentuale nel testo;no
GEO-05;high;generative;"Contenuto senza dati, numeri o fonti citabili";/creazione-siti-web-professionali-a-palermo-costruisci-la-tua-identita-digitale;nessun dato numerico o percentuale nel testo;no
GEO-05;high;generative;"Contenuto senza dati, numeri o fonti citabili";/marketing-su-misura-per-il-tuo-negozio-di-giocattoli;nessun dato numerico o percentuale nel testo;no
GEO-05;high;generative;"Contenuto senza dati, numeri o fonti citabili";/marketing-per-farmacie-come-aumentare-visibilita-e-fidelizzare-i-clienti;nessun dato numerico o percentuale nel testo;no
GEO-05;high;generative;"Contenuto senza dati, numeri o fonti citabili";/marketing-digitale-a-palermo-la-chiave-per-il-successo-della-tua-attivita;nessun dato numerico o percentuale nel testo;no
GEO-05;high;generative;"Contenuto senza dati, numeri o fonti citabili";/cosa-si-intende-per-sito-web-una-guida-per-capirne-limportanza;nessun dato numerico o percentuale nel testo;no
GEO-05;high;generative;"Contenuto senza dati, numeri o fonti citabili";/quali-sono-i-siti-web-piu-visitati-scopri-le-piattaforme-piu-popolari-al-mondo;nessun dato numerico o percentuale nel testo;no
GEO-05;high;generative;"Contenuto senza dati, numeri o fonti citabili";/che-tipi-di-siti-web-esistono-una-guida-per-scegliere-quello-giusto-per-te;nessun dato numerico o percentuale nel testo;no
GEO-05;high;generative;"Contenuto senza dati, numeri o fonti citabili";/come-si-chiama-chi-crea-un-sito-web-scopri-la-figura-del-web-developer;nessun dato numerico o percentuale nel testo;no
GEO-05;high;generative;"Contenuto senza dati, numeri o fonti citabili";/che-cosa-fa-una-web-agency-una-guida-ai-servizi-digitali-piu-richiesti;nessun dato numerico o percentuale nel testo;no
GEO-05;high;generative;"Contenuto senza dati, numeri o fonti citabili";/quante-sono-le-web-agency-in-italia-unanalisi-del-panorama-digitale-italiano;nessun dato numerico o percentuale nel testo;no
GEO-05;high;generative;"Contenuto senza dati, numeri o fonti citabili";/chi-lavora-in-una-web-agency-scopri-i-ruoli-principali;nessun dato numerico o percentuale nel testo;no
GEO-05;high;generative;"Contenuto senza dati, numeri o fonti citabili";/cose-unagency-scopri-il-ruolo-e-i-servizi-di-unagenzia-moderna;nessun dato numerico o percentuale nel testo;no
GEO-05;high;generative;"Contenuto senza dati, numeri o fonti citabili";/cosa-si-intende-per-pubblicita-una-guida-completa-al-mondo-pubblicitario;nessun dato numerico o percentuale nel testo;no
GEO-05;high;generative;"Contenuto senza dati, numeri o fonti citabili";/come-farsi-pubblicita-gratis-strategie-efficaci-per-aumentare-la-visibilita;nessun dato numerico o percentuale nel testo;no
GEO-05;high;generative;"Contenuto senza dati, numeri o fonti citabili";/qual-e-il-compito-della-pubblicita-capire-lobiettivo-e-il-valore-della-comunicazione-pubblicitaria;nessun dato numerico o percentuale nel testo;no
GEO-05;high;generative;"Contenuto senza dati, numeri o fonti citabili";/quanto-si-paga-unagenzia-di-comunicazione-guida-ai-costi-dei-servizi-di-comunicazione;nessun dato numerico o percentuale nel testo;no
GEO-05;high;generative;"Contenuto senza dati, numeri o fonti citabili";/cosa-fa-lagenzia-di-marketing-una-guida-ai-servizi-e-al-ruolo-strategico;nessun dato numerico o percentuale nel testo;no
GEO-05;high;generative;"Contenuto senza dati, numeri o fonti citabili";/che-cose-unazienda-di-marketing-scopri-il-motore-del-successo-aziendale;nessun dato numerico o percentuale nel testo;no
GEO-05;high;generative;"Contenuto senza dati, numeri o fonti citabili";/3-tipi-di-marketing-a-palermo-scopri-le-strategie-per-il-successo-della-tua-attivita;nessun dato numerico o percentuale nel testo;no
GEO-05;high;generative;"Contenuto senza dati, numeri o fonti citabili";/che-lavoro-fa-il-marketing-il-motore-che-trasforma-idee-in-successo;nessun dato numerico o percentuale nel testo;no
GEO-05;high;generative;"Contenuto senza dati, numeri o fonti citabili";/come-fare-unottima-pubblicita-strategie-vincenti-per-il-tuo-successo;nessun dato numerico o percentuale nel testo;no
GEO-05;high;generative;"Contenuto senza dati, numeri o fonti citabili";/dove-fare-pubblicita-a-basso-costo-scopri-le-migliori-strategie-economiche-per-promuovere-la-tua-attivita;nessun dato numerico o percentuale nel testo;no
GEO-05;high;generative;"Contenuto senza dati, numeri o fonti citabili";/quale-pubblicita-funziona-di-piu-scopri-le-strategie-piu-efficaci-per-il-tuo-business;nessun dato numerico o percentuale nel testo;no
GEO-05;high;generative;"Contenuto senza dati, numeri o fonti citabili";/come-iniziare-a-fare-digital-marketing-guida-pratica-per-chi-vuole-emergere-online;nessun dato numerico o percentuale nel testo;no
GEO-05;high;generative;"Contenuto senza dati, numeri o fonti citabili";/portfolio-fotografico-online-cose-e-perche-e-importante-crearlo;nessun dato numerico o percentuale nel testo;no
GEO-05;high;generative;"Contenuto senza dati, numeri o fonti citabili";/rispondere-alle-recensioni-con-lai-la-nuova-frontiera-dellautomazione;nessun dato numerico o percentuale nel testo;no
GEO-05;high;generative;"Contenuto senza dati, numeri o fonti citabili";/focus-group-cose-a-che-serve-e-come-farlo-al-meglio;nessun dato numerico o percentuale nel testo;no
GEO-05;high;generative;"Contenuto senza dati, numeri o fonti citabili";/come-creare-sondaggi-online-e-raggiungere-il-tuo-pubblico-in-modo-efficace;nessun dato numerico o percentuale nel testo;no
GEO-05;high;generative;"Contenuto senza dati, numeri o fonti citabili";/come-ridurre-peso-delle-foto-consigli-pratici-per-immagini-piu-leggere;nessun dato numerico o percentuale nel testo;no
GEO-05;high;generative;"Contenuto senza dati, numeri o fonti citabili";/cosa-fa-un-ufficio-di-comunicazione-scopri-il-cuore-della-strategia-aziendale;nessun dato numerico o percentuale nel testo;no
GEO-05;high;generative;"Contenuto senza dati, numeri o fonti citabili";/come-si-chiama-chi-si-occupa-di-comunicazione-scopri-i-ruoli-e-le-competenze-di-questi-professionisti;nessun dato numerico o percentuale nel testo;no
GEO-05;high;generative;"Contenuto senza dati, numeri o fonti citabili";/come-trovare-unagenzia-di-comunicazione-consigli-per-scegliere-il-partner-giusto;nessun dato numerico o percentuale nel testo;no
GEO-05;high;generative;"Contenuto senza dati, numeri o fonti citabili";/scegliere-la-giusta-agenzia-di-comunicazione-consigli-e-strategie-per-trovare-il-partner-ideale;nessun dato numerico o percentuale nel testo;no
GEO-05;high;generative;"Contenuto senza dati, numeri o fonti citabili";/come-creare-un-podcast-aziendale-per-migliorare-il-posizionamento-del-brand;nessun dato numerico o percentuale nel testo;no
GEO-05;high;generative;"Contenuto senza dati, numeri o fonti citabili";/come-trovare-il-co-founder-perfetto-per-la-tua-startup-e-lo-sponsor-ideale-per-la-tua-crescita;nessun dato numerico o percentuale nel testo;no
GEO-05;high;generative;"Contenuto senza dati, numeri o fonti citabili";/i-migliori-formati-banner-per-ottimizzare-le-tue-campagne-pubblicitarie;nessun dato numerico o percentuale nel testo;no
GEO-05;high;generative;"Contenuto senza dati, numeri o fonti citabili";/come-crescere-su-instagram-8-tattiche-per-sfruttare-lalgoritmo-e-aumentare-lengagement;nessun dato numerico o percentuale nel testo;no
GEO-05;high;generative;"Contenuto senza dati, numeri o fonti citabili";/tiktok-adv-o-instagram-adv-qual-e-la-piattaforma-migliore-per-la-tua-campagna-online;nessun dato numerico o percentuale nel testo;no
GEO-05;high;generative;"Contenuto senza dati, numeri o fonti citabili";/la-potenza-dei-micro-influencer-e-il-loro-impatto-online-per-le-aziende;nessun dato numerico o percentuale nel testo;no
GEO-05;high;generative;"Contenuto senza dati, numeri o fonti citabili";/integrazione-di-piattaforme-tiktok-e-commerce-un-nuovo-orizzonte-per-i-commercianti-a-palermo;nessun dato numerico o percentuale nel testo;no
GEO-05;high;generative;"Contenuto senza dati, numeri o fonti citabili";/quanto-e-importante-il-feedback-dei-clienti-per-migliorare-il-tuo-business;nessun dato numerico o percentuale nel testo;no
GEO-05;high;generative;"Contenuto senza dati, numeri o fonti citabili";/la-gen-z-e-il-nuovo-percorso-di-acquisto-come-adattare-la-tua-strategia-di-marketing;nessun dato numerico o percentuale nel testo;no
GEO-05;high;generative;"Contenuto senza dati, numeri o fonti citabili";/marketing-sostenibile-cose-e-come-farlo;nessun dato numerico o percentuale nel testo;no
GEO-05;high;generative;"Contenuto senza dati, numeri o fonti citabili";/video-verticali-luso-strategico-per-i-tuoi-social;nessun dato numerico o percentuale nel testo;no
GEO-05;high;generative;"Contenuto senza dati, numeri o fonti citabili";/video-marketing-cose-e-perche-dovresti-farlo;nessun dato numerico o percentuale nel testo;no
GEO-05;high;generative;"Contenuto senza dati, numeri o fonti citabili";/visual-storytelling-una-storia-di-successo;nessun dato numerico o percentuale nel testo;no
GEO-05;high;generative;"Contenuto senza dati, numeri o fonti citabili";/tutti-i-vantaggi-di-scegliere-una-web-agency-per-il-tuo-business;nessun dato numerico o percentuale nel testo;no
GEO-05;high;generative;"Contenuto senza dati, numeri o fonti citabili";/il-diario-segreto-di-una-web-agency-storie-di-successi-digitali;nessun dato numerico o percentuale nel testo;no
GEO-05;high;generative;"Contenuto senza dati, numeri o fonti citabili";/quando-la-web-agency-incontra-lintelligenza-artificiale;nessun dato numerico o percentuale nel testo;no
GEO-05;high;generative;"Contenuto senza dati, numeri o fonti citabili";/siti-web-quando-il-design-incontra-lanima;nessun dato numerico o percentuale nel testo;no
GEO-05;high;generative;"Contenuto senza dati, numeri o fonti citabili";/i-custodi-dei-siti-web-chi-protegge-i-tuoi-dati;nessun dato numerico o percentuale nel testo;no
GEO-05;high;generative;"Contenuto senza dati, numeri o fonti citabili";/siti-web-intelligenti-come-reagiscono-ai-tuoi-bisogni;nessun dato numerico o percentuale nel testo;no
GEO-05;high;generative;"Contenuto senza dati, numeri o fonti citabili";/la-magia-dietro-i-siti-web-che-conquistano;nessun dato numerico o percentuale nel testo;no
GEO-05;high;generative;"Contenuto senza dati, numeri o fonti citabili";/agenzia-di-comunicazione-digitale-il-futuro-della-promozione-online;nessun dato numerico o percentuale nel testo;no
GEO-05;high;generative;"Contenuto senza dati, numeri o fonti citabili";/agenzia-di-comunicazione-creativa-idee-e-strategie-per-il-tuo-brand;nessun dato numerico o percentuale nel testo;no
GEO-05;high;generative;"Contenuto senza dati, numeri o fonti citabili";/agenzia-di-comunicazione-visiva-come-catturare-lattenzione-del-pubblico;nessun dato numerico o percentuale nel testo;no
GEO-05;high;generative;"Contenuto senza dati, numeri o fonti citabili";/agenzia-di-comunicazione-strategica-come-pianificare-il-successo;nessun dato numerico o percentuale nel testo;no
GEO-05;high;generative;"Contenuto senza dati, numeri o fonti citabili";/agenzia-di-comunicazione-per-eventi-trasformare-ogni-occasione-in-opportunita-di-successo;nessun dato numerico o percentuale nel testo;no
GEO-05;high;generative;"Contenuto senza dati, numeri o fonti citabili";/agenzia-di-comunicazione-per-e-commerce-vendere-di-piu-online;nessun dato numerico o percentuale nel testo;no
GEO-05;high;generative;"Contenuto senza dati, numeri o fonti citabili";/agenzia-di-comunicazione-video-limpatto-del-visual-marketing;nessun dato numerico o percentuale nel testo;no
GEO-05;high;generative;"Contenuto senza dati, numeri o fonti citabili";/come-raggiungere-al-meglio-il-proprio-pubblico-strategie-efficaci-per-comunicare-con-successo;nessun dato numerico o percentuale nel testo;no
GEO-05;high;generative;"Contenuto senza dati, numeri o fonti citabili";/perche-hai-bisogno-di-un-social-media-manager-a-palermo;nessun dato numerico o percentuale nel testo;no
GEO-05;high;generative;"Contenuto senza dati, numeri o fonti citabili";/come-strutturare-una-strategia-digitale-efficace;nessun dato numerico o percentuale nel testo;no
GEO-05;high;generative;"Contenuto senza dati, numeri o fonti citabili";/migliorare-lindicizzazione-su-google-strategie-efficaci-per-scalare-la-serp;nessun dato numerico o percentuale nel testo;no
GEO-05;high;generative;"Contenuto senza dati, numeri o fonti citabili";/progettare-un-packaging-efficace-guida-per-valorizzare-il-tuo-prodotto;nessun dato numerico o percentuale nel testo;no
GEO-05;high;generative;"Contenuto senza dati, numeri o fonti citabili";/la-penna-magica-di-unagenzia-di-comunicazione-il-potere-dello-storytelling-che-emoziona-e-conquista;nessun dato numerico o percentuale nel testo;no
GEO-05;high;generative;"Contenuto senza dati, numeri o fonti citabili";/larte-della-comunicazione-di-lusso-strategie-esclusive-per-conquistare-clienti-premium;nessun dato numerico o percentuale nel testo;no
GEO-05;high;generative;"Contenuto senza dati, numeri o fonti citabili";/viaggi-nellera-digitale-come-unagenzia-di-comunicazione-trasforma-il-turismo-in-emozione;nessun dato numerico o percentuale nel testo;no
GEO-05;high;generative;"Contenuto senza dati, numeri o fonti citabili";/strategie-su-misura-come-unagenzia-di-comunicazione-per-pmi-guida-al-successo-nel-mercato-locale;nessun dato numerico o percentuale nel testo;no
GEO-05;high;generative;"Contenuto senza dati, numeri o fonti citabili";/come-unagenzia-di-comunicazione-e-influencer-marketing-trasforma-la-pubblicita-moderna;nessun dato numerico o percentuale nel testo;no
GEO-05;high;generative;"Contenuto senza dati, numeri o fonti citabili";/come-scegliere-unagenzia-di-comunicazione-efficace-la-guida-per-il-successo-del-tuo-brand;nessun dato numerico o percentuale nel testo;no
GEO-05;high;generative;"Contenuto senza dati, numeri o fonti citabili";/servizi-di-comunicazione-digitale-la-chiave-per-il-successo-nel-mondo-online;nessun dato numerico o percentuale nel testo;no
GEO-05;high;generative;"Contenuto senza dati, numeri o fonti citabili";/creazione-di-strategie-di-comunicazione-guida-per-un-successo-garantito;nessun dato numerico o percentuale nel testo;no
GEO-05;high;generative;"Contenuto senza dati, numeri o fonti citabili";/soluzioni-per-la-comunicazione-aziendale-strategie-per-far-crescere-il-tuo-brand;nessun dato numerico o percentuale nel testo;no
GEO-05;high;generative;"Contenuto senza dati, numeri o fonti citabili";/esperti-in-comunicazione-e-branding-il-segreto-per-un-brand-di-successo;nessun dato numerico o percentuale nel testo;no
GEO-05;high;generative;"Contenuto senza dati, numeri o fonti citabili";/branding-da-sogno-come-unagenzia-di-comunicazione-costruisce-unidentita-vincente;nessun dato numerico o percentuale nel testo;no
GEO-05;high;generative;"Contenuto senza dati, numeri o fonti citabili";/strategie-di-marketing-per-aziende-come-costruire-un-piano-di-successo;nessun dato numerico o percentuale nel testo;no
GEO-05;high;generative;"Contenuto senza dati, numeri o fonti citabili";/consulenza-per-la-creazione-di-brand-costruisci-unidentita-vincente;nessun dato numerico o percentuale nel testo;no
GEO-05;high;generative;"Contenuto senza dati, numeri o fonti citabili";/creazione-di-marchi-aziendali-come-costruire-unidentita-forte-e-riconoscibile;nessun dato numerico o percentuale nel testo;no
GEO-05;high;generative;"Contenuto senza dati, numeri o fonti citabili";/come-costruire-un-marchio-di-successo-con-lo-sviluppo-e-gestione-del-brand-a-palermo;nessun dato numerico o percentuale nel testo;no
GEO-05;high;generative;"Contenuto senza dati, numeri o fonti citabili";/gestione-della-reputazione-online-come-proteggere-e-migliorare-limmagine-del-tuo-brand;nessun dato numerico o percentuale nel testo;no
GEO-05;high;generative;"Contenuto senza dati, numeri o fonti citabili";/comunicazione-per-la-crescita-aziendale-strategie-per-raggiungere-il-successo;nessun dato numerico o percentuale nel testo;no
GEO-05;high;generative;"Contenuto senza dati, numeri o fonti citabili";/agenzia-tiktok-come-sfruttare-il-potenziale-di-tiktok-per-il-tuo-brand;nessun dato numerico o percentuale nel testo;no
GEO-05;high;generative;"Contenuto senza dati, numeri o fonti citabili";/come-funzionano-le-agenzie-su-tiktok-scopri-come-potenziare-il-tuo-brand;nessun dato numerico o percentuale nel testo;no
GEO-05;high;generative;"Contenuto senza dati, numeri o fonti citabili";/come-si-fa-a-crescere-su-tiktok-strategie-per-aumentare-visibilita-e-engagement;nessun dato numerico o percentuale nel testo;no
GEO-05;high;generative;"Contenuto senza dati, numeri o fonti citabili";/agenzia-per-eventi-a-palermo-come-organizzare-eventi-indimenticabili;nessun dato numerico o percentuale nel testo;no
GEO-05;high;generative;"Contenuto senza dati, numeri o fonti citabili";/organizzare-eventi-a-palermo-come-creare-esperienze-indimenticabili;nessun dato numerico o percentuale nel testo;no
GEO-05;high;generative;"Contenuto senza dati, numeri o fonti citabili";/come-organizzare-eventi-aziendali-di-successo-strategie-vincenti-per-il-tuo-business;nessun dato numerico o percentuale nel testo;no
GEO-05;high;generative;"Contenuto senza dati, numeri o fonti citabili";/come-realizzare-un-evento-di-lancio-prodotto-di-successo-a-palermo;nessun dato numerico o percentuale nel testo;no
GEO-05;high;generative;"Contenuto senza dati, numeri o fonti citabili";/come-gestire-eventi-privati-con-successo-dalla-festa-di-compleanno-a-eventi-esclusivi;nessun dato numerico o percentuale nel testo;no
GEO-05;high;generative;"Contenuto senza dati, numeri o fonti citabili";/social-media-manager-a-palermo-come-scegliere-il-professionista-giusto-per-il-tuo-brand;nessun dato numerico o percentuale nel testo;no
GEO-05;high;generative;"Contenuto senza dati, numeri o fonti citabili";/social-media-manager-per-e-commerce-aumentare-le-vendite-con-strategie-mirate;nessun dato numerico o percentuale nel testo;no
GEO-05;high;generative;"Contenuto senza dati, numeri o fonti citabili";/il-ruolo-di-un-social-media-manager-nelle-piccole-e-medie-imprese;nessun dato numerico o percentuale nel testo;no
GEO-05;high;generative;"Contenuto senza dati, numeri o fonti citabili";/come-il-social-media-manager-puo-potenziare-la-tua-strategia-di-content-marketing;nessun dato numerico o percentuale nel testo;no
GEO-05;high;generative;"Contenuto senza dati, numeri o fonti citabili";/come-diventare-un-social-media-manager-di-successo-guida-passo-dopo-passo;nessun dato numerico o percentuale nel testo;no
GEO-05;high;generative;"Contenuto senza dati, numeri o fonti citabili";/che-cosa-fa-una-social-media-manager;nessun dato numerico o percentuale nel testo;no
GEO-05;high;generative;"Contenuto senza dati, numeri o fonti citabili";/quanto-costa-farsi-gestire-un-profilo-instagram;nessun dato numerico o percentuale nel testo;no
GEO-05;high;generative;"Contenuto senza dati, numeri o fonti citabili";/5-errori-silenziosi-che-stai-commettendo-nel-tuo-sito-web-aziendale;nessun dato numerico o percentuale nel testo;no
GEO-05;high;generative;"Contenuto senza dati, numeri o fonti citabili";/strategie-digitali-per-artigiani-locali-come-vendere-di-piu-online-marketing;nessun dato numerico o percentuale nel testo;no
GEO-05;high;generative;"Contenuto senza dati, numeri o fonti citabili";/il-potere-delle-landing-page-per-attivita-locali-converti-i-clienti-della-tua-citta;nessun dato numerico o percentuale nel testo;no
GEO-05;high;generative;"Contenuto senza dati, numeri o fonti citabili";/micro-influencer-locale-come-usarli-per-far-crescere-la-tua-azienda-marketing-palermo;nessun dato numerico o percentuale nel testo;no
GEO-05;high;generative;"Contenuto senza dati, numeri o fonti citabili";/posizionamento-zero-su-google-cose-e-come-ottenerlo;nessun dato numerico o percentuale nel testo;no
GEO-05;high;generative;"Contenuto senza dati, numeri o fonti citabili";/come-unire-seo-e-branding-visivo-in-un-solo-progetto-web;nessun dato numerico o percentuale nel testo;no
GEO-05;high;generative;"Contenuto senza dati, numeri o fonti citabili";/leffetto-domino-delle-recensioni-online-per-le-attivita-locali;nessun dato numerico o percentuale nel testo;no
GEO-05;high;generative;"Contenuto senza dati, numeri o fonti citabili";/seo-per-podcast-e-audio-contenuti-come-farli-trovare-online;nessun dato numerico o percentuale nel testo;no
GEO-05;high;generative;"Contenuto senza dati, numeri o fonti citabili";/siti-one-page-quando-funzionano-davvero;nessun dato numerico o percentuale nel testo;no
GEO-05;high;generative;"Contenuto senza dati, numeri o fonti citabili";/strategie-digitali-per-chi-apre-una-start-up-culturale-a-palermo;nessun dato numerico o percentuale nel testo;no
GEO-05;high;generative;"Contenuto senza dati, numeri o fonti citabili";/come-promuovere-la-tua-casa-vacanze-con-il-marketing-locale-digitale;nessun dato numerico o percentuale nel testo;no
GEO-05;high;generative;"Contenuto senza dati, numeri o fonti citabili";/brand-identity-per-artisti-e-creativi-distinguersi-online-in-modo-autentico;nessun dato numerico o percentuale nel testo;no
GEO-05;high;generative;"Contenuto senza dati, numeri o fonti citabili";/il-ruolo-del-marketing-digitale-per-le-librerie-indipendenti;nessun dato numerico o percentuale nel testo;no
GEO-05;high;generative;"Contenuto senza dati, numeri o fonti citabili";/comunicazione-digitale-per-associazioni-no-profit-come-farsi-conoscere;nessun dato numerico o percentuale nel testo;no
GEO-05;high;generative;"Contenuto senza dati, numeri o fonti citabili";/strategie-web-per-eventi-teatrali-e-spettacoli-indipendenti;nessun dato numerico o percentuale nel testo;no
GEO-05;high;generative;"Contenuto senza dati, numeri o fonti citabili";/digitale-e-tradizione-come-promuovere-botteghe-storiche-con-nuove-strategie-comunicazione;nessun dato numerico o percentuale nel testo;no
GEO-05;high;generative;"Contenuto senza dati, numeri o fonti citabili";/formazione-online-come-promuovere-il-tuo-corso-o-workshop-sul-web;nessun dato numerico o percentuale nel testo;no
GEO-05;high;generative;"Contenuto senza dati, numeri o fonti citabili";/dalla-strada-al-web-come-promuovere-un-food-truck-a-palermo;nessun dato numerico o percentuale nel testo;no
GEO-05;high;generative;"Contenuto senza dati, numeri o fonti citabili";/digital-strategy-per-laboratori-di-analisi-come-farsi-scegliere-online;nessun dato numerico o percentuale nel testo;no
GEO-05;high;generative;"Contenuto senza dati, numeri o fonti citabili";/come-comunicare-online-per-una-scuola-di-musica-o-danza-a-palermo;nessun dato numerico o percentuale nel testo;no
GEO-05;high;generative;"Contenuto senza dati, numeri o fonti citabili";/come-far-crescere-una-sartoria-o-atelier-online-strategie-su-misura;nessun dato numerico o percentuale nel testo;no
GEO-05;high;generative;"Contenuto senza dati, numeri o fonti citabili";/pet-business-come-farsi-conoscere-online-con-una-comunicazione-mirata;nessun dato numerico o percentuale nel testo;no
GEO-05;high;generative;"Contenuto senza dati, numeri o fonti citabili";/vendere-arte-online-come-costruire-una-strategia-digitale-per-gallerie-e-artisti;nessun dato numerico o percentuale nel testo;no
GEO-05;high;generative;"Contenuto senza dati, numeri o fonti citabili";/ristorazione-vegetariana-e-vegana-come-comunicare-i-tuoi-valori-online;nessun dato numerico o percentuale nel testo;no
GEO-05;high;generative;"Contenuto senza dati, numeri o fonti citabili";/digital-strategy-per-wedding-planner-e-servizi-per-eventi-privati;nessun dato numerico o percentuale nel testo;no
GEO-05;high;generative;"Contenuto senza dati, numeri o fonti citabili";/consulenti-psicologi-e-coach-come-trovare-clienti-online-a-palermo;nessun dato numerico o percentuale nel testo;no
GEO-05;high;generative;"Contenuto senza dati, numeri o fonti citabili";/come-lanciare-prodotti-tipici-siciliani-online-vendita;nessun dato numerico o percentuale nel testo;no
GEO-05;high;generative;"Contenuto senza dati, numeri o fonti citabili";/servizi-alla-persona-promuovere-online-estetiste-massaggiatori-e-parrucchieri;nessun dato numerico o percentuale nel testo;no
GEO-05;high;generative;"Contenuto senza dati, numeri o fonti citabili";/digital-branding-per-studi-legali-e-professionisti-del-diritto;nessun dato numerico o percentuale nel testo;no
GEO-05;high;generative;"Contenuto senza dati, numeri o fonti citabili";/come-comunicare-in-modo-efficacer-studi-di-fisioterapia;nessun dato numerico o percentuale nel testo;no
GEO-05;high;generative;"Contenuto senza dati, numeri o fonti citabili";/psicologi-online-come-promuoversi-nel-rispetto-della-deontologia;nessun dato numerico o percentuale nel testo;no
GEO-05;high;generative;"Contenuto senza dati, numeri o fonti citabili";/come-promuovere-un-centro-odontoiatrico-sul-web-senza-perdere-serieta;nessun dato numerico o percentuale nel testo;no
GEO-05;high;generative;"Contenuto senza dati, numeri o fonti citabili";/farmacie-e-parafarmacie-strategie-locali-per-aumentare-la-clientela;nessun dato numerico o percentuale nel testo;no
GEO-05;high;generative;"Contenuto senza dati, numeri o fonti citabili";/come-far-crescere-un-centro-logopedico-con-il-supporto-digitale;nessun dato numerico o percentuale nel testo;no
GEO-05;high;generative;"Contenuto senza dati, numeri o fonti citabili";/visibilita-online-per-nutrizionisti-e-biologi-cosa-funziona-davvero;nessun dato numerico o percentuale nel testo;no
GEO-05;high;generative;"Contenuto senza dati, numeri o fonti citabili";/come-lanciare-una-clinica-estetica-digital-branding-per-la-bellezza;nessun dato numerico o percentuale nel testo;no
GEO-05;high;generative;"Contenuto senza dati, numeri o fonti citabili";/servizi-veterinari-come-raggiungere-piu-clienti-online-in-modo-etico;nessun dato numerico o percentuale nel testo;no
GEO-05;high;generative;"Contenuto senza dati, numeri o fonti citabili";/come-farsi-scegliere-online-come-ostetrica-o-operatore-del-benessere-femminile;nessun dato numerico o percentuale nel testo;no
GEO-05;high;generative;"Contenuto senza dati, numeri o fonti citabili";/digital-strategy-per-studi-di-podologia-e-professionisti-del-piede;nessun dato numerico o percentuale nel testo;no
GEO-05;high;generative;"Contenuto senza dati, numeri o fonti citabili";/come-promuovere-online-una-scuola-privata-o-centro-di-formazione-a-palermo;nessun dato numerico o percentuale nel testo;no
GEO-05;high;generative;"Contenuto senza dati, numeri o fonti citabili";/comunicazione-per-architetti-e-interior-designer-il-progetto-parte-dal-web;nessun dato numerico o percentuale nel testo;no
GEO-05;high;generative;"Contenuto senza dati, numeri o fonti citabili";/come-far-crescere-unazienda-agricola-con-e-commerce-e-promozione-locale;nessun dato numerico o percentuale nel testo;no
GEO-05;high;generative;"Contenuto senza dati, numeri o fonti citabili";/pet-sitter-e-pensioni-per-animali-come-attirare-piu-clienti-online;nessun dato numerico o percentuale nel testo;no
GEO-05;high;generative;"Contenuto senza dati, numeri o fonti citabili";/servizi-per-linfanzia-come-farsi-conoscere-online-come-baby-sitter-o-tata-qualificata;nessun dato numerico o percentuale nel testo;no
GEO-05;high;generative;"Contenuto senza dati, numeri o fonti citabili";/come-promuovere-online-una-cooperativa-sociale-a-palermo;nessun dato numerico o percentuale nel testo;no
GEO-05;high;generative;"Contenuto senza dati, numeri o fonti citabili";/digital-strategy-per-agenzie-investigative-e-professionisti-della-sicurezza;nessun dato numerico o percentuale nel testo;no
GEO-05;high;generative;"Contenuto senza dati, numeri o fonti citabili";/comunicazione-per-traduttori-e-interpreti-come-trovare-clienti-online;nessun dato numerico o percentuale nel testo;no
GEO-05;high;generative;"Contenuto senza dati, numeri o fonti citabili";/social-media-manager-a-palermo-quanto-conta-davvero-per-unazienda-locale;nessun dato numerico o percentuale nel testo;no
GEO-05;high;generative;"Contenuto senza dati, numeri o fonti citabili";/agenzia-marketing-a-palermo-come-sceglierne-una-adatta-alla-tua-attivita;nessun dato numerico o percentuale nel testo;no
GEO-05;high;generative;"Contenuto senza dati, numeri o fonti citabili";/web-agency-a-palermo-per-professionisti-siti-e-strategie-personalizzate;nessun dato numerico o percentuale nel testo;no
GEO-05;high;generative;"Contenuto senza dati, numeri o fonti citabili";/contenuti-che-spopolano-sui-social;nessun dato numerico o percentuale nel testo;no
GEO-05;high;generative;"Contenuto senza dati, numeri o fonti citabili";/i-segreti-dei-video-virali-tecniche-e-strumenti-da-conoscere;nessun dato numerico o percentuale nel testo;no
GEO-05;high;generative;"Contenuto senza dati, numeri o fonti citabili";/come-trasformare-unidea-in-un-video-virale-di-successo;nessun dato numerico o percentuale nel testo;no
GEO-05;high;generative;"Contenuto senza dati, numeri o fonti citabili";/scopri-come-un-semplice-video-ha-raggiunto-1-milione-di-visualizzazioni-in-24-ore;nessun dato numerico o percentuale nel testo;no
GEO-05;high;generative;"Contenuto senza dati, numeri o fonti citabili";/3-trucchi-per-rendere-i-tuoi-reels-irresistibili;nessun dato numerico o percentuale nel testo;no
GEO-05;high;generative;"Contenuto senza dati, numeri o fonti citabili";/scopri-strategie-efficaci-per-creare-reels;nessun dato numerico o percentuale nel testo;no
GEO-05;high;generative;"Contenuto senza dati, numeri o fonti citabili";/creare-reels-che-tutti-vogliono-condividere;nessun dato numerico o percentuale nel testo;no
GEO-05;high;generative;"Contenuto senza dati, numeri o fonti citabili";/challenge-virali-come-sfruttarle-per-aumentare-la-tua-visibilita;nessun dato numerico o percentuale nel testo;no
GEO-05;high;generative;"Contenuto senza dati, numeri o fonti citabili";/parole-chiave-e-viralita-il-connubio-perfetto-per-i-tuoi-video;nessun dato numerico o percentuale nel testo;no
GEO-05;high;generative;"Contenuto senza dati, numeri o fonti citabili";/vuoi-dominare-i-social-a-palermo-affidati-ai-migliori;nessun dato numerico o percentuale nel testo;no
GEO-05;high;generative;"Contenuto senza dati, numeri o fonti citabili";/algoritmo-instagram-come-funziona-davvero;nessun dato numerico o percentuale nel testo;no
GEO-05;high;generative;"Contenuto senza dati, numeri o fonti citabili";/strategie-instagram-per-far-crescere-un-profilo-aziendale;nessun dato numerico o percentuale nel testo;no
GEO-05;high;generative;"Contenuto senza dati, numeri o fonti citabili";/perche-i-tuoi-reel-non-fanno-visualizzazioni;nessun dato numerico o percentuale nel testo;no
GEO-05;high;generative;"Contenuto senza dati, numeri o fonti citabili";/come-finire-negli-esplora-di-instagram;nessun dato numerico o percentuale nel testo;no
GEO-05;high;generative;"Contenuto senza dati, numeri o fonti citabili";/instagram-per-aziende-errori-da-evitare;nessun dato numerico o percentuale nel testo;no
GEO-05;high;generative;"Contenuto senza dati, numeri o fonti citabili";/come-creare-reel-virali-su-instagram;nessun dato numerico o percentuale nel testo;no
GEO-05;high;generative;"Contenuto senza dati, numeri o fonti citabili";/le-migliori-strategie-instagram-per-vendere-di-piu;nessun dato numerico o percentuale nel testo;no
GEO-05;high;generative;"Contenuto senza dati, numeri o fonti citabili";/come-aumentare-lengagement-su-instagram;nessun dato numerico o percentuale nel testo;no
GEO-05;high;generative;"Contenuto senza dati, numeri o fonti citabili";/come-aumentare-le-visualizzazioni-su-tiktok;nessun dato numerico o percentuale nel testo;no
GEO-05;high;generative;"Contenuto senza dati, numeri o fonti citabili";/algoritmo-tiktok-tutto-quello-che-devi-sapere;nessun dato numerico o percentuale nel testo;no
GEO-05;high;generative;"Contenuto senza dati, numeri o fonti citabili";/perche-i-video-tiktok-fanno-poche-visualizzazioni;nessun dato numerico o percentuale nel testo;no
GEO-05;high;generative;"Contenuto senza dati, numeri o fonti citabili";/come-andare-virale-su-tiktok;nessun dato numerico o percentuale nel testo;no
GEO-05;high;generative;"Contenuto senza dati, numeri o fonti citabili";/strategie-tiktok-per-aziende;nessun dato numerico o percentuale nel testo;no
GEO-05;high;generative;"Contenuto senza dati, numeri o fonti citabili";/tiktok-per-negozi-conviene-davvero;nessun dato numerico o percentuale nel testo;no
GEO-05;high;generative;"Contenuto senza dati, numeri o fonti citabili";/quanto-dura-un-video-tiktok-ideale;nessun dato numerico o percentuale nel testo;no
GEO-05;high;generative;"Contenuto senza dati, numeri o fonti citabili";/come-far-crescere-il-tuo-profilo-in-6-giorni;nessun dato numerico o percentuale nel testo;no
GEO-05;high;generative;"Contenuto senza dati, numeri o fonti citabili";/come-far-crescere-il-tuo-profilo-tiktok-in-6-giorni;nessun dato numerico o percentuale nel testo;no
GEO-05;high;generative;"Contenuto senza dati, numeri o fonti citabili";/produzione-video-a-palermo-come-scegliere-lagenzia-giusta;nessun dato numerico o percentuale nel testo;no
GEO-05;high;generative;"Contenuto senza dati, numeri o fonti citabili";/video-aziendali-a-palermo-perche-aumentano-le-vendite;nessun dato numerico o percentuale nel testo;no
GEO-05;high;generative;"Contenuto senza dati, numeri o fonti citabili";/creazione-video-virali-palermo;nessun dato numerico o percentuale nel testo;no
GEO-05;high;generative;"Contenuto senza dati, numeri o fonti citabili";/produzione-video-virali-palermo;nessun dato numerico o percentuale nel testo;no
GEO-05;high;generative;"Contenuto senza dati, numeri o fonti citabili";/realizzazione-video-virali-palermo;nessun dato numerico o percentuale nel testo;no
GEO-05;high;generative;"Contenuto senza dati, numeri o fonti citabili";/creazione-video-virali-sicilia;nessun dato numerico o percentuale nel testo;no
GEO-05;high;generative;"Contenuto senza dati, numeri o fonti citabili";/produzione-video-virali-sicilia;nessun dato numerico o percentuale nel testo;no
GEO-05;high;generative;"Contenuto senza dati, numeri o fonti citabili";/realizzazione-video-sicilia;nessun dato numerico o percentuale nel testo;no
GEO-05;high;generative;"Contenuto senza dati, numeri o fonti citabili";/produzione-video-virali-per-la-tua-attivita-palermo;nessun dato numerico o percentuale nel testo;no
GEO-05;high;generative;"Contenuto senza dati, numeri o fonti citabili";/realizzazione-video-virali-trapani;nessun dato numerico o percentuale nel testo;no
GEO-05;high;generative;"Contenuto senza dati, numeri o fonti citabili";/produzione-video-palermo-perche-oggi-e-indispensabile-per-ogni-azienda;nessun dato numerico o percentuale nel testo;no
GEO-05;high;generative;"Contenuto senza dati, numeri o fonti citabili";/video-promozionali-per-la-tua-azienda-palermo-funzionano-davvero;nessun dato numerico o percentuale nel testo;no
GEO-05;high;generative;"Contenuto senza dati, numeri o fonti citabili";/produzione-video-professionale-palermo-tutto-quello-che-devi-sapere;nessun dato numerico o percentuale nel testo;no
GEO-05;high;generative;"Contenuto senza dati, numeri o fonti citabili";/come-trasformare-un-semplice-video-in-un-contenuto-virale-a-palermo;nessun dato numerico o percentuale nel testo;no
GEO-05;high;generative;"Contenuto senza dati, numeri o fonti citabili";/perche-ogni-attivita-di-palermo-dovrebbe-pubblicare-video-2;nessun dato numerico o percentuale nel testo;no
LNK-02;high;links;Nessun link interno in uscita;/privacy-policy;0 link interni in uscita;sì
LNK-02;high;links;Nessun link interno in uscita;/realizzazione-siti-web-a-palermo;0 link interni in uscita;sì
LNK-02;high;links;Nessun link interno in uscita;/digital-marketing-palermo;0 link interni in uscita;sì
LNK-02;high;links;Nessun link interno in uscita;/produzione-video-palermo;0 link interni in uscita;sì
LNK-02;high;links;Nessun link interno in uscita;/realizzazione-e-commerce-palermo;0 link interni in uscita;sì
LNK-02;high;links;Nessun link interno in uscita;/graphic-design-palermo;0 link interni in uscita;sì
LNK-02;high;links;Nessun link interno in uscita;/sviluppo-crm-gestionali-palermo;0 link interni in uscita;sì
LNK-02;high;links;Nessun link interno in uscita;/naming-palermo;0 link interni in uscita;sì
LNK-02;high;links;Nessun link interno in uscita;/stampe-digitali-palermo;0 link interni in uscita;sì
LNK-02;high;links;Nessun link interno in uscita;/lavora-con-noi;0 link interni in uscita;sì
LNK-02;high;links;Nessun link interno in uscita;/innovazione-digitale-pmi-competitive;0 link interni in uscita;sì
LNK-02;high;links;Nessun link interno in uscita;/innovazione-digitale-palermo;0 link interni in uscita;sì
LNK-02;high;links;Nessun link interno in uscita;/cybersecurity-per-aziende;0 link interni in uscita;sì
LNK-02;high;links;Nessun link interno in uscita;/strategia-marketing-digitale;0 link interni in uscita;sì
LNK-02;high;links;Nessun link interno in uscita;/campagne-ai-driven-marketing-automation;0 link interni in uscita;sì
LNK-02;high;links;Nessun link interno in uscita;/gestione-social-media-presenza-online;0 link interni in uscita;sì
LNK-02;high;links;Nessun link interno in uscita;/design-responsivo-sito-web-successo-online;0 link interni in uscita;sì
LNK-02;high;links;Nessun link interno in uscita;/perche-un-sito-web-professionale-e-la-chiave-del-successo-per-ogni-impresa;0 link interni in uscita;sì
LNK-02;high;links;Nessun link interno in uscita;/reputazione_online_cose_perche_conta_e_come_verificarla;0 link interni in uscita;sì
LNK-02;high;links;Nessun link interno in uscita;/come-creare-una-landing-page-efficace;0 link interni in uscita;sì
LNK-02;high;links;Nessun link interno in uscita;/branded-content-come-raccontare-il-tuo-brand-con-max-digital-innovation;0 link interni in uscita;sì
LNK-02;high;links;Nessun link interno in uscita;/cookie-cosa-sono-e-a-che-servono;0 link interni in uscita;sì
LNK-02;high;links;Nessun link interno in uscita;/privacy-policy;0 link interni in uscita;sì
LNK-02;high;links;Nessun link interno in uscita;/scopri-come-aumentare-posizionamento-seo-per-il-tuo-sito-web-su-google;0 link interni in uscita;sì
LNK-02;high;links;Nessun link interno in uscita;/tipologie-di-siti-web-la-guida-definitiva-per-imprenditori;0 link interni in uscita;sì
LNK-02;high;links;Nessun link interno in uscita;/tiktok-ads-manager-guida-completa-su-come-gestire-le-tue-campagne-su-tiktok;0 link interni in uscita;sì
LNK-02;high;links;Nessun link interno in uscita;/dem-marketing-come-usarlo-nel-2024-per-massimizzare-i-risultati;0 link interni in uscita;sì
LNK-02;high;links;Nessun link interno in uscita;/business-innovation-cosa-chiede-il-mercato-oggi;0 link interni in uscita;sì
LNK-02;high;links;Nessun link interno in uscita;/5-consigli-preziosi-per-pubblicizzare-la-propria-azienda-a-palermo-su-google;0 link interni in uscita;sì
LNK-02;high;links;Nessun link interno in uscita;/realizzazione-siti-web-per-bb-a-palermo-hotel-motel-e-strutture-ricettive-tutto-quello-che-ce-da-sapere;0 link interni in uscita;sì
LNK-02;high;links;Nessun link interno in uscita;/hai-bisogno-di-pubblicizzare-il-tuo-ristorante-a-palermo-ecco-come-possiamo-aiutarti;0 link interni in uscita;sì
LNK-02;high;links;Nessun link interno in uscita;/ecco-perche-un-sito-web-a-palermo-e-cosi-essenziale-per-la-tua-attivita;0 link interni in uscita;sì
LNK-02;high;links;Nessun link interno in uscita;/gestione-social-media-a-palermo-come-la-nostra-agenzia-di-comunicazione-cura-i-tuoi-social-media;0 link interni in uscita;sì
LNK-02;high;links;Nessun link interno in uscita;/loghi-per-la-tua-azienda-a-palermo-caratteristiche-e-come-crearne-uno-efficace;0 link interni in uscita;sì
LNK-02;high;links;Nessun link interno in uscita;/ottimizzare-la-comunicazione-grazie-allutilizzo-di-call-to-action-efficaci-per-il-tuo-sito-web-a-palermo;0 link interni in uscita;sì
LNK-02;high;links;Nessun link interno in uscita;/11-trend-marketing-a-palermo-per-e-commerce-marketing-che-faranno-crescere-il-tuo-e-commerce;0 link interni in uscita;sì
LNK-02;high;links;Nessun link interno in uscita;/come-fare-pubblicita-a-palermo-su-internet-guida-per-principianti;0 link interni in uscita;sì
LNK-02;high;links;Nessun link interno in uscita;/campagne-pubblicitarie-a-palermo-la-soluzione-per-far-crescere-il-tuo-business;0 link interni in uscita;sì
LNK-02;high;links;Nessun link interno in uscita;/pubblicita-su-tiktok-a-palermo-come-aiutiamo-la-tua-azienda-a-crescere;0 link interni in uscita;sì
LNK-02;high;links;Nessun link interno in uscita;/web-agency-a-palermo-il-design-che-parte-dal-brand;0 link interni in uscita;sì
LNK-02;high;links;Nessun link interno in uscita;/b2b-a-palermo-cosa-puo-imparare-dal-b2c-per-sfruttare-al-meglio-il-digitale;0 link interni in uscita;sì
LNK-02;high;links;Nessun link interno in uscita;/strategie-di-content-marketing-per-le-piccole-imprese-a-palermo;0 link interni in uscita;sì
LNK-02;high;links;Nessun link interno in uscita;/web-marketing-per-palestre-e-centri-sportivi;0 link interni in uscita;sì
LNK-02;high;links;Nessun link interno in uscita;/mi-serve-davvero-un-sito-web-aziendale;0 link interni in uscita;sì
LNK-02;high;links;Nessun link interno in uscita;/quali-sono-i-servizi-offerti-da-unagenzia-di-comunicazione-a-palermo;0 link interni in uscita;sì
LNK-02;high;links;Nessun link interno in uscita;/le-commerce-in-italia-sta-cambiando-con-lintelligenza-artificiale;0 link interni in uscita;sì
LNK-02;high;links;Nessun link interno in uscita;/il-marketing-per-attivita-locali-i-vantaggi-di-affidarsi-a-una-web-agency;0 link interni in uscita;sì
LNK-02;high;links;Nessun link interno in uscita;/i-social-media-gli-alleati-per-il-tuo-e-commerce;0 link interni in uscita;sì
LNK-02;high;links;Nessun link interno in uscita;/marketing-online-per-la-tua-concessionaria;0 link interni in uscita;sì
LNK-02;high;links;Nessun link interno in uscita;/marketing-online-per-il-tuo-negozio-di-abbigliamento;0 link interni in uscita;sì
LNK-02;high;links;Nessun link interno in uscita;/web-marketing-per-la-tua-parruccheria;0 link interni in uscita;sì
LNK-02;high;links;Nessun link interno in uscita;/come-promuovere-il-tuo-salone-di-bellezza-a-palermo;0 link interni in uscita;sì
LNK-02;high;links;Nessun link interno in uscita;/come-pubblicizzare-la-tua-ottica-a-palermo;0 link interni in uscita;sì
LNK-02;high;links;Nessun link interno in uscita;/come-pubblicizzare-la-tua-pizzeria;0 link interni in uscita;sì
LNK-02;high;links;Nessun link interno in uscita;/gestione-marketing-per-il-tuo-pub;0 link interni in uscita;sì
LNK-02;high;links;Nessun link interno in uscita;/idee-creative-per-pubblicizzare-la-tua-panineria;0 link interni in uscita;sì
LNK-02;high;links;Nessun link interno in uscita;/gestione-marketing-per-la-tua-hamburgeria;0 link interni in uscita;sì
LNK-02;high;links;Nessun link interno in uscita;/strategie-di-marketing-di-successo-i-passi-fondamentali-per-distinguersi-nel-mercato;0 link interni in uscita;sì
LNK-02;high;links;Nessun link interno in uscita;/pubblicita-per-il-tuo-brand-a-palermo-come-differenziarsi-dalla-massa;0 link interni in uscita;sì
LNK-02;high;links;Nessun link interno in uscita;/restare-al-passo-coi-trend-e-difficile-scopri-come-unagenzia-di-comunicazione-puo-aiutarti;0 link interni in uscita;sì
LNK-02;high;links;Nessun link interno in uscita;/hai-bisogno-di-uno-store-online-per-la-tua-attivita-offriamo-realizzazione-e-commerce-a-palermo;0 link interni in uscita;sì
LNK-02;high;links;Nessun link interno in uscita;/vendita-online-a-palermo-sui-social-unottima-vetrina-per-i-tuoi-prodotti;0 link interni in uscita;sì
LNK-02;high;links;Nessun link interno in uscita;/sito-web-per-artisti-fai-conoscere-la-tua-arte;0 link interni in uscita;sì
LNK-02;high;links;Nessun link interno in uscita;/quanto-costa-un-sito-web-a-palermo;0 link interni in uscita;sì
LNK-02;high;links;Nessun link interno in uscita;/usa-la-local-seo-e-porta-il-tuo-business-al-top;0 link interni in uscita;sì
LNK-02;high;links;Nessun link interno in uscita;/mobile-marketing-e-micro-momenti;0 link interni in uscita;sì
LNK-02;high;links;Nessun link interno in uscita;/social-media-marketing-nel-settore-arredamento;0 link interni in uscita;sì
LNK-02;high;links;Nessun link interno in uscita;/il-web-design-e-la-sua-evoluzione;0 link interni in uscita;sì
LNK-02;high;links;Nessun link interno in uscita;/marketing-esperienziale-coinvolgi-il-pubblico-con-esperienze-uniche;0 link interni in uscita;sì
LNK-02;high;links;Nessun link interno in uscita;/come-creare-siti-web-professionali-e-di-qualita;0 link interni in uscita;sì
LNK-02;high;links;Nessun link interno in uscita;/come-scegliere-lagenzia-pubblicitaria-a-palermo-ideale-per-la-vostra-azienda;0 link interni in uscita;sì
LNK-02;high;links;Nessun link interno in uscita;/10-modi-per-migliorare-la-visibilita-del-tuo-sito-web-sui-motori-di-ricerca;0 link interni in uscita;sì
LNK-02;high;links;Nessun link interno in uscita;/web-agency-a-palermo-per-creare-un-sito-professionale;0 link interni in uscita;sì
LNK-02;high;links;Nessun link interno in uscita;/digital-agency-a-palermo-la-soluzione-completa-per-la-tua-presenza-online;0 link interni in uscita;sì
LNK-02;high;links;Nessun link interno in uscita;/creare-un-video-aziendale-efficace-coinvolgente-e-professionale;0 link interni in uscita;sì
LNK-02;high;links;Nessun link interno in uscita;/rendi-la-tua-azienda-digitale-trasformazione-e-innovazione-a-palermo;0 link interni in uscita;sì
LNK-02;high;links;Nessun link interno in uscita;/come-migliorare-la-tua-brand-reputation-con-le-attivita-di-digital-marketing;0 link interni in uscita;sì
LNK-02;high;links;Nessun link interno in uscita;/come-realizzare-un-sito-web-efficace-le-migliori-alternative-per-creare-un-percorso-di-successo-online;0 link interni in uscita;sì
LNK-02;high;links;Nessun link interno in uscita;/sito-web-accessibile-cose-come-crearlo-e-perche-e-importante;0 link interni in uscita;sì
LNK-02;high;links;Nessun link interno in uscita;/privacy-policy-sito-web-cose-e-come-scriverla-correttamente;0 link interni in uscita;sì
LNK-02;high;links;Nessun link interno in uscita;/le-11-regole-per-un-sito-web-efficace;0 link interni in uscita;sì
LNK-02;high;links;Nessun link interno in uscita;/creare-un-sito-web-a-palermo-le-caratteristiche-di-unarchitettura-efficace;0 link interni in uscita;sì
LNK-02;high;links;Nessun link interno in uscita;/strategie-di-web-reputation-come-costruire-gestire-e-misurare-la-percezione-online;0 link interni in uscita;sì
LNK-02;high;links;Nessun link interno in uscita;/sognavi-un-hotel-sempre-pieno-il-web-marketing-per-il-turismo-puo-trasformare-il-tuo-sogno-in-realta;0 link interni in uscita;sì
LNK-02;high;links;Nessun link interno in uscita;/google-ai-search-la-nuova-era-della-ricerca-intelligente-e-le-opportunita-per-il-marketing;0 link interni in uscita;sì
LNK-02;high;links;Nessun link interno in uscita;/aumentare-le-vendite-ecommerce-non-sei-soddisfatto-della-tua-agenzia;0 link interni in uscita;sì
LNK-02;high;links;Nessun link interno in uscita;/come-essere-in-prima-pagina-su-google-le-bugie-piu-diffuse-sulla-seo;0 link interni in uscita;sì
LNK-02;high;links;Nessun link interno in uscita;/gestione-marketing-per-la-tua-enoteca;0 link interni in uscita;sì
LNK-02;high;links;Nessun link interno in uscita;/gestione-marketing-per-il-tuo-fast-food;0 link interni in uscita;sì
LNK-02;high;links;Nessun link interno in uscita;/gestione-social-media-per-la-tua-attivita;0 link interni in uscita;sì
LNK-02;high;links;Nessun link interno in uscita;/marketing-e-pubblicita-a-palermo-tutti-i-tipi-di-pubblicita-per-far-crescere-la-tua-attivita;0 link interni in uscita;sì
LNK-02;high;links;Nessun link interno in uscita;/vuoi-aprire-unattivita-a-palermo-e-non-sai-a-chi-affidarti-ecco-come-fare-gestione-marketing-attivita-a-palermo;0 link interni in uscita;sì
LNK-02;high;links;Nessun link interno in uscita;/la-tua-agenzia-di-marketing-a-palermo-per-una-crescita-su-misura;0 link interni in uscita;sì
LNK-02;high;links;Nessun link interno in uscita;/quanto-costa-realizzare-un-cartello-pubblicitario-a-palermo;0 link interni in uscita;sì
LNK-02;high;links;Nessun link interno in uscita;/cosa-fare-per-indicizzare-il-tuo-sito-web;0 link interni in uscita;sì
LNK-02;high;links;Nessun link interno in uscita;/non-sai-come-sponsorizzare-il-tuo-progetto-artistico-scopri-le-strategie-vincenti;0 link interni in uscita;sì
LNK-02;high;links;Nessun link interno in uscita;/il-partner-giusto-per-il-tuo-successo-come-trovare-uno-sponsor-affidabile-a-palermo;0 link interni in uscita;sì
LNK-02;high;links;Nessun link interno in uscita;/marketing-per-imprese-edili;0 link interni in uscita;sì
LNK-02;high;links;Nessun link interno in uscita;/web-agency-a-palermo-la-guida-completa-per-far-crescere-la-tua-attivita-online;0 link interni in uscita;sì
LNK-02;high;links;Nessun link interno in uscita;/copywriter-seo-per-i-social-media-perche-a-google-piace-web-agency-seo-a-palermo;0 link interni in uscita;sì
LNK-02;high;links;Nessun link interno in uscita;/web-agency-a-palermo-per-il-settore-immobiliare-la-chiave-per-il-successo-online;0 link interni in uscita;sì
LNK-02;high;links;Nessun link interno in uscita;/web-agency-per-startup-a-palermo-la-tua-guida-al-successo-digitale;0 link interni in uscita;sì
LNK-02;high;links;Nessun link interno in uscita;/web-agency-per-e-commerce-a-palermo-come-incrementare-le-vendite-online;0 link interni in uscita;sì
LNK-02;high;links;Nessun link interno in uscita;/web-agency-a-palermo-per-eventi-massimizza-la-partecipazione-al-tuo-evento;0 link interni in uscita;sì
LNK-02;high;links;Nessun link interno in uscita;/web-agency-locale-a-palermo-la-tua-guida-per-conquistare-il-pubblico-della-citta;0 link interni in uscita;sì
LNK-02;high;links;Nessun link interno in uscita;/pubblicita-digitale-a-palermo-come-aumentare-la-visibilita-della-tua-attivita;0 link interni in uscita;sì
LNK-02;high;links;Nessun link interno in uscita;/creazione-siti-web-professionali-a-palermo-costruisci-la-tua-identita-digitale;0 link interni in uscita;sì
LNK-02;high;links;Nessun link interno in uscita;/marketing-su-misura-per-il-tuo-negozio-di-giocattoli;0 link interni in uscita;sì
LNK-02;high;links;Nessun link interno in uscita;/marketing-per-farmacie-come-aumentare-visibilita-e-fidelizzare-i-clienti;0 link interni in uscita;sì
LNK-02;high;links;Nessun link interno in uscita;/marketing-digitale-a-palermo-la-chiave-per-il-successo-della-tua-attivita;0 link interni in uscita;sì
LNK-02;high;links;Nessun link interno in uscita;/cosa-si-intende-per-sito-web-una-guida-per-capirne-limportanza;0 link interni in uscita;sì
LNK-02;high;links;Nessun link interno in uscita;/quali-sono-i-siti-web-piu-visitati-scopri-le-piattaforme-piu-popolari-al-mondo;0 link interni in uscita;sì
LNK-02;high;links;Nessun link interno in uscita;/che-tipi-di-siti-web-esistono-una-guida-per-scegliere-quello-giusto-per-te;0 link interni in uscita;sì
LNK-02;high;links;Nessun link interno in uscita;/come-si-chiama-chi-crea-un-sito-web-scopri-la-figura-del-web-developer;0 link interni in uscita;sì
LNK-02;high;links;Nessun link interno in uscita;/che-cosa-fa-una-web-agency-una-guida-ai-servizi-digitali-piu-richiesti;0 link interni in uscita;sì
LNK-02;high;links;Nessun link interno in uscita;/quante-sono-le-web-agency-in-italia-unanalisi-del-panorama-digitale-italiano;0 link interni in uscita;sì
LNK-02;high;links;Nessun link interno in uscita;/quanto-guadagna-una-web-agency-analisi-dei-fattori-che-influenzano-i-ricavi;0 link interni in uscita;sì
LNK-02;high;links;Nessun link interno in uscita;/chi-lavora-in-una-web-agency-scopri-i-ruoli-principali;0 link interni in uscita;sì
LNK-02;high;links;Nessun link interno in uscita;/cose-unagency-scopri-il-ruolo-e-i-servizi-di-unagenzia-moderna;0 link interni in uscita;sì
LNK-02;high;links;Nessun link interno in uscita;/cosa-si-intende-per-pubblicita-una-guida-completa-al-mondo-pubblicitario;0 link interni in uscita;sì
LNK-02;high;links;Nessun link interno in uscita;/come-farsi-pubblicita-gratis-strategie-efficaci-per-aumentare-la-visibilita;0 link interni in uscita;sì
LNK-02;high;links;Nessun link interno in uscita;/qual-e-il-compito-della-pubblicita-capire-lobiettivo-e-il-valore-della-comunicazione-pubblicitaria;0 link interni in uscita;sì
LNK-02;high;links;Nessun link interno in uscita;/quanto-si-paga-unagenzia-di-comunicazione-guida-ai-costi-dei-servizi-di-comunicazione;0 link interni in uscita;sì
LNK-02;high;links;Nessun link interno in uscita;/cosa-fa-lagenzia-di-marketing-una-guida-ai-servizi-e-al-ruolo-strategico;0 link interni in uscita;sì
LNK-02;high;links;Nessun link interno in uscita;/che-cose-unazienda-di-marketing-scopri-il-motore-del-successo-aziendale;0 link interni in uscita;sì
LNK-02;high;links;Nessun link interno in uscita;/3-tipi-di-marketing-a-palermo-scopri-le-strategie-per-il-successo-della-tua-attivita;0 link interni in uscita;sì
LNK-02;high;links;Nessun link interno in uscita;/che-lavoro-fa-il-marketing-il-motore-che-trasforma-idee-in-successo;0 link interni in uscita;sì
LNK-02;high;links;Nessun link interno in uscita;/come-fare-unottima-pubblicita-strategie-vincenti-per-il-tuo-successo;0 link interni in uscita;sì
LNK-02;high;links;Nessun link interno in uscita;/dove-fare-pubblicita-a-basso-costo-scopri-le-migliori-strategie-economiche-per-promuovere-la-tua-attivita;0 link interni in uscita;sì
LNK-02;high;links;Nessun link interno in uscita;/quale-pubblicita-funziona-di-piu-scopri-le-strategie-piu-efficaci-per-il-tuo-business;0 link interni in uscita;sì
LNK-02;high;links;Nessun link interno in uscita;/come-iniziare-a-fare-digital-marketing-guida-pratica-per-chi-vuole-emergere-online;0 link interni in uscita;sì
LNK-02;high;links;Nessun link interno in uscita;/portfolio-fotografico-online-cose-e-perche-e-importante-crearlo;0 link interni in uscita;sì
LNK-02;high;links;Nessun link interno in uscita;/rispondere-alle-recensioni-con-lai-la-nuova-frontiera-dellautomazione;0 link interni in uscita;sì
LNK-02;high;links;Nessun link interno in uscita;/focus-group-cose-a-che-serve-e-come-farlo-al-meglio;0 link interni in uscita;sì
LNK-02;high;links;Nessun link interno in uscita;/come-creare-sondaggi-online-e-raggiungere-il-tuo-pubblico-in-modo-efficace;0 link interni in uscita;sì
LNK-02;high;links;Nessun link interno in uscita;/come-ridurre-peso-delle-foto-consigli-pratici-per-immagini-piu-leggere;0 link interni in uscita;sì
LNK-02;high;links;Nessun link interno in uscita;/cosa-fa-un-ufficio-di-comunicazione-scopri-il-cuore-della-strategia-aziendale;0 link interni in uscita;sì
LNK-02;high;links;Nessun link interno in uscita;/come-si-chiama-chi-si-occupa-di-comunicazione-scopri-i-ruoli-e-le-competenze-di-questi-professionisti;0 link interni in uscita;sì
LNK-02;high;links;Nessun link interno in uscita;/come-trovare-unagenzia-di-comunicazione-consigli-per-scegliere-il-partner-giusto;0 link interni in uscita;sì
LNK-02;high;links;Nessun link interno in uscita;/scegliere-la-giusta-agenzia-di-comunicazione-consigli-e-strategie-per-trovare-il-partner-ideale;0 link interni in uscita;sì
LNK-02;high;links;Nessun link interno in uscita;/come-sfruttare-al-meglio-i-test-a-b-per-aumentare-le-conversioni;0 link interni in uscita;sì
LNK-02;high;links;Nessun link interno in uscita;/come-creare-un-podcast-aziendale-per-migliorare-il-posizionamento-del-brand;0 link interni in uscita;sì
LNK-02;high;links;Nessun link interno in uscita;/come-trovare-il-co-founder-perfetto-per-la-tua-startup-e-lo-sponsor-ideale-per-la-tua-crescita;0 link interni in uscita;sì
LNK-02;high;links;Nessun link interno in uscita;/i-migliori-formati-banner-per-ottimizzare-le-tue-campagne-pubblicitarie;0 link interni in uscita;sì
LNK-02;high;links;Nessun link interno in uscita;/come-crescere-su-instagram-8-tattiche-per-sfruttare-lalgoritmo-e-aumentare-lengagement;0 link interni in uscita;sì
LNK-02;high;links;Nessun link interno in uscita;/tiktok-adv-o-instagram-adv-qual-e-la-piattaforma-migliore-per-la-tua-campagna-online;0 link interni in uscita;sì
LNK-02;high;links;Nessun link interno in uscita;/la-potenza-dei-micro-influencer-e-il-loro-impatto-online-per-le-aziende;0 link interni in uscita;sì
LNK-02;high;links;Nessun link interno in uscita;/black-friday-2024-come-preparare-il-tuo-e-commerce-a-palermo-per-massimizzare-le-vendite;0 link interni in uscita;sì
LNK-02;high;links;Nessun link interno in uscita;/integrazione-di-piattaforme-tiktok-e-commerce-un-nuovo-orizzonte-per-i-commercianti-a-palermo;0 link interni in uscita;sì
LNK-02;high;links;Nessun link interno in uscita;/quanto-e-importante-il-feedback-dei-clienti-per-migliorare-il-tuo-business;0 link interni in uscita;sì
LNK-02;high;links;Nessun link interno in uscita;/la-gen-z-e-il-nuovo-percorso-di-acquisto-come-adattare-la-tua-strategia-di-marketing;0 link interni in uscita;sì
LNK-02;high;links;Nessun link interno in uscita;/marketing-sostenibile-cose-e-come-farlo;0 link interni in uscita;sì
LNK-02;high;links;Nessun link interno in uscita;/video-verticali-luso-strategico-per-i-tuoi-social;0 link interni in uscita;sì
LNK-02;high;links;Nessun link interno in uscita;/video-marketing-cose-e-perche-dovresti-farlo;0 link interni in uscita;sì
LNK-02;high;links;Nessun link interno in uscita;/visual-storytelling-una-storia-di-successo;0 link interni in uscita;sì
LNK-02;high;links;Nessun link interno in uscita;/tutti-i-vantaggi-di-scegliere-una-web-agency-per-il-tuo-business;0 link interni in uscita;sì
LNK-02;high;links;Nessun link interno in uscita;/il-diario-segreto-di-una-web-agency-storie-di-successi-digitali;0 link interni in uscita;sì
LNK-02;high;links;Nessun link interno in uscita;/il-laboratorio-creativo-di-una-web-agency-dove-nascono-le-idee;0 link interni in uscita;sì
LNK-02;high;links;Nessun link interno in uscita;/quando-la-web-agency-incontra-lintelligenza-artificiale;0 link interni in uscita;sì
LNK-02;high;links;Nessun link interno in uscita;/i-siti-web-del-futuro-come-saranno-nel-2050;0 link interni in uscita;sì
LNK-02;high;links;Nessun link interno in uscita;/siti-web-quando-il-design-incontra-lanima;0 link interni in uscita;sì
LNK-02;high;links;Nessun link interno in uscita;/i-custodi-dei-siti-web-chi-protegge-i-tuoi-dati;0 link interni in uscita;sì
LNK-02;high;links;Nessun link interno in uscita;/siti-web-intelligenti-come-reagiscono-ai-tuoi-bisogni;0 link interni in uscita;sì
LNK-02;high;links;Nessun link interno in uscita;/la-magia-dietro-i-siti-web-che-conquistano;0 link interni in uscita;sì
LNK-02;high;links;Nessun link interno in uscita;/agenzia-di-comunicazione-digitale-il-futuro-della-promozione-online;0 link interni in uscita;sì
LNK-02;high;links;Nessun link interno in uscita;/agenzia-di-comunicazione-creativa-idee-e-strategie-per-il-tuo-brand;0 link interni in uscita;sì
LNK-02;high;links;Nessun link interno in uscita;/agenzia-di-comunicazione-visiva-come-catturare-lattenzione-del-pubblico;0 link interni in uscita;sì
LNK-02;high;links;Nessun link interno in uscita;/agenzia-di-comunicazione-strategica-come-pianificare-il-successo;0 link interni in uscita;sì
LNK-02;high;links;Nessun link interno in uscita;/agenzia-di-comunicazione-per-eventi-trasformare-ogni-occasione-in-opportunita-di-successo;0 link interni in uscita;sì
LNK-02;high;links;Nessun link interno in uscita;/agenzia-di-comunicazione-per-e-commerce-vendere-di-piu-online;0 link interni in uscita;sì
LNK-02;high;links;Nessun link interno in uscita;/agenzia-di-comunicazione-video-limpatto-del-visual-marketing;0 link interni in uscita;sì
LNK-02;high;links;Nessun link interno in uscita;/come-raggiungere-al-meglio-il-proprio-pubblico-strategie-efficaci-per-comunicare-con-successo;0 link interni in uscita;sì
LNK-02;high;links;Nessun link interno in uscita;/perche-hai-bisogno-di-un-social-media-manager-a-palermo;0 link interni in uscita;sì
LNK-02;high;links;Nessun link interno in uscita;/come-strutturare-una-strategia-digitale-efficace;0 link interni in uscita;sì
LNK-02;high;links;Nessun link interno in uscita;/migliorare-lindicizzazione-su-google-strategie-efficaci-per-scalare-la-serp;0 link interni in uscita;sì
LNK-02;high;links;Nessun link interno in uscita;/progettare-un-packaging-efficace-guida-per-valorizzare-il-tuo-prodotto;0 link interni in uscita;sì
LNK-02;high;links;Nessun link interno in uscita;/la-penna-magica-di-unagenzia-di-comunicazione-il-potere-dello-storytelling-che-emoziona-e-conquista;0 link interni in uscita;sì
LNK-02;high;links;Nessun link interno in uscita;/larte-della-comunicazione-di-lusso-strategie-esclusive-per-conquistare-clienti-premium;0 link interni in uscita;sì
LNK-02;high;links;Nessun link interno in uscita;/viaggi-nellera-digitale-come-unagenzia-di-comunicazione-trasforma-il-turismo-in-emozione;0 link interni in uscita;sì
LNK-02;high;links;Nessun link interno in uscita;/strategie-su-misura-come-unagenzia-di-comunicazione-per-pmi-guida-al-successo-nel-mercato-locale;0 link interni in uscita;sì
LNK-02;high;links;Nessun link interno in uscita;/come-unagenzia-di-comunicazione-e-influencer-marketing-trasforma-la-pubblicita-moderna;0 link interni in uscita;sì
LNK-02;high;links;Nessun link interno in uscita;/come-scegliere-unagenzia-di-comunicazione-efficace-la-guida-per-il-successo-del-tuo-brand;0 link interni in uscita;sì
LNK-02;high;links;Nessun link interno in uscita;/servizi-di-comunicazione-digitale-la-chiave-per-il-successo-nel-mondo-online;0 link interni in uscita;sì
LNK-02;high;links;Nessun link interno in uscita;/creazione-di-strategie-di-comunicazione-guida-per-un-successo-garantito;0 link interni in uscita;sì
LNK-02;high;links;Nessun link interno in uscita;/soluzioni-per-la-comunicazione-aziendale-strategie-per-far-crescere-il-tuo-brand;0 link interni in uscita;sì
LNK-02;high;links;Nessun link interno in uscita;/esperti-in-comunicazione-e-branding-il-segreto-per-un-brand-di-successo;0 link interni in uscita;sì
LNK-02;high;links;Nessun link interno in uscita;/branding-da-sogno-come-unagenzia-di-comunicazione-costruisce-unidentita-vincente;0 link interni in uscita;sì
LNK-02;high;links;Nessun link interno in uscita;/strategie-di-marketing-per-aziende-come-costruire-un-piano-di-successo;0 link interni in uscita;sì
LNK-02;high;links;Nessun link interno in uscita;/consulenza-per-la-creazione-di-brand-costruisci-unidentita-vincente;0 link interni in uscita;sì
LNK-02;high;links;Nessun link interno in uscita;/creazione-di-marchi-aziendali-come-costruire-unidentita-forte-e-riconoscibile;0 link interni in uscita;sì
LNK-02;high;links;Nessun link interno in uscita;/come-costruire-un-marchio-di-successo-con-lo-sviluppo-e-gestione-del-brand-a-palermo;0 link interni in uscita;sì
LNK-02;high;links;Nessun link interno in uscita;/gestione-della-reputazione-online-come-proteggere-e-migliorare-limmagine-del-tuo-brand;0 link interni in uscita;sì
LNK-02;high;links;Nessun link interno in uscita;/comunicazione-per-la-crescita-aziendale-strategie-per-raggiungere-il-successo;0 link interni in uscita;sì
LNK-02;high;links;Nessun link interno in uscita;/agenzia-tiktok-come-sfruttare-il-potenziale-di-tiktok-per-il-tuo-brand;0 link interni in uscita;sì
LNK-02;high;links;Nessun link interno in uscita;/come-funzionano-le-agenzie-su-tiktok-scopri-come-potenziare-il-tuo-brand;0 link interni in uscita;sì
LNK-02;high;links;Nessun link interno in uscita;/come-si-fa-a-crescere-su-tiktok-strategie-per-aumentare-visibilita-e-engagement;0 link interni in uscita;sì
LNK-02;high;links;Nessun link interno in uscita;/agenzia-per-eventi-a-palermo-come-organizzare-eventi-indimenticabili;0 link interni in uscita;sì
LNK-02;high;links;Nessun link interno in uscita;/organizzare-eventi-a-palermo-come-creare-esperienze-indimenticabili;0 link interni in uscita;sì
LNK-02;high;links;Nessun link interno in uscita;/come-organizzare-eventi-aziendali-di-successo-strategie-vincenti-per-il-tuo-business;0 link interni in uscita;sì
LNK-02;high;links;Nessun link interno in uscita;/come-realizzare-un-evento-di-lancio-prodotto-di-successo-a-palermo;0 link interni in uscita;sì
LNK-02;high;links;Nessun link interno in uscita;/come-gestire-eventi-privati-con-successo-dalla-festa-di-compleanno-a-eventi-esclusivi;0 link interni in uscita;sì
LNK-02;high;links;Nessun link interno in uscita;/social-media-manager-a-palermo-come-scegliere-il-professionista-giusto-per-il-tuo-brand;0 link interni in uscita;sì
LNK-02;high;links;Nessun link interno in uscita;/social-media-manager-per-e-commerce-aumentare-le-vendite-con-strategie-mirate;0 link interni in uscita;sì
LNK-02;high;links;Nessun link interno in uscita;/il-ruolo-di-un-social-media-manager-nelle-piccole-e-medie-imprese;0 link interni in uscita;sì
LNK-02;high;links;Nessun link interno in uscita;/come-il-social-media-manager-puo-potenziare-la-tua-strategia-di-content-marketing;0 link interni in uscita;sì
LNK-02;high;links;Nessun link interno in uscita;/come-diventare-un-social-media-manager-di-successo-guida-passo-dopo-passo;0 link interni in uscita;sì
LNK-02;high;links;Nessun link interno in uscita;/che-cosa-fa-una-social-media-manager;0 link interni in uscita;sì
LNK-02;high;links;Nessun link interno in uscita;/quanto-costa-farsi-gestire-un-profilo-instagram;0 link interni in uscita;sì
LNK-02;high;links;Nessun link interno in uscita;/5-errori-silenziosi-che-stai-commettendo-nel-tuo-sito-web-aziendale;0 link interni in uscita;sì
LNK-02;high;links;Nessun link interno in uscita;/strategie-digitali-per-artigiani-locali-come-vendere-di-piu-online-marketing;0 link interni in uscita;sì
LNK-02;high;links;Nessun link interno in uscita;/il-potere-delle-landing-page-per-attivita-locali-converti-i-clienti-della-tua-citta;0 link interni in uscita;sì
LNK-02;high;links;Nessun link interno in uscita;/micro-influencer-locale-come-usarli-per-far-crescere-la-tua-azienda-marketing-palermo;0 link interni in uscita;sì
LNK-02;high;links;Nessun link interno in uscita;/posizionamento-zero-su-google-cose-e-come-ottenerlo;0 link interni in uscita;sì
LNK-02;high;links;Nessun link interno in uscita;/come-unire-seo-e-branding-visivo-in-un-solo-progetto-web;0 link interni in uscita;sì
LNK-02;high;links;Nessun link interno in uscita;/leffetto-domino-delle-recensioni-online-per-le-attivita-locali;0 link interni in uscita;sì
LNK-02;high;links;Nessun link interno in uscita;/seo-per-podcast-e-audio-contenuti-come-farli-trovare-online;0 link interni in uscita;sì
LNK-02;high;links;Nessun link interno in uscita;/siti-one-page-quando-funzionano-davvero;0 link interni in uscita;sì
LNK-02;high;links;Nessun link interno in uscita;/strategie-digitali-per-chi-apre-una-start-up-culturale-a-palermo;0 link interni in uscita;sì
LNK-02;high;links;Nessun link interno in uscita;/come-promuovere-la-tua-casa-vacanze-con-il-marketing-locale-digitale;0 link interni in uscita;sì
LNK-02;high;links;Nessun link interno in uscita;/brand-identity-per-artisti-e-creativi-distinguersi-online-in-modo-autentico;0 link interni in uscita;sì
LNK-02;high;links;Nessun link interno in uscita;/il-ruolo-del-marketing-digitale-per-le-librerie-indipendenti;0 link interni in uscita;sì
LNK-02;high;links;Nessun link interno in uscita;/comunicazione-digitale-per-associazioni-no-profit-come-farsi-conoscere;0 link interni in uscita;sì
LNK-02;high;links;Nessun link interno in uscita;/strategie-web-per-eventi-teatrali-e-spettacoli-indipendenti;0 link interni in uscita;sì
LNK-02;high;links;Nessun link interno in uscita;/digitale-e-tradizione-come-promuovere-botteghe-storiche-con-nuove-strategie-comunicazione;0 link interni in uscita;sì
LNK-02;high;links;Nessun link interno in uscita;/formazione-online-come-promuovere-il-tuo-corso-o-workshop-sul-web;0 link interni in uscita;sì
LNK-02;high;links;Nessun link interno in uscita;/dalla-strada-al-web-come-promuovere-un-food-truck-a-palermo;0 link interni in uscita;sì
LNK-02;high;links;Nessun link interno in uscita;/digital-strategy-per-laboratori-di-analisi-come-farsi-scegliere-online;0 link interni in uscita;sì
LNK-02;high;links;Nessun link interno in uscita;/come-comunicare-online-per-una-scuola-di-musica-o-danza-a-palermo;0 link interni in uscita;sì
LNK-02;high;links;Nessun link interno in uscita;/come-far-crescere-una-sartoria-o-atelier-online-strategie-su-misura;0 link interni in uscita;sì
LNK-02;high;links;Nessun link interno in uscita;/pet-business-come-farsi-conoscere-online-con-una-comunicazione-mirata;0 link interni in uscita;sì
LNK-02;high;links;Nessun link interno in uscita;/vendere-arte-online-come-costruire-una-strategia-digitale-per-gallerie-e-artisti;0 link interni in uscita;sì
LNK-02;high;links;Nessun link interno in uscita;/ristorazione-vegetariana-e-vegana-come-comunicare-i-tuoi-valori-online;0 link interni in uscita;sì
LNK-02;high;links;Nessun link interno in uscita;/digital-strategy-per-wedding-planner-e-servizi-per-eventi-privati;0 link interni in uscita;sì
LNK-02;high;links;Nessun link interno in uscita;/consulenti-psicologi-e-coach-come-trovare-clienti-online-a-palermo;0 link interni in uscita;sì
LNK-02;high;links;Nessun link interno in uscita;/come-lanciare-prodotti-tipici-siciliani-online-vendita;0 link interni in uscita;sì
LNK-02;high;links;Nessun link interno in uscita;/servizi-alla-persona-promuovere-online-estetiste-massaggiatori-e-parrucchieri;0 link interni in uscita;sì
LNK-02;high;links;Nessun link interno in uscita;/digital-branding-per-studi-legali-e-professionisti-del-diritto;0 link interni in uscita;sì
LNK-02;high;links;Nessun link interno in uscita;/come-comunicare-in-modo-efficacer-studi-di-fisioterapia;0 link interni in uscita;sì
LNK-02;high;links;Nessun link interno in uscita;/psicologi-online-come-promuoversi-nel-rispetto-della-deontologia;0 link interni in uscita;sì
LNK-02;high;links;Nessun link interno in uscita;/come-promuovere-un-centro-odontoiatrico-sul-web-senza-perdere-serieta;0 link interni in uscita;sì
LNK-02;high;links;Nessun link interno in uscita;/farmacie-e-parafarmacie-strategie-locali-per-aumentare-la-clientela;0 link interni in uscita;sì
LNK-02;high;links;Nessun link interno in uscita;/come-far-crescere-un-centro-logopedico-con-il-supporto-digitale;0 link interni in uscita;sì
LNK-02;high;links;Nessun link interno in uscita;/visibilita-online-per-nutrizionisti-e-biologi-cosa-funziona-davvero;0 link interni in uscita;sì
LNK-02;high;links;Nessun link interno in uscita;/come-lanciare-una-clinica-estetica-digital-branding-per-la-bellezza;0 link interni in uscita;sì
LNK-02;high;links;Nessun link interno in uscita;/servizi-veterinari-come-raggiungere-piu-clienti-online-in-modo-etico;0 link interni in uscita;sì
LNK-02;high;links;Nessun link interno in uscita;/come-farsi-scegliere-online-come-ostetrica-o-operatore-del-benessere-femminile;0 link interni in uscita;sì
LNK-02;high;links;Nessun link interno in uscita;/digital-strategy-per-studi-di-podologia-e-professionisti-del-piede;0 link interni in uscita;sì
LNK-02;high;links;Nessun link interno in uscita;/come-promuovere-online-una-scuola-privata-o-centro-di-formazione-a-palermo;0 link interni in uscita;sì
LNK-02;high;links;Nessun link interno in uscita;/comunicazione-per-architetti-e-interior-designer-il-progetto-parte-dal-web;0 link interni in uscita;sì
LNK-02;high;links;Nessun link interno in uscita;/come-far-crescere-unazienda-agricola-con-e-commerce-e-promozione-locale;0 link interni in uscita;sì
LNK-02;high;links;Nessun link interno in uscita;/pet-sitter-e-pensioni-per-animali-come-attirare-piu-clienti-online;0 link interni in uscita;sì
LNK-02;high;links;Nessun link interno in uscita;/servizi-per-linfanzia-come-farsi-conoscere-online-come-baby-sitter-o-tata-qualificata;0 link interni in uscita;sì
LNK-02;high;links;Nessun link interno in uscita;/come-promuovere-online-una-cooperativa-sociale-a-palermo;0 link interni in uscita;sì
LNK-02;high;links;Nessun link interno in uscita;/digital-strategy-per-agenzie-investigative-e-professionisti-della-sicurezza;0 link interni in uscita;sì
LNK-02;high;links;Nessun link interno in uscita;/comunicazione-per-traduttori-e-interpreti-come-trovare-clienti-online;0 link interni in uscita;sì
LNK-02;high;links;Nessun link interno in uscita;/social-media-manager-a-palermo-quanto-conta-davvero-per-unazienda-locale;0 link interni in uscita;sì
LNK-02;high;links;Nessun link interno in uscita;/agenzia-marketing-a-palermo-come-sceglierne-una-adatta-alla-tua-attivita;0 link interni in uscita;sì
LNK-02;high;links;Nessun link interno in uscita;/web-agency-a-palermo-per-professionisti-siti-e-strategie-personalizzate;0 link interni in uscita;sì
LNK-02;high;links;Nessun link interno in uscita;/tiktok-e-instagram-reels-perche-ogni-impresa-a-palermo-deve-sfruttarli-ora;0 link interni in uscita;sì
LNK-02;high;links;Nessun link interno in uscita;/come-aumentare-le-visualizzazioni-su-instagram-nel-2026;0 link interni in uscita;sì
LNK-02;high;links;Nessun link interno in uscita;/algoritmo-instagram-come-funziona-davvero;0 link interni in uscita;sì
LNK-02;high;links;Nessun link interno in uscita;/strategie-instagram-per-far-crescere-un-profilo-aziendale;0 link interni in uscita;sì
LNK-02;high;links;Nessun link interno in uscita;/perche-i-tuoi-reel-non-fanno-visualizzazioni;0 link interni in uscita;sì
LNK-02;high;links;Nessun link interno in uscita;/come-finire-negli-esplora-di-instagram;0 link interni in uscita;sì
LNK-02;high;links;Nessun link interno in uscita;/instagram-per-aziende-errori-da-evitare;0 link interni in uscita;sì
LNK-02;high;links;Nessun link interno in uscita;/come-creare-reel-virali-su-instagram;0 link interni in uscita;sì
LNK-02;high;links;Nessun link interno in uscita;/le-migliori-strategie-instagram-per-vendere-di-piu;0 link interni in uscita;sì
LNK-02;high;links;Nessun link interno in uscita;/come-aumentare-lengagement-su-instagram;0 link interni in uscita;sì
LNK-02;high;links;Nessun link interno in uscita;/come-aumentare-le-visualizzazioni-su-tiktok;0 link interni in uscita;sì
LNK-02;high;links;Nessun link interno in uscita;/algoritmo-tiktok-tutto-quello-che-devi-sapere;0 link interni in uscita;sì
LNK-02;high;links;Nessun link interno in uscita;/perche-i-video-tiktok-fanno-poche-visualizzazioni;0 link interni in uscita;sì
LNK-02;high;links;Nessun link interno in uscita;/come-andare-virale-su-tiktok;0 link interni in uscita;sì
LNK-02;high;links;Nessun link interno in uscita;/strategie-tiktok-per-aziende;0 link interni in uscita;sì
LNK-02;high;links;Nessun link interno in uscita;/tiktok-per-negozi-conviene-davvero;0 link interni in uscita;sì
LNK-02;high;links;Nessun link interno in uscita;/quanto-dura-un-video-tiktok-ideale;0 link interni in uscita;sì
LNK-02;high;links;Nessun link interno in uscita;/come-far-crescere-il-tuo-profilo-in-6-giorni;0 link interni in uscita;sì
LNK-02;high;links;Nessun link interno in uscita;/come-far-crescere-il-tuo-profilo-tiktok-in-6-giorni;0 link interni in uscita;sì
LNK-02;high;links;Nessun link interno in uscita;/produzione-video-a-palermo-come-scegliere-lagenzia-giusta;0 link interni in uscita;sì
LNK-02;high;links;Nessun link interno in uscita;/video-aziendali-a-palermo-perche-aumentano-le-vendite;0 link interni in uscita;sì
LNK-02;high;links;Nessun link interno in uscita;/creazione-video-virali-palermo;0 link interni in uscita;sì
LNK-02;high;links;Nessun link interno in uscita;/produzione-video-virali-palermo;0 link interni in uscita;sì
LNK-02;high;links;Nessun link interno in uscita;/realizzazione-video-virali-palermo;0 link interni in uscita;sì
LNK-02;high;links;Nessun link interno in uscita;/creazione-video-virali-sicilia;0 link interni in uscita;sì
LNK-02;high;links;Nessun link interno in uscita;/produzione-video-virali-sicilia;0 link interni in uscita;sì
LNK-02;high;links;Nessun link interno in uscita;/realizzazione-video-sicilia;0 link interni in uscita;sì
LNK-02;high;links;Nessun link interno in uscita;/produzione-video-virali-per-la-tua-attivita-palermo;0 link interni in uscita;sì
LNK-02;high;links;Nessun link interno in uscita;/realizzazione-video-virali-trapani;0 link interni in uscita;sì
LNK-02;high;links;Nessun link interno in uscita;/produzione-video-palermo-perche-oggi-e-indispensabile-per-ogni-azienda;0 link interni in uscita;sì
LNK-02;high;links;Nessun link interno in uscita;/video-promozionali-per-la-tua-azienda-palermo-funzionano-davvero;0 link interni in uscita;sì
LNK-02;high;links;Nessun link interno in uscita;/produzione-video-professionale-palermo-tutto-quello-che-devi-sapere;0 link interni in uscita;sì
LNK-02;high;links;Nessun link interno in uscita;/come-trasformare-un-semplice-video-in-un-contenuto-virale-a-palermo;0 link interni in uscita;sì
LNK-02;high;links;Nessun link interno in uscita;/perche-ogni-attivita-di-palermo-dovrebbe-pubblicare-video-2;0 link interni in uscita;sì
IMG-05;high;media;Articoli senza immagine in evidenza;/privacy-policy;nessuna immagine in evidenza;sì
IMG-05;high;media;Articoli senza immagine in evidenza;/;nessuna immagine in evidenza;sì
IMG-05;high;media;Articoli senza immagine in evidenza;/digital-strategies;nessuna immagine in evidenza;sì
IMG-05;high;media;Articoli senza immagine in evidenza;/cookie-policy;nessuna immagine in evidenza;sì
IMG-05;high;media;Articoli senza immagine in evidenza;/servizi-digitali-palermo;nessuna immagine in evidenza;sì
IMG-05;high;media;Articoli senza immagine in evidenza;/realizzazione-siti-web-a-palermo;nessuna immagine in evidenza;sì
IMG-05;high;media;Articoli senza immagine in evidenza;/gestione-social-media-palermo;nessuna immagine in evidenza;sì
IMG-05;high;media;Articoli senza immagine in evidenza;/digital-marketing-palermo;nessuna immagine in evidenza;sì
IMG-05;high;media;Articoli senza immagine in evidenza;/produzione-video-palermo;nessuna immagine in evidenza;sì
IMG-05;high;media;Articoli senza immagine in evidenza;/realizzazione-e-commerce-palermo;nessuna immagine in evidenza;sì
IMG-05;high;media;Articoli senza immagine in evidenza;/graphic-design-palermo;nessuna immagine in evidenza;sì
IMG-05;high;media;Articoli senza immagine in evidenza;/sviluppo-crm-gestionali-palermo;nessuna immagine in evidenza;sì
IMG-05;high;media;Articoli senza immagine in evidenza;/naming-palermo;nessuna immagine in evidenza;sì
IMG-05;high;media;Articoli senza immagine in evidenza;/stampe-digitali-palermo;nessuna immagine in evidenza;sì
IMG-05;high;media;Articoli senza immagine in evidenza;/lavora-con-noi;nessuna immagine in evidenza;sì
IMG-05;high;media;Articoli senza immagine in evidenza;/innovazione-digitale-pmi-competitive;nessuna immagine in evidenza;sì
IMG-05;high;media;Articoli senza immagine in evidenza;/innovazione-digitale-palermo;nessuna immagine in evidenza;sì
IMG-05;high;media;Articoli senza immagine in evidenza;/cybersecurity-per-aziende;nessuna immagine in evidenza;sì
IMG-05;high;media;Articoli senza immagine in evidenza;/strategia-marketing-digitale;nessuna immagine in evidenza;sì
IMG-05;high;media;Articoli senza immagine in evidenza;/campagne-ai-driven-marketing-automation;nessuna immagine in evidenza;sì
IMG-05;high;media;Articoli senza immagine in evidenza;/gestione-social-media-presenza-online;nessuna immagine in evidenza;sì
IMG-05;high;media;Articoli senza immagine in evidenza;/design-responsivo-sito-web-successo-online;nessuna immagine in evidenza;sì
IMG-05;high;media;Articoli senza immagine in evidenza;/perche-un-sito-web-professionale-e-la-chiave-del-successo-per-ogni-impresa;nessuna immagine in evidenza;sì
IMG-05;high;media;Articoli senza immagine in evidenza;/come-creare-una-strategia-di-comunicazione-digitale-efficace-per-piccole-imprese;nessuna immagine in evidenza;sì
IMG-05;high;media;Articoli senza immagine in evidenza;/reputazione_online_cose_perche_conta_e_come_verificarla;nessuna immagine in evidenza;sì
IMG-05;high;media;Articoli senza immagine in evidenza;/come-creare-una-landing-page-efficace;nessuna immagine in evidenza;sì
IMG-05;high;media;Articoli senza immagine in evidenza;/branded-content-come-raccontare-il-tuo-brand-con-max-digital-innovation;nessuna immagine in evidenza;sì
IMG-05;high;media;Articoli senza immagine in evidenza;/piano-di-marketing-cose-e-come-crearlo-con-successo;nessuna immagine in evidenza;sì
IMG-05;high;media;Articoli senza immagine in evidenza;/cookie-cosa-sono-e-a-che-servono;nessuna immagine in evidenza;sì
IMG-05;high;media;Articoli senza immagine in evidenza;/privacy-policy;nessuna immagine in evidenza;sì
IMG-05;high;media;Articoli senza immagine in evidenza;/scopri-come-aumentare-posizionamento-seo-per-il-tuo-sito-web-su-google;nessuna immagine in evidenza;sì
IMG-05;high;media;Articoli senza immagine in evidenza;/tipologie-di-siti-web-la-guida-definitiva-per-imprenditori;nessuna immagine in evidenza;sì
IMG-05;high;media;Articoli senza immagine in evidenza;/tiktok-ads-manager-guida-completa-su-come-gestire-le-tue-campagne-su-tiktok;nessuna immagine in evidenza;sì
IMG-05;high;media;Articoli senza immagine in evidenza;/dem-marketing-come-usarlo-nel-2024-per-massimizzare-i-risultati;nessuna immagine in evidenza;sì
IMG-05;high;media;Articoli senza immagine in evidenza;/e-commerce-a-palermo;nessuna immagine in evidenza;sì
IMG-05;high;media;Articoli senza immagine in evidenza;/business-innovation-cosa-chiede-il-mercato-oggi;nessuna immagine in evidenza;sì
IMG-05;high;media;Articoli senza immagine in evidenza;/advertising-a-palermo;nessuna immagine in evidenza;sì
IMG-05;high;media;Articoli senza immagine in evidenza;/5-consigli-preziosi-per-pubblicizzare-la-propria-azienda-a-palermo-su-google;nessuna immagine in evidenza;sì
IMG-05;high;media;Articoli senza immagine in evidenza;/realizzazione-siti-web-per-bb-a-palermo-hotel-motel-e-strutture-ricettive-tutto-quello-che-ce-da-sapere;nessuna immagine in evidenza;sì
IMG-05;high;media;Articoli senza immagine in evidenza;/hai-bisogno-di-pubblicizzare-il-tuo-ristorante-a-palermo-ecco-come-possiamo-aiutarti;nessuna immagine in evidenza;sì
IMG-05;high;media;Articoli senza immagine in evidenza;/ecco-perche-un-sito-web-a-palermo-e-cosi-essenziale-per-la-tua-attivita;nessuna immagine in evidenza;sì
IMG-05;high;media;Articoli senza immagine in evidenza;/gestione-social-media-a-palermo-come-la-nostra-agenzia-di-comunicazione-cura-i-tuoi-social-media;nessuna immagine in evidenza;sì
IMG-05;high;media;Articoli senza immagine in evidenza;/loghi-per-la-tua-azienda-a-palermo-caratteristiche-e-come-crearne-uno-efficace;nessuna immagine in evidenza;sì
IMG-05;high;media;Articoli senza immagine in evidenza;/ottimizzare-la-comunicazione-grazie-allutilizzo-di-call-to-action-efficaci-per-il-tuo-sito-web-a-palermo;nessuna immagine in evidenza;sì
IMG-05;high;media;Articoli senza immagine in evidenza;/11-trend-marketing-a-palermo-per-e-commerce-marketing-che-faranno-crescere-il-tuo-e-commerce;nessuna immagine in evidenza;sì
IMG-05;high;media;Articoli senza immagine in evidenza;/come-fare-pubblicita-a-palermo-su-internet-guida-per-principianti;nessuna immagine in evidenza;sì
IMG-05;high;media;Articoli senza immagine in evidenza;/campagne-pubblicitarie-a-palermo-la-soluzione-per-far-crescere-il-tuo-business;nessuna immagine in evidenza;sì
IMG-05;high;media;Articoli senza immagine in evidenza;/pubblicita-su-tiktok-a-palermo-come-aiutiamo-la-tua-azienda-a-crescere;nessuna immagine in evidenza;sì
IMG-05;high;media;Articoli senza immagine in evidenza;/seo-e-sem;nessuna immagine in evidenza;sì
IMG-05;high;media;Articoli senza immagine in evidenza;/web-agency-a-palermo-il-design-che-parte-dal-brand;nessuna immagine in evidenza;sì
IMG-05;high;media;Articoli senza immagine in evidenza;/b2b-a-palermo-cosa-puo-imparare-dal-b2c-per-sfruttare-al-meglio-il-digitale;nessuna immagine in evidenza;sì
IMG-05;high;media;Articoli senza immagine in evidenza;/strategie-di-content-marketing-per-le-piccole-imprese-a-palermo;nessuna immagine in evidenza;sì
IMG-05;high;media;Articoli senza immagine in evidenza;/web-marketing-per-palestre-e-centri-sportivi;nessuna immagine in evidenza;sì
IMG-05;high;media;Articoli senza immagine in evidenza;/mi-serve-davvero-un-sito-web-aziendale;nessuna immagine in evidenza;sì
IMG-05;high;media;Articoli senza immagine in evidenza;/quali-sono-i-servizi-offerti-da-unagenzia-di-comunicazione-a-palermo;nessuna immagine in evidenza;sì
IMG-05;high;media;Articoli senza immagine in evidenza;/le-commerce-in-italia-sta-cambiando-con-lintelligenza-artificiale;nessuna immagine in evidenza;sì
IMG-05;high;media;Articoli senza immagine in evidenza;/il-marketing-per-attivita-locali-i-vantaggi-di-affidarsi-a-una-web-agency;nessuna immagine in evidenza;sì
IMG-05;high;media;Articoli senza immagine in evidenza;/i-social-media-gli-alleati-per-il-tuo-e-commerce;nessuna immagine in evidenza;sì
IMG-05;high;media;Articoli senza immagine in evidenza;/marketing-online-per-la-tua-concessionaria;nessuna immagine in evidenza;sì
IMG-05;high;media;Articoli senza immagine in evidenza;/marketing-online-per-il-tuo-negozio-di-abbigliamento;nessuna immagine in evidenza;sì
IMG-05;high;media;Articoli senza immagine in evidenza;/web-marketing-per-la-tua-parruccheria;nessuna immagine in evidenza;sì
IMG-05;high;media;Articoli senza immagine in evidenza;/come-promuovere-il-tuo-salone-di-bellezza-a-palermo;nessuna immagine in evidenza;sì
IMG-05;high;media;Articoli senza immagine in evidenza;/come-pubblicizzare-la-tua-ottica-a-palermo;nessuna immagine in evidenza;sì
IMG-05;high;media;Articoli senza immagine in evidenza;/come-pubblicizzare-la-tua-pizzeria;nessuna immagine in evidenza;sì
IMG-05;high;media;Articoli senza immagine in evidenza;/gestione-marketing-per-il-tuo-pub;nessuna immagine in evidenza;sì
IMG-05;high;media;Articoli senza immagine in evidenza;/idee-creative-per-pubblicizzare-la-tua-panineria;nessuna immagine in evidenza;sì
IMG-05;high;media;Articoli senza immagine in evidenza;/gestione-marketing-per-la-tua-hamburgeria;nessuna immagine in evidenza;sì
IMG-05;high;media;Articoli senza immagine in evidenza;/strategie-di-marketing-di-successo-i-passi-fondamentali-per-distinguersi-nel-mercato;nessuna immagine in evidenza;sì
IMG-05;high;media;Articoli senza immagine in evidenza;/pubblicita-per-il-tuo-brand-a-palermo-come-differenziarsi-dalla-massa;nessuna immagine in evidenza;sì
IMG-05;high;media;Articoli senza immagine in evidenza;/restare-al-passo-coi-trend-e-difficile-scopri-come-unagenzia-di-comunicazione-puo-aiutarti;nessuna immagine in evidenza;sì
IMG-05;high;media;Articoli senza immagine in evidenza;/hai-bisogno-di-uno-store-online-per-la-tua-attivita-offriamo-realizzazione-e-commerce-a-palermo;nessuna immagine in evidenza;sì
IMG-05;high;media;Articoli senza immagine in evidenza;/vendita-online-a-palermo-sui-social-unottima-vetrina-per-i-tuoi-prodotti;nessuna immagine in evidenza;sì
IMG-05;high;media;Articoli senza immagine in evidenza;/sito-web-per-artisti-fai-conoscere-la-tua-arte;nessuna immagine in evidenza;sì
IMG-05;high;media;Articoli senza immagine in evidenza;/quanto-costa-un-sito-web-a-palermo;nessuna immagine in evidenza;sì
IMG-05;high;media;Articoli senza immagine in evidenza;/usa-la-local-seo-e-porta-il-tuo-business-al-top;nessuna immagine in evidenza;sì
IMG-05;high;media;Articoli senza immagine in evidenza;/mobile-marketing-e-micro-momenti;nessuna immagine in evidenza;sì
IMG-05;high;media;Articoli senza immagine in evidenza;/social-media-marketing-nel-settore-arredamento;nessuna immagine in evidenza;sì
IMG-05;high;media;Articoli senza immagine in evidenza;/il-web-design-e-la-sua-evoluzione;nessuna immagine in evidenza;sì
IMG-05;high;media;Articoli senza immagine in evidenza;/marketing-esperienziale-coinvolgi-il-pubblico-con-esperienze-uniche;nessuna immagine in evidenza;sì
IMG-05;high;media;Articoli senza immagine in evidenza;/come-creare-siti-web-professionali-e-di-qualita;nessuna immagine in evidenza;sì
IMG-05;high;media;Articoli senza immagine in evidenza;/come-scegliere-lagenzia-pubblicitaria-a-palermo-ideale-per-la-vostra-azienda;nessuna immagine in evidenza;sì
IMG-05;high;media;Articoli senza immagine in evidenza;/10-modi-per-migliorare-la-visibilita-del-tuo-sito-web-sui-motori-di-ricerca;nessuna immagine in evidenza;sì
IMG-05;high;media;Articoli senza immagine in evidenza;/web-agency-a-palermo-per-creare-un-sito-professionale;nessuna immagine in evidenza;sì
IMG-05;high;media;Articoli senza immagine in evidenza;/digital-agency-a-palermo-la-soluzione-completa-per-la-tua-presenza-online;nessuna immagine in evidenza;sì
IMG-05;high;media;Articoli senza immagine in evidenza;/creare-un-video-aziendale-efficace-coinvolgente-e-professionale;nessuna immagine in evidenza;sì
IMG-05;high;media;Articoli senza immagine in evidenza;/rendi-la-tua-azienda-digitale-trasformazione-e-innovazione-a-palermo;nessuna immagine in evidenza;sì
IMG-05;high;media;Articoli senza immagine in evidenza;/come-migliorare-la-tua-brand-reputation-con-le-attivita-di-digital-marketing;nessuna immagine in evidenza;sì
IMG-05;high;media;Articoli senza immagine in evidenza;/come-realizzare-un-sito-web-efficace-le-migliori-alternative-per-creare-un-percorso-di-successo-online;nessuna immagine in evidenza;sì
IMG-05;high;media;Articoli senza immagine in evidenza;/sito-web-accessibile-cose-come-crearlo-e-perche-e-importante;nessuna immagine in evidenza;sì
IMG-05;high;media;Articoli senza immagine in evidenza;/privacy-policy-sito-web-cose-e-come-scriverla-correttamente;nessuna immagine in evidenza;sì
IMG-05;high;media;Articoli senza immagine in evidenza;/le-11-regole-per-un-sito-web-efficace;nessuna immagine in evidenza;sì
IMG-05;high;media;Articoli senza immagine in evidenza;/creare-un-sito-web-a-palermo-le-caratteristiche-di-unarchitettura-efficace;nessuna immagine in evidenza;sì
IMG-05;high;media;Articoli senza immagine in evidenza;/strategie-di-web-reputation-come-costruire-gestire-e-misurare-la-percezione-online;nessuna immagine in evidenza;sì
IMG-05;high;media;Articoli senza immagine in evidenza;/sognavi-un-hotel-sempre-pieno-il-web-marketing-per-il-turismo-puo-trasformare-il-tuo-sogno-in-realta;nessuna immagine in evidenza;sì
IMG-05;high;media;Articoli senza immagine in evidenza;/google-ai-search-la-nuova-era-della-ricerca-intelligente-e-le-opportunita-per-il-marketing;nessuna immagine in evidenza;sì
IMG-05;high;media;Articoli senza immagine in evidenza;/aumentare-le-vendite-ecommerce-non-sei-soddisfatto-della-tua-agenzia;nessuna immagine in evidenza;sì
IMG-05;high;media;Articoli senza immagine in evidenza;/come-essere-in-prima-pagina-su-google-le-bugie-piu-diffuse-sulla-seo;nessuna immagine in evidenza;sì
IMG-05;high;media;Articoli senza immagine in evidenza;/gestione-marketing-per-la-tua-enoteca;nessuna immagine in evidenza;sì
IMG-05;high;media;Articoli senza immagine in evidenza;/gestione-marketing-per-il-tuo-fast-food;nessuna immagine in evidenza;sì
IMG-05;high;media;Articoli senza immagine in evidenza;/gestione-social-media-per-la-tua-attivita;nessuna immagine in evidenza;sì
IMG-05;high;media;Articoli senza immagine in evidenza;/marketing-e-pubblicita-a-palermo-tutti-i-tipi-di-pubblicita-per-far-crescere-la-tua-attivita;nessuna immagine in evidenza;sì
IMG-05;high;media;Articoli senza immagine in evidenza;/vuoi-aprire-unattivita-a-palermo-e-non-sai-a-chi-affidarti-ecco-come-fare-gestione-marketing-attivita-a-palermo;nessuna immagine in evidenza;sì
IMG-05;high;media;Articoli senza immagine in evidenza;/la-tua-agenzia-di-marketing-a-palermo-per-una-crescita-su-misura;nessuna immagine in evidenza;sì
IMG-05;high;media;Articoli senza immagine in evidenza;/quanto-costa-realizzare-un-cartello-pubblicitario-a-palermo;nessuna immagine in evidenza;sì
IMG-05;high;media;Articoli senza immagine in evidenza;/cosa-fare-per-indicizzare-il-tuo-sito-web;nessuna immagine in evidenza;sì
IMG-05;high;media;Articoli senza immagine in evidenza;/non-sai-come-sponsorizzare-il-tuo-progetto-artistico-scopri-le-strategie-vincenti;nessuna immagine in evidenza;sì
IMG-05;high;media;Articoli senza immagine in evidenza;/il-partner-giusto-per-il-tuo-successo-come-trovare-uno-sponsor-affidabile-a-palermo;nessuna immagine in evidenza;sì
IMG-05;high;media;Articoli senza immagine in evidenza;/marketing-per-imprese-edili;nessuna immagine in evidenza;sì
IMG-05;high;media;Articoli senza immagine in evidenza;/web-agency-a-palermo-la-guida-completa-per-far-crescere-la-tua-attivita-online;nessuna immagine in evidenza;sì
IMG-05;high;media;Articoli senza immagine in evidenza;/copywriter-seo-per-i-social-media-perche-a-google-piace-web-agency-seo-a-palermo;nessuna immagine in evidenza;sì
IMG-05;high;media;Articoli senza immagine in evidenza;/web-agency-a-palermo-per-il-settore-immobiliare-la-chiave-per-il-successo-online;nessuna immagine in evidenza;sì
IMG-05;high;media;Articoli senza immagine in evidenza;/web-agency-per-startup-a-palermo-la-tua-guida-al-successo-digitale;nessuna immagine in evidenza;sì
IMG-05;high;media;Articoli senza immagine in evidenza;/web-agency-per-e-commerce-a-palermo-come-incrementare-le-vendite-online;nessuna immagine in evidenza;sì
IMG-05;high;media;Articoli senza immagine in evidenza;/web-agency-a-palermo-per-eventi-massimizza-la-partecipazione-al-tuo-evento;nessuna immagine in evidenza;sì
IMG-05;high;media;Articoli senza immagine in evidenza;/web-agency-locale-a-palermo-la-tua-guida-per-conquistare-il-pubblico-della-citta;nessuna immagine in evidenza;sì
IMG-05;high;media;Articoli senza immagine in evidenza;/pubblicita-digitale-a-palermo-come-aumentare-la-visibilita-della-tua-attivita;nessuna immagine in evidenza;sì
IMG-05;high;media;Articoli senza immagine in evidenza;/creazione-siti-web-professionali-a-palermo-costruisci-la-tua-identita-digitale;nessuna immagine in evidenza;sì
IMG-05;high;media;Articoli senza immagine in evidenza;/marketing-su-misura-per-il-tuo-negozio-di-giocattoli;nessuna immagine in evidenza;sì
IMG-05;high;media;Articoli senza immagine in evidenza;/marketing-per-farmacie-come-aumentare-visibilita-e-fidelizzare-i-clienti;nessuna immagine in evidenza;sì
IMG-05;high;media;Articoli senza immagine in evidenza;/marketing-digitale-a-palermo-la-chiave-per-il-successo-della-tua-attivita;nessuna immagine in evidenza;sì
IMG-05;high;media;Articoli senza immagine in evidenza;/cosa-si-intende-per-sito-web-una-guida-per-capirne-limportanza;nessuna immagine in evidenza;sì
IMG-05;high;media;Articoli senza immagine in evidenza;/quali-sono-i-siti-web-piu-visitati-scopri-le-piattaforme-piu-popolari-al-mondo;nessuna immagine in evidenza;sì
IMG-05;high;media;Articoli senza immagine in evidenza;/che-tipi-di-siti-web-esistono-una-guida-per-scegliere-quello-giusto-per-te;nessuna immagine in evidenza;sì
IMG-05;high;media;Articoli senza immagine in evidenza;/come-si-chiama-chi-crea-un-sito-web-scopri-la-figura-del-web-developer;nessuna immagine in evidenza;sì
IMG-05;high;media;Articoli senza immagine in evidenza;/che-cosa-fa-una-web-agency-una-guida-ai-servizi-digitali-piu-richiesti;nessuna immagine in evidenza;sì
IMG-05;high;media;Articoli senza immagine in evidenza;/quante-sono-le-web-agency-in-italia-unanalisi-del-panorama-digitale-italiano;nessuna immagine in evidenza;sì
IMG-05;high;media;Articoli senza immagine in evidenza;/quanto-guadagna-una-web-agency-analisi-dei-fattori-che-influenzano-i-ricavi;nessuna immagine in evidenza;sì
IMG-05;high;media;Articoli senza immagine in evidenza;/chi-lavora-in-una-web-agency-scopri-i-ruoli-principali;nessuna immagine in evidenza;sì
IMG-05;high;media;Articoli senza immagine in evidenza;/cose-unagency-scopri-il-ruolo-e-i-servizi-di-unagenzia-moderna;nessuna immagine in evidenza;sì
IMG-05;high;media;Articoli senza immagine in evidenza;/cosa-si-intende-per-pubblicita-una-guida-completa-al-mondo-pubblicitario;nessuna immagine in evidenza;sì
IMG-05;high;media;Articoli senza immagine in evidenza;/come-farsi-pubblicita-gratis-strategie-efficaci-per-aumentare-la-visibilita;nessuna immagine in evidenza;sì
IMG-05;high;media;Articoli senza immagine in evidenza;/qual-e-il-compito-della-pubblicita-capire-lobiettivo-e-il-valore-della-comunicazione-pubblicitaria;nessuna immagine in evidenza;sì
IMG-05;high;media;Articoli senza immagine in evidenza;/quanto-si-paga-unagenzia-di-comunicazione-guida-ai-costi-dei-servizi-di-comunicazione;nessuna immagine in evidenza;sì
IMG-05;high;media;Articoli senza immagine in evidenza;/cosa-fa-lagenzia-di-marketing-una-guida-ai-servizi-e-al-ruolo-strategico;nessuna immagine in evidenza;sì
IMG-05;high;media;Articoli senza immagine in evidenza;/che-cose-unazienda-di-marketing-scopri-il-motore-del-successo-aziendale;nessuna immagine in evidenza;sì
IMG-05;high;media;Articoli senza immagine in evidenza;/3-tipi-di-marketing-a-palermo-scopri-le-strategie-per-il-successo-della-tua-attivita;nessuna immagine in evidenza;sì
IMG-05;high;media;Articoli senza immagine in evidenza;/che-lavoro-fa-il-marketing-il-motore-che-trasforma-idee-in-successo;nessuna immagine in evidenza;sì
IMG-05;high;media;Articoli senza immagine in evidenza;/come-fare-unottima-pubblicita-strategie-vincenti-per-il-tuo-successo;nessuna immagine in evidenza;sì
IMG-05;high;media;Articoli senza immagine in evidenza;/dove-fare-pubblicita-a-basso-costo-scopri-le-migliori-strategie-economiche-per-promuovere-la-tua-attivita;nessuna immagine in evidenza;sì
IMG-05;high;media;Articoli senza immagine in evidenza;/quale-pubblicita-funziona-di-piu-scopri-le-strategie-piu-efficaci-per-il-tuo-business;nessuna immagine in evidenza;sì
IMG-05;high;media;Articoli senza immagine in evidenza;/come-iniziare-a-fare-digital-marketing-guida-pratica-per-chi-vuole-emergere-online;nessuna immagine in evidenza;sì
IMG-05;high;media;Articoli senza immagine in evidenza;/portfolio-fotografico-online-cose-e-perche-e-importante-crearlo;nessuna immagine in evidenza;sì
IMG-05;high;media;Articoli senza immagine in evidenza;/rispondere-alle-recensioni-con-lai-la-nuova-frontiera-dellautomazione;nessuna immagine in evidenza;sì
IMG-05;high;media;Articoli senza immagine in evidenza;/focus-group-cose-a-che-serve-e-come-farlo-al-meglio;nessuna immagine in evidenza;sì
IMG-05;high;media;Articoli senza immagine in evidenza;/come-creare-sondaggi-online-e-raggiungere-il-tuo-pubblico-in-modo-efficace;nessuna immagine in evidenza;sì
IMG-05;high;media;Articoli senza immagine in evidenza;/come-ridurre-peso-delle-foto-consigli-pratici-per-immagini-piu-leggere;nessuna immagine in evidenza;sì
IMG-05;high;media;Articoli senza immagine in evidenza;/cosa-fa-un-ufficio-di-comunicazione-scopri-il-cuore-della-strategia-aziendale;nessuna immagine in evidenza;sì
IMG-05;high;media;Articoli senza immagine in evidenza;/come-si-chiama-chi-si-occupa-di-comunicazione-scopri-i-ruoli-e-le-competenze-di-questi-professionisti;nessuna immagine in evidenza;sì
IMG-05;high;media;Articoli senza immagine in evidenza;/come-trovare-unagenzia-di-comunicazione-consigli-per-scegliere-il-partner-giusto;nessuna immagine in evidenza;sì
IMG-05;high;media;Articoli senza immagine in evidenza;/scegliere-la-giusta-agenzia-di-comunicazione-consigli-e-strategie-per-trovare-il-partner-ideale;nessuna immagine in evidenza;sì
IMG-05;high;media;Articoli senza immagine in evidenza;/come-sfruttare-al-meglio-i-test-a-b-per-aumentare-le-conversioni;nessuna immagine in evidenza;sì
IMG-05;high;media;Articoli senza immagine in evidenza;/come-creare-un-podcast-aziendale-per-migliorare-il-posizionamento-del-brand;nessuna immagine in evidenza;sì
IMG-05;high;media;Articoli senza immagine in evidenza;/come-trovare-il-co-founder-perfetto-per-la-tua-startup-e-lo-sponsor-ideale-per-la-tua-crescita;nessuna immagine in evidenza;sì
IMG-05;high;media;Articoli senza immagine in evidenza;/i-migliori-formati-banner-per-ottimizzare-le-tue-campagne-pubblicitarie;nessuna immagine in evidenza;sì
IMG-05;high;media;Articoli senza immagine in evidenza;/come-crescere-su-instagram-8-tattiche-per-sfruttare-lalgoritmo-e-aumentare-lengagement;nessuna immagine in evidenza;sì
IMG-05;high;media;Articoli senza immagine in evidenza;/tiktok-adv-o-instagram-adv-qual-e-la-piattaforma-migliore-per-la-tua-campagna-online;nessuna immagine in evidenza;sì
IMG-05;high;media;Articoli senza immagine in evidenza;/la-potenza-dei-micro-influencer-e-il-loro-impatto-online-per-le-aziende;nessuna immagine in evidenza;sì
IMG-05;high;media;Articoli senza immagine in evidenza;/black-friday-2024-come-preparare-il-tuo-e-commerce-a-palermo-per-massimizzare-le-vendite;nessuna immagine in evidenza;sì
IMG-05;high;media;Articoli senza immagine in evidenza;/integrazione-di-piattaforme-tiktok-e-commerce-un-nuovo-orizzonte-per-i-commercianti-a-palermo;nessuna immagine in evidenza;sì
IMG-05;high;media;Articoli senza immagine in evidenza;/quanto-e-importante-il-feedback-dei-clienti-per-migliorare-il-tuo-business;nessuna immagine in evidenza;sì
IMG-05;high;media;Articoli senza immagine in evidenza;/la-gen-z-e-il-nuovo-percorso-di-acquisto-come-adattare-la-tua-strategia-di-marketing;nessuna immagine in evidenza;sì
IMG-05;high;media;Articoli senza immagine in evidenza;/marketing-sostenibile-cose-e-come-farlo;nessuna immagine in evidenza;sì
IMG-05;high;media;Articoli senza immagine in evidenza;/video-verticali-luso-strategico-per-i-tuoi-social;nessuna immagine in evidenza;sì
IMG-05;high;media;Articoli senza immagine in evidenza;/video-marketing-cose-e-perche-dovresti-farlo;nessuna immagine in evidenza;sì
IMG-05;high;media;Articoli senza immagine in evidenza;/visual-storytelling-una-storia-di-successo;nessuna immagine in evidenza;sì
IMG-05;high;media;Articoli senza immagine in evidenza;/tutti-i-vantaggi-di-scegliere-una-web-agency-per-il-tuo-business;nessuna immagine in evidenza;sì
IMG-05;high;media;Articoli senza immagine in evidenza;/il-diario-segreto-di-una-web-agency-storie-di-successi-digitali;nessuna immagine in evidenza;sì
IMG-05;high;media;Articoli senza immagine in evidenza;/il-laboratorio-creativo-di-una-web-agency-dove-nascono-le-idee;nessuna immagine in evidenza;sì
IMG-05;high;media;Articoli senza immagine in evidenza;/quando-la-web-agency-incontra-lintelligenza-artificiale;nessuna immagine in evidenza;sì
IMG-05;high;media;Articoli senza immagine in evidenza;/i-siti-web-del-futuro-come-saranno-nel-2050;nessuna immagine in evidenza;sì
IMG-05;high;media;Articoli senza immagine in evidenza;/siti-web-quando-il-design-incontra-lanima;nessuna immagine in evidenza;sì
IMG-05;high;media;Articoli senza immagine in evidenza;/i-custodi-dei-siti-web-chi-protegge-i-tuoi-dati;nessuna immagine in evidenza;sì
IMG-05;high;media;Articoli senza immagine in evidenza;/siti-web-intelligenti-come-reagiscono-ai-tuoi-bisogni;nessuna immagine in evidenza;sì
IMG-05;high;media;Articoli senza immagine in evidenza;/la-magia-dietro-i-siti-web-che-conquistano;nessuna immagine in evidenza;sì
IMG-05;high;media;Articoli senza immagine in evidenza;/agenzia-di-comunicazione-digitale-il-futuro-della-promozione-online;nessuna immagine in evidenza;sì
IMG-05;high;media;Articoli senza immagine in evidenza;/agenzia-di-comunicazione-creativa-idee-e-strategie-per-il-tuo-brand;nessuna immagine in evidenza;sì
IMG-05;high;media;Articoli senza immagine in evidenza;/agenzia-di-comunicazione-visiva-come-catturare-lattenzione-del-pubblico;nessuna immagine in evidenza;sì
IMG-05;high;media;Articoli senza immagine in evidenza;/agenzia-di-comunicazione-strategica-come-pianificare-il-successo;nessuna immagine in evidenza;sì
IMG-05;high;media;Articoli senza immagine in evidenza;/agenzia-di-comunicazione-per-eventi-trasformare-ogni-occasione-in-opportunita-di-successo;nessuna immagine in evidenza;sì
IMG-05;high;media;Articoli senza immagine in evidenza;/agenzia-di-comunicazione-per-e-commerce-vendere-di-piu-online;nessuna immagine in evidenza;sì
IMG-05;high;media;Articoli senza immagine in evidenza;/agenzia-di-comunicazione-video-limpatto-del-visual-marketing;nessuna immagine in evidenza;sì
IMG-05;high;media;Articoli senza immagine in evidenza;/come-raggiungere-al-meglio-il-proprio-pubblico-strategie-efficaci-per-comunicare-con-successo;nessuna immagine in evidenza;sì
IMG-05;high;media;Articoli senza immagine in evidenza;/perche-hai-bisogno-di-un-social-media-manager-a-palermo;nessuna immagine in evidenza;sì
IMG-05;high;media;Articoli senza immagine in evidenza;/come-strutturare-una-strategia-digitale-efficace;nessuna immagine in evidenza;sì
IMG-05;high;media;Articoli senza immagine in evidenza;/migliorare-lindicizzazione-su-google-strategie-efficaci-per-scalare-la-serp;nessuna immagine in evidenza;sì
IMG-05;high;media;Articoli senza immagine in evidenza;/progettare-un-packaging-efficace-guida-per-valorizzare-il-tuo-prodotto;nessuna immagine in evidenza;sì
IMG-05;high;media;Articoli senza immagine in evidenza;/la-penna-magica-di-unagenzia-di-comunicazione-il-potere-dello-storytelling-che-emoziona-e-conquista;nessuna immagine in evidenza;sì
IMG-05;high;media;Articoli senza immagine in evidenza;/larte-della-comunicazione-di-lusso-strategie-esclusive-per-conquistare-clienti-premium;nessuna immagine in evidenza;sì
IMG-05;high;media;Articoli senza immagine in evidenza;/viaggi-nellera-digitale-come-unagenzia-di-comunicazione-trasforma-il-turismo-in-emozione;nessuna immagine in evidenza;sì
IMG-05;high;media;Articoli senza immagine in evidenza;/strategie-su-misura-come-unagenzia-di-comunicazione-per-pmi-guida-al-successo-nel-mercato-locale;nessuna immagine in evidenza;sì
IMG-05;high;media;Articoli senza immagine in evidenza;/come-unagenzia-di-comunicazione-e-influencer-marketing-trasforma-la-pubblicita-moderna;nessuna immagine in evidenza;sì
IMG-05;high;media;Articoli senza immagine in evidenza;/come-scegliere-unagenzia-di-comunicazione-efficace-la-guida-per-il-successo-del-tuo-brand;nessuna immagine in evidenza;sì
IMG-05;high;media;Articoli senza immagine in evidenza;/servizi-di-comunicazione-digitale-la-chiave-per-il-successo-nel-mondo-online;nessuna immagine in evidenza;sì
IMG-05;high;media;Articoli senza immagine in evidenza;/creazione-di-strategie-di-comunicazione-guida-per-un-successo-garantito;nessuna immagine in evidenza;sì
IMG-05;high;media;Articoli senza immagine in evidenza;/soluzioni-per-la-comunicazione-aziendale-strategie-per-far-crescere-il-tuo-brand;nessuna immagine in evidenza;sì
IMG-05;high;media;Articoli senza immagine in evidenza;/esperti-in-comunicazione-e-branding-il-segreto-per-un-brand-di-successo;nessuna immagine in evidenza;sì
IMG-05;high;media;Articoli senza immagine in evidenza;/branding-da-sogno-come-unagenzia-di-comunicazione-costruisce-unidentita-vincente;nessuna immagine in evidenza;sì
IMG-05;high;media;Articoli senza immagine in evidenza;/strategie-di-marketing-per-aziende-come-costruire-un-piano-di-successo;nessuna immagine in evidenza;sì
IMG-05;high;media;Articoli senza immagine in evidenza;/consulenza-per-la-creazione-di-brand-costruisci-unidentita-vincente;nessuna immagine in evidenza;sì
IMG-05;high;media;Articoli senza immagine in evidenza;/creazione-di-marchi-aziendali-come-costruire-unidentita-forte-e-riconoscibile;nessuna immagine in evidenza;sì
IMG-05;high;media;Articoli senza immagine in evidenza;/come-costruire-un-marchio-di-successo-con-lo-sviluppo-e-gestione-del-brand-a-palermo;nessuna immagine in evidenza;sì
IMG-05;high;media;Articoli senza immagine in evidenza;/gestione-della-reputazione-online-come-proteggere-e-migliorare-limmagine-del-tuo-brand;nessuna immagine in evidenza;sì
IMG-05;high;media;Articoli senza immagine in evidenza;/comunicazione-per-la-crescita-aziendale-strategie-per-raggiungere-il-successo;nessuna immagine in evidenza;sì
IMG-05;high;media;Articoli senza immagine in evidenza;/agenzia-tiktok-come-sfruttare-il-potenziale-di-tiktok-per-il-tuo-brand;nessuna immagine in evidenza;sì
IMG-05;high;media;Articoli senza immagine in evidenza;/come-funzionano-le-agenzie-su-tiktok-scopri-come-potenziare-il-tuo-brand;nessuna immagine in evidenza;sì
IMG-05;high;media;Articoli senza immagine in evidenza;/come-si-fa-a-crescere-su-tiktok-strategie-per-aumentare-visibilita-e-engagement;nessuna immagine in evidenza;sì
IMG-05;high;media;Articoli senza immagine in evidenza;/agenzia-per-eventi-a-palermo-come-organizzare-eventi-indimenticabili;nessuna immagine in evidenza;sì
IMG-05;high;media;Articoli senza immagine in evidenza;/organizzare-eventi-a-palermo-come-creare-esperienze-indimenticabili;nessuna immagine in evidenza;sì
IMG-05;high;media;Articoli senza immagine in evidenza;/come-organizzare-eventi-aziendali-di-successo-strategie-vincenti-per-il-tuo-business;nessuna immagine in evidenza;sì
IMG-05;high;media;Articoli senza immagine in evidenza;/come-realizzare-un-evento-di-lancio-prodotto-di-successo-a-palermo;nessuna immagine in evidenza;sì
IMG-05;high;media;Articoli senza immagine in evidenza;/come-gestire-eventi-privati-con-successo-dalla-festa-di-compleanno-a-eventi-esclusivi;nessuna immagine in evidenza;sì
IMG-05;high;media;Articoli senza immagine in evidenza;/social-media-manager-a-palermo-come-scegliere-il-professionista-giusto-per-il-tuo-brand;nessuna immagine in evidenza;sì
IMG-05;high;media;Articoli senza immagine in evidenza;/social-media-manager-per-e-commerce-aumentare-le-vendite-con-strategie-mirate;nessuna immagine in evidenza;sì
IMG-05;high;media;Articoli senza immagine in evidenza;/il-ruolo-di-un-social-media-manager-nelle-piccole-e-medie-imprese;nessuna immagine in evidenza;sì
IMG-05;high;media;Articoli senza immagine in evidenza;/come-il-social-media-manager-puo-potenziare-la-tua-strategia-di-content-marketing;nessuna immagine in evidenza;sì
IMG-05;high;media;Articoli senza immagine in evidenza;/come-diventare-un-social-media-manager-di-successo-guida-passo-dopo-passo;nessuna immagine in evidenza;sì
IMG-05;high;media;Articoli senza immagine in evidenza;/che-cosa-fa-una-social-media-manager;nessuna immagine in evidenza;sì
IMG-05;high;media;Articoli senza immagine in evidenza;/quanto-costa-farsi-gestire-un-profilo-instagram;nessuna immagine in evidenza;sì
IMG-05;high;media;Articoli senza immagine in evidenza;/5-errori-silenziosi-che-stai-commettendo-nel-tuo-sito-web-aziendale;nessuna immagine in evidenza;sì
IMG-05;high;media;Articoli senza immagine in evidenza;/strategie-digitali-per-artigiani-locali-come-vendere-di-piu-online-marketing;nessuna immagine in evidenza;sì
IMG-05;high;media;Articoli senza immagine in evidenza;/il-potere-delle-landing-page-per-attivita-locali-converti-i-clienti-della-tua-citta;nessuna immagine in evidenza;sì
IMG-05;high;media;Articoli senza immagine in evidenza;/micro-influencer-locale-come-usarli-per-far-crescere-la-tua-azienda-marketing-palermo;nessuna immagine in evidenza;sì
IMG-05;high;media;Articoli senza immagine in evidenza;/posizionamento-zero-su-google-cose-e-come-ottenerlo;nessuna immagine in evidenza;sì
IMG-05;high;media;Articoli senza immagine in evidenza;/come-unire-seo-e-branding-visivo-in-un-solo-progetto-web;nessuna immagine in evidenza;sì
IMG-05;high;media;Articoli senza immagine in evidenza;/leffetto-domino-delle-recensioni-online-per-le-attivita-locali;nessuna immagine in evidenza;sì
IMG-05;high;media;Articoli senza immagine in evidenza;/seo-per-podcast-e-audio-contenuti-come-farli-trovare-online;nessuna immagine in evidenza;sì
IMG-05;high;media;Articoli senza immagine in evidenza;/siti-one-page-quando-funzionano-davvero;nessuna immagine in evidenza;sì
IMG-05;high;media;Articoli senza immagine in evidenza;/strategie-digitali-per-chi-apre-una-start-up-culturale-a-palermo;nessuna immagine in evidenza;sì
IMG-05;high;media;Articoli senza immagine in evidenza;/come-promuovere-la-tua-casa-vacanze-con-il-marketing-locale-digitale;nessuna immagine in evidenza;sì
IMG-05;high;media;Articoli senza immagine in evidenza;/brand-identity-per-artisti-e-creativi-distinguersi-online-in-modo-autentico;nessuna immagine in evidenza;sì
IMG-05;high;media;Articoli senza immagine in evidenza;/il-ruolo-del-marketing-digitale-per-le-librerie-indipendenti;nessuna immagine in evidenza;sì
IMG-05;high;media;Articoli senza immagine in evidenza;/comunicazione-digitale-per-associazioni-no-profit-come-farsi-conoscere;nessuna immagine in evidenza;sì
IMG-05;high;media;Articoli senza immagine in evidenza;/strategie-web-per-eventi-teatrali-e-spettacoli-indipendenti;nessuna immagine in evidenza;sì
IMG-05;high;media;Articoli senza immagine in evidenza;/digitale-e-tradizione-come-promuovere-botteghe-storiche-con-nuove-strategie-comunicazione;nessuna immagine in evidenza;sì
IMG-05;high;media;Articoli senza immagine in evidenza;/formazione-online-come-promuovere-il-tuo-corso-o-workshop-sul-web;nessuna immagine in evidenza;sì
IMG-05;high;media;Articoli senza immagine in evidenza;/dalla-strada-al-web-come-promuovere-un-food-truck-a-palermo;nessuna immagine in evidenza;sì
IMG-05;high;media;Articoli senza immagine in evidenza;/digital-strategy-per-laboratori-di-analisi-come-farsi-scegliere-online;nessuna immagine in evidenza;sì
IMG-05;high;media;Articoli senza immagine in evidenza;/come-comunicare-online-per-una-scuola-di-musica-o-danza-a-palermo;nessuna immagine in evidenza;sì
IMG-05;high;media;Articoli senza immagine in evidenza;/come-far-crescere-una-sartoria-o-atelier-online-strategie-su-misura;nessuna immagine in evidenza;sì
IMG-05;high;media;Articoli senza immagine in evidenza;/pet-business-come-farsi-conoscere-online-con-una-comunicazione-mirata;nessuna immagine in evidenza;sì
IMG-05;high;media;Articoli senza immagine in evidenza;/vendere-arte-online-come-costruire-una-strategia-digitale-per-gallerie-e-artisti;nessuna immagine in evidenza;sì
IMG-05;high;media;Articoli senza immagine in evidenza;/ristorazione-vegetariana-e-vegana-come-comunicare-i-tuoi-valori-online;nessuna immagine in evidenza;sì
IMG-05;high;media;Articoli senza immagine in evidenza;/digital-strategy-per-wedding-planner-e-servizi-per-eventi-privati;nessuna immagine in evidenza;sì
IMG-05;high;media;Articoli senza immagine in evidenza;/consulenti-psicologi-e-coach-come-trovare-clienti-online-a-palermo;nessuna immagine in evidenza;sì
IMG-05;high;media;Articoli senza immagine in evidenza;/come-lanciare-prodotti-tipici-siciliani-online-vendita;nessuna immagine in evidenza;sì
IMG-05;high;media;Articoli senza immagine in evidenza;/servizi-alla-persona-promuovere-online-estetiste-massaggiatori-e-parrucchieri;nessuna immagine in evidenza;sì
IMG-05;high;media;Articoli senza immagine in evidenza;/digital-branding-per-studi-legali-e-professionisti-del-diritto;nessuna immagine in evidenza;sì
IMG-05;high;media;Articoli senza immagine in evidenza;/come-comunicare-in-modo-efficacer-studi-di-fisioterapia;nessuna immagine in evidenza;sì
IMG-05;high;media;Articoli senza immagine in evidenza;/psicologi-online-come-promuoversi-nel-rispetto-della-deontologia;nessuna immagine in evidenza;sì
IMG-05;high;media;Articoli senza immagine in evidenza;/come-promuovere-un-centro-odontoiatrico-sul-web-senza-perdere-serieta;nessuna immagine in evidenza;sì
IMG-05;high;media;Articoli senza immagine in evidenza;/farmacie-e-parafarmacie-strategie-locali-per-aumentare-la-clientela;nessuna immagine in evidenza;sì
IMG-05;high;media;Articoli senza immagine in evidenza;/come-far-crescere-un-centro-logopedico-con-il-supporto-digitale;nessuna immagine in evidenza;sì
IMG-05;high;media;Articoli senza immagine in evidenza;/visibilita-online-per-nutrizionisti-e-biologi-cosa-funziona-davvero;nessuna immagine in evidenza;sì
IMG-05;high;media;Articoli senza immagine in evidenza;/come-lanciare-una-clinica-estetica-digital-branding-per-la-bellezza;nessuna immagine in evidenza;sì
IMG-05;high;media;Articoli senza immagine in evidenza;/servizi-veterinari-come-raggiungere-piu-clienti-online-in-modo-etico;nessuna immagine in evidenza;sì
IMG-05;high;media;Articoli senza immagine in evidenza;/come-farsi-scegliere-online-come-ostetrica-o-operatore-del-benessere-femminile;nessuna immagine in evidenza;sì
IMG-05;high;media;Articoli senza immagine in evidenza;/digital-strategy-per-studi-di-podologia-e-professionisti-del-piede;nessuna immagine in evidenza;sì
IMG-05;high;media;Articoli senza immagine in evidenza;/come-promuovere-online-una-scuola-privata-o-centro-di-formazione-a-palermo;nessuna immagine in evidenza;sì
IMG-05;high;media;Articoli senza immagine in evidenza;/comunicazione-per-architetti-e-interior-designer-il-progetto-parte-dal-web;nessuna immagine in evidenza;sì
IMG-05;high;media;Articoli senza immagine in evidenza;/come-far-crescere-unazienda-agricola-con-e-commerce-e-promozione-locale;nessuna immagine in evidenza;sì
IMG-05;high;media;Articoli senza immagine in evidenza;/pet-sitter-e-pensioni-per-animali-come-attirare-piu-clienti-online;nessuna immagine in evidenza;sì
IMG-05;high;media;Articoli senza immagine in evidenza;/servizi-per-linfanzia-come-farsi-conoscere-online-come-baby-sitter-o-tata-qualificata;nessuna immagine in evidenza;sì
IMG-05;high;media;Articoli senza immagine in evidenza;/come-promuovere-online-una-cooperativa-sociale-a-palermo;nessuna immagine in evidenza;sì
IMG-05;high;media;Articoli senza immagine in evidenza;/digital-strategy-per-agenzie-investigative-e-professionisti-della-sicurezza;nessuna immagine in evidenza;sì
IMG-05;high;media;Articoli senza immagine in evidenza;/comunicazione-per-traduttori-e-interpreti-come-trovare-clienti-online;nessuna immagine in evidenza;sì
IMG-05;high;media;Articoli senza immagine in evidenza;/social-media-manager-a-palermo-quanto-conta-davvero-per-unazienda-locale;nessuna immagine in evidenza;sì
IMG-05;high;media;Articoli senza immagine in evidenza;/agenzia-marketing-a-palermo-come-sceglierne-una-adatta-alla-tua-attivita;nessuna immagine in evidenza;sì
IMG-05;high;media;Articoli senza immagine in evidenza;/web-agency-a-palermo-per-professionisti-siti-e-strategie-personalizzate;nessuna immagine in evidenza;sì
IMG-05;high;media;Articoli senza immagine in evidenza;/tiktok-e-instagram-reels-perche-ogni-impresa-a-palermo-deve-sfruttarli-ora;nessuna immagine in evidenza;sì
IMG-05;high;media;Articoli senza immagine in evidenza;/come-aumentare-le-visualizzazioni-su-instagram-nel-2026;nessuna immagine in evidenza;sì
IMG-05;high;media;Articoli senza immagine in evidenza;/algoritmo-instagram-come-funziona-davvero;nessuna immagine in evidenza;sì
IMG-05;high;media;Articoli senza immagine in evidenza;/strategie-instagram-per-far-crescere-un-profilo-aziendale;nessuna immagine in evidenza;sì
IMG-05;high;media;Articoli senza immagine in evidenza;/perche-i-tuoi-reel-non-fanno-visualizzazioni;nessuna immagine in evidenza;sì
IMG-05;high;media;Articoli senza immagine in evidenza;/come-finire-negli-esplora-di-instagram;nessuna immagine in evidenza;sì
IMG-05;high;media;Articoli senza immagine in evidenza;/instagram-per-aziende-errori-da-evitare;nessuna immagine in evidenza;sì
IMG-05;high;media;Articoli senza immagine in evidenza;/come-creare-reel-virali-su-instagram;nessuna immagine in evidenza;sì
IMG-05;high;media;Articoli senza immagine in evidenza;/le-migliori-strategie-instagram-per-vendere-di-piu;nessuna immagine in evidenza;sì
IMG-05;high;media;Articoli senza immagine in evidenza;/come-aumentare-lengagement-su-instagram;nessuna immagine in evidenza;sì
IMG-05;high;media;Articoli senza immagine in evidenza;/come-aumentare-le-visualizzazioni-su-tiktok;nessuna immagine in evidenza;sì
IMG-05;high;media;Articoli senza immagine in evidenza;/algoritmo-tiktok-tutto-quello-che-devi-sapere;nessuna immagine in evidenza;sì
IMG-05;high;media;Articoli senza immagine in evidenza;/perche-i-video-tiktok-fanno-poche-visualizzazioni;nessuna immagine in evidenza;sì
IMG-05;high;media;Articoli senza immagine in evidenza;/come-andare-virale-su-tiktok;nessuna immagine in evidenza;sì
IMG-05;high;media;Articoli senza immagine in evidenza;/strategie-tiktok-per-aziende;nessuna immagine in evidenza;sì
IMG-05;high;media;Articoli senza immagine in evidenza;/tiktok-per-negozi-conviene-davvero;nessuna immagine in evidenza;sì
ONP-10;high;onpage;Nessun H2: contenuto senza struttura;/mi-serve-davvero-un-sito-web-aziendale;0 H2 su 332 parole;sì
ONP-10;high;onpage;Nessun H2: contenuto senza struttura;/quali-sono-i-servizi-offerti-da-unagenzia-di-comunicazione-a-palermo;0 H2 su 443 parole;sì
ONP-10;high;onpage;Nessun H2: contenuto senza struttura;/le-commerce-in-italia-sta-cambiando-con-lintelligenza-artificiale;0 H2 su 379 parole;sì
ONP-10;high;onpage;Nessun H2: contenuto senza struttura;/il-marketing-per-attivita-locali-i-vantaggi-di-affidarsi-a-una-web-agency;0 H2 su 487 parole;sì
ONP-10;high;onpage;Nessun H2: contenuto senza struttura;/i-social-media-gli-alleati-per-il-tuo-e-commerce;0 H2 su 445 parole;sì
ONP-10;high;onpage;Nessun H2: contenuto senza struttura;/marketing-online-per-la-tua-concessionaria;0 H2 su 509 parole;sì
ONP-10;high;onpage;Nessun H2: contenuto senza struttura;/marketing-online-per-il-tuo-negozio-di-abbigliamento;0 H2 su 460 parole;sì
ONP-10;high;onpage;Nessun H2: contenuto senza struttura;/web-marketing-per-la-tua-parruccheria;0 H2 su 473 parole;sì
ONP-10;high;onpage;Nessun H2: contenuto senza struttura;/come-promuovere-il-tuo-salone-di-bellezza-a-palermo;0 H2 su 443 parole;sì
ONP-10;high;onpage;Nessun H2: contenuto senza struttura;/come-pubblicizzare-la-tua-ottica-a-palermo;0 H2 su 472 parole;sì
ONP-10;high;onpage;Nessun H2: contenuto senza struttura;/come-pubblicizzare-la-tua-pizzeria;0 H2 su 493 parole;sì
ONP-10;high;onpage;Nessun H2: contenuto senza struttura;/gestione-marketing-per-il-tuo-pub;0 H2 su 511 parole;sì
ONP-10;high;onpage;Nessun H2: contenuto senza struttura;/idee-creative-per-pubblicizzare-la-tua-panineria;0 H2 su 546 parole;sì
ONP-10;high;onpage;Nessun H2: contenuto senza struttura;/gestione-marketing-per-la-tua-hamburgeria;0 H2 su 558 parole;sì
ONP-10;high;onpage;Nessun H2: contenuto senza struttura;/strategie-di-marketing-di-successo-i-passi-fondamentali-per-distinguersi-nel-mercato;0 H2 su 585 parole;sì
ONP-10;high;onpage;Nessun H2: contenuto senza struttura;/pubblicita-per-il-tuo-brand-a-palermo-come-differenziarsi-dalla-massa;0 H2 su 621 parole;sì
ONP-10;high;onpage;Nessun H2: contenuto senza struttura;/restare-al-passo-coi-trend-e-difficile-scopri-come-unagenzia-di-comunicazione-puo-aiutarti;0 H2 su 505 parole;sì
ONP-10;high;onpage;Nessun H2: contenuto senza struttura;/hai-bisogno-di-uno-store-online-per-la-tua-attivita-offriamo-realizzazione-e-commerce-a-palermo;0 H2 su 611 parole;sì
ONP-10;high;onpage;Nessun H2: contenuto senza struttura;/vendita-online-a-palermo-sui-social-unottima-vetrina-per-i-tuoi-prodotti;0 H2 su 563 parole;sì
ONP-10;high;onpage;Nessun H2: contenuto senza struttura;/sito-web-per-artisti-fai-conoscere-la-tua-arte;0 H2 su 476 parole;sì
ONP-10;high;onpage;Nessun H2: contenuto senza struttura;/quanto-costa-un-sito-web-a-palermo;0 H2 su 740 parole;sì
ONP-10;high;onpage;Nessun H2: contenuto senza struttura;/usa-la-local-seo-e-porta-il-tuo-business-al-top;0 H2 su 683 parole;sì
ONP-10;high;onpage;Nessun H2: contenuto senza struttura;/mobile-marketing-e-micro-momenti;0 H2 su 681 parole;sì
ONP-10;high;onpage;Nessun H2: contenuto senza struttura;/social-media-marketing-nel-settore-arredamento;0 H2 su 695 parole;sì
ONP-10;high;onpage;Nessun H2: contenuto senza struttura;/il-web-design-e-la-sua-evoluzione;0 H2 su 861 parole;sì
ONP-10;high;onpage;Nessun H2: contenuto senza struttura;/marketing-esperienziale-coinvolgi-il-pubblico-con-esperienze-uniche;0 H2 su 739 parole;sì
ONP-10;high;onpage;Nessun H2: contenuto senza struttura;/come-creare-siti-web-professionali-e-di-qualita;0 H2 su 844 parole;sì
ONP-10;high;onpage;Nessun H2: contenuto senza struttura;/come-scegliere-lagenzia-pubblicitaria-a-palermo-ideale-per-la-vostra-azienda;0 H2 su 811 parole;sì
ONP-10;high;onpage;Nessun H2: contenuto senza struttura;/10-modi-per-migliorare-la-visibilita-del-tuo-sito-web-sui-motori-di-ricerca;0 H2 su 655 parole;sì
ONP-10;high;onpage;Nessun H2: contenuto senza struttura;/web-agency-a-palermo-per-creare-un-sito-professionale;0 H2 su 806 parole;sì
ONP-10;high;onpage;Nessun H2: contenuto senza struttura;/digital-agency-a-palermo-la-soluzione-completa-per-la-tua-presenza-online;0 H2 su 734 parole;sì
ONP-10;high;onpage;Nessun H2: contenuto senza struttura;/creare-un-video-aziendale-efficace-coinvolgente-e-professionale;0 H2 su 795 parole;sì
ONP-10;high;onpage;Nessun H2: contenuto senza struttura;/rendi-la-tua-azienda-digitale-trasformazione-e-innovazione-a-palermo;0 H2 su 752 parole;sì
ONP-10;high;onpage;Nessun H2: contenuto senza struttura;/come-migliorare-la-tua-brand-reputation-con-le-attivita-di-digital-marketing;0 H2 su 906 parole;sì
ONP-10;high;onpage;Nessun H2: contenuto senza struttura;/come-realizzare-un-sito-web-efficace-le-migliori-alternative-per-creare-un-percorso-di-successo-online;0 H2 su 870 parole;sì
ONP-10;high;onpage;Nessun H2: contenuto senza struttura;/sito-web-accessibile-cose-come-crearlo-e-perche-e-importante;0 H2 su 884 parole;sì
ONP-10;high;onpage;Nessun H2: contenuto senza struttura;/privacy-policy-sito-web-cose-e-come-scriverla-correttamente;0 H2 su 828 parole;sì
ONP-10;high;onpage;Nessun H2: contenuto senza struttura;/le-11-regole-per-un-sito-web-efficace;0 H2 su 836 parole;sì
ONP-10;high;onpage;Nessun H2: contenuto senza struttura;/creare-un-sito-web-a-palermo-le-caratteristiche-di-unarchitettura-efficace;0 H2 su 816 parole;sì
ONP-10;high;onpage;Nessun H2: contenuto senza struttura;/strategie-di-web-reputation-come-costruire-gestire-e-misurare-la-percezione-online;0 H2 su 888 parole;sì
ONP-10;high;onpage;Nessun H2: contenuto senza struttura;/sognavi-un-hotel-sempre-pieno-il-web-marketing-per-il-turismo-puo-trasformare-il-tuo-sogno-in-realta;0 H2 su 935 parole;sì
ONP-10;high;onpage;Nessun H2: contenuto senza struttura;/google-ai-search-la-nuova-era-della-ricerca-intelligente-e-le-opportunita-per-il-marketing;0 H2 su 913 parole;sì
ONP-10;high;onpage;Nessun H2: contenuto senza struttura;/aumentare-le-vendite-ecommerce-non-sei-soddisfatto-della-tua-agenzia;0 H2 su 871 parole;sì
ONP-10;high;onpage;Nessun H2: contenuto senza struttura;/come-essere-in-prima-pagina-su-google-le-bugie-piu-diffuse-sulla-seo;0 H2 su 991 parole;sì
ONP-10;high;onpage;Nessun H2: contenuto senza struttura;/gestione-marketing-per-la-tua-enoteca;0 H2 su 754 parole;sì
ONP-10;high;onpage;Nessun H2: contenuto senza struttura;/gestione-marketing-per-il-tuo-fast-food;0 H2 su 938 parole;sì
ONP-10;high;onpage;Nessun H2: contenuto senza struttura;/gestione-social-media-per-la-tua-attivita;0 H2 su 922 parole;sì
ONP-10;high;onpage;Nessun H2: contenuto senza struttura;/marketing-e-pubblicita-a-palermo-tutti-i-tipi-di-pubblicita-per-far-crescere-la-tua-attivita;0 H2 su 992 parole;sì
ONP-10;high;onpage;Nessun H2: contenuto senza struttura;/vuoi-aprire-unattivita-a-palermo-e-non-sai-a-chi-affidarti-ecco-come-fare-gestione-marketing-attivita-a-palermo;0 H2 su 895 parole;sì
ONP-10;high;onpage;Nessun H2: contenuto senza struttura;/la-tua-agenzia-di-marketing-a-palermo-per-una-crescita-su-misura;0 H2 su 816 parole;sì
ONP-10;high;onpage;Nessun H2: contenuto senza struttura;/quanto-costa-realizzare-un-cartello-pubblicitario-a-palermo;0 H2 su 831 parole;sì
ONP-10;high;onpage;Nessun H2: contenuto senza struttura;/cosa-fare-per-indicizzare-il-tuo-sito-web;0 H2 su 642 parole;sì
ONP-10;high;onpage;Nessun H2: contenuto senza struttura;/non-sai-come-sponsorizzare-il-tuo-progetto-artistico-scopri-le-strategie-vincenti;0 H2 su 745 parole;sì
ONP-10;high;onpage;Nessun H2: contenuto senza struttura;/il-partner-giusto-per-il-tuo-successo-come-trovare-uno-sponsor-affidabile-a-palermo;0 H2 su 601 parole;sì
ONP-10;high;onpage;Nessun H2: contenuto senza struttura;/marketing-per-imprese-edili;0 H2 su 630 parole;sì
ONP-10;high;onpage;Nessun H2: contenuto senza struttura;/web-agency-a-palermo-la-guida-completa-per-far-crescere-la-tua-attivita-online;0 H2 su 613 parole;sì
ONP-10;high;onpage;Nessun H2: contenuto senza struttura;/copywriter-seo-per-i-social-media-perche-a-google-piace-web-agency-seo-a-palermo;0 H2 su 685 parole;sì
ONP-10;high;onpage;Nessun H2: contenuto senza struttura;/web-agency-a-palermo-per-il-settore-immobiliare-la-chiave-per-il-successo-online;0 H2 su 535 parole;sì
ONP-10;high;onpage;Nessun H2: contenuto senza struttura;/web-agency-per-startup-a-palermo-la-tua-guida-al-successo-digitale;0 H2 su 560 parole;sì
ONP-10;high;onpage;Nessun H2: contenuto senza struttura;/web-agency-per-e-commerce-a-palermo-come-incrementare-le-vendite-online;0 H2 su 550 parole;sì
ONP-10;high;onpage;Nessun H2: contenuto senza struttura;/web-agency-a-palermo-per-eventi-massimizza-la-partecipazione-al-tuo-evento;0 H2 su 527 parole;sì
ONP-10;high;onpage;Nessun H2: contenuto senza struttura;/web-agency-locale-a-palermo-la-tua-guida-per-conquistare-il-pubblico-della-citta;0 H2 su 591 parole;sì
ONP-10;high;onpage;Nessun H2: contenuto senza struttura;/pubblicita-digitale-a-palermo-come-aumentare-la-visibilita-della-tua-attivita;0 H2 su 429 parole;sì
ONP-10;high;onpage;Nessun H2: contenuto senza struttura;/creazione-siti-web-professionali-a-palermo-costruisci-la-tua-identita-digitale;0 H2 su 406 parole;sì
ONP-10;high;onpage;Nessun H2: contenuto senza struttura;/marketing-su-misura-per-il-tuo-negozio-di-giocattoli;0 H2 su 369 parole;sì
ONP-10;high;onpage;Nessun H2: contenuto senza struttura;/marketing-per-farmacie-come-aumentare-visibilita-e-fidelizzare-i-clienti;0 H2 su 380 parole;sì
ONP-10;high;onpage;Nessun H2: contenuto senza struttura;/marketing-digitale-a-palermo-la-chiave-per-il-successo-della-tua-attivita;0 H2 su 443 parole;sì
ONP-10;high;onpage;Nessun H2: contenuto senza struttura;/cosa-si-intende-per-sito-web-una-guida-per-capirne-limportanza;0 H2 su 422 parole;sì
ONP-10;high;onpage;Nessun H2: contenuto senza struttura;/quali-sono-i-siti-web-piu-visitati-scopri-le-piattaforme-piu-popolari-al-mondo;0 H2 su 420 parole;sì
ONP-10;high;onpage;Nessun H2: contenuto senza struttura;/che-tipi-di-siti-web-esistono-una-guida-per-scegliere-quello-giusto-per-te;0 H2 su 400 parole;sì
ONP-10;high;onpage;Nessun H2: contenuto senza struttura;/come-si-chiama-chi-crea-un-sito-web-scopri-la-figura-del-web-developer;0 H2 su 414 parole;sì
ONP-10;high;onpage;Nessun H2: contenuto senza struttura;/che-cosa-fa-una-web-agency-una-guida-ai-servizi-digitali-piu-richiesti;0 H2 su 394 parole;sì
ONP-10;high;onpage;Nessun H2: contenuto senza struttura;/quante-sono-le-web-agency-in-italia-unanalisi-del-panorama-digitale-italiano;0 H2 su 384 parole;sì
ONP-10;high;onpage;Nessun H2: contenuto senza struttura;/quanto-guadagna-una-web-agency-analisi-dei-fattori-che-influenzano-i-ricavi;0 H2 su 465 parole;sì
ONP-10;high;onpage;Nessun H2: contenuto senza struttura;/chi-lavora-in-una-web-agency-scopri-i-ruoli-principali;0 H2 su 401 parole;sì
ONP-10;high;onpage;Nessun H2: contenuto senza struttura;/cose-unagency-scopri-il-ruolo-e-i-servizi-di-unagenzia-moderna;0 H2 su 362 parole;sì
ONP-10;high;onpage;Nessun H2: contenuto senza struttura;/cosa-si-intende-per-pubblicita-una-guida-completa-al-mondo-pubblicitario;0 H2 su 380 parole;sì
ONP-10;high;onpage;Nessun H2: contenuto senza struttura;/come-farsi-pubblicita-gratis-strategie-efficaci-per-aumentare-la-visibilita;0 H2 su 402 parole;sì
ONP-10;high;onpage;Nessun H2: contenuto senza struttura;/qual-e-il-compito-della-pubblicita-capire-lobiettivo-e-il-valore-della-comunicazione-pubblicitaria;0 H2 su 446 parole;sì
ONP-10;high;onpage;Nessun H2: contenuto senza struttura;/quanto-si-paga-unagenzia-di-comunicazione-guida-ai-costi-dei-servizi-di-comunicazione;0 H2 su 449 parole;sì
ONP-10;high;onpage;Nessun H2: contenuto senza struttura;/cosa-fa-lagenzia-di-marketing-una-guida-ai-servizi-e-al-ruolo-strategico;0 H2 su 376 parole;sì
ONP-10;high;onpage;Nessun H2: contenuto senza struttura;/che-cose-unazienda-di-marketing-scopri-il-motore-del-successo-aziendale;0 H2 su 434 parole;sì
ONP-10;high;onpage;Nessun H2: contenuto senza struttura;/3-tipi-di-marketing-a-palermo-scopri-le-strategie-per-il-successo-della-tua-attivita;0 H2 su 417 parole;sì
ONP-10;high;onpage;Nessun H2: contenuto senza struttura;/che-lavoro-fa-il-marketing-il-motore-che-trasforma-idee-in-successo;0 H2 su 389 parole;sì
ONP-10;high;onpage;Nessun H2: contenuto senza struttura;/come-fare-unottima-pubblicita-strategie-vincenti-per-il-tuo-successo;0 H2 su 501 parole;sì
ONP-10;high;onpage;Nessun H2: contenuto senza struttura;/dove-fare-pubblicita-a-basso-costo-scopri-le-migliori-strategie-economiche-per-promuovere-la-tua-attivita;0 H2 su 379 parole;sì
ONP-10;high;onpage;Nessun H2: contenuto senza struttura;/quale-pubblicita-funziona-di-piu-scopri-le-strategie-piu-efficaci-per-il-tuo-business;0 H2 su 433 parole;sì
ONP-10;high;onpage;Nessun H2: contenuto senza struttura;/come-iniziare-a-fare-digital-marketing-guida-pratica-per-chi-vuole-emergere-online;0 H2 su 434 parole;sì
ONP-10;high;onpage;Nessun H2: contenuto senza struttura;/portfolio-fotografico-online-cose-e-perche-e-importante-crearlo;0 H2 su 508 parole;sì
ONP-10;high;onpage;Nessun H2: contenuto senza struttura;/rispondere-alle-recensioni-con-lai-la-nuova-frontiera-dellautomazione;0 H2 su 554 parole;sì
ONP-10;high;onpage;Nessun H2: contenuto senza struttura;/focus-group-cose-a-che-serve-e-come-farlo-al-meglio;0 H2 su 483 parole;sì
ONP-10;high;onpage;Nessun H2: contenuto senza struttura;/come-creare-sondaggi-online-e-raggiungere-il-tuo-pubblico-in-modo-efficace;0 H2 su 573 parole;sì
ONP-10;high;onpage;Nessun H2: contenuto senza struttura;/come-ridurre-peso-delle-foto-consigli-pratici-per-immagini-piu-leggere;0 H2 su 644 parole;sì
ONP-10;high;onpage;Nessun H2: contenuto senza struttura;/cosa-fa-un-ufficio-di-comunicazione-scopri-il-cuore-della-strategia-aziendale;0 H2 su 490 parole;sì
ONP-10;high;onpage;Nessun H2: contenuto senza struttura;/come-si-chiama-chi-si-occupa-di-comunicazione-scopri-i-ruoli-e-le-competenze-di-questi-professionisti;0 H2 su 515 parole;sì
ONP-10;high;onpage;Nessun H2: contenuto senza struttura;/come-trovare-unagenzia-di-comunicazione-consigli-per-scegliere-il-partner-giusto;0 H2 su 536 parole;sì
ONP-10;high;onpage;Nessun H2: contenuto senza struttura;/scegliere-la-giusta-agenzia-di-comunicazione-consigli-e-strategie-per-trovare-il-partner-ideale;0 H2 su 577 parole;sì
ONP-10;high;onpage;Nessun H2: contenuto senza struttura;/come-sfruttare-al-meglio-i-test-a-b-per-aumentare-le-conversioni;0 H2 su 606 parole;sì
ONP-10;high;onpage;Nessun H2: contenuto senza struttura;/come-creare-un-podcast-aziendale-per-migliorare-il-posizionamento-del-brand;0 H2 su 509 parole;sì
ONP-10;high;onpage;Nessun H2: contenuto senza struttura;/come-trovare-il-co-founder-perfetto-per-la-tua-startup-e-lo-sponsor-ideale-per-la-tua-crescita;0 H2 su 692 parole;sì
ONP-10;high;onpage;Nessun H2: contenuto senza struttura;/i-migliori-formati-banner-per-ottimizzare-le-tue-campagne-pubblicitarie;0 H2 su 618 parole;sì
ONP-10;high;onpage;Nessun H2: contenuto senza struttura;/come-crescere-su-instagram-8-tattiche-per-sfruttare-lalgoritmo-e-aumentare-lengagement;0 H2 su 507 parole;sì
ONP-10;high;onpage;Nessun H2: contenuto senza struttura;/tiktok-adv-o-instagram-adv-qual-e-la-piattaforma-migliore-per-la-tua-campagna-online;0 H2 su 645 parole;sì
ONP-10;high;onpage;Nessun H2: contenuto senza struttura;/la-potenza-dei-micro-influencer-e-il-loro-impatto-online-per-le-aziende;0 H2 su 665 parole;sì
ONP-10;high;onpage;Nessun H2: contenuto senza struttura;/black-friday-2024-come-preparare-il-tuo-e-commerce-a-palermo-per-massimizzare-le-vendite;0 H2 su 486 parole;sì
ONP-10;high;onpage;Nessun H2: contenuto senza struttura;/integrazione-di-piattaforme-tiktok-e-commerce-un-nuovo-orizzonte-per-i-commercianti-a-palermo;0 H2 su 486 parole;sì
ONP-10;high;onpage;Nessun H2: contenuto senza struttura;/quanto-e-importante-il-feedback-dei-clienti-per-migliorare-il-tuo-business;0 H2 su 540 parole;sì
ONP-10;high;onpage;Nessun H2: contenuto senza struttura;/la-gen-z-e-il-nuovo-percorso-di-acquisto-come-adattare-la-tua-strategia-di-marketing;0 H2 su 656 parole;sì
ONP-10;high;onpage;Nessun H2: contenuto senza struttura;/marketing-sostenibile-cose-e-come-farlo;0 H2 su 595 parole;sì
ONP-10;high;onpage;Nessun H2: contenuto senza struttura;/video-verticali-luso-strategico-per-i-tuoi-social;0 H2 su 601 parole;sì
ONP-10;high;onpage;Nessun H2: contenuto senza struttura;/video-marketing-cose-e-perche-dovresti-farlo;0 H2 su 501 parole;sì
ONP-10;high;onpage;Nessun H2: contenuto senza struttura;/visual-storytelling-una-storia-di-successo;0 H2 su 579 parole;sì
ONP-10;high;onpage;Nessun H2: contenuto senza struttura;/tutti-i-vantaggi-di-scegliere-una-web-agency-per-il-tuo-business;0 H2 su 585 parole;sì
ONP-10;high;onpage;Nessun H2: contenuto senza struttura;/il-diario-segreto-di-una-web-agency-storie-di-successi-digitali;0 H2 su 427 parole;sì
ONP-10;high;onpage;Nessun H2: contenuto senza struttura;/il-laboratorio-creativo-di-una-web-agency-dove-nascono-le-idee;0 H2 su 298 parole;sì
ONP-10;high;onpage;Nessun H2: contenuto senza struttura;/quando-la-web-agency-incontra-lintelligenza-artificiale;0 H2 su 360 parole;sì
ONP-10;high;onpage;Nessun H2: contenuto senza struttura;/i-siti-web-del-futuro-come-saranno-nel-2050;0 H2 su 330 parole;sì
ONP-10;high;onpage;Nessun H2: contenuto senza struttura;/siti-web-quando-il-design-incontra-lanima;0 H2 su 325 parole;sì
ONP-10;high;onpage;Nessun H2: contenuto senza struttura;/i-custodi-dei-siti-web-chi-protegge-i-tuoi-dati;0 H2 su 338 parole;sì
ONP-10;high;onpage;Nessun H2: contenuto senza struttura;/siti-web-intelligenti-come-reagiscono-ai-tuoi-bisogni;0 H2 su 311 parole;sì
ONP-10;high;onpage;Nessun H2: contenuto senza struttura;/la-magia-dietro-i-siti-web-che-conquistano;0 H2 su 362 parole;sì
ONP-10;high;onpage;Nessun H2: contenuto senza struttura;/agenzia-di-comunicazione-digitale-il-futuro-della-promozione-online;0 H2 su 465 parole;sì
ONP-10;high;onpage;Nessun H2: contenuto senza struttura;/agenzia-di-comunicazione-creativa-idee-e-strategie-per-il-tuo-brand;0 H2 su 492 parole;sì
ONP-10;high;onpage;Nessun H2: contenuto senza struttura;/agenzia-di-comunicazione-visiva-come-catturare-lattenzione-del-pubblico;0 H2 su 500 parole;sì
ONP-10;high;onpage;Nessun H2: contenuto senza struttura;/agenzia-di-comunicazione-strategica-come-pianificare-il-successo;0 H2 su 489 parole;sì
ONP-10;high;onpage;Nessun H2: contenuto senza struttura;/agenzia-di-comunicazione-per-eventi-trasformare-ogni-occasione-in-opportunita-di-successo;0 H2 su 532 parole;sì
ONP-10;high;onpage;Nessun H2: contenuto senza struttura;/agenzia-di-comunicazione-per-e-commerce-vendere-di-piu-online;0 H2 su 552 parole;sì
ONP-10;high;onpage;Nessun H2: contenuto senza struttura;/agenzia-di-comunicazione-video-limpatto-del-visual-marketing;0 H2 su 520 parole;sì
ONP-10;high;onpage;Nessun H2: contenuto senza struttura;/come-raggiungere-al-meglio-il-proprio-pubblico-strategie-efficaci-per-comunicare-con-successo;0 H2 su 502 parole;sì
ONP-10;high;onpage;Nessun H2: contenuto senza struttura;/perche-hai-bisogno-di-un-social-media-manager-a-palermo;0 H2 su 542 parole;sì
ONP-10;high;onpage;Nessun H2: contenuto senza struttura;/come-strutturare-una-strategia-digitale-efficace;0 H2 su 609 parole;sì
ONP-10;high;onpage;Nessun H2: contenuto senza struttura;/la-penna-magica-di-unagenzia-di-comunicazione-il-potere-dello-storytelling-che-emoziona-e-conquista;0 H2 su 460 parole;sì
ONP-10;high;onpage;Nessun H2: contenuto senza struttura;/larte-della-comunicazione-di-lusso-strategie-esclusive-per-conquistare-clienti-premium;0 H2 su 567 parole;sì
ONP-10;high;onpage;Nessun H2: contenuto senza struttura;/viaggi-nellera-digitale-come-unagenzia-di-comunicazione-trasforma-il-turismo-in-emozione;0 H2 su 552 parole;sì
ONP-10;high;onpage;Nessun H2: contenuto senza struttura;/strategie-su-misura-come-unagenzia-di-comunicazione-per-pmi-guida-al-successo-nel-mercato-locale;0 H2 su 528 parole;sì
ONP-10;high;onpage;Nessun H2: contenuto senza struttura;/come-unagenzia-di-comunicazione-e-influencer-marketing-trasforma-la-pubblicita-moderna;0 H2 su 602 parole;sì
ONP-10;high;onpage;Nessun H2: contenuto senza struttura;/come-scegliere-unagenzia-di-comunicazione-efficace-la-guida-per-il-successo-del-tuo-brand;0 H2 su 611 parole;sì
ONP-10;high;onpage;Nessun H2: contenuto senza struttura;/servizi-di-comunicazione-digitale-la-chiave-per-il-successo-nel-mondo-online;0 H2 su 507 parole;sì
ONP-10;high;onpage;Nessun H2: contenuto senza struttura;/creazione-di-strategie-di-comunicazione-guida-per-un-successo-garantito;0 H2 su 351 parole;sì
ONP-10;high;onpage;Nessun H2: contenuto senza struttura;/soluzioni-per-la-comunicazione-aziendale-strategie-per-far-crescere-il-tuo-brand;0 H2 su 516 parole;sì
ONP-10;high;onpage;Nessun H2: contenuto senza struttura;/esperti-in-comunicazione-e-branding-il-segreto-per-un-brand-di-successo;0 H2 su 611 parole;sì
ONP-10;high;onpage;Nessun H2: contenuto senza struttura;/branding-da-sogno-come-unagenzia-di-comunicazione-costruisce-unidentita-vincente;0 H2 su 721 parole;sì
ONP-10;high;onpage;Nessun H2: contenuto senza struttura;/strategie-di-marketing-per-aziende-come-costruire-un-piano-di-successo;0 H2 su 744 parole;sì
ONP-10;high;onpage;Nessun H2: contenuto senza struttura;/consulenza-per-la-creazione-di-brand-costruisci-unidentita-vincente;0 H2 su 704 parole;sì
ONP-10;high;onpage;Nessun H2: contenuto senza struttura;/creazione-di-marchi-aziendali-come-costruire-unidentita-forte-e-riconoscibile;0 H2 su 702 parole;sì
ONP-10;high;onpage;Nessun H2: contenuto senza struttura;/come-costruire-un-marchio-di-successo-con-lo-sviluppo-e-gestione-del-brand-a-palermo;0 H2 su 817 parole;sì
ONP-10;high;onpage;Nessun H2: contenuto senza struttura;/gestione-della-reputazione-online-come-proteggere-e-migliorare-limmagine-del-tuo-brand;0 H2 su 803 parole;sì
ONP-10;high;onpage;Nessun H2: contenuto senza struttura;/comunicazione-per-la-crescita-aziendale-strategie-per-raggiungere-il-successo;0 H2 su 753 parole;sì
ONP-10;high;onpage;Nessun H2: contenuto senza struttura;/agenzia-tiktok-come-sfruttare-il-potenziale-di-tiktok-per-il-tuo-brand;0 H2 su 751 parole;sì
ONP-10;high;onpage;Nessun H2: contenuto senza struttura;/come-funzionano-le-agenzie-su-tiktok-scopri-come-potenziare-il-tuo-brand;0 H2 su 781 parole;sì
ONP-10;high;onpage;Nessun H2: contenuto senza struttura;/come-si-fa-a-crescere-su-tiktok-strategie-per-aumentare-visibilita-e-engagement;0 H2 su 833 parole;sì
ONP-10;high;onpage;Nessun H2: contenuto senza struttura;/agenzia-per-eventi-a-palermo-come-organizzare-eventi-indimenticabili;0 H2 su 756 parole;sì
ONP-10;high;onpage;Nessun H2: contenuto senza struttura;/organizzare-eventi-a-palermo-come-creare-esperienze-indimenticabili;0 H2 su 899 parole;sì
ONP-10;high;onpage;Nessun H2: contenuto senza struttura;/come-organizzare-eventi-aziendali-di-successo-strategie-vincenti-per-il-tuo-business;0 H2 su 871 parole;sì
ONP-10;high;onpage;Nessun H2: contenuto senza struttura;/come-realizzare-un-evento-di-lancio-prodotto-di-successo-a-palermo;0 H2 su 938 parole;sì
ONP-10;high;onpage;Nessun H2: contenuto senza struttura;/come-gestire-eventi-privati-con-successo-dalla-festa-di-compleanno-a-eventi-esclusivi;0 H2 su 873 parole;sì
ONP-10;high;onpage;Nessun H2: contenuto senza struttura;/social-media-manager-a-palermo-come-scegliere-il-professionista-giusto-per-il-tuo-brand;0 H2 su 1016 parole;sì
ONP-10;high;onpage;Nessun H2: contenuto senza struttura;/social-media-manager-per-e-commerce-aumentare-le-vendite-con-strategie-mirate;0 H2 su 1029 parole;sì
ONP-10;high;onpage;Nessun H2: contenuto senza struttura;/il-ruolo-di-un-social-media-manager-nelle-piccole-e-medie-imprese;0 H2 su 983 parole;sì
ONP-10;high;onpage;Nessun H2: contenuto senza struttura;/come-il-social-media-manager-puo-potenziare-la-tua-strategia-di-content-marketing;0 H2 su 1013 parole;sì
ONP-10;high;onpage;Nessun H2: contenuto senza struttura;/come-diventare-un-social-media-manager-di-successo-guida-passo-dopo-passo;0 H2 su 1049 parole;sì
ONP-10;high;onpage;Nessun H2: contenuto senza struttura;/che-cosa-fa-una-social-media-manager;0 H2 su 792 parole;sì
ONP-10;high;onpage;Nessun H2: contenuto senza struttura;/quanto-costa-farsi-gestire-un-profilo-instagram;0 H2 su 951 parole;sì
ONP-10;high;onpage;Nessun H2: contenuto senza struttura;/5-errori-silenziosi-che-stai-commettendo-nel-tuo-sito-web-aziendale;0 H2 su 422 parole;sì
ONP-10;high;onpage;Nessun H2: contenuto senza struttura;/strategie-digitali-per-artigiani-locali-come-vendere-di-piu-online-marketing;0 H2 su 367 parole;sì
ONP-10;high;onpage;Nessun H2: contenuto senza struttura;/il-potere-delle-landing-page-per-attivita-locali-converti-i-clienti-della-tua-citta;0 H2 su 381 parole;sì
ONP-10;high;onpage;Nessun H2: contenuto senza struttura;/micro-influencer-locale-come-usarli-per-far-crescere-la-tua-azienda-marketing-palermo;0 H2 su 362 parole;sì
ONP-10;high;onpage;Nessun H2: contenuto senza struttura;/posizionamento-zero-su-google-cose-e-come-ottenerlo;0 H2 su 345 parole;sì
ONP-10;high;onpage;Nessun H2: contenuto senza struttura;/come-unire-seo-e-branding-visivo-in-un-solo-progetto-web;0 H2 su 367 parole;sì
ONP-10;high;onpage;Nessun H2: contenuto senza struttura;/leffetto-domino-delle-recensioni-online-per-le-attivita-locali;0 H2 su 338 parole;sì
ONP-10;high;onpage;Nessun H2: contenuto senza struttura;/seo-per-podcast-e-audio-contenuti-come-farli-trovare-online;0 H2 su 346 parole;sì
ONP-10;high;onpage;Nessun H2: contenuto senza struttura;/siti-one-page-quando-funzionano-davvero;0 H2 su 409 parole;sì
ONP-10;high;onpage;Nessun H2: contenuto senza struttura;/strategie-digitali-per-chi-apre-una-start-up-culturale-a-palermo;0 H2 su 346 parole;sì
ONP-10;high;onpage;Nessun H2: contenuto senza struttura;/come-promuovere-la-tua-casa-vacanze-con-il-marketing-locale-digitale;0 H2 su 358 parole;sì
ONP-10;high;onpage;Nessun H2: contenuto senza struttura;/brand-identity-per-artisti-e-creativi-distinguersi-online-in-modo-autentico;0 H2 su 358 parole;sì
ONP-10;high;onpage;Nessun H2: contenuto senza struttura;/il-ruolo-del-marketing-digitale-per-le-librerie-indipendenti;0 H2 su 334 parole;sì
ONP-10;high;onpage;Nessun H2: contenuto senza struttura;/comunicazione-digitale-per-associazioni-no-profit-come-farsi-conoscere;0 H2 su 329 parole;sì
ONP-10;high;onpage;Nessun H2: contenuto senza struttura;/strategie-web-per-eventi-teatrali-e-spettacoli-indipendenti;0 H2 su 346 parole;sì
ONP-10;high;onpage;Nessun H2: contenuto senza struttura;/digitale-e-tradizione-come-promuovere-botteghe-storiche-con-nuove-strategie-comunicazione;0 H2 su 338 parole;sì
ONP-10;high;onpage;Nessun H2: contenuto senza struttura;/formazione-online-come-promuovere-il-tuo-corso-o-workshop-sul-web;0 H2 su 341 parole;sì
ONP-10;high;onpage;Nessun H2: contenuto senza struttura;/dalla-strada-al-web-come-promuovere-un-food-truck-a-palermo;0 H2 su 349 parole;sì
ONP-10;high;onpage;Nessun H2: contenuto senza struttura;/digital-strategy-per-laboratori-di-analisi-come-farsi-scegliere-online;0 H2 su 321 parole;sì
ONP-10;high;onpage;Nessun H2: contenuto senza struttura;/come-comunicare-online-per-una-scuola-di-musica-o-danza-a-palermo;0 H2 su 328 parole;sì
ONP-10;high;onpage;Nessun H2: contenuto senza struttura;/come-far-crescere-una-sartoria-o-atelier-online-strategie-su-misura;0 H2 su 331 parole;sì
ONP-10;high;onpage;Nessun H2: contenuto senza struttura;/pet-business-come-farsi-conoscere-online-con-una-comunicazione-mirata;0 H2 su 350 parole;sì
ONP-10;high;onpage;Nessun H2: contenuto senza struttura;/vendere-arte-online-come-costruire-una-strategia-digitale-per-gallerie-e-artisti;0 H2 su 325 parole;sì
ONP-10;high;onpage;Nessun H2: contenuto senza struttura;/ristorazione-vegetariana-e-vegana-come-comunicare-i-tuoi-valori-online;0 H2 su 353 parole;sì
ONP-10;high;onpage;Nessun H2: contenuto senza struttura;/digital-strategy-per-wedding-planner-e-servizi-per-eventi-privati;0 H2 su 341 parole;sì
ONP-10;high;onpage;Nessun H2: contenuto senza struttura;/consulenti-psicologi-e-coach-come-trovare-clienti-online-a-palermo;0 H2 su 322 parole;sì
ONP-10;high;onpage;Nessun H2: contenuto senza struttura;/come-lanciare-prodotti-tipici-siciliani-online-vendita;0 H2 su 330 parole;sì
ONP-10;high;onpage;Nessun H2: contenuto senza struttura;/servizi-alla-persona-promuovere-online-estetiste-massaggiatori-e-parrucchieri;0 H2 su 327 parole;sì
ONP-10;high;onpage;Nessun H2: contenuto senza struttura;/digital-branding-per-studi-legali-e-professionisti-del-diritto;0 H2 su 328 parole;sì
ONP-10;high;onpage;Nessun H2: contenuto senza struttura;/come-comunicare-in-modo-efficacer-studi-di-fisioterapia;0 H2 su 309 parole;sì
ONP-10;high;onpage;Nessun H2: contenuto senza struttura;/psicologi-online-come-promuoversi-nel-rispetto-della-deontologia;0 H2 su 316 parole;sì
ONP-10;high;onpage;Nessun H2: contenuto senza struttura;/come-promuovere-un-centro-odontoiatrico-sul-web-senza-perdere-serieta;0 H2 su 304 parole;sì
ONP-10;high;onpage;Nessun H2: contenuto senza struttura;/farmacie-e-parafarmacie-strategie-locali-per-aumentare-la-clientela;0 H2 su 342 parole;sì
ONP-10;high;onpage;Nessun H2: contenuto senza struttura;/come-far-crescere-un-centro-logopedico-con-il-supporto-digitale;0 H2 su 346 parole;sì
ONP-10;high;onpage;Nessun H2: contenuto senza struttura;/visibilita-online-per-nutrizionisti-e-biologi-cosa-funziona-davvero;0 H2 su 327 parole;sì
ONP-10;high;onpage;Nessun H2: contenuto senza struttura;/come-lanciare-una-clinica-estetica-digital-branding-per-la-bellezza;0 H2 su 324 parole;sì
ONP-10;high;onpage;Nessun H2: contenuto senza struttura;/servizi-veterinari-come-raggiungere-piu-clienti-online-in-modo-etico;0 H2 su 335 parole;sì
ONP-10;high;onpage;Nessun H2: contenuto senza struttura;/come-farsi-scegliere-online-come-ostetrica-o-operatore-del-benessere-femminile;0 H2 su 336 parole;sì
ONP-10;high;onpage;Nessun H2: contenuto senza struttura;/digital-strategy-per-studi-di-podologia-e-professionisti-del-piede;0 H2 su 315 parole;sì
ONP-10;high;onpage;Nessun H2: contenuto senza struttura;/come-promuovere-online-una-scuola-privata-o-centro-di-formazione-a-palermo;0 H2 su 336 parole;sì
ONP-10;high;onpage;Nessun H2: contenuto senza struttura;/comunicazione-per-architetti-e-interior-designer-il-progetto-parte-dal-web;0 H2 su 338 parole;sì
ONP-10;high;onpage;Nessun H2: contenuto senza struttura;/come-far-crescere-unazienda-agricola-con-e-commerce-e-promozione-locale;0 H2 su 326 parole;sì
ONP-10;high;onpage;Nessun H2: contenuto senza struttura;/pet-sitter-e-pensioni-per-animali-come-attirare-piu-clienti-online;0 H2 su 340 parole;sì
ONP-10;high;onpage;Nessun H2: contenuto senza struttura;/servizi-per-linfanzia-come-farsi-conoscere-online-come-baby-sitter-o-tata-qualificata;0 H2 su 331 parole;sì
ONP-10;high;onpage;Nessun H2: contenuto senza struttura;/come-promuovere-online-una-cooperativa-sociale-a-palermo;0 H2 su 330 parole;sì
ONP-10;high;onpage;Nessun H2: contenuto senza struttura;/digital-strategy-per-agenzie-investigative-e-professionisti-della-sicurezza;0 H2 su 340 parole;sì
ONP-10;high;onpage;Nessun H2: contenuto senza struttura;/comunicazione-per-traduttori-e-interpreti-come-trovare-clienti-online;0 H2 su 336 parole;sì
ONP-10;high;onpage;Nessun H2: contenuto senza struttura;/social-media-manager-a-palermo-quanto-conta-davvero-per-unazienda-locale;0 H2 su 331 parole;sì
ONP-10;high;onpage;Nessun H2: contenuto senza struttura;/agenzia-marketing-a-palermo-come-sceglierne-una-adatta-alla-tua-attivita;0 H2 su 341 parole;sì
ONP-10;high;onpage;Nessun H2: contenuto senza struttura;/web-agency-a-palermo-per-professionisti-siti-e-strategie-personalizzate;0 H2 su 331 parole;sì
ONP-10;high;onpage;Nessun H2: contenuto senza struttura;/tiktok-e-instagram-reels-perche-ogni-impresa-a-palermo-deve-sfruttarli-ora;0 H2 su 262 parole;sì
SCH-02;high;structured;FAQPage assente su pagine che contengono domande;/;"11 domande nei titoli, nessun FAQPage";sì
SCH-02;high;structured;FAQPage assente su pagine che contengono domande;/digital-strategies;"6 domande nei titoli, nessun FAQPage";sì
SCH-02;high;structured;FAQPage assente su pagine che contengono domande;/gestione-social-media-palermo;"1 domande nei titoli, nessun FAQPage";sì
SCH-02;high;structured;FAQPage assente su pagine che contengono domande;/digital-marketing-palermo;"1 domande nei titoli, nessun FAQPage";sì
SCH-02;high;structured;FAQPage assente su pagine che contengono domande;/produzione-video-palermo;"8 domande nei titoli, nessun FAQPage";sì
SCH-02;high;structured;FAQPage assente su pagine che contengono domande;/realizzazione-e-commerce-palermo;"1 domande nei titoli, nessun FAQPage";sì
SCH-02;high;structured;FAQPage assente su pagine che contengono domande;/graphic-design-palermo;"1 domande nei titoli, nessun FAQPage";sì
SCH-02;high;structured;FAQPage assente su pagine che contengono domande;/sviluppo-crm-gestionali-palermo;"1 domande nei titoli, nessun FAQPage";sì
SCH-02;high;structured;FAQPage assente su pagine che contengono domande;/naming-palermo;"7 domande nei titoli, nessun FAQPage";sì
SCH-02;high;structured;FAQPage assente su pagine che contengono domande;/stampe-digitali-palermo;"1 domande nei titoli, nessun FAQPage";sì
SCH-02;high;structured;FAQPage assente su pagine che contengono domande;/lavora-con-noi;"1 domande nei titoli, nessun FAQPage";sì
SCH-02;high;structured;FAQPage assente su pagine che contengono domande;/innovazione-digitale-palermo;"1 domande nei titoli, nessun FAQPage";sì
SCH-02;high;structured;FAQPage assente su pagine che contengono domande;/reputazione_online_cose_perche_conta_e_come_verificarla;"3 domande nei titoli, nessun FAQPage";sì
SCH-02;high;structured;FAQPage assente su pagine che contengono domande;/come-creare-una-landing-page-efficace;"3 domande nei titoli, nessun FAQPage";sì
SCH-02;high;structured;FAQPage assente su pagine che contengono domande;/branded-content-come-raccontare-il-tuo-brand-con-max-digital-innovation;"3 domande nei titoli, nessun FAQPage";sì
SCH-02;high;structured;FAQPage assente su pagine che contengono domande;/piano-di-marketing-cose-e-come-crearlo-con-successo;"2 domande nei titoli, nessun FAQPage";sì
SCH-02;high;structured;FAQPage assente su pagine che contengono domande;/cookie-cosa-sono-e-a-che-servono;"3 domande nei titoli, nessun FAQPage";sì
SCH-02;high;structured;FAQPage assente su pagine che contengono domande;/scopri-come-aumentare-posizionamento-seo-per-il-tuo-sito-web-su-google;"1 domande nei titoli, nessun FAQPage";sì
SCH-02;high;structured;FAQPage assente su pagine che contengono domande;/tiktok-ads-manager-guida-completa-su-come-gestire-le-tue-campagne-su-tiktok;"1 domande nei titoli, nessun FAQPage";sì
SCH-02;high;structured;FAQPage assente su pagine che contengono domande;/dem-marketing-come-usarlo-nel-2024-per-massimizzare-i-risultati;"3 domande nei titoli, nessun FAQPage";sì
SCH-02;high;structured;FAQPage assente su pagine che contengono domande;/e-commerce-a-palermo;"1 domande nei titoli, nessun FAQPage";sì
SCH-02;high;structured;FAQPage assente su pagine che contengono domande;/business-innovation-cosa-chiede-il-mercato-oggi;"2 domande nei titoli, nessun FAQPage";sì
SCH-02;high;structured;FAQPage assente su pagine che contengono domande;/5-consigli-preziosi-per-pubblicizzare-la-propria-azienda-a-palermo-su-google;"1 domande nei titoli, nessun FAQPage";sì
SCH-02;high;structured;FAQPage assente su pagine che contengono domande;/realizzazione-siti-web-per-bb-a-palermo-hotel-motel-e-strutture-ricettive-tutto-quello-che-ce-da-sapere;"2 domande nei titoli, nessun FAQPage";sì
SCH-02;high;structured;FAQPage assente su pagine che contengono domande;/ottimizzare-la-comunicazione-grazie-allutilizzo-di-call-to-action-efficaci-per-il-tuo-sito-web-a-palermo;"1 domande nei titoli, nessun FAQPage";sì
SCH-02;high;structured;FAQPage assente su pagine che contengono domande;/pubblicita-su-tiktok-a-palermo-come-aiutiamo-la-tua-azienda-a-crescere;"1 domande nei titoli, nessun FAQPage";sì
SCH-02;high;structured;FAQPage assente su pagine che contengono domande;/seo-e-sem;"2 domande nei titoli, nessun FAQPage";sì
SCH-02;high;structured;FAQPage assente su pagine che contengono domande;/web-agency-a-palermo-il-design-che-parte-dal-brand;"1 domande nei titoli, nessun FAQPage";sì
SCH-02;high;structured;FAQPage assente su pagine che contengono domande;/hai-bisogno-di-uno-store-online-per-la-tua-attivita-offriamo-realizzazione-e-commerce-a-palermo;"1 domande nei titoli, nessun FAQPage";sì
SCH-02;high;structured;FAQPage assente su pagine che contengono domande;/sito-web-per-artisti-fai-conoscere-la-tua-arte;"1 domande nei titoli, nessun FAQPage";sì
SCH-02;high;structured;FAQPage assente su pagine che contengono domande;/quanto-costa-un-sito-web-a-palermo;"1 domande nei titoli, nessun FAQPage";sì
SCH-02;high;structured;FAQPage assente su pagine che contengono domande;/usa-la-local-seo-e-porta-il-tuo-business-al-top;"2 domande nei titoli, nessun FAQPage";sì
SCH-02;high;structured;FAQPage assente su pagine che contengono domande;/mobile-marketing-e-micro-momenti;"1 domande nei titoli, nessun FAQPage";sì
SCH-02;high;structured;FAQPage assente su pagine che contengono domande;/marketing-esperienziale-coinvolgi-il-pubblico-con-esperienze-uniche;"2 domande nei titoli, nessun FAQPage";sì
SCH-02;high;structured;FAQPage assente su pagine che contengono domande;/web-agency-a-palermo-per-creare-un-sito-professionale;"1 domande nei titoli, nessun FAQPage";sì
SCH-02;high;structured;FAQPage assente su pagine che contengono domande;/digital-agency-a-palermo-la-soluzione-completa-per-la-tua-presenza-online;"1 domande nei titoli, nessun FAQPage";sì
SCH-02;high;structured;FAQPage assente su pagine che contengono domande;/creare-un-video-aziendale-efficace-coinvolgente-e-professionale;"1 domande nei titoli, nessun FAQPage";sì
SCH-02;high;structured;FAQPage assente su pagine che contengono domande;/rendi-la-tua-azienda-digitale-trasformazione-e-innovazione-a-palermo;"1 domande nei titoli, nessun FAQPage";sì
SCH-02;high;structured;FAQPage assente su pagine che contengono domande;/come-migliorare-la-tua-brand-reputation-con-le-attivita-di-digital-marketing;"1 domande nei titoli, nessun FAQPage";sì
SCH-02;high;structured;FAQPage assente su pagine che contengono domande;/come-realizzare-un-sito-web-efficace-le-migliori-alternative-per-creare-un-percorso-di-successo-online;"1 domande nei titoli, nessun FAQPage";sì
SCH-02;high;structured;FAQPage assente su pagine che contengono domande;/sito-web-accessibile-cose-come-crearlo-e-perche-e-importante;"2 domande nei titoli, nessun FAQPage";sì
SCH-02;high;structured;FAQPage assente su pagine che contengono domande;/privacy-policy-sito-web-cose-e-come-scriverla-correttamente;"1 domande nei titoli, nessun FAQPage";sì
SCH-02;high;structured;FAQPage assente su pagine che contengono domande;/creare-un-sito-web-a-palermo-le-caratteristiche-di-unarchitettura-efficace;"1 domande nei titoli, nessun FAQPage";sì
SCH-02;high;structured;FAQPage assente su pagine che contengono domande;/sognavi-un-hotel-sempre-pieno-il-web-marketing-per-il-turismo-puo-trasformare-il-tuo-sogno-in-realta;"1 domande nei titoli, nessun FAQPage";sì
SCH-02;high;structured;FAQPage assente su pagine che contengono domande;/google-ai-search-la-nuova-era-della-ricerca-intelligente-e-le-opportunita-per-il-marketing;"2 domande nei titoli, nessun FAQPage";sì
SCH-02;high;structured;FAQPage assente su pagine che contengono domande;/aumentare-le-vendite-ecommerce-non-sei-soddisfatto-della-tua-agenzia;"1 domande nei titoli, nessun FAQPage";sì
SCH-02;high;structured;FAQPage assente su pagine che contengono domande;/gestione-marketing-per-il-tuo-fast-food;"1 domande nei titoli, nessun FAQPage";sì
SCH-02;high;structured;FAQPage assente su pagine che contengono domande;/gestione-social-media-per-la-tua-attivita;"1 domande nei titoli, nessun FAQPage";sì
SCH-02;high;structured;FAQPage assente su pagine che contengono domande;/marketing-e-pubblicita-a-palermo-tutti-i-tipi-di-pubblicita-per-far-crescere-la-tua-attivita;"2 domande nei titoli, nessun FAQPage";sì
SCH-02;high;structured;FAQPage assente su pagine che contengono domande;/vuoi-aprire-unattivita-a-palermo-e-non-sai-a-chi-affidarti-ecco-come-fare-gestione-marketing-attivita-a-palermo;"1 domande nei titoli, nessun FAQPage";sì
SCH-02;high;structured;FAQPage assente su pagine che contengono domande;/la-tua-agenzia-di-marketing-a-palermo-per-una-crescita-su-misura;"1 domande nei titoli, nessun FAQPage";sì
SCH-02;high;structured;FAQPage assente su pagine che contengono domande;/quanto-costa-realizzare-un-cartello-pubblicitario-a-palermo;"3 domande nei titoli, nessun FAQPage";sì
SCH-02;high;structured;FAQPage assente su pagine che contengono domande;/cosa-fare-per-indicizzare-il-tuo-sito-web;"1 domande nei titoli, nessun FAQPage";sì
SCH-02;high;structured;FAQPage assente su pagine che contengono domande;/non-sai-come-sponsorizzare-il-tuo-progetto-artistico-scopri-le-strategie-vincenti;"2 domande nei titoli, nessun FAQPage";sì
SCH-02;high;structured;FAQPage assente su pagine che contengono domande;/il-partner-giusto-per-il-tuo-successo-come-trovare-uno-sponsor-affidabile-a-palermo;"1 domande nei titoli, nessun FAQPage";sì
SCH-02;high;structured;FAQPage assente su pagine che contengono domande;/marketing-per-imprese-edili;"1 domande nei titoli, nessun FAQPage";sì
SCH-02;high;structured;FAQPage assente su pagine che contengono domande;/web-agency-a-palermo-la-guida-completa-per-far-crescere-la-tua-attivita-online;"1 domande nei titoli, nessun FAQPage";sì
SCH-02;high;structured;FAQPage assente su pagine che contengono domande;/copywriter-seo-per-i-social-media-perche-a-google-piace-web-agency-seo-a-palermo;"2 domande nei titoli, nessun FAQPage";sì
SCH-02;high;structured;FAQPage assente su pagine che contengono domande;/web-agency-a-palermo-per-il-settore-immobiliare-la-chiave-per-il-successo-online;"2 domande nei titoli, nessun FAQPage";sì
SCH-02;high;structured;FAQPage assente su pagine che contengono domande;/web-agency-per-startup-a-palermo-la-tua-guida-al-successo-digitale;"2 domande nei titoli, nessun FAQPage";sì
SCH-02;high;structured;FAQPage assente su pagine che contengono domande;/web-agency-per-e-commerce-a-palermo-come-incrementare-le-vendite-online;"2 domande nei titoli, nessun FAQPage";sì
SCH-02;high;structured;FAQPage assente su pagine che contengono domande;/web-agency-a-palermo-per-eventi-massimizza-la-partecipazione-al-tuo-evento;"2 domande nei titoli, nessun FAQPage";sì
SCH-02;high;structured;FAQPage assente su pagine che contengono domande;/web-agency-locale-a-palermo-la-tua-guida-per-conquistare-il-pubblico-della-citta;"2 domande nei titoli, nessun FAQPage";sì
SCH-02;high;structured;FAQPage assente su pagine che contengono domande;/pubblicita-digitale-a-palermo-come-aumentare-la-visibilita-della-tua-attivita;"2 domande nei titoli, nessun FAQPage";sì
SCH-02;high;structured;FAQPage assente su pagine che contengono domande;/creazione-siti-web-professionali-a-palermo-costruisci-la-tua-identita-digitale;"2 domande nei titoli, nessun FAQPage";sì
SCH-02;high;structured;FAQPage assente su pagine che contengono domande;/marketing-digitale-a-palermo-la-chiave-per-il-successo-della-tua-attivita;"2 domande nei titoli, nessun FAQPage";sì
SCH-02;high;structured;FAQPage assente su pagine che contengono domande;/cosa-si-intende-per-sito-web-una-guida-per-capirne-limportanza;"1 domande nei titoli, nessun FAQPage";sì
SCH-02;high;structured;FAQPage assente su pagine che contengono domande;/quali-sono-i-siti-web-piu-visitati-scopri-le-piattaforme-piu-popolari-al-mondo;"2 domande nei titoli, nessun FAQPage";sì
SCH-02;high;structured;FAQPage assente su pagine che contengono domande;/che-tipi-di-siti-web-esistono-una-guida-per-scegliere-quello-giusto-per-te;"2 domande nei titoli, nessun FAQPage";sì
SCH-02;high;structured;FAQPage assente su pagine che contengono domande;/come-si-chiama-chi-crea-un-sito-web-scopri-la-figura-del-web-developer;"2 domande nei titoli, nessun FAQPage";sì
SCH-02;high;structured;FAQPage assente su pagine che contengono domande;/che-cosa-fa-una-web-agency-una-guida-ai-servizi-digitali-piu-richiesti;"1 domande nei titoli, nessun FAQPage";sì
SCH-02;high;structured;FAQPage assente su pagine che contengono domande;/cose-unagency-scopri-il-ruolo-e-i-servizi-di-unagenzia-moderna;"4 domande nei titoli, nessun FAQPage";sì
SCH-02;high;structured;FAQPage assente su pagine che contengono domande;/cosa-si-intende-per-pubblicita-una-guida-completa-al-mondo-pubblicitario;"3 domande nei titoli, nessun FAQPage";sì
SCH-02;high;structured;FAQPage assente su pagine che contengono domande;/qual-e-il-compito-della-pubblicita-capire-lobiettivo-e-il-valore-della-comunicazione-pubblicitaria;"3 domande nei titoli, nessun FAQPage";sì
SCH-02;high;structured;FAQPage assente su pagine che contengono domande;/quanto-si-paga-unagenzia-di-comunicazione-guida-ai-costi-dei-servizi-di-comunicazione;"3 domande nei titoli, nessun FAQPage";sì
SCH-02;high;structured;FAQPage assente su pagine che contengono domande;/cosa-fa-lagenzia-di-marketing-una-guida-ai-servizi-e-al-ruolo-strategico;"1 domande nei titoli, nessun FAQPage";sì
SCH-02;high;structured;FAQPage assente su pagine che contengono domande;/che-cose-unazienda-di-marketing-scopri-il-motore-del-successo-aziendale;"2 domande nei titoli, nessun FAQPage";sì
SCH-02;high;structured;FAQPage assente su pagine che contengono domande;/che-lavoro-fa-il-marketing-il-motore-che-trasforma-idee-in-successo;"2 domande nei titoli, nessun FAQPage";sì
SCH-02;high;structured;FAQPage assente su pagine che contengono domande;/come-fare-unottima-pubblicita-strategie-vincenti-per-il-tuo-successo;"1 domande nei titoli, nessun FAQPage";sì
SCH-02;high;structured;FAQPage assente su pagine che contengono domande;/quale-pubblicita-funziona-di-piu-scopri-le-strategie-piu-efficaci-per-il-tuo-business;"1 domande nei titoli, nessun FAQPage";sì
SCH-02;high;structured;FAQPage assente su pagine che contengono domande;/come-iniziare-a-fare-digital-marketing-guida-pratica-per-chi-vuole-emergere-online;"1 domande nei titoli, nessun FAQPage";sì
SCH-02;high;structured;FAQPage assente su pagine che contengono domande;/portfolio-fotografico-online-cose-e-perche-e-importante-crearlo;"1 domande nei titoli, nessun FAQPage";sì
SCH-02;high;structured;FAQPage assente su pagine che contengono domande;/rispondere-alle-recensioni-con-lai-la-nuova-frontiera-dellautomazione;"2 domande nei titoli, nessun FAQPage";sì
SCH-02;high;structured;FAQPage assente su pagine che contengono domande;/come-ridurre-peso-delle-foto-consigli-pratici-per-immagini-piu-leggere;"2 domande nei titoli, nessun FAQPage";sì
SCH-02;high;structured;FAQPage assente su pagine che contengono domande;/cosa-fa-un-ufficio-di-comunicazione-scopri-il-cuore-della-strategia-aziendale;"2 domande nei titoli, nessun FAQPage";sì
SCH-02;high;structured;FAQPage assente su pagine che contengono domande;/come-si-chiama-chi-si-occupa-di-comunicazione-scopri-i-ruoli-e-le-competenze-di-questi-professionisti;"5 domande nei titoli, nessun FAQPage";sì
SCH-02;high;structured;FAQPage assente su pagine che contengono domande;/come-trovare-unagenzia-di-comunicazione-consigli-per-scegliere-il-partner-giusto;"2 domande nei titoli, nessun FAQPage";sì
SCH-02;high;structured;FAQPage assente su pagine che contengono domande;/scegliere-la-giusta-agenzia-di-comunicazione-consigli-e-strategie-per-trovare-il-partner-ideale;"3 domande nei titoli, nessun FAQPage";sì
SCH-02;high;structured;FAQPage assente su pagine che contengono domande;/come-sfruttare-al-meglio-i-test-a-b-per-aumentare-le-conversioni;"2 domande nei titoli, nessun FAQPage";sì
SCH-02;high;structured;FAQPage assente su pagine che contengono domande;/come-trovare-il-co-founder-perfetto-per-la-tua-startup-e-lo-sponsor-ideale-per-la-tua-crescita;"1 domande nei titoli, nessun FAQPage";sì
SCH-02;high;structured;FAQPage assente su pagine che contengono domande;/i-migliori-formati-banner-per-ottimizzare-le-tue-campagne-pubblicitarie;"1 domande nei titoli, nessun FAQPage";sì
SCH-02;high;structured;FAQPage assente su pagine che contengono domande;/come-crescere-su-instagram-8-tattiche-per-sfruttare-lalgoritmo-e-aumentare-lengagement;"1 domande nei titoli, nessun FAQPage";sì
SCH-02;high;structured;FAQPage assente su pagine che contengono domande;/tiktok-adv-o-instagram-adv-qual-e-la-piattaforma-migliore-per-la-tua-campagna-online;"6 domande nei titoli, nessun FAQPage";sì
SCH-02;high;structured;FAQPage assente su pagine che contengono domande;/la-potenza-dei-micro-influencer-e-il-loro-impatto-online-per-le-aziende;"2 domande nei titoli, nessun FAQPage";sì
SCH-02;high;structured;FAQPage assente su pagine che contengono domande;/black-friday-2024-come-preparare-il-tuo-e-commerce-a-palermo-per-massimizzare-le-vendite;"1 domande nei titoli, nessun FAQPage";sì
SCH-02;high;structured;FAQPage assente su pagine che contengono domande;/integrazione-di-piattaforme-tiktok-e-commerce-un-nuovo-orizzonte-per-i-commercianti-a-palermo;"1 domande nei titoli, nessun FAQPage";sì
SCH-02;high;structured;FAQPage assente su pagine che contengono domande;/quanto-e-importante-il-feedback-dei-clienti-per-migliorare-il-tuo-business;"2 domande nei titoli, nessun FAQPage";sì
SCH-02;high;structured;FAQPage assente su pagine che contengono domande;/la-gen-z-e-il-nuovo-percorso-di-acquisto-come-adattare-la-tua-strategia-di-marketing;"3 domande nei titoli, nessun FAQPage";sì
SCH-02;high;structured;FAQPage assente su pagine che contengono domande;/marketing-sostenibile-cose-e-come-farlo;"3 domande nei titoli, nessun FAQPage";sì
SCH-02;high;structured;FAQPage assente su pagine che contengono domande;/video-verticali-luso-strategico-per-i-tuoi-social;"1 domande nei titoli, nessun FAQPage";sì
SCH-02;high;structured;FAQPage assente su pagine che contengono domande;/video-marketing-cose-e-perche-dovresti-farlo;"2 domande nei titoli, nessun FAQPage";sì
SCH-02;high;structured;FAQPage assente su pagine che contengono domande;/visual-storytelling-una-storia-di-successo;"3 domande nei titoli, nessun FAQPage";sì
SCH-02;high;structured;FAQPage assente su pagine che contengono domande;/tutti-i-vantaggi-di-scegliere-una-web-agency-per-il-tuo-business;"2 domande nei titoli, nessun FAQPage";sì
SCH-02;high;structured;FAQPage assente su pagine che contengono domande;/il-diario-segreto-di-una-web-agency-storie-di-successi-digitali;"1 domande nei titoli, nessun FAQPage";sì
SCH-02;high;structured;FAQPage assente su pagine che contengono domande;/il-laboratorio-creativo-di-una-web-agency-dove-nascono-le-idee;"1 domande nei titoli, nessun FAQPage";sì
SCH-02;high;structured;FAQPage assente su pagine che contengono domande;/quando-la-web-agency-incontra-lintelligenza-artificiale;"1 domande nei titoli, nessun FAQPage";sì
SCH-02;high;structured;FAQPage assente su pagine che contengono domande;/siti-web-quando-il-design-incontra-lanima;"1 domande nei titoli, nessun FAQPage";sì
SCH-02;high;structured;FAQPage assente su pagine che contengono domande;/siti-web-intelligenti-come-reagiscono-ai-tuoi-bisogni;"2 domande nei titoli, nessun FAQPage";sì
SCH-02;high;structured;FAQPage assente su pagine che contengono domande;/la-magia-dietro-i-siti-web-che-conquistano;"2 domande nei titoli, nessun FAQPage";sì
SCH-02;high;structured;FAQPage assente su pagine che contengono domande;/agenzia-di-comunicazione-digitale-il-futuro-della-promozione-online;"3 domande nei titoli, nessun FAQPage";sì
SCH-02;high;structured;FAQPage assente su pagine che contengono domande;/agenzia-di-comunicazione-creativa-idee-e-strategie-per-il-tuo-brand;"3 domande nei titoli, nessun FAQPage";sì
SCH-02;high;structured;FAQPage assente su pagine che contengono domande;/agenzia-di-comunicazione-visiva-come-catturare-lattenzione-del-pubblico;"3 domande nei titoli, nessun FAQPage";sì
SCH-02;high;structured;FAQPage assente su pagine che contengono domande;/agenzia-di-comunicazione-strategica-come-pianificare-il-successo;"3 domande nei titoli, nessun FAQPage";sì
SCH-02;high;structured;FAQPage assente su pagine che contengono domande;/agenzia-di-comunicazione-per-eventi-trasformare-ogni-occasione-in-opportunita-di-successo;"3 domande nei titoli, nessun FAQPage";sì
SCH-02;high;structured;FAQPage assente su pagine che contengono domande;/agenzia-di-comunicazione-per-e-commerce-vendere-di-piu-online;"3 domande nei titoli, nessun FAQPage";sì
SCH-02;high;structured;FAQPage assente su pagine che contengono domande;/agenzia-di-comunicazione-video-limpatto-del-visual-marketing;"3 domande nei titoli, nessun FAQPage";sì
SCH-02;high;structured;FAQPage assente su pagine che contengono domande;/perche-hai-bisogno-di-un-social-media-manager-a-palermo;"2 domande nei titoli, nessun FAQPage";sì
SCH-02;high;structured;FAQPage assente su pagine che contengono domande;/come-strutturare-una-strategia-digitale-efficace;"1 domande nei titoli, nessun FAQPage";sì
SCH-02;high;structured;FAQPage assente su pagine che contengono domande;/migliorare-lindicizzazione-su-google-strategie-efficaci-per-scalare-la-serp;"3 domande nei titoli, nessun FAQPage";sì
SCH-02;high;structured;FAQPage assente su pagine che contengono domande;/progettare-un-packaging-efficace-guida-per-valorizzare-il-tuo-prodotto;"2 domande nei titoli, nessun FAQPage";sì
SCH-02;high;structured;FAQPage assente su pagine che contengono domande;/la-penna-magica-di-unagenzia-di-comunicazione-il-potere-dello-storytelling-che-emoziona-e-conquista;"4 domande nei titoli, nessun FAQPage";sì
SCH-02;high;structured;FAQPage assente su pagine che contengono domande;/larte-della-comunicazione-di-lusso-strategie-esclusive-per-conquistare-clienti-premium;"1 domande nei titoli, nessun FAQPage";sì
SCH-02;high;structured;FAQPage assente su pagine che contengono domande;/viaggi-nellera-digitale-come-unagenzia-di-comunicazione-trasforma-il-turismo-in-emozione;"2 domande nei titoli, nessun FAQPage";sì
SCH-02;high;structured;FAQPage assente su pagine che contengono domande;/strategie-su-misura-come-unagenzia-di-comunicazione-per-pmi-guida-al-successo-nel-mercato-locale;"1 domande nei titoli, nessun FAQPage";sì
SCH-02;high;structured;FAQPage assente su pagine che contengono domande;/come-unagenzia-di-comunicazione-e-influencer-marketing-trasforma-la-pubblicita-moderna;"2 domande nei titoli, nessun FAQPage";sì
SCH-02;high;structured;FAQPage assente su pagine che contengono domande;/come-scegliere-unagenzia-di-comunicazione-efficace-la-guida-per-il-successo-del-tuo-brand;"2 domande nei titoli, nessun FAQPage";sì
SCH-02;high;structured;FAQPage assente su pagine che contengono domande;/servizi-di-comunicazione-digitale-la-chiave-per-il-successo-nel-mondo-online;"3 domande nei titoli, nessun FAQPage";sì
SCH-02;high;structured;FAQPage assente su pagine che contengono domande;/creazione-di-strategie-di-comunicazione-guida-per-un-successo-garantito;"3 domande nei titoli, nessun FAQPage";sì
SCH-02;high;structured;FAQPage assente su pagine che contengono domande;/soluzioni-per-la-comunicazione-aziendale-strategie-per-far-crescere-il-tuo-brand;"2 domande nei titoli, nessun FAQPage";sì
SCH-02;high;structured;FAQPage assente su pagine che contengono domande;/esperti-in-comunicazione-e-branding-il-segreto-per-un-brand-di-successo;"2 domande nei titoli, nessun FAQPage";sì
SCH-02;high;structured;FAQPage assente su pagine che contengono domande;/branding-da-sogno-come-unagenzia-di-comunicazione-costruisce-unidentita-vincente;"1 domande nei titoli, nessun FAQPage";sì
SCH-02;high;structured;FAQPage assente su pagine che contengono domande;/strategie-di-marketing-per-aziende-come-costruire-un-piano-di-successo;"1 domande nei titoli, nessun FAQPage";sì
SCH-02;high;structured;FAQPage assente su pagine che contengono domande;/consulenza-per-la-creazione-di-brand-costruisci-unidentita-vincente;"2 domande nei titoli, nessun FAQPage";sì
SCH-02;high;structured;FAQPage assente su pagine che contengono domande;/creazione-di-marchi-aziendali-come-costruire-unidentita-forte-e-riconoscibile;"1 domande nei titoli, nessun FAQPage";sì
SCH-02;high;structured;FAQPage assente su pagine che contengono domande;/come-costruire-un-marchio-di-successo-con-lo-sviluppo-e-gestione-del-brand-a-palermo;"2 domande nei titoli, nessun FAQPage";sì
SCH-02;high;structured;FAQPage assente su pagine che contengono domande;/gestione-della-reputazione-online-come-proteggere-e-migliorare-limmagine-del-tuo-brand;"2 domande nei titoli, nessun FAQPage";sì
SCH-02;high;structured;FAQPage assente su pagine che contengono domande;/comunicazione-per-la-crescita-aziendale-strategie-per-raggiungere-il-successo;"1 domande nei titoli, nessun FAQPage";sì
SCH-02;high;structured;FAQPage assente su pagine che contengono domande;/agenzia-tiktok-come-sfruttare-il-potenziale-di-tiktok-per-il-tuo-brand;"2 domande nei titoli, nessun FAQPage";sì
SCH-02;high;structured;FAQPage assente su pagine che contengono domande;/come-funzionano-le-agenzie-su-tiktok-scopri-come-potenziare-il-tuo-brand;"4 domande nei titoli, nessun FAQPage";sì
SCH-02;high;structured;FAQPage assente su pagine che contengono domande;/come-si-fa-a-crescere-su-tiktok-strategie-per-aumentare-visibilita-e-engagement;"2 domande nei titoli, nessun FAQPage";sì
SCH-02;high;structured;FAQPage assente su pagine che contengono domande;/agenzia-per-eventi-a-palermo-come-organizzare-eventi-indimenticabili;"1 domande nei titoli, nessun FAQPage";sì
SCH-02;high;structured;FAQPage assente su pagine che contengono domande;/organizzare-eventi-a-palermo-come-creare-esperienze-indimenticabili;"2 domande nei titoli, nessun FAQPage";sì
SCH-02;high;structured;FAQPage assente su pagine che contengono domande;/come-organizzare-eventi-aziendali-di-successo-strategie-vincenti-per-il-tuo-business;"2 domande nei titoli, nessun FAQPage";sì
SCH-02;high;structured;FAQPage assente su pagine che contengono domande;/come-realizzare-un-evento-di-lancio-prodotto-di-successo-a-palermo;"2 domande nei titoli, nessun FAQPage";sì
SCH-02;high;structured;FAQPage assente su pagine che contengono domande;/come-gestire-eventi-privati-con-successo-dalla-festa-di-compleanno-a-eventi-esclusivi;"1 domande nei titoli, nessun FAQPage";sì
SCH-02;high;structured;FAQPage assente su pagine che contengono domande;/social-media-manager-a-palermo-come-scegliere-il-professionista-giusto-per-il-tuo-brand;"3 domande nei titoli, nessun FAQPage";sì
SCH-02;high;structured;FAQPage assente su pagine che contengono domande;/social-media-manager-per-e-commerce-aumentare-le-vendite-con-strategie-mirate;"2 domande nei titoli, nessun FAQPage";sì
SCH-02;high;structured;FAQPage assente su pagine che contengono domande;/il-ruolo-di-un-social-media-manager-nelle-piccole-e-medie-imprese;"2 domande nei titoli, nessun FAQPage";sì
SCH-02;high;structured;FAQPage assente su pagine che contengono domande;/come-il-social-media-manager-puo-potenziare-la-tua-strategia-di-content-marketing;"1 domande nei titoli, nessun FAQPage";sì
SCH-02;high;structured;FAQPage assente su pagine che contengono domande;/come-diventare-un-social-media-manager-di-successo-guida-passo-dopo-passo;"2 domande nei titoli, nessun FAQPage";sì
SCH-02;high;structured;FAQPage assente su pagine che contengono domande;/quanto-costa-farsi-gestire-un-profilo-instagram;"4 domande nei titoli, nessun FAQPage";sì
SCH-02;high;structured;FAQPage assente su pagine che contengono domande;/posizionamento-zero-su-google-cose-e-come-ottenerlo;"1 domande nei titoli, nessun FAQPage";sì
SCH-02;high;structured;FAQPage assente su pagine che contengono domande;/come-unire-seo-e-branding-visivo-in-un-solo-progetto-web;"1 domande nei titoli, nessun FAQPage";sì
SCH-02;high;structured;FAQPage assente su pagine che contengono domande;/i-trend-del-2025-cosa-funziona-davvero-sui-social;"1 domande nei titoli, nessun FAQPage";sì
SCH-02;high;structured;FAQPage assente su pagine che contengono domande;/unisciti-al-movimento-crea-contenuti-che-fanno-parlare-di-se;"1 domande nei titoli, nessun FAQPage";sì
SCH-02;high;structured;FAQPage assente su pagine che contengono domande;/vuoi-dominare-i-social-a-palermo-affidati-ai-migliori;"1 domande nei titoli, nessun FAQPage";sì
SCH-02;high;structured;FAQPage assente su pagine che contengono domande;/seo-e-video-virali-a-palermo-come-max-digital-innovation-sta-cambiando-le-regole;"1 domande nei titoli, nessun FAQPage";sì
SCH-02;high;structured;FAQPage assente su pagine che contengono domande;/come-aumentare-le-visualizzazioni-su-instagram-nel-2026;"5 domande nei titoli, nessun FAQPage";sì
SCH-02;high;structured;FAQPage assente su pagine che contengono domande;/algoritmo-instagram-come-funziona-davvero;"6 domande nei titoli, nessun FAQPage";sì
SCH-02;high;structured;FAQPage assente su pagine che contengono domande;/strategie-instagram-per-far-crescere-un-profilo-aziendale;"5 domande nei titoli, nessun FAQPage";sì
SCH-02;high;structured;FAQPage assente su pagine che contengono domande;/perche-i-tuoi-reel-non-fanno-visualizzazioni;"5 domande nei titoli, nessun FAQPage";sì
SCH-02;high;structured;FAQPage assente su pagine che contengono domande;/come-finire-negli-esplora-di-instagram;"5 domande nei titoli, nessun FAQPage";sì
SCH-02;high;structured;FAQPage assente su pagine che contengono domande;/instagram-per-aziende-errori-da-evitare;"5 domande nei titoli, nessun FAQPage";sì
SCH-02;high;structured;FAQPage assente su pagine che contengono domande;/come-creare-reel-virali-su-instagram;"5 domande nei titoli, nessun FAQPage";sì
SCH-02;high;structured;FAQPage assente su pagine che contengono domande;/le-migliori-strategie-instagram-per-vendere-di-piu;"5 domande nei titoli, nessun FAQPage";sì
SCH-02;high;structured;FAQPage assente su pagine che contengono domande;/come-aumentare-lengagement-su-instagram;"5 domande nei titoli, nessun FAQPage";sì
SCH-02;high;structured;FAQPage assente su pagine che contengono domande;/come-aumentare-le-visualizzazioni-su-tiktok;"5 domande nei titoli, nessun FAQPage";sì
SCH-02;high;structured;FAQPage assente su pagine che contengono domande;/algoritmo-tiktok-tutto-quello-che-devi-sapere;"6 domande nei titoli, nessun FAQPage";sì
SCH-02;high;structured;FAQPage assente su pagine che contengono domande;/perche-i-video-tiktok-fanno-poche-visualizzazioni;"5 domande nei titoli, nessun FAQPage";sì
SCH-02;high;structured;FAQPage assente su pagine che contengono domande;/come-andare-virale-su-tiktok;"5 domande nei titoli, nessun FAQPage";sì
SCH-02;high;structured;FAQPage assente su pagine che contengono domande;/strategie-tiktok-per-aziende;"5 domande nei titoli, nessun FAQPage";sì
SCH-02;high;structured;FAQPage assente su pagine che contengono domande;/tiktok-per-negozi-conviene-davvero;"8 domande nei titoli, nessun FAQPage";sì
SCH-02;high;structured;FAQPage assente su pagine che contengono domande;/quanto-dura-un-video-tiktok-ideale;"9 domande nei titoli, nessun FAQPage";sì
SCH-02;high;structured;FAQPage assente su pagine che contengono domande;/come-far-crescere-il-tuo-profilo-in-6-giorni;"5 domande nei titoli, nessun FAQPage";sì
SCH-02;high;structured;FAQPage assente su pagine che contengono domande;/come-far-crescere-il-tuo-profilo-tiktok-in-6-giorni;"5 domande nei titoli, nessun FAQPage";sì
SCH-02;high;structured;FAQPage assente su pagine che contengono domande;/produzione-video-a-palermo-come-scegliere-lagenzia-giusta;"4 domande nei titoli, nessun FAQPage";sì
SCH-02;high;structured;FAQPage assente su pagine che contengono domande;/video-aziendali-a-palermo-perche-aumentano-le-vendite;"4 domande nei titoli, nessun FAQPage";sì
SCH-02;high;structured;FAQPage assente su pagine che contengono domande;/creazione-video-virali-palermo;"5 domande nei titoli, nessun FAQPage";sì
SCH-02;high;structured;FAQPage assente su pagine che contengono domande;/produzione-video-virali-palermo;"5 domande nei titoli, nessun FAQPage";sì
SCH-02;high;structured;FAQPage assente su pagine che contengono domande;/realizzazione-video-virali-palermo;"5 domande nei titoli, nessun FAQPage";sì
SCH-02;high;structured;FAQPage assente su pagine che contengono domande;/produzione-video-virali-sicilia;"5 domande nei titoli, nessun FAQPage";sì
SCH-02;high;structured;FAQPage assente su pagine che contengono domande;/realizzazione-video-sicilia;"5 domande nei titoli, nessun FAQPage";sì
SCH-02;high;structured;FAQPage assente su pagine che contengono domande;/produzione-video-virali-per-la-tua-attivita-palermo;"5 domande nei titoli, nessun FAQPage";sì
SCH-02;high;structured;FAQPage assente su pagine che contengono domande;/realizzazione-video-virali-trapani;"5 domande nei titoli, nessun FAQPage";sì
SCH-02;high;structured;FAQPage assente su pagine che contengono domande;/produzione-video-palermo-perche-oggi-e-indispensabile-per-ogni-azienda;"5 domande nei titoli, nessun FAQPage";sì
SCH-02;high;structured;FAQPage assente su pagine che contengono domande;/video-promozionali-per-la-tua-azienda-palermo-funzionano-davvero;"12 domande nei titoli, nessun FAQPage";sì
SCH-02;high;structured;FAQPage assente su pagine che contengono domande;/produzione-video-professionale-palermo-tutto-quello-che-devi-sapere;"5 domande nei titoli, nessun FAQPage";sì
SCH-02;high;structured;FAQPage assente su pagine che contengono domande;/come-trasformare-un-semplice-video-in-un-contenuto-virale-a-palermo;"5 domande nei titoli, nessun FAQPage";sì
SCH-02;high;structured;FAQPage assente su pagine che contengono domande;/perche-ogni-attivita-di-palermo-dovrebbe-pubblicare-video-2;"5 domande nei titoli, nessun FAQPage";sì
CNT-02;high;content;Contenuto sotto la soglia competitiva (< 600 parole);/innovazione-digitale-pmi-competitive;348 parole;no
CNT-02;high;content;Contenuto sotto la soglia competitiva (< 600 parole);/innovazione-digitale-palermo;424 parole;no
CNT-02;high;content;Contenuto sotto la soglia competitiva (< 600 parole);/cybersecurity-per-aziende;393 parole;no
CNT-02;high;content;Contenuto sotto la soglia competitiva (< 600 parole);/strategia-marketing-digitale;328 parole;no
CNT-02;high;content;Contenuto sotto la soglia competitiva (< 600 parole);/campagne-ai-driven-marketing-automation;306 parole;no
CNT-02;high;content;Contenuto sotto la soglia competitiva (< 600 parole);/gestione-social-media-presenza-online;338 parole;no
CNT-02;high;content;Contenuto sotto la soglia competitiva (< 600 parole);/design-responsivo-sito-web-successo-online;497 parole;no
CNT-02;high;content;Contenuto sotto la soglia competitiva (< 600 parole);/perche-un-sito-web-professionale-e-la-chiave-del-successo-per-ogni-impresa;479 parole;no
CNT-02;high;content;Contenuto sotto la soglia competitiva (< 600 parole);/come-creare-una-landing-page-efficace;550 parole;no
CNT-02;high;content;Contenuto sotto la soglia competitiva (< 600 parole);/branded-content-come-raccontare-il-tuo-brand-con-max-digital-innovation;354 parole;no
CNT-02;high;content;Contenuto sotto la soglia competitiva (< 600 parole);/privacy-policy;304 parole;no
CNT-02;high;content;Contenuto sotto la soglia competitiva (< 600 parole);/e-commerce-a-palermo;308 parole;no
CNT-02;high;content;Contenuto sotto la soglia competitiva (< 600 parole);/advertising-a-palermo;348 parole;no
CNT-02;high;content;Contenuto sotto la soglia competitiva (< 600 parole);/gestione-social-media-a-palermo-come-la-nostra-agenzia-di-comunicazione-cura-i-tuoi-social-media;479 parole;no
CNT-02;high;content;Contenuto sotto la soglia competitiva (< 600 parole);/ottimizzare-la-comunicazione-grazie-allutilizzo-di-call-to-action-efficaci-per-il-tuo-sito-web-a-palermo;498 parole;no
CNT-02;high;content;Contenuto sotto la soglia competitiva (< 600 parole);/come-fare-pubblicita-a-palermo-su-internet-guida-per-principianti;556 parole;no
CNT-02;high;content;Contenuto sotto la soglia competitiva (< 600 parole);/campagne-pubblicitarie-a-palermo-la-soluzione-per-far-crescere-il-tuo-business;415 parole;no
CNT-02;high;content;Contenuto sotto la soglia competitiva (< 600 parole);/seo-e-sem;575 parole;no
CNT-02;high;content;Contenuto sotto la soglia competitiva (< 600 parole);/web-marketing-per-palestre-e-centri-sportivi;435 parole;no
CNT-02;high;content;Contenuto sotto la soglia competitiva (< 600 parole);/mi-serve-davvero-un-sito-web-aziendale;332 parole;no
CNT-02;high;content;Contenuto sotto la soglia competitiva (< 600 parole);/quali-sono-i-servizi-offerti-da-unagenzia-di-comunicazione-a-palermo;443 parole;no
CNT-02;high;content;Contenuto sotto la soglia competitiva (< 600 parole);/le-commerce-in-italia-sta-cambiando-con-lintelligenza-artificiale;379 parole;no
CNT-02;high;content;Contenuto sotto la soglia competitiva (< 600 parole);/il-marketing-per-attivita-locali-i-vantaggi-di-affidarsi-a-una-web-agency;487 parole;no
CNT-02;high;content;Contenuto sotto la soglia competitiva (< 600 parole);/i-social-media-gli-alleati-per-il-tuo-e-commerce;445 parole;no
CNT-02;high;content;Contenuto sotto la soglia competitiva (< 600 parole);/marketing-online-per-la-tua-concessionaria;509 parole;no
CNT-02;high;content;Contenuto sotto la soglia competitiva (< 600 parole);/marketing-online-per-il-tuo-negozio-di-abbigliamento;460 parole;no
CNT-02;high;content;Contenuto sotto la soglia competitiva (< 600 parole);/web-marketing-per-la-tua-parruccheria;473 parole;no
CNT-02;high;content;Contenuto sotto la soglia competitiva (< 600 parole);/come-promuovere-il-tuo-salone-di-bellezza-a-palermo;443 parole;no
CNT-02;high;content;Contenuto sotto la soglia competitiva (< 600 parole);/come-pubblicizzare-la-tua-ottica-a-palermo;472 parole;no
CNT-02;high;content;Contenuto sotto la soglia competitiva (< 600 parole);/come-pubblicizzare-la-tua-pizzeria;493 parole;no
CNT-02;high;content;Contenuto sotto la soglia competitiva (< 600 parole);/gestione-marketing-per-il-tuo-pub;511 parole;no
CNT-02;high;content;Contenuto sotto la soglia competitiva (< 600 parole);/idee-creative-per-pubblicizzare-la-tua-panineria;546 parole;no
CNT-02;high;content;Contenuto sotto la soglia competitiva (< 600 parole);/gestione-marketing-per-la-tua-hamburgeria;558 parole;no
CNT-02;high;content;Contenuto sotto la soglia competitiva (< 600 parole);/strategie-di-marketing-di-successo-i-passi-fondamentali-per-distinguersi-nel-mercato;585 parole;no
CNT-02;high;content;Contenuto sotto la soglia competitiva (< 600 parole);/restare-al-passo-coi-trend-e-difficile-scopri-come-unagenzia-di-comunicazione-puo-aiutarti;505 parole;no
CNT-02;high;content;Contenuto sotto la soglia competitiva (< 600 parole);/vendita-online-a-palermo-sui-social-unottima-vetrina-per-i-tuoi-prodotti;563 parole;no
CNT-02;high;content;Contenuto sotto la soglia competitiva (< 600 parole);/sito-web-per-artisti-fai-conoscere-la-tua-arte;476 parole;no
CNT-02;high;content;Contenuto sotto la soglia competitiva (< 600 parole);/web-agency-a-palermo-per-il-settore-immobiliare-la-chiave-per-il-successo-online;535 parole;no
CNT-02;high;content;Contenuto sotto la soglia competitiva (< 600 parole);/web-agency-per-startup-a-palermo-la-tua-guida-al-successo-digitale;560 parole;no
CNT-02;high;content;Contenuto sotto la soglia competitiva (< 600 parole);/web-agency-per-e-commerce-a-palermo-come-incrementare-le-vendite-online;550 parole;no
CNT-02;high;content;Contenuto sotto la soglia competitiva (< 600 parole);/web-agency-a-palermo-per-eventi-massimizza-la-partecipazione-al-tuo-evento;527 parole;no
CNT-02;high;content;Contenuto sotto la soglia competitiva (< 600 parole);/web-agency-locale-a-palermo-la-tua-guida-per-conquistare-il-pubblico-della-citta;591 parole;no
CNT-02;high;content;Contenuto sotto la soglia competitiva (< 600 parole);/pubblicita-digitale-a-palermo-come-aumentare-la-visibilita-della-tua-attivita;429 parole;no
CNT-02;high;content;Contenuto sotto la soglia competitiva (< 600 parole);/creazione-siti-web-professionali-a-palermo-costruisci-la-tua-identita-digitale;406 parole;no
CNT-02;high;content;Contenuto sotto la soglia competitiva (< 600 parole);/marketing-su-misura-per-il-tuo-negozio-di-giocattoli;369 parole;no
CNT-02;high;content;Contenuto sotto la soglia competitiva (< 600 parole);/marketing-per-farmacie-come-aumentare-visibilita-e-fidelizzare-i-clienti;380 parole;no
CNT-02;high;content;Contenuto sotto la soglia competitiva (< 600 parole);/marketing-digitale-a-palermo-la-chiave-per-il-successo-della-tua-attivita;443 parole;no
CNT-02;high;content;Contenuto sotto la soglia competitiva (< 600 parole);/cosa-si-intende-per-sito-web-una-guida-per-capirne-limportanza;422 parole;no
CNT-02;high;content;Contenuto sotto la soglia competitiva (< 600 parole);/quali-sono-i-siti-web-piu-visitati-scopri-le-piattaforme-piu-popolari-al-mondo;420 parole;no
CNT-02;high;content;Contenuto sotto la soglia competitiva (< 600 parole);/che-tipi-di-siti-web-esistono-una-guida-per-scegliere-quello-giusto-per-te;400 parole;no
CNT-02;high;content;Contenuto sotto la soglia competitiva (< 600 parole);/come-si-chiama-chi-crea-un-sito-web-scopri-la-figura-del-web-developer;414 parole;no
CNT-02;high;content;Contenuto sotto la soglia competitiva (< 600 parole);/che-cosa-fa-una-web-agency-una-guida-ai-servizi-digitali-piu-richiesti;394 parole;no
CNT-02;high;content;Contenuto sotto la soglia competitiva (< 600 parole);/quante-sono-le-web-agency-in-italia-unanalisi-del-panorama-digitale-italiano;384 parole;no
CNT-02;high;content;Contenuto sotto la soglia competitiva (< 600 parole);/quanto-guadagna-una-web-agency-analisi-dei-fattori-che-influenzano-i-ricavi;465 parole;no
CNT-02;high;content;Contenuto sotto la soglia competitiva (< 600 parole);/chi-lavora-in-una-web-agency-scopri-i-ruoli-principali;401 parole;no
CNT-02;high;content;Contenuto sotto la soglia competitiva (< 600 parole);/cose-unagency-scopri-il-ruolo-e-i-servizi-di-unagenzia-moderna;362 parole;no
CNT-02;high;content;Contenuto sotto la soglia competitiva (< 600 parole);/cosa-si-intende-per-pubblicita-una-guida-completa-al-mondo-pubblicitario;380 parole;no
CNT-02;high;content;Contenuto sotto la soglia competitiva (< 600 parole);/come-farsi-pubblicita-gratis-strategie-efficaci-per-aumentare-la-visibilita;402 parole;no
CNT-02;high;content;Contenuto sotto la soglia competitiva (< 600 parole);/qual-e-il-compito-della-pubblicita-capire-lobiettivo-e-il-valore-della-comunicazione-pubblicitaria;446 parole;no
CNT-02;high;content;Contenuto sotto la soglia competitiva (< 600 parole);/quanto-si-paga-unagenzia-di-comunicazione-guida-ai-costi-dei-servizi-di-comunicazione;449 parole;no
CNT-02;high;content;Contenuto sotto la soglia competitiva (< 600 parole);/cosa-fa-lagenzia-di-marketing-una-guida-ai-servizi-e-al-ruolo-strategico;376 parole;no
CNT-02;high;content;Contenuto sotto la soglia competitiva (< 600 parole);/che-cose-unazienda-di-marketing-scopri-il-motore-del-successo-aziendale;434 parole;no
CNT-02;high;content;Contenuto sotto la soglia competitiva (< 600 parole);/3-tipi-di-marketing-a-palermo-scopri-le-strategie-per-il-successo-della-tua-attivita;417 parole;no
CNT-02;high;content;Contenuto sotto la soglia competitiva (< 600 parole);/che-lavoro-fa-il-marketing-il-motore-che-trasforma-idee-in-successo;389 parole;no
CNT-02;high;content;Contenuto sotto la soglia competitiva (< 600 parole);/come-fare-unottima-pubblicita-strategie-vincenti-per-il-tuo-successo;501 parole;no
CNT-02;high;content;Contenuto sotto la soglia competitiva (< 600 parole);/dove-fare-pubblicita-a-basso-costo-scopri-le-migliori-strategie-economiche-per-promuovere-la-tua-attivita;379 parole;no
CNT-02;high;content;Contenuto sotto la soglia competitiva (< 600 parole);/quale-pubblicita-funziona-di-piu-scopri-le-strategie-piu-efficaci-per-il-tuo-business;433 parole;no
CNT-02;high;content;Contenuto sotto la soglia competitiva (< 600 parole);/come-iniziare-a-fare-digital-marketing-guida-pratica-per-chi-vuole-emergere-online;434 parole;no
CNT-02;high;content;Contenuto sotto la soglia competitiva (< 600 parole);/portfolio-fotografico-online-cose-e-perche-e-importante-crearlo;508 parole;no
CNT-02;high;content;Contenuto sotto la soglia competitiva (< 600 parole);/rispondere-alle-recensioni-con-lai-la-nuova-frontiera-dellautomazione;554 parole;no
CNT-02;high;content;Contenuto sotto la soglia competitiva (< 600 parole);/focus-group-cose-a-che-serve-e-come-farlo-al-meglio;483 parole;no
CNT-02;high;content;Contenuto sotto la soglia competitiva (< 600 parole);/come-creare-sondaggi-online-e-raggiungere-il-tuo-pubblico-in-modo-efficace;573 parole;no
CNT-02;high;content;Contenuto sotto la soglia competitiva (< 600 parole);/cosa-fa-un-ufficio-di-comunicazione-scopri-il-cuore-della-strategia-aziendale;490 parole;no
CNT-02;high;content;Contenuto sotto la soglia competitiva (< 600 parole);/come-si-chiama-chi-si-occupa-di-comunicazione-scopri-i-ruoli-e-le-competenze-di-questi-professionisti;515 parole;no
CNT-02;high;content;Contenuto sotto la soglia competitiva (< 600 parole);/come-trovare-unagenzia-di-comunicazione-consigli-per-scegliere-il-partner-giusto;536 parole;no
CNT-02;high;content;Contenuto sotto la soglia competitiva (< 600 parole);/scegliere-la-giusta-agenzia-di-comunicazione-consigli-e-strategie-per-trovare-il-partner-ideale;577 parole;no
CNT-02;high;content;Contenuto sotto la soglia competitiva (< 600 parole);/come-creare-un-podcast-aziendale-per-migliorare-il-posizionamento-del-brand;509 parole;no
CNT-02;high;content;Contenuto sotto la soglia competitiva (< 600 parole);/come-crescere-su-instagram-8-tattiche-per-sfruttare-lalgoritmo-e-aumentare-lengagement;507 parole;no
CNT-02;high;content;Contenuto sotto la soglia competitiva (< 600 parole);/black-friday-2024-come-preparare-il-tuo-e-commerce-a-palermo-per-massimizzare-le-vendite;486 parole;no
CNT-02;high;content;Contenuto sotto la soglia competitiva (< 600 parole);/integrazione-di-piattaforme-tiktok-e-commerce-un-nuovo-orizzonte-per-i-commercianti-a-palermo;486 parole;no
CNT-02;high;content;Contenuto sotto la soglia competitiva (< 600 parole);/quanto-e-importante-il-feedback-dei-clienti-per-migliorare-il-tuo-business;540 parole;no
CNT-02;high;content;Contenuto sotto la soglia competitiva (< 600 parole);/marketing-sostenibile-cose-e-come-farlo;595 parole;no
CNT-02;high;content;Contenuto sotto la soglia competitiva (< 600 parole);/video-marketing-cose-e-perche-dovresti-farlo;501 parole;no
CNT-02;high;content;Contenuto sotto la soglia competitiva (< 600 parole);/visual-storytelling-una-storia-di-successo;579 parole;no
CNT-02;high;content;Contenuto sotto la soglia competitiva (< 600 parole);/tutti-i-vantaggi-di-scegliere-una-web-agency-per-il-tuo-business;585 parole;no
CNT-02;high;content;Contenuto sotto la soglia competitiva (< 600 parole);/il-diario-segreto-di-una-web-agency-storie-di-successi-digitali;427 parole;no
CNT-02;high;content;Contenuto sotto la soglia competitiva (< 600 parole);/quando-la-web-agency-incontra-lintelligenza-artificiale;360 parole;no
CNT-02;high;content;Contenuto sotto la soglia competitiva (< 600 parole);/i-siti-web-del-futuro-come-saranno-nel-2050;330 parole;no
CNT-02;high;content;Contenuto sotto la soglia competitiva (< 600 parole);/siti-web-quando-il-design-incontra-lanima;325 parole;no
CNT-02;high;content;Contenuto sotto la soglia competitiva (< 600 parole);/i-custodi-dei-siti-web-chi-protegge-i-tuoi-dati;338 parole;no
CNT-02;high;content;Contenuto sotto la soglia competitiva (< 600 parole);/siti-web-intelligenti-come-reagiscono-ai-tuoi-bisogni;311 parole;no
CNT-02;high;content;Contenuto sotto la soglia competitiva (< 600 parole);/la-magia-dietro-i-siti-web-che-conquistano;362 parole;no
CNT-02;high;content;Contenuto sotto la soglia competitiva (< 600 parole);/agenzia-di-comunicazione-digitale-il-futuro-della-promozione-online;465 parole;no
CNT-02;high;content;Contenuto sotto la soglia competitiva (< 600 parole);/agenzia-di-comunicazione-creativa-idee-e-strategie-per-il-tuo-brand;492 parole;no
CNT-02;high;content;Contenuto sotto la soglia competitiva (< 600 parole);/agenzia-di-comunicazione-visiva-come-catturare-lattenzione-del-pubblico;500 parole;no
CNT-02;high;content;Contenuto sotto la soglia competitiva (< 600 parole);/agenzia-di-comunicazione-strategica-come-pianificare-il-successo;489 parole;no
CNT-02;high;content;Contenuto sotto la soglia competitiva (< 600 parole);/agenzia-di-comunicazione-per-eventi-trasformare-ogni-occasione-in-opportunita-di-successo;532 parole;no
CNT-02;high;content;Contenuto sotto la soglia competitiva (< 600 parole);/agenzia-di-comunicazione-per-e-commerce-vendere-di-piu-online;552 parole;no
CNT-02;high;content;Contenuto sotto la soglia competitiva (< 600 parole);/agenzia-di-comunicazione-video-limpatto-del-visual-marketing;520 parole;no
CNT-02;high;content;Contenuto sotto la soglia competitiva (< 600 parole);/come-raggiungere-al-meglio-il-proprio-pubblico-strategie-efficaci-per-comunicare-con-successo;502 parole;no
CNT-02;high;content;Contenuto sotto la soglia competitiva (< 600 parole);/perche-hai-bisogno-di-un-social-media-manager-a-palermo;542 parole;no
CNT-02;high;content;Contenuto sotto la soglia competitiva (< 600 parole);/progettare-un-packaging-efficace-guida-per-valorizzare-il-tuo-prodotto;564 parole;no
CNT-02;high;content;Contenuto sotto la soglia competitiva (< 600 parole);/la-penna-magica-di-unagenzia-di-comunicazione-il-potere-dello-storytelling-che-emoziona-e-conquista;460 parole;no
CNT-02;high;content;Contenuto sotto la soglia competitiva (< 600 parole);/larte-della-comunicazione-di-lusso-strategie-esclusive-per-conquistare-clienti-premium;567 parole;no
CNT-02;high;content;Contenuto sotto la soglia competitiva (< 600 parole);/viaggi-nellera-digitale-come-unagenzia-di-comunicazione-trasforma-il-turismo-in-emozione;552 parole;no
CNT-02;high;content;Contenuto sotto la soglia competitiva (< 600 parole);/strategie-su-misura-come-unagenzia-di-comunicazione-per-pmi-guida-al-successo-nel-mercato-locale;528 parole;no
CNT-02;high;content;Contenuto sotto la soglia competitiva (< 600 parole);/servizi-di-comunicazione-digitale-la-chiave-per-il-successo-nel-mondo-online;507 parole;no
CNT-02;high;content;Contenuto sotto la soglia competitiva (< 600 parole);/creazione-di-strategie-di-comunicazione-guida-per-un-successo-garantito;351 parole;no
CNT-02;high;content;Contenuto sotto la soglia competitiva (< 600 parole);/soluzioni-per-la-comunicazione-aziendale-strategie-per-far-crescere-il-tuo-brand;516 parole;no
CNT-02;high;content;Contenuto sotto la soglia competitiva (< 600 parole);/5-errori-silenziosi-che-stai-commettendo-nel-tuo-sito-web-aziendale;422 parole;no
CNT-02;high;content;Contenuto sotto la soglia competitiva (< 600 parole);/strategie-digitali-per-artigiani-locali-come-vendere-di-piu-online-marketing;367 parole;no
CNT-02;high;content;Contenuto sotto la soglia competitiva (< 600 parole);/il-potere-delle-landing-page-per-attivita-locali-converti-i-clienti-della-tua-citta;381 parole;no
CNT-02;high;content;Contenuto sotto la soglia competitiva (< 600 parole);/micro-influencer-locale-come-usarli-per-far-crescere-la-tua-azienda-marketing-palermo;362 parole;no
CNT-02;high;content;Contenuto sotto la soglia competitiva (< 600 parole);/posizionamento-zero-su-google-cose-e-come-ottenerlo;345 parole;no
CNT-02;high;content;Contenuto sotto la soglia competitiva (< 600 parole);/come-unire-seo-e-branding-visivo-in-un-solo-progetto-web;367 parole;no
CNT-02;high;content;Contenuto sotto la soglia competitiva (< 600 parole);/leffetto-domino-delle-recensioni-online-per-le-attivita-locali;338 parole;no
CNT-02;high;content;Contenuto sotto la soglia competitiva (< 600 parole);/seo-per-podcast-e-audio-contenuti-come-farli-trovare-online;346 parole;no
CNT-02;high;content;Contenuto sotto la soglia competitiva (< 600 parole);/siti-one-page-quando-funzionano-davvero;409 parole;no
CNT-02;high;content;Contenuto sotto la soglia competitiva (< 600 parole);/strategie-digitali-per-chi-apre-una-start-up-culturale-a-palermo;346 parole;no
CNT-02;high;content;Contenuto sotto la soglia competitiva (< 600 parole);/come-promuovere-la-tua-casa-vacanze-con-il-marketing-locale-digitale;358 parole;no
CNT-02;high;content;Contenuto sotto la soglia competitiva (< 600 parole);/brand-identity-per-artisti-e-creativi-distinguersi-online-in-modo-autentico;358 parole;no
CNT-02;high;content;Contenuto sotto la soglia competitiva (< 600 parole);/il-ruolo-del-marketing-digitale-per-le-librerie-indipendenti;334 parole;no
CNT-02;high;content;Contenuto sotto la soglia competitiva (< 600 parole);/comunicazione-digitale-per-associazioni-no-profit-come-farsi-conoscere;329 parole;no
CNT-02;high;content;Contenuto sotto la soglia competitiva (< 600 parole);/strategie-web-per-eventi-teatrali-e-spettacoli-indipendenti;346 parole;no
CNT-02;high;content;Contenuto sotto la soglia competitiva (< 600 parole);/digitale-e-tradizione-come-promuovere-botteghe-storiche-con-nuove-strategie-comunicazione;338 parole;no
CNT-02;high;content;Contenuto sotto la soglia competitiva (< 600 parole);/formazione-online-come-promuovere-il-tuo-corso-o-workshop-sul-web;341 parole;no
CNT-02;high;content;Contenuto sotto la soglia competitiva (< 600 parole);/dalla-strada-al-web-come-promuovere-un-food-truck-a-palermo;349 parole;no
CNT-02;high;content;Contenuto sotto la soglia competitiva (< 600 parole);/digital-strategy-per-laboratori-di-analisi-come-farsi-scegliere-online;321 parole;no
CNT-02;high;content;Contenuto sotto la soglia competitiva (< 600 parole);/come-comunicare-online-per-una-scuola-di-musica-o-danza-a-palermo;328 parole;no
CNT-02;high;content;Contenuto sotto la soglia competitiva (< 600 parole);/come-far-crescere-una-sartoria-o-atelier-online-strategie-su-misura;331 parole;no
CNT-02;high;content;Contenuto sotto la soglia competitiva (< 600 parole);/pet-business-come-farsi-conoscere-online-con-una-comunicazione-mirata;350 parole;no
CNT-02;high;content;Contenuto sotto la soglia competitiva (< 600 parole);/vendere-arte-online-come-costruire-una-strategia-digitale-per-gallerie-e-artisti;325 parole;no
CNT-02;high;content;Contenuto sotto la soglia competitiva (< 600 parole);/ristorazione-vegetariana-e-vegana-come-comunicare-i-tuoi-valori-online;353 parole;no
CNT-02;high;content;Contenuto sotto la soglia competitiva (< 600 parole);/digital-strategy-per-wedding-planner-e-servizi-per-eventi-privati;341 parole;no
CNT-02;high;content;Contenuto sotto la soglia competitiva (< 600 parole);/consulenti-psicologi-e-coach-come-trovare-clienti-online-a-palermo;322 parole;no
CNT-02;high;content;Contenuto sotto la soglia competitiva (< 600 parole);/come-lanciare-prodotti-tipici-siciliani-online-vendita;330 parole;no
CNT-02;high;content;Contenuto sotto la soglia competitiva (< 600 parole);/servizi-alla-persona-promuovere-online-estetiste-massaggiatori-e-parrucchieri;327 parole;no
CNT-02;high;content;Contenuto sotto la soglia competitiva (< 600 parole);/digital-branding-per-studi-legali-e-professionisti-del-diritto;328 parole;no
CNT-02;high;content;Contenuto sotto la soglia competitiva (< 600 parole);/come-comunicare-in-modo-efficacer-studi-di-fisioterapia;309 parole;no
CNT-02;high;content;Contenuto sotto la soglia competitiva (< 600 parole);/psicologi-online-come-promuoversi-nel-rispetto-della-deontologia;316 parole;no
CNT-02;high;content;Contenuto sotto la soglia competitiva (< 600 parole);/come-promuovere-un-centro-odontoiatrico-sul-web-senza-perdere-serieta;304 parole;no
CNT-02;high;content;Contenuto sotto la soglia competitiva (< 600 parole);/farmacie-e-parafarmacie-strategie-locali-per-aumentare-la-clientela;342 parole;no
CNT-02;high;content;Contenuto sotto la soglia competitiva (< 600 parole);/come-far-crescere-un-centro-logopedico-con-il-supporto-digitale;346 parole;no
CNT-02;high;content;Contenuto sotto la soglia competitiva (< 600 parole);/visibilita-online-per-nutrizionisti-e-biologi-cosa-funziona-davvero;327 parole;no
CNT-02;high;content;Contenuto sotto la soglia competitiva (< 600 parole);/come-lanciare-una-clinica-estetica-digital-branding-per-la-bellezza;324 parole;no
CNT-02;high;content;Contenuto sotto la soglia competitiva (< 600 parole);/servizi-veterinari-come-raggiungere-piu-clienti-online-in-modo-etico;335 parole;no
CNT-02;high;content;Contenuto sotto la soglia competitiva (< 600 parole);/come-farsi-scegliere-online-come-ostetrica-o-operatore-del-benessere-femminile;336 parole;no
CNT-02;high;content;Contenuto sotto la soglia competitiva (< 600 parole);/digital-strategy-per-studi-di-podologia-e-professionisti-del-piede;315 parole;no
CNT-02;high;content;Contenuto sotto la soglia competitiva (< 600 parole);/come-promuovere-online-una-scuola-privata-o-centro-di-formazione-a-palermo;336 parole;no
CNT-02;high;content;Contenuto sotto la soglia competitiva (< 600 parole);/comunicazione-per-architetti-e-interior-designer-il-progetto-parte-dal-web;338 parole;no
CNT-02;high;content;Contenuto sotto la soglia competitiva (< 600 parole);/come-far-crescere-unazienda-agricola-con-e-commerce-e-promozione-locale;326 parole;no
CNT-02;high;content;Contenuto sotto la soglia competitiva (< 600 parole);/pet-sitter-e-pensioni-per-animali-come-attirare-piu-clienti-online;340 parole;no
CNT-02;high;content;Contenuto sotto la soglia competitiva (< 600 parole);/servizi-per-linfanzia-come-farsi-conoscere-online-come-baby-sitter-o-tata-qualificata;331 parole;no
CNT-02;high;content;Contenuto sotto la soglia competitiva (< 600 parole);/come-promuovere-online-una-cooperativa-sociale-a-palermo;330 parole;no
CNT-02;high;content;Contenuto sotto la soglia competitiva (< 600 parole);/digital-strategy-per-agenzie-investigative-e-professionisti-della-sicurezza;340 parole;no
CNT-02;high;content;Contenuto sotto la soglia competitiva (< 600 parole);/comunicazione-per-traduttori-e-interpreti-come-trovare-clienti-online;336 parole;no
CNT-02;high;content;Contenuto sotto la soglia competitiva (< 600 parole);/social-media-manager-a-palermo-quanto-conta-davvero-per-unazienda-locale;331 parole;no
CNT-02;high;content;Contenuto sotto la soglia competitiva (< 600 parole);/agenzia-marketing-a-palermo-come-sceglierne-una-adatta-alla-tua-attivita;341 parole;no
CNT-02;high;content;Contenuto sotto la soglia competitiva (< 600 parole);/web-agency-a-palermo-per-professionisti-siti-e-strategie-personalizzate;331 parole;no
CNT-02;high;content;Contenuto sotto la soglia competitiva (< 600 parole);/strategie-seo-per-video-virali-come-farsi-trovare-online;574 parole;no
CNT-02;high;content;Contenuto sotto la soglia competitiva (< 600 parole);/produzione-video-a-palermo-come-scegliere-lagenzia-giusta;534 parole;no
ONP-05;high;onpage;Focus keyword assente dal title SEO;/privacy-policy;"keyword ""Privacy Policy Max Digital Innovation"" non presente";sì
ONP-05;high;onpage;Focus keyword assente dal title SEO;/come-creare-una-strategia-di-comunicazione-digitale-efficace-per-piccole-imprese;"keyword ""strategia comunicazione digitale piccole imprese"" non presente";sì
ONP-05;high;onpage;Focus keyword assente dal title SEO;/cookie-cosa-sono-e-a-che-servono;"keyword ""cookie cosa sono"" non presente";sì
ONP-05;high;onpage;Focus keyword assente dal title SEO;/e-commerce-a-palermo;"keyword ""e-commerce Palermo"" non presente";sì
ONP-05;high;onpage;Focus keyword assente dal title SEO;/advertising-a-palermo;"keyword ""Advertising Palermo"" non presente";sì
ONP-05;high;onpage;Focus keyword assente dal title SEO;/5-consigli-preziosi-per-pubblicizzare-la-propria-azienda-a-palermo-su-google;"keyword ""pubblicizzare azienda Google Palermo"" non presente";sì
ONP-05;high;onpage;Focus keyword assente dal title SEO;/ecco-perche-un-sito-web-a-palermo-e-cosi-essenziale-per-la-tua-attivita;"keyword ""sito web essenziale attività"" non presente";sì
ONP-05;high;onpage;Focus keyword assente dal title SEO;/gestione-social-media-a-palermo-come-la-nostra-agenzia-di-comunicazione-cura-i-tuoi-social-media;"keyword ""gestione social media Palermo"" non presente";sì
ONP-05;high;onpage;Focus keyword assente dal title SEO;/loghi-per-la-tua-azienda-a-palermo-caratteristiche-e-come-crearne-uno-efficace;"keyword ""logo aziendale Palermo"" non presente";sì
ONP-05;high;onpage;Focus keyword assente dal title SEO;/pubblicita-su-tiktok-a-palermo-come-aiutiamo-la-tua-azienda-a-crescere;"keyword ""pubblicità TikTok Palermo"" non presente";sì
ONP-05;high;onpage;Focus keyword assente dal title SEO;/b2b-a-palermo-cosa-puo-imparare-dal-b2c-per-sfruttare-al-meglio-il-digitale;"keyword ""B2B Palermo digitale"" non presente";sì
ONP-05;high;onpage;Focus keyword assente dal title SEO;/web-marketing-per-palestre-e-centri-sportivi;"keyword ""web marketing per palestre Palermo"" non presente";sì
ONP-05;high;onpage;Focus keyword assente dal title SEO;/mi-serve-davvero-un-sito-web-aziendale;"keyword ""sito web aziendale Palermo"" non presente";sì
ONP-05;high;onpage;Focus keyword assente dal title SEO;/quali-sono-i-servizi-offerti-da-unagenzia-di-comunicazione-a-palermo;"keyword ""agenzia di comunicazione Palermo"" non presente";sì
ONP-05;high;onpage;Focus keyword assente dal title SEO;/il-marketing-per-attivita-locali-i-vantaggi-di-affidarsi-a-una-web-agency;"keyword ""marketing per attività a Palermo"" non presente";sì
ONP-05;high;onpage;Focus keyword assente dal title SEO;/come-pubblicizzare-la-tua-ottica-a-palermo;"keyword ""pubblicizzare ottica Palermo"" non presente";sì
ONP-05;high;onpage;Focus keyword assente dal title SEO;/gestione-marketing-per-il-tuo-pub;"keyword ""marketing per pub a Palermo"" non presente";sì
ONP-05;high;onpage;Focus keyword assente dal title SEO;/hai-bisogno-di-uno-store-online-per-la-tua-attivita-offriamo-realizzazione-e-commerce-a-palermo;"keyword ""realizzazione e-commerce Palermo"" non presente";sì
ONP-05;high;onpage;Focus keyword assente dal title SEO;/vendita-online-a-palermo-sui-social-unottima-vetrina-per-i-tuoi-prodotti;"keyword ""vendita online a Palermo"" non presente";sì
ONP-05;high;onpage;Focus keyword assente dal title SEO;/mobile-marketing-e-micro-momenti;"keyword ""mobile marketing Palermo"" non presente";sì
ONP-05;high;onpage;Focus keyword assente dal title SEO;/il-web-design-e-la-sua-evoluzione;"keyword ""web design Palermo"" non presente";sì
ONP-05;high;onpage;Focus keyword assente dal title SEO;/marketing-esperienziale-coinvolgi-il-pubblico-con-esperienze-uniche;"keyword ""marketing esperienziale Palermo"" non presente";sì
ONP-05;high;onpage;Focus keyword assente dal title SEO;/creare-un-video-aziendale-efficace-coinvolgente-e-professionale;"keyword ""video aziendale Palermo"" non presente";sì
ONP-05;high;onpage;Focus keyword assente dal title SEO;/google-ai-search-la-nuova-era-della-ricerca-intelligente-e-le-opportunita-per-il-marketing;"keyword ""Google AI Search Palermo"" non presente";sì
ONP-05;high;onpage;Focus keyword assente dal title SEO;/gestione-social-media-per-la-tua-attivita;"keyword ""gestione social media Palermo"" non presente";sì
ONP-05;high;onpage;Focus keyword assente dal title SEO;/marketing-e-pubblicita-a-palermo-tutti-i-tipi-di-pubblicita-per-far-crescere-la-tua-attivita;"keyword ""marketing e pubblicità Palermo"" non presente";sì
ONP-05;high;onpage;Focus keyword assente dal title SEO;/il-partner-giusto-per-il-tuo-successo-come-trovare-uno-sponsor-affidabile-a-palermo;"keyword ""sponsor affidabile Palermo"" non presente";sì
ONP-05;high;onpage;Focus keyword assente dal title SEO;/marketing-per-imprese-edili;"keyword ""Marketing Imprese Edili Palermo"" non presente";sì
ONP-05;high;onpage;Focus keyword assente dal title SEO;/copywriter-seo-per-i-social-media-perche-a-google-piace-web-agency-seo-a-palermo;"keyword ""Web agency SEO Palermo"" non presente";sì
ONP-05;high;onpage;Focus keyword assente dal title SEO;/web-agency-per-startup-a-palermo-la-tua-guida-al-successo-digitale;"keyword ""web agency startup Palermo"" non presente";sì
ONP-05;high;onpage;Focus keyword assente dal title SEO;/web-agency-a-palermo-per-eventi-massimizza-la-partecipazione-al-tuo-evento;"keyword ""Web Agency Palermo Eventi"" non presente";sì
ONP-05;high;onpage;Focus keyword assente dal title SEO;/web-agency-locale-a-palermo-la-tua-guida-per-conquistare-il-pubblico-della-citta;"keyword ""web agency locale Palermo"" non presente";sì
ONP-05;high;onpage;Focus keyword assente dal title SEO;/pubblicita-digitale-a-palermo-come-aumentare-la-visibilita-della-tua-attivita;"keyword ""pubblicità digitale Palermo"" non presente";sì
ONP-05;high;onpage;Focus keyword assente dal title SEO;/creazione-siti-web-professionali-a-palermo-costruisci-la-tua-identita-digitale;"keyword ""siti web professionali Palermo"" non presente";sì
ONP-05;high;onpage;Focus keyword assente dal title SEO;/marketing-digitale-a-palermo-la-chiave-per-il-successo-della-tua-attivita;"keyword ""marketing digitale Palermo"" non presente";sì
ONP-05;high;onpage;Focus keyword assente dal title SEO;/cosa-si-intende-per-sito-web-una-guida-per-capirne-limportanza;"keyword ""cosa si intende per sito web"" non presente";sì
ONP-05;high;onpage;Focus keyword assente dal title SEO;/come-si-chiama-chi-crea-un-sito-web-scopri-la-figura-del-web-developer;"keyword ""chi crea un sito web"" non presente";sì
ONP-05;high;onpage;Focus keyword assente dal title SEO;/che-cosa-fa-una-web-agency-una-guida-ai-servizi-digitali-piu-richiesti;"keyword ""cosa fa una web agency"" non presente";sì
ONP-05;high;onpage;Focus keyword assente dal title SEO;/quanto-guadagna-una-web-agency-analisi-dei-fattori-che-influenzano-i-ricavi;"keyword ""quanto guadagna web agency"" non presente";sì
ONP-05;high;onpage;Focus keyword assente dal title SEO;/che-lavoro-fa-il-marketing-il-motore-che-trasforma-idee-in-successo;"keyword ""che lavoro fa il marketing"" non presente";sì
ONP-05;high;onpage;Focus keyword assente dal title SEO;/come-fare-unottima-pubblicita-strategie-vincenti-per-il-tuo-successo;"keyword ""ottima pubblicità"" non presente";sì
ONP-05;high;onpage;Focus keyword assente dal title SEO;/come-sfruttare-al-meglio-i-test-a-b-per-aumentare-le-conversioni;"keyword ""Test A/B conversioni"" non presente";sì
ONP-05;high;onpage;Focus keyword assente dal title SEO;/come-trovare-il-co-founder-perfetto-per-la-tua-startup-e-lo-sponsor-ideale-per-la-tua-crescita;"keyword ""sponsor ideale per la tua startup"" non presente";sì
ONP-05;high;onpage;Focus keyword assente dal title SEO;/tiktok-adv-o-instagram-adv-qual-e-la-piattaforma-migliore-per-la-tua-campagna-online;"keyword ""TikTok adv o Instagram adv"" non presente";sì
ONP-05;high;onpage;Focus keyword assente dal title SEO;/black-friday-2024-come-preparare-il-tuo-e-commerce-a-palermo-per-massimizzare-le-vendite;"keyword ""Black Friday 2024 Palermo e-commerce"" non presente";sì
ONP-05;high;onpage;Focus keyword assente dal title SEO;/marketing-sostenibile-cose-e-come-farlo;"keyword ""marketing sostenibile Palermo"" non presente";sì
ONP-05;high;onpage;Focus keyword assente dal title SEO;/tutti-i-vantaggi-di-scegliere-una-web-agency-per-il-tuo-business;"keyword ""vantaggi di scegliere una web agency"" non presente";sì
ONP-05;high;onpage;Focus keyword assente dal title SEO;/la-magia-dietro-i-siti-web-che-conquistano;"keyword ""siti web che funzionano"" non presente";sì
ONP-05;high;onpage;Focus keyword assente dal title SEO;/agenzia-di-comunicazione-per-eventi-trasformare-ogni-occasione-in-opportunita-di-successo;"keyword ""agenzia di comunicazione per eventi"" non presente";sì
ONP-05;high;onpage;Focus keyword assente dal title SEO;/agenzia-di-comunicazione-per-e-commerce-vendere-di-piu-online;"keyword ""agenzia di comunicazione per e-commerce"" non presente";sì
ONP-05;high;onpage;Focus keyword assente dal title SEO;/come-raggiungere-al-meglio-il-proprio-pubblico-strategie-efficaci-per-comunicare-con-successo;"keyword ""come raggiungere il proprio pubblico"" non presente";sì
ONP-05;high;onpage;Focus keyword assente dal title SEO;/migliorare-lindicizzazione-su-google-strategie-efficaci-per-scalare-la-serp;"keyword ""migliorare indicizzazione google"" non presente";sì
ONP-05;high;onpage;Focus keyword assente dal title SEO;/larte-della-comunicazione-di-lusso-strategie-esclusive-per-conquistare-clienti-premium;"keyword ""agenzia di comunicazione per il lusso"" non presente";sì
ONP-05;high;onpage;Focus keyword assente dal title SEO;/come-unagenzia-di-comunicazione-e-influencer-marketing-trasforma-la-pubblicita-moderna;"keyword ""agenzia di comunicazione e influencer marketing"" non presente";sì
ONP-05;high;onpage;Focus keyword assente dal title SEO;/come-scegliere-unagenzia-di-comunicazione-efficace-la-guida-per-il-successo-del-tuo-brand;"keyword ""agenzia di comunicazione efficace"" non presente";sì
ONP-05;high;onpage;Focus keyword assente dal title SEO;/soluzioni-per-la-comunicazione-aziendale-strategie-per-far-crescere-il-tuo-brand;"keyword ""soluzioni per la comunicazione aziendale"" non presente";sì
ONP-05;high;onpage;Focus keyword assente dal title SEO;/esperti-in-comunicazione-e-branding-il-segreto-per-un-brand-di-successo;"keyword ""Comunicazione e Branding"" non presente";sì
ONP-05;high;onpage;Focus keyword assente dal title SEO;/branding-da-sogno-come-unagenzia-di-comunicazione-costruisce-unidentita-vincente;"keyword ""agenzia di branding a Palermo"" non presente";sì
ONP-05;high;onpage;Focus keyword assente dal title SEO;/strategie-di-marketing-per-aziende-come-costruire-un-piano-di-successo;"keyword ""strategie di marketing per aziende"" non presente";sì
ONP-05;high;onpage;Focus keyword assente dal title SEO;/consulenza-per-la-creazione-di-brand-costruisci-unidentita-vincente;"keyword ""consulenza per la creazione di brand"" non presente";sì
ONP-05;high;onpage;Focus keyword assente dal title SEO;/come-costruire-un-marchio-di-successo-con-lo-sviluppo-e-gestione-del-brand-a-palermo;"keyword ""sviluppo e gestione del brand a Palermo"" non presente";sì
ONP-05;high;onpage;Focus keyword assente dal title SEO;/agenzia-per-eventi-a-palermo-come-organizzare-eventi-indimenticabili;"keyword ""agenzia per eventi a Palermo"" non presente";sì
ONP-05;high;onpage;Focus keyword assente dal title SEO;/come-organizzare-eventi-aziendali-di-successo-strategie-vincenti-per-il-tuo-business;"keyword ""eventi aziendali a Palermo"" non presente";sì
ONP-05;high;onpage;Focus keyword assente dal title SEO;/come-realizzare-un-evento-di-lancio-prodotto-di-successo-a-palermo;"keyword ""lancio prodotto Palermo"" non presente";sì
ONP-05;high;onpage;Focus keyword assente dal title SEO;/social-media-manager-a-palermo-come-scegliere-il-professionista-giusto-per-il-tuo-brand;"keyword ""social media manager Palermo"" non presente";sì
ONP-05;high;onpage;Focus keyword assente dal title SEO;/come-il-social-media-manager-puo-potenziare-la-tua-strategia-di-content-marketing;"keyword ""social media manager content marketing"" non presente";sì
ONP-05;high;onpage;Focus keyword assente dal title SEO;/il-potere-delle-landing-page-per-attivita-locali-converti-i-clienti-della-tua-citta;"keyword ""landing page per attività locali"" non presente";sì
ONP-05;high;onpage;Focus keyword assente dal title SEO;/micro-influencer-locale-come-usarli-per-far-crescere-la-tua-azienda-marketing-palermo;"keyword ""influencer marketing locale Palermo"" non presente";sì
ONP-05;high;onpage;Focus keyword assente dal title SEO;/come-unire-seo-e-branding-visivo-in-un-solo-progetto-web;"keyword ""integrare SEO e brand identity"" non presente";sì
ONP-05;high;onpage;Focus keyword assente dal title SEO;/seo-per-podcast-e-audio-contenuti-come-farli-trovare-online;"keyword ""marketing per podcast Palermo"" non presente";sì
ONP-05;high;onpage;Focus keyword assente dal title SEO;/siti-one-page-quando-funzionano-davvero;"keyword ""vantaggi sito one page Palermo"" non presente";sì
ONP-05;high;onpage;Focus keyword assente dal title SEO;/il-ruolo-del-marketing-digitale-per-le-librerie-indipendenti;"keyword ""marketing per librerie palermo"" non presente";sì
ONP-05;high;onpage;Focus keyword assente dal title SEO;/comunicazione-digitale-per-associazioni-no-profit-come-farsi-conoscere;"keyword ""marketing per associazioni Palermo"" non presente";sì
ONP-05;high;onpage;Focus keyword assente dal title SEO;/digitale-e-tradizione-come-promuovere-botteghe-storiche-con-nuove-strategie-comunicazione;"keyword ""comunicazione per botteghe storiche Palermo"" non presente";sì
ONP-05;high;onpage;Focus keyword assente dal title SEO;/formazione-online-come-promuovere-il-tuo-corso-o-workshop-sul-web;"keyword ""pubblicità corsi e workshop Palermo"" non presente";sì
ONP-05;high;onpage;Focus keyword assente dal title SEO;/dalla-strada-al-web-come-promuovere-un-food-truck-a-palermo;"keyword ""marketing food Palermo"" non presente";sì
ONP-05;high;onpage;Focus keyword assente dal title SEO;/digital-strategy-per-laboratori-di-analisi-come-farsi-scegliere-online;"keyword ""marketing per laboratori analisi Palermo"" non presente";sì
ONP-05;high;onpage;Focus keyword assente dal title SEO;/come-comunicare-online-per-una-scuola-di-musica-o-danza-a-palermo;"keyword ""promozione scuola di musica Palermo"" non presente";sì
ONP-05;high;onpage;Focus keyword assente dal title SEO;/digital-strategy-per-wedding-planner-e-servizi-per-eventi-privati;"keyword ""Digital Strategy per Wedding Planner Palermo"" non presente";sì
ONP-05;high;onpage;Focus keyword assente dal title SEO;/consulenti-psicologi-e-coach-come-trovare-clienti-online-a-palermo;"keyword ""visibilità online per professionisti Palermo"" non presente";sì
ONP-05;high;onpage;Focus keyword assente dal title SEO;/come-lanciare-prodotti-tipici-siciliani-online-vendita;"keyword ""vendita prodotti tipici siciliani online"" non presente";sì
ONP-05;high;onpage;Focus keyword assente dal title SEO;/digital-branding-per-studi-legali-e-professionisti-del-diritto;"keyword ""marketing per avvocati Palermo"" non presente";sì
ONP-05;high;onpage;Focus keyword assente dal title SEO;/come-comunicare-in-modo-efficacer-studi-di-fisioterapia;"keyword ""marketing per fisioterapisti Palermo"" non presente";sì
ONP-05;high;onpage;Focus keyword assente dal title SEO;/farmacie-e-parafarmacie-strategie-locali-per-aumentare-la-clientela;"keyword ""marketing per farmacie Palermo"" non presente";sì
ONP-05;high;onpage;Focus keyword assente dal title SEO;/come-far-crescere-un-centro-logopedico-con-il-supporto-digitale;"keyword ""marketing per logopedisti Palermo"" non presente";sì
ONP-05;high;onpage;Focus keyword assente dal title SEO;/servizi-veterinari-come-raggiungere-piu-clienti-online-in-modo-etico;"keyword ""marketing per veterinari Palermo"" non presente";sì
ONP-05;high;onpage;Focus keyword assente dal title SEO;/come-farsi-scegliere-online-come-ostetrica-o-operatore-del-benessere-femminile;"keyword ""visibilità per ostetriche Palermo"" non presente";sì
ONP-05;high;onpage;Focus keyword assente dal title SEO;/digital-strategy-per-studi-di-podologia-e-professionisti-del-piede;"keyword ""marketing per podologi Palermo"" non presente";sì
ONP-05;high;onpage;Focus keyword assente dal title SEO;/come-promuovere-online-una-scuola-privata-o-centro-di-formazione-a-palermo;"keyword ""marketing per scuole private Palermo"" non presente";sì
ONP-05;high;onpage;Focus keyword assente dal title SEO;/comunicazione-per-architetti-e-interior-designer-il-progetto-parte-dal-web;"keyword ""marketing per architetti Palermo"" non presente";sì
ONP-05;high;onpage;Focus keyword assente dal title SEO;/come-far-crescere-unazienda-agricola-con-e-commerce-e-promozione-locale;"keyword ""vendita prodotti agricoli Palermo"" non presente";sì
ONP-05;high;onpage;Focus keyword assente dal title SEO;/pet-sitter-e-pensioni-per-animali-come-attirare-piu-clienti-online;"keyword ""promozione servizi pet Palermo"" non presente";sì
ONP-05;high;onpage;Focus keyword assente dal title SEO;/servizi-per-linfanzia-come-farsi-conoscere-online-come-baby-sitter-o-tata-qualificata;"keyword ""promozione servizi infanzia Palermo"" non presente";sì
ONP-05;high;onpage;Focus keyword assente dal title SEO;/digital-strategy-per-agenzie-investigative-e-professionisti-della-sicurezza;"keyword ""visibilità per agenzia investigativa Palermo"" non presente";sì
ONP-05;high;onpage;Focus keyword assente dal title SEO;/social-media-manager-a-palermo-quanto-conta-davvero-per-unazienda-locale;"keyword ""Social Media Manager Palermo"" non presente";sì
ONP-05;high;onpage;Focus keyword assente dal title SEO;/scopri-come-creare-video-virali;"keyword ""come creare video virali: 5 strategie che funzionano nel 2025"" non presente";sì
ONP-05;high;onpage;Focus keyword assente dal title SEO;/contenuti-che-spopolano-sui-social;"keyword ""guida passo-passo per realizzare contenuti che spopolano sui social"" non presente";sì
ONP-05;high;onpage;Focus keyword assente dal title SEO;/parole-chiave-e-viralita-il-connubio-perfetto-per-i-tuoi-video;"keyword ""parole chiave viralità video"" non presente";sì
ONP-05;high;onpage;Focus keyword assente dal title SEO;/come-ottimizzare-i-tuoi-video-per-i-motori-di-ricerca-nel-2025;"keyword ""ottimizzare i tuoi video per i motori di ricerca nel 2025"" non presente";sì
ONP-05;high;onpage;Focus keyword assente dal title SEO;/seo-per-contenuti-video-guida-pratica-per-aumentare-le-visualizzazioni;"keyword ""SEO per contenuti video"" non presente";sì
ONP-05;high;onpage;Focus keyword assente dal title SEO;/i-segreti-del-marketing-digitale-a-palermo-scopri-la-nostra-agenzia;"keyword ""marketing digitale Palermo"" non presente";sì
ONP-05;high;onpage;Focus keyword assente dal title SEO;/strategie-instagram-per-far-crescere-un-profilo-aziendale;"keyword ""Strategie Instagram per far crescere un profilo aziendale"" non presente";sì
ONP-05;high;onpage;Focus keyword assente dal title SEO;/perche-i-tuoi-reel-non-fanno-visualizzazioni;"keyword ""Reel non fanno visualizzazioni"" non presente";sì
ONP-05;high;onpage;Focus keyword assente dal title SEO;/instagram-per-aziende-errori-da-evitare;"keyword ""Instagram per aziende: errori da evitare"" non presente";sì
ONP-05;high;onpage;Focus keyword assente dal title SEO;/come-creare-reel-virali-su-instagram;"keyword ""Reel virali Instagram"" non presente";sì
ONP-05;high;onpage;Focus keyword assente dal title SEO;/quanto-dura-un-video-tiktok-ideale;"keyword ""Quanto dura un video TikTok ideale"" non presente";sì
ONP-05;high;onpage;Focus keyword assente dal title SEO;/produzione-video-a-palermo-come-scegliere-lagenzia-giusta;"keyword ""produzione video Palermo"" non presente";sì
ONP-05;high;onpage;Focus keyword assente dal title SEO;/realizzazione-video-virali-palermo;"keyword ""Realizzazione video virali Palermo"" non presente";sì
ONP-05;high;onpage;Focus keyword assente dal title SEO;/produzione-video-virali-per-la-tua-attivita-palermo;"keyword ""Produzione video virali per la tua attività Palermo"" non presente";sì
ONP-05;high;onpage;Focus keyword assente dal title SEO;/realizzazione-video-virali-trapani;"keyword ""Realizzazione video virali Trapani"" non presente";sì
ONP-05;high;onpage;Focus keyword assente dal title SEO;/video-promozionali-per-la-tua-azienda-palermo-funzionano-davvero;"keyword ""video promozionali Palermo"" non presente";sì
GEO-04;high;generative;Nessuna sezione FAQ esplicita;/privacy-policy;nessuna domanda fra i titoli di sezione;sì
GEO-04;high;generative;Nessuna sezione FAQ esplicita;/servizi-digitali-palermo;nessuna domanda fra i titoli di sezione;sì
GEO-04;high;generative;Nessuna sezione FAQ esplicita;/innovazione-digitale-pmi-competitive;nessuna domanda fra i titoli di sezione;sì
GEO-04;high;generative;Nessuna sezione FAQ esplicita;/campagne-ai-driven-marketing-automation;nessuna domanda fra i titoli di sezione;sì
GEO-04;high;generative;Nessuna sezione FAQ esplicita;/come-creare-una-strategia-di-comunicazione-digitale-efficace-per-piccole-imprese;nessuna domanda fra i titoli di sezione;sì
GEO-04;high;generative;Nessuna sezione FAQ esplicita;/tipologie-di-siti-web-la-guida-definitiva-per-imprenditori;nessuna domanda fra i titoli di sezione;sì
GEO-04;high;generative;Nessuna sezione FAQ esplicita;/advertising-a-palermo;nessuna domanda fra i titoli di sezione;sì
GEO-04;high;generative;Nessuna sezione FAQ esplicita;/hai-bisogno-di-pubblicizzare-il-tuo-ristorante-a-palermo-ecco-come-possiamo-aiutarti;nessuna domanda fra i titoli di sezione;sì
GEO-04;high;generative;Nessuna sezione FAQ esplicita;/ecco-perche-un-sito-web-a-palermo-e-cosi-essenziale-per-la-tua-attivita;nessuna domanda fra i titoli di sezione;sì
GEO-04;high;generative;Nessuna sezione FAQ esplicita;/gestione-social-media-a-palermo-come-la-nostra-agenzia-di-comunicazione-cura-i-tuoi-social-media;nessuna domanda fra i titoli di sezione;sì
GEO-04;high;generative;Nessuna sezione FAQ esplicita;/11-trend-marketing-a-palermo-per-e-commerce-marketing-che-faranno-crescere-il-tuo-e-commerce;nessuna domanda fra i titoli di sezione;sì
GEO-04;high;generative;Nessuna sezione FAQ esplicita;/come-fare-pubblicita-a-palermo-su-internet-guida-per-principianti;nessuna domanda fra i titoli di sezione;sì
GEO-04;high;generative;Nessuna sezione FAQ esplicita;/web-agency-a-palermo-il-design-che-parte-dal-brand;nessuna domanda fra i titoli di sezione;sì
GEO-04;high;generative;Nessuna sezione FAQ esplicita;/b2b-a-palermo-cosa-puo-imparare-dal-b2c-per-sfruttare-al-meglio-il-digitale;nessuna domanda fra i titoli di sezione;sì
GEO-04;high;generative;Nessuna sezione FAQ esplicita;/strategie-di-content-marketing-per-le-piccole-imprese-a-palermo;nessuna domanda fra i titoli di sezione;sì
GEO-04;high;generative;Nessuna sezione FAQ esplicita;/web-marketing-per-palestre-e-centri-sportivi;nessuna domanda fra i titoli di sezione;sì
GEO-04;high;generative;Nessuna sezione FAQ esplicita;/quali-sono-i-servizi-offerti-da-unagenzia-di-comunicazione-a-palermo;nessuna domanda fra i titoli di sezione;sì
GEO-04;high;generative;Nessuna sezione FAQ esplicita;/il-marketing-per-attivita-locali-i-vantaggi-di-affidarsi-a-una-web-agency;nessuna domanda fra i titoli di sezione;sì
GEO-04;high;generative;Nessuna sezione FAQ esplicita;/marketing-online-per-la-tua-concessionaria;nessuna domanda fra i titoli di sezione;sì
GEO-04;high;generative;Nessuna sezione FAQ esplicita;/web-marketing-per-la-tua-parruccheria;nessuna domanda fra i titoli di sezione;sì
GEO-04;high;generative;Nessuna sezione FAQ esplicita;/come-pubblicizzare-la-tua-ottica-a-palermo;nessuna domanda fra i titoli di sezione;sì
GEO-04;high;generative;Nessuna sezione FAQ esplicita;/come-pubblicizzare-la-tua-pizzeria;nessuna domanda fra i titoli di sezione;sì
GEO-04;high;generative;Nessuna sezione FAQ esplicita;/gestione-marketing-per-il-tuo-pub;nessuna domanda fra i titoli di sezione;sì
GEO-04;high;generative;Nessuna sezione FAQ esplicita;/idee-creative-per-pubblicizzare-la-tua-panineria;nessuna domanda fra i titoli di sezione;sì
GEO-04;high;generative;Nessuna sezione FAQ esplicita;/gestione-marketing-per-la-tua-hamburgeria;nessuna domanda fra i titoli di sezione;sì
GEO-04;high;generative;Nessuna sezione FAQ esplicita;/strategie-di-marketing-di-successo-i-passi-fondamentali-per-distinguersi-nel-mercato;nessuna domanda fra i titoli di sezione;sì
GEO-04;high;generative;Nessuna sezione FAQ esplicita;/pubblicita-per-il-tuo-brand-a-palermo-come-differenziarsi-dalla-massa;nessuna domanda fra i titoli di sezione;sì
GEO-04;high;generative;Nessuna sezione FAQ esplicita;/restare-al-passo-coi-trend-e-difficile-scopri-come-unagenzia-di-comunicazione-puo-aiutarti;nessuna domanda fra i titoli di sezione;sì
GEO-04;high;generative;Nessuna sezione FAQ esplicita;/il-web-design-e-la-sua-evoluzione;nessuna domanda fra i titoli di sezione;sì
GEO-04;high;generative;Nessuna sezione FAQ esplicita;/come-creare-siti-web-professionali-e-di-qualita;nessuna domanda fra i titoli di sezione;sì
GEO-04;high;generative;Nessuna sezione FAQ esplicita;/come-scegliere-lagenzia-pubblicitaria-a-palermo-ideale-per-la-vostra-azienda;nessuna domanda fra i titoli di sezione;sì
GEO-04;high;generative;Nessuna sezione FAQ esplicita;/10-modi-per-migliorare-la-visibilita-del-tuo-sito-web-sui-motori-di-ricerca;nessuna domanda fra i titoli di sezione;sì
GEO-04;high;generative;Nessuna sezione FAQ esplicita;/le-11-regole-per-un-sito-web-efficace;nessuna domanda fra i titoli di sezione;sì
GEO-04;high;generative;Nessuna sezione FAQ esplicita;/gestione-marketing-per-la-tua-enoteca;nessuna domanda fra i titoli di sezione;sì
GEO-04;high;generative;Nessuna sezione FAQ esplicita;/quante-sono-le-web-agency-in-italia-unanalisi-del-panorama-digitale-italiano;nessuna domanda fra i titoli di sezione;sì
GEO-04;high;generative;Nessuna sezione FAQ esplicita;/3-tipi-di-marketing-a-palermo-scopri-le-strategie-per-il-successo-della-tua-attivita;nessuna domanda fra i titoli di sezione;sì
GEO-04;high;generative;Nessuna sezione FAQ esplicita;/i-siti-web-del-futuro-come-saranno-nel-2050;nessuna domanda fra i titoli di sezione;sì
GEO-04;high;generative;Nessuna sezione FAQ esplicita;/5-errori-silenziosi-che-stai-commettendo-nel-tuo-sito-web-aziendale;nessuna domanda fra i titoli di sezione;sì
GEO-04;high;generative;Nessuna sezione FAQ esplicita;/strategie-digitali-per-chi-apre-una-start-up-culturale-a-palermo;nessuna domanda fra i titoli di sezione;sì
GEO-04;high;generative;Nessuna sezione FAQ esplicita;/come-promuovere-la-tua-casa-vacanze-con-il-marketing-locale-digitale;nessuna domanda fra i titoli di sezione;sì
GEO-04;high;generative;Nessuna sezione FAQ esplicita;/brand-identity-per-artisti-e-creativi-distinguersi-online-in-modo-autentico;nessuna domanda fra i titoli di sezione;sì
GEO-04;high;generative;Nessuna sezione FAQ esplicita;/il-ruolo-del-marketing-digitale-per-le-librerie-indipendenti;nessuna domanda fra i titoli di sezione;sì
GEO-04;high;generative;Nessuna sezione FAQ esplicita;/comunicazione-digitale-per-associazioni-no-profit-come-farsi-conoscere;nessuna domanda fra i titoli di sezione;sì
GEO-04;high;generative;Nessuna sezione FAQ esplicita;/strategie-web-per-eventi-teatrali-e-spettacoli-indipendenti;nessuna domanda fra i titoli di sezione;sì
GEO-04;high;generative;Nessuna sezione FAQ esplicita;/digitale-e-tradizione-come-promuovere-botteghe-storiche-con-nuove-strategie-comunicazione;nessuna domanda fra i titoli di sezione;sì
GEO-04;high;generative;Nessuna sezione FAQ esplicita;/formazione-online-come-promuovere-il-tuo-corso-o-workshop-sul-web;nessuna domanda fra i titoli di sezione;sì
GEO-04;high;generative;Nessuna sezione FAQ esplicita;/dalla-strada-al-web-come-promuovere-un-food-truck-a-palermo;nessuna domanda fra i titoli di sezione;sì
GEO-04;high;generative;Nessuna sezione FAQ esplicita;/digital-strategy-per-laboratori-di-analisi-come-farsi-scegliere-online;nessuna domanda fra i titoli di sezione;sì
GEO-04;high;generative;Nessuna sezione FAQ esplicita;/come-comunicare-online-per-una-scuola-di-musica-o-danza-a-palermo;nessuna domanda fra i titoli di sezione;sì
GEO-04;high;generative;Nessuna sezione FAQ esplicita;/come-far-crescere-una-sartoria-o-atelier-online-strategie-su-misura;nessuna domanda fra i titoli di sezione;sì
GEO-04;high;generative;Nessuna sezione FAQ esplicita;/pet-business-come-farsi-conoscere-online-con-una-comunicazione-mirata;nessuna domanda fra i titoli di sezione;sì
GEO-04;high;generative;Nessuna sezione FAQ esplicita;/vendere-arte-online-come-costruire-una-strategia-digitale-per-gallerie-e-artisti;nessuna domanda fra i titoli di sezione;sì
GEO-04;high;generative;Nessuna sezione FAQ esplicita;/ristorazione-vegetariana-e-vegana-come-comunicare-i-tuoi-valori-online;nessuna domanda fra i titoli di sezione;sì
GEO-04;high;generative;Nessuna sezione FAQ esplicita;/digital-strategy-per-wedding-planner-e-servizi-per-eventi-privati;nessuna domanda fra i titoli di sezione;sì
GEO-04;high;generative;Nessuna sezione FAQ esplicita;/consulenti-psicologi-e-coach-come-trovare-clienti-online-a-palermo;nessuna domanda fra i titoli di sezione;sì
GEO-04;high;generative;Nessuna sezione FAQ esplicita;/come-lanciare-prodotti-tipici-siciliani-online-vendita;nessuna domanda fra i titoli di sezione;sì
GEO-04;high;generative;Nessuna sezione FAQ esplicita;/servizi-alla-persona-promuovere-online-estetiste-massaggiatori-e-parrucchieri;nessuna domanda fra i titoli di sezione;sì
GEO-04;high;generative;Nessuna sezione FAQ esplicita;/digital-branding-per-studi-legali-e-professionisti-del-diritto;nessuna domanda fra i titoli di sezione;sì
GEO-04;high;generative;Nessuna sezione FAQ esplicita;/come-comunicare-in-modo-efficacer-studi-di-fisioterapia;nessuna domanda fra i titoli di sezione;sì
GEO-04;high;generative;Nessuna sezione FAQ esplicita;/psicologi-online-come-promuoversi-nel-rispetto-della-deontologia;nessuna domanda fra i titoli di sezione;sì
GEO-04;high;generative;Nessuna sezione FAQ esplicita;/come-promuovere-un-centro-odontoiatrico-sul-web-senza-perdere-serieta;nessuna domanda fra i titoli di sezione;sì
GEO-04;high;generative;Nessuna sezione FAQ esplicita;/farmacie-e-parafarmacie-strategie-locali-per-aumentare-la-clientela;nessuna domanda fra i titoli di sezione;sì
GEO-04;high;generative;Nessuna sezione FAQ esplicita;/come-far-crescere-un-centro-logopedico-con-il-supporto-digitale;nessuna domanda fra i titoli di sezione;sì
GEO-04;high;generative;Nessuna sezione FAQ esplicita;/visibilita-online-per-nutrizionisti-e-biologi-cosa-funziona-davvero;nessuna domanda fra i titoli di sezione;sì
GEO-04;high;generative;Nessuna sezione FAQ esplicita;/come-lanciare-una-clinica-estetica-digital-branding-per-la-bellezza;nessuna domanda fra i titoli di sezione;sì
GEO-04;high;generative;Nessuna sezione FAQ esplicita;/servizi-veterinari-come-raggiungere-piu-clienti-online-in-modo-etico;nessuna domanda fra i titoli di sezione;sì
GEO-04;high;generative;Nessuna sezione FAQ esplicita;/come-farsi-scegliere-online-come-ostetrica-o-operatore-del-benessere-femminile;nessuna domanda fra i titoli di sezione;sì
GEO-04;high;generative;Nessuna sezione FAQ esplicita;/digital-strategy-per-studi-di-podologia-e-professionisti-del-piede;nessuna domanda fra i titoli di sezione;sì
GEO-04;high;generative;Nessuna sezione FAQ esplicita;/come-promuovere-online-una-scuola-privata-o-centro-di-formazione-a-palermo;nessuna domanda fra i titoli di sezione;sì
GEO-04;high;generative;Nessuna sezione FAQ esplicita;/comunicazione-per-architetti-e-interior-designer-il-progetto-parte-dal-web;nessuna domanda fra i titoli di sezione;sì
GEO-04;high;generative;Nessuna sezione FAQ esplicita;/come-far-crescere-unazienda-agricola-con-e-commerce-e-promozione-locale;nessuna domanda fra i titoli di sezione;sì
GEO-04;high;generative;Nessuna sezione FAQ esplicita;/pet-sitter-e-pensioni-per-animali-come-attirare-piu-clienti-online;nessuna domanda fra i titoli di sezione;sì
GEO-04;high;generative;Nessuna sezione FAQ esplicita;/servizi-per-linfanzia-come-farsi-conoscere-online-come-baby-sitter-o-tata-qualificata;nessuna domanda fra i titoli di sezione;sì
GEO-04;high;generative;Nessuna sezione FAQ esplicita;/come-promuovere-online-una-cooperativa-sociale-a-palermo;nessuna domanda fra i titoli di sezione;sì
GEO-04;high;generative;Nessuna sezione FAQ esplicita;/digital-strategy-per-agenzie-investigative-e-professionisti-della-sicurezza;nessuna domanda fra i titoli di sezione;sì
GEO-04;high;generative;Nessuna sezione FAQ esplicita;/comunicazione-per-traduttori-e-interpreti-come-trovare-clienti-online;nessuna domanda fra i titoli di sezione;sì
GEO-04;high;generative;Nessuna sezione FAQ esplicita;/social-media-manager-a-palermo-quanto-conta-davvero-per-unazienda-locale;nessuna domanda fra i titoli di sezione;sì
GEO-04;high;generative;Nessuna sezione FAQ esplicita;/agenzia-marketing-a-palermo-come-sceglierne-una-adatta-alla-tua-attivita;nessuna domanda fra i titoli di sezione;sì
GEO-04;high;generative;Nessuna sezione FAQ esplicita;/web-agency-a-palermo-per-professionisti-siti-e-strategie-personalizzate;nessuna domanda fra i titoli di sezione;sì
GEO-04;high;generative;Nessuna sezione FAQ esplicita;/tiktok-e-instagram-reels-perche-ogni-impresa-a-palermo-deve-sfruttarli-ora;nessuna domanda fra i titoli di sezione;sì
GEO-04;high;generative;Nessuna sezione FAQ esplicita;/contenuti-che-spopolano-sui-social;nessuna domanda fra i titoli di sezione;sì
GEO-04;high;generative;Nessuna sezione FAQ esplicita;/i-segreti-dei-video-virali-tecniche-e-strumenti-da-conoscere;nessuna domanda fra i titoli di sezione;sì
GEO-04;high;generative;Nessuna sezione FAQ esplicita;/come-trasformare-unidea-in-un-video-virale-di-successo;nessuna domanda fra i titoli di sezione;sì
GEO-04;high;generative;Nessuna sezione FAQ esplicita;/scopri-come-un-semplice-video-ha-raggiunto-1-milione-di-visualizzazioni-in-24-ore;nessuna domanda fra i titoli di sezione;sì
GEO-04;high;generative;Nessuna sezione FAQ esplicita;/da-zero-a-virale-la-storia-di-un-contenuto-che-ha-conquistato-il-web;nessuna domanda fra i titoli di sezione;sì
GEO-04;high;generative;Nessuna sezione FAQ esplicita;/3-trucchi-per-rendere-i-tuoi-reels-irresistibili;nessuna domanda fra i titoli di sezione;sì
GEO-04;high;generative;Nessuna sezione FAQ esplicita;/scopri-strategie-efficaci-per-creare-reels;nessuna domanda fra i titoli di sezione;sì
GEO-04;high;generative;Nessuna sezione FAQ esplicita;/creare-reels-che-tutti-vogliono-condividere;nessuna domanda fra i titoli di sezione;sì
GEO-04;high;generative;Nessuna sezione FAQ esplicita;/partecipare-alla-sfida-del-momento;nessuna domanda fra i titoli di sezione;sì
GEO-04;high;generative;Nessuna sezione FAQ esplicita;/trend-alert-i-video-che-stanno-conquistando-tiktok;nessuna domanda fra i titoli di sezione;sì
GEO-04;high;generative;Nessuna sezione FAQ esplicita;/strategie-seo-per-video-virali-come-farsi-trovare-online;nessuna domanda fra i titoli di sezione;sì
GEO-04;high;generative;Nessuna sezione FAQ esplicita;/agenzia-di-comunicazione-a-palermo-come-far-crescere-il-tuo-brand-nel-2025;nessuna domanda fra i titoli di sezione;sì
ONP-01;high;onpage;Title SEO troppo lungo (viene troncato in SERP);/cookie-policy;62 caratteri;sì
ONP-01;high;onpage;Title SEO troppo lungo (viene troncato in SERP);/innovazione-digitale-pmi-competitive;64 caratteri;sì
ONP-01;high;onpage;Title SEO troppo lungo (viene troncato in SERP);/strategia-marketing-digitale;65 caratteri;sì
ONP-01;high;onpage;Title SEO troppo lungo (viene troncato in SERP);/campagne-ai-driven-marketing-automation;61 caratteri;sì
ONP-01;high;onpage;Title SEO troppo lungo (viene troncato in SERP);/gestione-social-media-presenza-online;65 caratteri;sì
ONP-01;high;onpage;Title SEO troppo lungo (viene troncato in SERP);/come-creare-una-strategia-di-comunicazione-digitale-efficace-per-piccole-imprese;64 caratteri;sì
ONP-01;high;onpage;Title SEO troppo lungo (viene troncato in SERP);/reputazione_online_cose_perche_conta_e_come_verificarla;64 caratteri;sì
ONP-01;high;onpage;Title SEO troppo lungo (viene troncato in SERP);/branded-content-come-raccontare-il-tuo-brand-con-max-digital-innovation;65 caratteri;sì
ONP-01;high;onpage;Title SEO troppo lungo (viene troncato in SERP);/dem-marketing-come-usarlo-nel-2024-per-massimizzare-i-risultati;63 caratteri;sì
ONP-01;high;onpage;Title SEO troppo lungo (viene troncato in SERP);/business-innovation-cosa-chiede-il-mercato-oggi;63 caratteri;sì
ONP-01;high;onpage;Title SEO troppo lungo (viene troncato in SERP);/advertising-a-palermo;61 caratteri;sì
ONP-01;high;onpage;Title SEO troppo lungo (viene troncato in SERP);/5-consigli-preziosi-per-pubblicizzare-la-propria-azienda-a-palermo-su-google;64 caratteri;sì
ONP-01;high;onpage;Title SEO troppo lungo (viene troncato in SERP);/campagne-pubblicitarie-a-palermo-la-soluzione-per-far-crescere-il-tuo-business;65 caratteri;sì
ONP-01;high;onpage;Title SEO troppo lungo (viene troncato in SERP);/seo-e-sem;64 caratteri;sì
ONP-01;high;onpage;Title SEO troppo lungo (viene troncato in SERP);/web-marketing-per-palestre-e-centri-sportivi;65 caratteri;sì
ONP-01;high;onpage;Title SEO troppo lungo (viene troncato in SERP);/mi-serve-davvero-un-sito-web-aziendale;63 caratteri;sì
ONP-01;high;onpage;Title SEO troppo lungo (viene troncato in SERP);/quali-sono-i-servizi-offerti-da-unagenzia-di-comunicazione-a-palermo;62 caratteri;sì
ONP-01;high;onpage;Title SEO troppo lungo (viene troncato in SERP);/gestione-marketing-per-il-tuo-pub;81 caratteri;sì
ONP-01;high;onpage;Title SEO troppo lungo (viene troncato in SERP);/quanto-costa-un-sito-web-a-palermo;70 caratteri;sì
ONP-01;high;onpage;Title SEO troppo lungo (viene troncato in SERP);/usa-la-local-seo-e-porta-il-tuo-business-al-top;63 caratteri;sì
ONP-01;high;onpage;Title SEO troppo lungo (viene troncato in SERP);/mobile-marketing-e-micro-momenti;76 caratteri;sì
ONP-01;high;onpage;Title SEO troppo lungo (viene troncato in SERP);/social-media-marketing-nel-settore-arredamento;62 caratteri;sì
ONP-01;high;onpage;Title SEO troppo lungo (viene troncato in SERP);/il-web-design-e-la-sua-evoluzione;66 caratteri;sì
ONP-01;high;onpage;Title SEO troppo lungo (viene troncato in SERP);/web-agency-a-palermo-per-creare-un-sito-professionale;61 caratteri;sì
ONP-01;high;onpage;Title SEO troppo lungo (viene troncato in SERP);/rendi-la-tua-azienda-digitale-trasformazione-e-innovazione-a-palermo;65 caratteri;sì
ONP-01;high;onpage;Title SEO troppo lungo (viene troncato in SERP);/strategie-di-web-reputation-come-costruire-gestire-e-misurare-la-percezione-online;66 caratteri;sì
ONP-01;high;onpage;Title SEO troppo lungo (viene troncato in SERP);/sognavi-un-hotel-sempre-pieno-il-web-marketing-per-il-turismo-puo-trasformare-il-tuo-sogno-in-realta;66 caratteri;sì
ONP-01;high;onpage;Title SEO troppo lungo (viene troncato in SERP);/gestione-social-media-per-la-tua-attivita;69 caratteri;sì
ONP-01;high;onpage;Title SEO troppo lungo (viene troncato in SERP);/marketing-e-pubblicita-a-palermo-tutti-i-tipi-di-pubblicita-per-far-crescere-la-tua-attivita;64 caratteri;sì
ONP-01;high;onpage;Title SEO troppo lungo (viene troncato in SERP);/cosa-fare-per-indicizzare-il-tuo-sito-web;69 caratteri;sì
ONP-01;high;onpage;Title SEO troppo lungo (viene troncato in SERP);/il-partner-giusto-per-il-tuo-successo-come-trovare-uno-sponsor-affidabile-a-palermo;63 caratteri;sì
ONP-01;high;onpage;Title SEO troppo lungo (viene troncato in SERP);/web-agency-a-palermo-la-guida-completa-per-far-crescere-la-tua-attivita-online;63 caratteri;sì
ONP-01;high;onpage;Title SEO troppo lungo (viene troncato in SERP);/web-agency-per-startup-a-palermo-la-tua-guida-al-successo-digitale;67 caratteri;sì
ONP-01;high;onpage;Title SEO troppo lungo (viene troncato in SERP);/web-agency-per-e-commerce-a-palermo-come-incrementare-le-vendite-online;67 caratteri;sì
ONP-01;high;onpage;Title SEO troppo lungo (viene troncato in SERP);/web-agency-a-palermo-per-eventi-massimizza-la-partecipazione-al-tuo-evento;61 caratteri;sì
ONP-01;high;onpage;Title SEO troppo lungo (viene troncato in SERP);/quante-sono-le-web-agency-in-italia-unanalisi-del-panorama-digitale-italiano;62 caratteri;sì
ONP-01;high;onpage;Title SEO troppo lungo (viene troncato in SERP);/chi-lavora-in-una-web-agency-scopri-i-ruoli-principali;62 caratteri;sì
ONP-01;high;onpage;Title SEO troppo lungo (viene troncato in SERP);/cose-unagency-scopri-il-ruolo-e-i-servizi-di-unagenzia-moderna;63 caratteri;sì
ONP-01;high;onpage;Title SEO troppo lungo (viene troncato in SERP);/come-farsi-pubblicita-gratis-strategie-efficaci-per-aumentare-la-visibilita;62 caratteri;sì
ONP-01;high;onpage;Title SEO troppo lungo (viene troncato in SERP);/che-cose-unazienda-di-marketing-scopri-il-motore-del-successo-aziendale;65 caratteri;sì
ONP-01;high;onpage;Title SEO troppo lungo (viene troncato in SERP);/3-tipi-di-marketing-a-palermo-scopri-le-strategie-per-il-successo-della-tua-attivita;61 caratteri;sì
ONP-01;high;onpage;Title SEO troppo lungo (viene troncato in SERP);/dove-fare-pubblicita-a-basso-costo-scopri-le-migliori-strategie-economiche-per-promuovere-la-tua-attivita;64 caratteri;sì
ONP-01;high;onpage;Title SEO troppo lungo (viene troncato in SERP);/rispondere-alle-recensioni-con-lai-la-nuova-frontiera-dellautomazione;65 caratteri;sì
ONP-01;high;onpage;Title SEO troppo lungo (viene troncato in SERP);/focus-group-cose-a-che-serve-e-come-farlo-al-meglio;61 caratteri;sì
ONP-01;high;onpage;Title SEO troppo lungo (viene troncato in SERP);/come-ridurre-peso-delle-foto-consigli-pratici-per-immagini-piu-leggere;63 caratteri;sì
ONP-01;high;onpage;Title SEO troppo lungo (viene troncato in SERP);/come-si-chiama-chi-si-occupa-di-comunicazione-scopri-i-ruoli-e-le-competenze-di-questi-professionisti;64 caratteri;sì
ONP-01;high;onpage;Title SEO troppo lungo (viene troncato in SERP);/i-migliori-formati-banner-per-ottimizzare-le-tue-campagne-pubblicitarie;64 caratteri;sì
ONP-01;high;onpage;Title SEO troppo lungo (viene troncato in SERP);/video-marketing-cose-e-perche-dovresti-farlo;64 caratteri;sì
ONP-01;high;onpage;Title SEO troppo lungo (viene troncato in SERP);/il-diario-segreto-di-una-web-agency-storie-di-successi-digitali;62 caratteri;sì
ONP-01;high;onpage;Title SEO troppo lungo (viene troncato in SERP);/siti-web-intelligenti-come-reagiscono-ai-tuoi-bisogni;61 caratteri;sì
ONP-01;high;onpage;Title SEO troppo lungo (viene troncato in SERP);/agenzia-di-comunicazione-creativa-idee-e-strategie-per-il-tuo-brand;65 caratteri;sì
ONP-01;high;onpage;Title SEO troppo lungo (viene troncato in SERP);/perche-hai-bisogno-di-un-social-media-manager-a-palermo;67 caratteri;sì
ONP-01;high;onpage;Title SEO troppo lungo (viene troncato in SERP);/come-strutturare-una-strategia-digitale-efficace;63 caratteri;sì
ONP-01;high;onpage;Title SEO troppo lungo (viene troncato in SERP);/migliorare-lindicizzazione-su-google-strategie-efficaci-per-scalare-la-serp;68 caratteri;sì
ONP-01;high;onpage;Title SEO troppo lungo (viene troncato in SERP);/la-penna-magica-di-unagenzia-di-comunicazione-il-potere-dello-storytelling-che-emoziona-e-conquista;61 caratteri;sì
ONP-01;high;onpage;Title SEO troppo lungo (viene troncato in SERP);/viaggi-nellera-digitale-come-unagenzia-di-comunicazione-trasforma-il-turismo-in-emozione;64 caratteri;sì
ONP-01;high;onpage;Title SEO troppo lungo (viene troncato in SERP);/strategie-su-misura-come-unagenzia-di-comunicazione-per-pmi-guida-al-successo-nel-mercato-locale;65 caratteri;sì
ONP-01;high;onpage;Title SEO troppo lungo (viene troncato in SERP);/servizi-di-comunicazione-digitale-la-chiave-per-il-successo-nel-mondo-online;66 caratteri;sì
ONP-01;high;onpage;Title SEO troppo lungo (viene troncato in SERP);/creazione-di-strategie-di-comunicazione-guida-per-un-successo-garantito;65 caratteri;sì
ONP-01;high;onpage;Title SEO troppo lungo (viene troncato in SERP);/creazione-di-marchi-aziendali-come-costruire-unidentita-forte-e-riconoscibile;83 caratteri;sì
ONP-01;high;onpage;Title SEO troppo lungo (viene troncato in SERP);/gestione-della-reputazione-online-come-proteggere-e-migliorare-limmagine-del-tuo-brand;64 caratteri;sì
ONP-01;high;onpage;Title SEO troppo lungo (viene troncato in SERP);/comunicazione-per-la-crescita-aziendale-strategie-per-raggiungere-il-successo;64 caratteri;sì
ONP-01;high;onpage;Title SEO troppo lungo (viene troncato in SERP);/agenzia-tiktok-come-sfruttare-il-potenziale-di-tiktok-per-il-tuo-brand;79 caratteri;sì
ONP-01;high;onpage;Title SEO troppo lungo (viene troncato in SERP);/organizzare-eventi-a-palermo-come-creare-esperienze-indimenticabili;69 caratteri;sì
ONP-01;high;onpage;Title SEO troppo lungo (viene troncato in SERP);/come-realizzare-un-evento-di-lancio-prodotto-di-successo-a-palermo;71 caratteri;sì
ONP-01;high;onpage;Title SEO troppo lungo (viene troncato in SERP);/come-gestire-eventi-privati-con-successo-dalla-festa-di-compleanno-a-eventi-esclusivi;65 caratteri;sì
ONP-01;high;onpage;Title SEO troppo lungo (viene troncato in SERP);/social-media-manager-a-palermo-come-scegliere-il-professionista-giusto-per-il-tuo-brand;63 caratteri;sì
ONP-01;high;onpage;Title SEO troppo lungo (viene troncato in SERP);/social-media-manager-per-e-commerce-aumentare-le-vendite-con-strategie-mirate;71 caratteri;sì
ONP-01;high;onpage;Title SEO troppo lungo (viene troncato in SERP);/5-errori-silenziosi-che-stai-commettendo-nel-tuo-sito-web-aziendale;64 caratteri;sì
ONP-01;high;onpage;Title SEO troppo lungo (viene troncato in SERP);/strategie-digitali-per-artigiani-locali-come-vendere-di-piu-online-marketing;63 caratteri;sì
ONP-01;high;onpage;Title SEO troppo lungo (viene troncato in SERP);/posizionamento-zero-su-google-cose-e-come-ottenerlo;65 caratteri;sì
ONP-01;high;onpage;Title SEO troppo lungo (viene troncato in SERP);/leffetto-domino-delle-recensioni-online-per-le-attivita-locali;69 caratteri;sì
ONP-01;high;onpage;Title SEO troppo lungo (viene troncato in SERP);/come-promuovere-la-tua-casa-vacanze-con-il-marketing-locale-digitale;63 caratteri;sì
ONP-01;high;onpage;Title SEO troppo lungo (viene troncato in SERP);/il-ruolo-del-marketing-digitale-per-le-librerie-indipendenti;68 caratteri;sì
ONP-01;high;onpage;Title SEO troppo lungo (viene troncato in SERP);/strategie-web-per-eventi-teatrali-e-spettacoli-indipendenti;63 caratteri;sì
ONP-01;high;onpage;Title SEO troppo lungo (viene troncato in SERP);/dalla-strada-al-web-come-promuovere-un-food-truck-a-palermo;64 caratteri;sì
ONP-01;high;onpage;Title SEO troppo lungo (viene troncato in SERP);/vendere-arte-online-come-costruire-una-strategia-digitale-per-gallerie-e-artisti;62 caratteri;sì
ONP-01;high;onpage;Title SEO troppo lungo (viene troncato in SERP);/web-agency-a-palermo-per-professionisti-siti-e-strategie-personalizzate;64 caratteri;sì
ONP-01;high;onpage;Title SEO troppo lungo (viene troncato in SERP);/come-trasformare-unidea-in-un-video-virale-di-successo;61 caratteri;sì
ONP-01;high;onpage;Title SEO troppo lungo (viene troncato in SERP);/parole-chiave-e-viralita-il-connubio-perfetto-per-i-tuoi-video;64 caratteri;sì
ONP-01;high;onpage;Title SEO troppo lungo (viene troncato in SERP);/agenzia-di-comunicazione-a-palermo-come-far-crescere-il-tuo-brand-nel-2025;62 caratteri;sì
ONP-01;high;onpage;Title SEO troppo lungo (viene troncato in SERP);/perche-i-tuoi-reel-non-fanno-visualizzazioni;63 caratteri;sì
ONP-01;high;onpage;Title SEO troppo lungo (viene troncato in SERP);/come-creare-reel-virali-su-instagram;62 caratteri;sì
ONP-01;high;onpage;Title SEO troppo lungo (viene troncato in SERP);/le-migliori-strategie-instagram-per-vendere-di-piu;63 caratteri;sì
ONP-01;high;onpage;Title SEO troppo lungo (viene troncato in SERP);/come-andare-virale-su-tiktok;61 caratteri;sì
ONP-01;high;onpage;Title SEO troppo lungo (viene troncato in SERP);/tiktok-per-negozi-conviene-davvero;65 caratteri;sì
ONP-01;high;onpage;Title SEO troppo lungo (viene troncato in SERP);/produzione-video-a-palermo-come-scegliere-lagenzia-giusta;65 caratteri;sì
ONP-01;high;onpage;Title SEO troppo lungo (viene troncato in SERP);/video-aziendali-a-palermo-perche-aumentano-le-vendite;64 caratteri;sì
ONP-01;high;onpage;Title SEO troppo lungo (viene troncato in SERP);/video-promozionali-per-la-tua-azienda-palermo-funzionano-davvero;63 caratteri;sì
ONP-03;high;onpage;Meta description fuori lunghezza ottimale;/come-creare-una-strategia-di-comunicazione-digitale-efficace-per-piccole-imprese;162 caratteri;sì
ONP-03;high;onpage;Meta description fuori lunghezza ottimale;/reputazione_online_cose_perche_conta_e_come_verificarla;161 caratteri;sì
ONP-03;high;onpage;Meta description fuori lunghezza ottimale;/come-creare-una-landing-page-efficace;163 caratteri;sì
ONP-03;high;onpage;Meta description fuori lunghezza ottimale;/cookie-cosa-sono-e-a-che-servono;162 caratteri;sì
ONP-03;high;onpage;Meta description fuori lunghezza ottimale;/scopri-come-aumentare-posizionamento-seo-per-il-tuo-sito-web-su-google;99 caratteri;sì
ONP-03;high;onpage;Meta description fuori lunghezza ottimale;/tipologie-di-siti-web-la-guida-definitiva-per-imprenditori;88 caratteri;sì
ONP-03;high;onpage;Meta description fuori lunghezza ottimale;/advertising-a-palermo;119 caratteri;sì
ONP-03;high;onpage;Meta description fuori lunghezza ottimale;/5-consigli-preziosi-per-pubblicizzare-la-propria-azienda-a-palermo-su-google;162 caratteri;sì
ONP-03;high;onpage;Meta description fuori lunghezza ottimale;/gestione-social-media-a-palermo-come-la-nostra-agenzia-di-comunicazione-cura-i-tuoi-social-media;164 caratteri;sì
ONP-03;high;onpage;Meta description fuori lunghezza ottimale;/campagne-pubblicitarie-a-palermo-la-soluzione-per-far-crescere-il-tuo-business;165 caratteri;sì
ONP-03;high;onpage;Meta description fuori lunghezza ottimale;/pubblicita-su-tiktok-a-palermo-come-aiutiamo-la-tua-azienda-a-crescere;180 caratteri;sì
ONP-03;high;onpage;Meta description fuori lunghezza ottimale;/seo-e-sem;165 caratteri;sì
ONP-03;high;onpage;Meta description fuori lunghezza ottimale;/web-agency-a-palermo-il-design-che-parte-dal-brand;169 caratteri;sì
ONP-03;high;onpage;Meta description fuori lunghezza ottimale;/b2b-a-palermo-cosa-puo-imparare-dal-b2c-per-sfruttare-al-meglio-il-digitale;206 caratteri;sì
ONP-03;high;onpage;Meta description fuori lunghezza ottimale;/web-marketing-per-palestre-e-centri-sportivi;189 caratteri;sì
ONP-03;high;onpage;Meta description fuori lunghezza ottimale;/mi-serve-davvero-un-sito-web-aziendale;166 caratteri;sì
ONP-03;high;onpage;Meta description fuori lunghezza ottimale;/quali-sono-i-servizi-offerti-da-unagenzia-di-comunicazione-a-palermo;188 caratteri;sì
ONP-03;high;onpage;Meta description fuori lunghezza ottimale;/gestione-marketing-per-il-tuo-pub;179 caratteri;sì
ONP-03;high;onpage;Meta description fuori lunghezza ottimale;/pubblicita-per-il-tuo-brand-a-palermo-come-differenziarsi-dalla-massa;159 caratteri;sì
ONP-03;high;onpage;Meta description fuori lunghezza ottimale;/quanto-costa-un-sito-web-a-palermo;175 caratteri;sì
ONP-03;high;onpage;Meta description fuori lunghezza ottimale;/mobile-marketing-e-micro-momenti;175 caratteri;sì
ONP-03;high;onpage;Meta description fuori lunghezza ottimale;/social-media-marketing-nel-settore-arredamento;174 caratteri;sì
ONP-03;high;onpage;Meta description fuori lunghezza ottimale;/il-web-design-e-la-sua-evoluzione;197 caratteri;sì
ONP-03;high;onpage;Meta description fuori lunghezza ottimale;/come-scegliere-lagenzia-pubblicitaria-a-palermo-ideale-per-la-vostra-azienda;171 caratteri;sì
ONP-03;high;onpage;Meta description fuori lunghezza ottimale;/rendi-la-tua-azienda-digitale-trasformazione-e-innovazione-a-palermo;165 caratteri;sì
ONP-03;high;onpage;Meta description fuori lunghezza ottimale;/privacy-policy-sito-web-cose-e-come-scriverla-correttamente;169 caratteri;sì
ONP-03;high;onpage;Meta description fuori lunghezza ottimale;/strategie-di-web-reputation-come-costruire-gestire-e-misurare-la-percezione-online;175 caratteri;sì
ONP-03;high;onpage;Meta description fuori lunghezza ottimale;/sognavi-un-hotel-sempre-pieno-il-web-marketing-per-il-turismo-puo-trasformare-il-tuo-sogno-in-realta;165 caratteri;sì
ONP-03;high;onpage;Meta description fuori lunghezza ottimale;/gestione-social-media-per-la-tua-attivita;171 caratteri;sì
ONP-03;high;onpage;Meta description fuori lunghezza ottimale;/marketing-e-pubblicita-a-palermo-tutti-i-tipi-di-pubblicita-per-far-crescere-la-tua-attivita;188 caratteri;sì
ONP-03;high;onpage;Meta description fuori lunghezza ottimale;/la-tua-agenzia-di-marketing-a-palermo-per-una-crescita-su-misura;170 caratteri;sì
ONP-03;high;onpage;Meta description fuori lunghezza ottimale;/cosa-fare-per-indicizzare-il-tuo-sito-web;170 caratteri;sì
ONP-03;high;onpage;Meta description fuori lunghezza ottimale;/non-sai-come-sponsorizzare-il-tuo-progetto-artistico-scopri-le-strategie-vincenti;167 caratteri;sì
ONP-03;high;onpage;Meta description fuori lunghezza ottimale;/il-partner-giusto-per-il-tuo-successo-come-trovare-uno-sponsor-affidabile-a-palermo;170 caratteri;sì
ONP-03;high;onpage;Meta description fuori lunghezza ottimale;/web-agency-a-palermo-la-guida-completa-per-far-crescere-la-tua-attivita-online;163 caratteri;sì
ONP-03;high;onpage;Meta description fuori lunghezza ottimale;/copywriter-seo-per-i-social-media-perche-a-google-piace-web-agency-seo-a-palermo;160 caratteri;sì
ONP-03;high;onpage;Meta description fuori lunghezza ottimale;/web-agency-per-startup-a-palermo-la-tua-guida-al-successo-digitale;177 caratteri;sì
ONP-03;high;onpage;Meta description fuori lunghezza ottimale;/web-agency-per-e-commerce-a-palermo-come-incrementare-le-vendite-online;191 caratteri;sì
ONP-03;high;onpage;Meta description fuori lunghezza ottimale;/web-agency-a-palermo-per-eventi-massimizza-la-partecipazione-al-tuo-evento;162 caratteri;sì
ONP-03;high;onpage;Meta description fuori lunghezza ottimale;/web-agency-locale-a-palermo-la-tua-guida-per-conquistare-il-pubblico-della-citta;177 caratteri;sì
ONP-03;high;onpage;Meta description fuori lunghezza ottimale;/pubblicita-digitale-a-palermo-come-aumentare-la-visibilita-della-tua-attivita;173 caratteri;sì
ONP-03;high;onpage;Meta description fuori lunghezza ottimale;/creazione-siti-web-professionali-a-palermo-costruisci-la-tua-identita-digitale;165 caratteri;sì
ONP-03;high;onpage;Meta description fuori lunghezza ottimale;/che-tipi-di-siti-web-esistono-una-guida-per-scegliere-quello-giusto-per-te;92 caratteri;sì
ONP-03;high;onpage;Meta description fuori lunghezza ottimale;/quante-sono-le-web-agency-in-italia-unanalisi-del-panorama-digitale-italiano;163 caratteri;sì
ONP-03;high;onpage;Meta description fuori lunghezza ottimale;/cose-unagency-scopri-il-ruolo-e-i-servizi-di-unagenzia-moderna;160 caratteri;sì
ONP-03;high;onpage;Meta description fuori lunghezza ottimale;/come-farsi-pubblicita-gratis-strategie-efficaci-per-aumentare-la-visibilita;107 caratteri;sì
ONP-03;high;onpage;Meta description fuori lunghezza ottimale;/qual-e-il-compito-della-pubblicita-capire-lobiettivo-e-il-valore-della-comunicazione-pubblicitaria;165 caratteri;sì
ONP-03;high;onpage;Meta description fuori lunghezza ottimale;/dove-fare-pubblicita-a-basso-costo-scopri-le-migliori-strategie-economiche-per-promuovere-la-tua-attivita;165 caratteri;sì
ONP-03;high;onpage;Meta description fuori lunghezza ottimale;/focus-group-cose-a-che-serve-e-come-farlo-al-meglio;161 caratteri;sì
ONP-03;high;onpage;Meta description fuori lunghezza ottimale;/come-creare-sondaggi-online-e-raggiungere-il-tuo-pubblico-in-modo-efficace;104 caratteri;sì
ONP-03;high;onpage;Meta description fuori lunghezza ottimale;/come-ridurre-peso-delle-foto-consigli-pratici-per-immagini-piu-leggere;165 caratteri;sì
ONP-03;high;onpage;Meta description fuori lunghezza ottimale;/come-si-chiama-chi-si-occupa-di-comunicazione-scopri-i-ruoli-e-le-competenze-di-questi-professionisti;160 caratteri;sì
ONP-03;high;onpage;Meta description fuori lunghezza ottimale;/i-migliori-formati-banner-per-ottimizzare-le-tue-campagne-pubblicitarie;160 caratteri;sì
ONP-03;high;onpage;Meta description fuori lunghezza ottimale;/black-friday-2024-come-preparare-il-tuo-e-commerce-a-palermo-per-massimizzare-le-vendite;88 caratteri;sì
ONP-03;high;onpage;Meta description fuori lunghezza ottimale;/perche-hai-bisogno-di-un-social-media-manager-a-palermo;183 caratteri;sì
ONP-03;high;onpage;Meta description fuori lunghezza ottimale;/come-strutturare-una-strategia-digitale-efficace;201 caratteri;sì
ONP-03;high;onpage;Meta description fuori lunghezza ottimale;/la-penna-magica-di-unagenzia-di-comunicazione-il-potere-dello-storytelling-che-emoziona-e-conquista;177 caratteri;sì
ONP-03;high;onpage;Meta description fuori lunghezza ottimale;/viaggi-nellera-digitale-come-unagenzia-di-comunicazione-trasforma-il-turismo-in-emozione;210 caratteri;sì
ONP-03;high;onpage;Meta description fuori lunghezza ottimale;/strategie-su-misura-come-unagenzia-di-comunicazione-per-pmi-guida-al-successo-nel-mercato-locale;173 caratteri;sì
ONP-03;high;onpage;Meta description fuori lunghezza ottimale;/servizi-di-comunicazione-digitale-la-chiave-per-il-successo-nel-mondo-online;171 caratteri;sì
ONP-03;high;onpage;Meta description fuori lunghezza ottimale;/creazione-di-marchi-aziendali-come-costruire-unidentita-forte-e-riconoscibile;167 caratteri;sì
ONP-03;high;onpage;Meta description fuori lunghezza ottimale;/gestione-della-reputazione-online-come-proteggere-e-migliorare-limmagine-del-tuo-brand;180 caratteri;sì
ONP-03;high;onpage;Meta description fuori lunghezza ottimale;/comunicazione-per-la-crescita-aziendale-strategie-per-raggiungere-il-successo;170 caratteri;sì
ONP-03;high;onpage;Meta description fuori lunghezza ottimale;/agenzia-tiktok-come-sfruttare-il-potenziale-di-tiktok-per-il-tuo-brand;181 caratteri;sì
ONP-03;high;onpage;Meta description fuori lunghezza ottimale;/come-si-fa-a-crescere-su-tiktok-strategie-per-aumentare-visibilita-e-engagement;159 caratteri;sì
ONP-03;high;onpage;Meta description fuori lunghezza ottimale;/organizzare-eventi-a-palermo-come-creare-esperienze-indimenticabili;179 caratteri;sì
ONP-03;high;onpage;Meta description fuori lunghezza ottimale;/come-realizzare-un-evento-di-lancio-prodotto-di-successo-a-palermo;179 caratteri;sì
ONP-03;high;onpage;Meta description fuori lunghezza ottimale;/come-gestire-eventi-privati-con-successo-dalla-festa-di-compleanno-a-eventi-esclusivi;207 caratteri;sì
ONP-03;high;onpage;Meta description fuori lunghezza ottimale;/social-media-manager-a-palermo-come-scegliere-il-professionista-giusto-per-il-tuo-brand;174 caratteri;sì
ONP-03;high;onpage;Meta description fuori lunghezza ottimale;/social-media-manager-per-e-commerce-aumentare-le-vendite-con-strategie-mirate;182 caratteri;sì
ONP-03;high;onpage;Meta description fuori lunghezza ottimale;/come-il-social-media-manager-puo-potenziare-la-tua-strategia-di-content-marketing;197 caratteri;sì
ONP-03;high;onpage;Meta description fuori lunghezza ottimale;/che-cosa-fa-una-social-media-manager;168 caratteri;sì
ONP-03;high;onpage;Meta description fuori lunghezza ottimale;/5-errori-silenziosi-che-stai-commettendo-nel-tuo-sito-web-aziendale;195 caratteri;sì
ONP-03;high;onpage;Meta description fuori lunghezza ottimale;/strategie-digitali-per-artigiani-locali-come-vendere-di-piu-online-marketing;176 caratteri;sì
ONP-03;high;onpage;Meta description fuori lunghezza ottimale;/posizionamento-zero-su-google-cose-e-come-ottenerlo;174 caratteri;sì
ONP-03;high;onpage;Meta description fuori lunghezza ottimale;/leffetto-domino-delle-recensioni-online-per-le-attivita-locali;164 caratteri;sì
ONP-03;high;onpage;Meta description fuori lunghezza ottimale;/come-promuovere-la-tua-casa-vacanze-con-il-marketing-locale-digitale;169 caratteri;sì
ONP-03;high;onpage;Meta description fuori lunghezza ottimale;/dalla-strada-al-web-come-promuovere-un-food-truck-a-palermo;112 caratteri;sì
ONP-03;high;onpage;Meta description fuori lunghezza ottimale;/vendere-arte-online-come-costruire-una-strategia-digitale-per-gallerie-e-artisti;165 caratteri;sì
ONP-03;high;onpage;Meta description fuori lunghezza ottimale;/ristorazione-vegetariana-e-vegana-come-comunicare-i-tuoi-valori-online;161 caratteri;sì
ONP-03;high;onpage;Meta description fuori lunghezza ottimale;/come-far-crescere-un-centro-logopedico-con-il-supporto-digitale;164 caratteri;sì
ONP-03;high;onpage;Meta description fuori lunghezza ottimale;/social-media-manager-a-palermo-quanto-conta-davvero-per-unazienda-locale;165 caratteri;sì
ONP-03;high;onpage;Meta description fuori lunghezza ottimale;/unisciti-al-movimento-crea-contenuti-che-fanno-parlare-di-se;165 caratteri;sì
ONP-03;high;onpage;Meta description fuori lunghezza ottimale;/i-segreti-del-marketing-digitale-a-palermo-scopri-la-nostra-agenzia;162 caratteri;sì
ONP-03;high;onpage;Meta description fuori lunghezza ottimale;/algoritmo-instagram-come-funziona-davvero;165 caratteri;sì
ONP-03;high;onpage;Meta description fuori lunghezza ottimale;/strategie-tiktok-per-aziende;163 caratteri;sì
ONP-03;high;onpage;Meta description fuori lunghezza ottimale;/tiktok-per-negozi-conviene-davvero;160 caratteri;sì
ONP-03;high;onpage;Meta description fuori lunghezza ottimale;/produzione-video-virali-palermo;94 caratteri;sì
TEC-02;high;technical;Direttiva robots non impostata esplicitamente;/privacy-policy;nessun meta robots salvato;sì
TEC-02;high;technical;Direttiva robots non impostata esplicitamente;/;nessun meta robots salvato;sì
TEC-02;high;technical;Direttiva robots non impostata esplicitamente;/digital-strategies;nessun meta robots salvato;sì
TEC-02;high;technical;Direttiva robots non impostata esplicitamente;/cookie-policy;nessun meta robots salvato;sì
TEC-02;high;technical;Direttiva robots non impostata esplicitamente;/servizi-digitali-palermo;nessun meta robots salvato;sì
TEC-02;high;technical;Direttiva robots non impostata esplicitamente;/realizzazione-siti-web-a-palermo;nessun meta robots salvato;sì
TEC-02;high;technical;Direttiva robots non impostata esplicitamente;/gestione-social-media-palermo;nessun meta robots salvato;sì
TEC-02;high;technical;Direttiva robots non impostata esplicitamente;/digital-marketing-palermo;nessun meta robots salvato;sì
TEC-02;high;technical;Direttiva robots non impostata esplicitamente;/produzione-video-palermo;nessun meta robots salvato;sì
TEC-02;high;technical;Direttiva robots non impostata esplicitamente;/realizzazione-e-commerce-palermo;nessun meta robots salvato;sì
TEC-02;high;technical;Direttiva robots non impostata esplicitamente;/graphic-design-palermo;nessun meta robots salvato;sì
TEC-02;high;technical;Direttiva robots non impostata esplicitamente;/sviluppo-crm-gestionali-palermo;nessun meta robots salvato;sì
TEC-02;high;technical;Direttiva robots non impostata esplicitamente;/naming-palermo;nessun meta robots salvato;sì
TEC-02;high;technical;Direttiva robots non impostata esplicitamente;/stampe-digitali-palermo;nessun meta robots salvato;sì
TEC-02;high;technical;Direttiva robots non impostata esplicitamente;/lavora-con-noi;nessun meta robots salvato;sì
TEC-02;high;technical;Direttiva robots non impostata esplicitamente;/come-aumentare-le-visualizzazioni-su-instagram-nel-2026;nessun meta robots salvato;sì
TEC-02;high;technical;Direttiva robots non impostata esplicitamente;/algoritmo-instagram-come-funziona-davvero;nessun meta robots salvato;sì
TEC-02;high;technical;Direttiva robots non impostata esplicitamente;/strategie-instagram-per-far-crescere-un-profilo-aziendale;nessun meta robots salvato;sì
TEC-02;high;technical;Direttiva robots non impostata esplicitamente;/perche-i-tuoi-reel-non-fanno-visualizzazioni;nessun meta robots salvato;sì
TEC-02;high;technical;Direttiva robots non impostata esplicitamente;/come-finire-negli-esplora-di-instagram;nessun meta robots salvato;sì
TEC-02;high;technical;Direttiva robots non impostata esplicitamente;/instagram-per-aziende-errori-da-evitare;nessun meta robots salvato;sì
TEC-02;high;technical;Direttiva robots non impostata esplicitamente;/come-creare-reel-virali-su-instagram;nessun meta robots salvato;sì
TEC-02;high;technical;Direttiva robots non impostata esplicitamente;/le-migliori-strategie-instagram-per-vendere-di-piu;nessun meta robots salvato;sì
TEC-02;high;technical;Direttiva robots non impostata esplicitamente;/come-aumentare-lengagement-su-instagram;nessun meta robots salvato;sì
TEC-02;high;technical;Direttiva robots non impostata esplicitamente;/come-aumentare-le-visualizzazioni-su-tiktok;nessun meta robots salvato;sì
TEC-02;high;technical;Direttiva robots non impostata esplicitamente;/algoritmo-tiktok-tutto-quello-che-devi-sapere;nessun meta robots salvato;sì
TEC-02;high;technical;Direttiva robots non impostata esplicitamente;/perche-i-video-tiktok-fanno-poche-visualizzazioni;nessun meta robots salvato;sì
TEC-02;high;technical;Direttiva robots non impostata esplicitamente;/come-andare-virale-su-tiktok;nessun meta robots salvato;sì
TEC-02;high;technical;Direttiva robots non impostata esplicitamente;/strategie-tiktok-per-aziende;nessun meta robots salvato;sì
TEC-02;high;technical;Direttiva robots non impostata esplicitamente;/tiktok-per-negozi-conviene-davvero;nessun meta robots salvato;sì
TEC-02;high;technical;Direttiva robots non impostata esplicitamente;/quanto-dura-un-video-tiktok-ideale;nessun meta robots salvato;sì
TEC-02;high;technical;Direttiva robots non impostata esplicitamente;/come-far-crescere-il-tuo-profilo-in-6-giorni;nessun meta robots salvato;sì
TEC-02;high;technical;Direttiva robots non impostata esplicitamente;/come-far-crescere-il-tuo-profilo-tiktok-in-6-giorni;nessun meta robots salvato;sì
TEC-02;high;technical;Direttiva robots non impostata esplicitamente;/produzione-video-a-palermo-come-scegliere-lagenzia-giusta;nessun meta robots salvato;sì
TEC-02;high;technical;Direttiva robots non impostata esplicitamente;/video-aziendali-a-palermo-perche-aumentano-le-vendite;nessun meta robots salvato;sì
TEC-02;high;technical;Direttiva robots non impostata esplicitamente;/creazione-video-virali-palermo;nessun meta robots salvato;sì
TEC-02;high;technical;Direttiva robots non impostata esplicitamente;/produzione-video-virali-palermo;nessun meta robots salvato;sì
TEC-02;high;technical;Direttiva robots non impostata esplicitamente;/realizzazione-video-virali-palermo;nessun meta robots salvato;sì
TEC-02;high;technical;Direttiva robots non impostata esplicitamente;/creazione-video-virali-sicilia;nessun meta robots salvato;sì
TEC-02;high;technical;Direttiva robots non impostata esplicitamente;/produzione-video-virali-sicilia;nessun meta robots salvato;sì
TEC-02;high;technical;Direttiva robots non impostata esplicitamente;/realizzazione-video-sicilia;nessun meta robots salvato;sì
TEC-02;high;technical;Direttiva robots non impostata esplicitamente;/produzione-video-virali-per-la-tua-attivita-palermo;nessun meta robots salvato;sì
TEC-02;high;technical;Direttiva robots non impostata esplicitamente;/realizzazione-video-virali-trapani;nessun meta robots salvato;sì
TEC-02;high;technical;Direttiva robots non impostata esplicitamente;/produzione-video-palermo-perche-oggi-e-indispensabile-per-ogni-azienda;nessun meta robots salvato;sì
TEC-02;high;technical;Direttiva robots non impostata esplicitamente;/video-promozionali-per-la-tua-azienda-palermo-funzionano-davvero;nessun meta robots salvato;sì
TEC-02;high;technical;Direttiva robots non impostata esplicitamente;/produzione-video-professionale-palermo-tutto-quello-che-devi-sapere;nessun meta robots salvato;sì
TEC-02;high;technical;Direttiva robots non impostata esplicitamente;/come-trasformare-un-semplice-video-in-un-contenuto-virale-a-palermo;nessun meta robots salvato;sì
TEC-02;high;technical;Direttiva robots non impostata esplicitamente;/perche-ogni-attivita-di-palermo-dovrebbe-pubblicare-video-2;nessun meta robots salvato;sì
IMG-03;high;media;Immagini pesanti (> 200 KB) che rallentano il caricamento;maxdigitalinnovation.it_-1.gif;51945 KB;no
IMG-03;high;media;Immagini pesanti (> 200 KB) che rallentano il caricamento;126882.jpg;855 KB;no
IMG-03;high;media;Immagini pesanti (> 200 KB) che rallentano il caricamento;studio.webp;336 KB;no
IMG-03;high;media;Immagini pesanti (> 200 KB) che rallentano il caricamento;Foto-6-2.png;313 KB;no
IMG-03;high;media;Immagini pesanti (> 200 KB) che rallentano il caricamento;Foto-7-2.png;260 KB;no
IMG-03;high;media;Immagini pesanti (> 200 KB) che rallentano il caricamento;Foto-8-2.png;349 KB;no
IMG-03;high;media;Immagini pesanti (> 200 KB) che rallentano il caricamento;Foto-9-2.png;241 KB;no
IMG-03;high;media;Immagini pesanti (> 200 KB) che rallentano il caricamento;Foto-10-1.png;337 KB;no
IMG-03;high;media;Immagini pesanti (> 200 KB) che rallentano il caricamento;immobiliare.png;512 KB;no
IMG-03;high;media;Immagini pesanti (> 200 KB) che rallentano il caricamento;Foto-2-2.png;264 KB;no
IMG-03;high;media;Immagini pesanti (> 200 KB) che rallentano il caricamento;Foto-3-2.png;236 KB;no
IMG-03;high;media;Immagini pesanti (> 200 KB) che rallentano il caricamento;Foto-4-2.png;319 KB;no
IMG-03;high;media;Immagini pesanti (> 200 KB) che rallentano il caricamento;Foto-2-3.png;463 KB;no
IMG-03;high;media;Immagini pesanti (> 200 KB) che rallentano il caricamento;caos-tsudio-5.jpeg;233 KB;no
IMG-03;high;media;Immagini pesanti (> 200 KB) che rallentano il caricamento;caso-studio-3.jpeg;217 KB;no
IMG-03;high;media;Immagini pesanti (> 200 KB) che rallentano il caricamento;secondo-caso-studio-3.png;559 KB;no
IMG-03;high;media;Immagini pesanti (> 200 KB) che rallentano il caricamento;secondo-caso-studio-5.png;471 KB;no
IMG-03;high;media;Immagini pesanti (> 200 KB) che rallentano il caricamento;secondo-caso-studio-.png;694 KB;no
IMG-03;high;media;Immagini pesanti (> 200 KB) che rallentano il caricamento;terzo-caso-studio-5.jpeg;215 KB;no
IMG-03;high;media;Immagini pesanti (> 200 KB) che rallentano il caricamento;hero-max-digital-3mb.mp4;2842 KB;no
IMG-03;high;media;Immagini pesanti (> 200 KB) che rallentano il caricamento;Il-laboratorio-creativo-di-una-web-agency.jpg;313 KB;no
IMG-03;high;media;Immagini pesanti (> 200 KB) che rallentano il caricamento;SEO-per-contenuti-video.jpg;267 KB;no
IMG-03;high;media;Immagini pesanti (> 200 KB) che rallentano il caricamento;bg.png;296 KB;no
IMG-03;high;media;Immagini pesanti (> 200 KB) che rallentano il caricamento;maxdigitalinnovation-optimized.webp;2723 KB;no
IMG-03;high;media;Immagini pesanti (> 200 KB) che rallentano il caricamento;Come-ottimizzare-i-tuoi-video-per-i-motori-di-ricerca.jpg;249 KB;no
IMG-03;high;media;Immagini pesanti (> 200 KB) che rallentano il caricamento;Guida-passo-passo-per-realizzare-contenuti-che-spopolano-sui-social.jpg;295 KB;no
IMG-03;high;media;Immagini pesanti (> 200 KB) che rallentano il caricamento;Come-creare-video-virali.jpg;332 KB;no
IMG-03;high;media;Immagini pesanti (> 200 KB) che rallentano il caricamento;Come-Comunicare-in-Modo-Efficace-per-Studi-di-Fisioterapia-a-Palermo.jpg;242 KB;no
IMG-03;high;media;Immagini pesanti (> 200 KB) che rallentano il caricamento;Come-Promuovere-il-Tuo-Salone-di-Bellezza-a-Palermo.jpg;257 KB;no
IMG-03;high;media;Immagini pesanti (> 200 KB) che rallentano il caricamento;Perche-ogni-attivita-di-Palermo-dovrebbe-pubblicare-video.jpg;446 KB;no
IMG-03;high;media;Immagini pesanti (> 200 KB) che rallentano il caricamento;Come-trasformare-un-semplice-video-in-un-contenuto-virale-a-Palermo.jpg;278 KB;no
IMG-03;high;media;Immagini pesanti (> 200 KB) che rallentano il caricamento;Realizzazione-video-virali-Trapani.jpg;279 KB;no
IMG-03;high;media;Immagini pesanti (> 200 KB) che rallentano il caricamento;Produzione-video-virali-per-la-tua-attivita-Palermo.jpg;247 KB;no
IMG-03;high;media;Immagini pesanti (> 200 KB) che rallentano il caricamento;Come-creare-video-virali.jpg;332 KB;no
IMG-03;high;media;Immagini pesanti (> 200 KB) che rallentano il caricamento;Realizzazione-video-virali-Palermo.jpg;308 KB;no
IMG-03;high;media;Immagini pesanti (> 200 KB) che rallentano il caricamento;Come-far-crescere-il-tuo-profilo-TikTok-in-6-giorni.jpg;291 KB;no
IMG-03;high;media;Immagini pesanti (> 200 KB) che rallentano il caricamento;Come-far-crescere-il-tuo-profilo-in-6-giorni.jpg;281 KB;no
IMG-03;high;media;Immagini pesanti (> 200 KB) che rallentano il caricamento;Quanto-dura-un-video-TikTok-ideale.jpg;227 KB;no
IMG-03;high;media;Immagini pesanti (> 200 KB) che rallentano il caricamento;Instagram-per-aziende.jpg;259 KB;no
ONP-06;high;onpage;Focus keyword duplicata su più pagine (cannibalizzazione);/gestione-social-media-palermo;"keyword ""gestione social media"" condivisa con altre 1 pagine";no
ONP-06;high;onpage;Focus keyword duplicata su più pagine (cannibalizzazione);/gestione-social-media-presenza-online;"keyword ""gestione social media"" condivisa con altre 1 pagine";no
ONP-06;high;onpage;Focus keyword duplicata su più pagine (cannibalizzazione);/produzione-video-palermo;"keyword ""produzione video palermo"" condivisa con altre 2 pagine";no
ONP-06;high;onpage;Focus keyword duplicata su più pagine (cannibalizzazione);/produzione-video-a-palermo-come-scegliere-lagenzia-giusta;"keyword ""produzione video palermo"" condivisa con altre 2 pagine";no
ONP-06;high;onpage;Focus keyword duplicata su più pagine (cannibalizzazione);/produzione-video-palermo-perche-oggi-e-indispensabile-per-ogni-azienda;"keyword ""produzione video palermo"" condivisa con altre 2 pagine";no
ONP-06;high;onpage;Focus keyword duplicata su più pagine (cannibalizzazione);/realizzazione-e-commerce-palermo;"keyword ""realizzazione e-commerce palermo"" condivisa con altre 1 pagine";no
ONP-06;high;onpage;Focus keyword duplicata su più pagine (cannibalizzazione);/hai-bisogno-di-uno-store-online-per-la-tua-attivita-offriamo-realizzazione-e-commerce-a-palermo;"keyword ""realizzazione e-commerce palermo"" condivisa con altre 1 pagine";no
ONP-06;high;onpage;Focus keyword duplicata su più pagine (cannibalizzazione);/gestione-social-media-a-palermo-come-la-nostra-agenzia-di-comunicazione-cura-i-tuoi-social-media;"keyword ""gestione social media palermo"" condivisa con altre 1 pagine";no
ONP-06;high;onpage;Focus keyword duplicata su più pagine (cannibalizzazione);/gestione-social-media-per-la-tua-attivita;"keyword ""gestione social media palermo"" condivisa con altre 1 pagine";no
ONP-06;high;onpage;Focus keyword duplicata su più pagine (cannibalizzazione);/web-agency-a-palermo-il-design-che-parte-dal-brand;"keyword ""web agency a palermo"" condivisa con altre 2 pagine";no
ONP-06;high;onpage;Focus keyword duplicata su più pagine (cannibalizzazione);/web-agency-a-palermo-per-creare-un-sito-professionale;"keyword ""web agency a palermo"" condivisa con altre 2 pagine";no
ONP-06;high;onpage;Focus keyword duplicata su più pagine (cannibalizzazione);/web-agency-a-palermo-la-guida-completa-per-far-crescere-la-tua-attivita-online;"keyword ""web agency a palermo"" condivisa con altre 2 pagine";no
ONP-06;high;onpage;Focus keyword duplicata su più pagine (cannibalizzazione);/quali-sono-i-servizi-offerti-da-unagenzia-di-comunicazione-a-palermo;"keyword ""agenzia di comunicazione palermo"" condivisa con altre 1 pagine";no
ONP-06;high;onpage;Focus keyword duplicata su più pagine (cannibalizzazione);/agenzia-di-comunicazione-a-palermo-come-far-crescere-il-tuo-brand-nel-2025;"keyword ""agenzia di comunicazione palermo"" condivisa con altre 1 pagine";no
ONP-06;high;onpage;Focus keyword duplicata su più pagine (cannibalizzazione);/restare-al-passo-coi-trend-e-difficile-scopri-come-unagenzia-di-comunicazione-puo-aiutarti;"keyword ""agenzia di marketing a palermo"" condivisa con altre 1 pagine";no
ONP-06;high;onpage;Focus keyword duplicata su più pagine (cannibalizzazione);/la-tua-agenzia-di-marketing-a-palermo-per-una-crescita-su-misura;"keyword ""agenzia di marketing a palermo"" condivisa con altre 1 pagine";no
ONP-06;high;onpage;Focus keyword duplicata su più pagine (cannibalizzazione);/marketing-digitale-a-palermo-la-chiave-per-il-successo-della-tua-attivita;"keyword ""marketing digitale palermo"" condivisa con altre 1 pagine";no
ONP-06;high;onpage;Focus keyword duplicata su più pagine (cannibalizzazione);/i-segreti-del-marketing-digitale-a-palermo-scopri-la-nostra-agenzia;"keyword ""marketing digitale palermo"" condivisa con altre 1 pagine";no
ONP-06;high;onpage;Focus keyword duplicata su più pagine (cannibalizzazione);/perche-hai-bisogno-di-un-social-media-manager-a-palermo;"keyword ""social media manager palermo"" condivisa con altre 2 pagine";no
ONP-06;high;onpage;Focus keyword duplicata su più pagine (cannibalizzazione);/social-media-manager-a-palermo-come-scegliere-il-professionista-giusto-per-il-tuo-brand;"keyword ""social media manager palermo"" condivisa con altre 2 pagine";no
ONP-06;high;onpage;Focus keyword duplicata su più pagine (cannibalizzazione);/social-media-manager-a-palermo-quanto-conta-davvero-per-unazienda-locale;"keyword ""social media manager palermo"" condivisa con altre 2 pagine";no
ONP-06;high;onpage;Focus keyword duplicata su più pagine (cannibalizzazione);/i-segreti-dei-video-virali-tecniche-e-strumenti-da-conoscere;"keyword ""video virali"" condivisa con altre 1 pagine";no
ONP-06;high;onpage;Focus keyword duplicata su più pagine (cannibalizzazione);/partecipare-alla-sfida-del-momento;"keyword ""video virali"" condivisa con altre 1 pagine";no
LOC-05;high;local;Cannibalizzazione fra le landing locali;/produzione-video-palermo;"keyword locale ""produzione video palermo"" condivisa con altre 2 pagine";no
LOC-05;high;local;Cannibalizzazione fra le landing locali;/produzione-video-a-palermo-come-scegliere-lagenzia-giusta;"keyword locale ""produzione video palermo"" condivisa con altre 2 pagine";no
LOC-05;high;local;Cannibalizzazione fra le landing locali;/produzione-video-palermo-perche-oggi-e-indispensabile-per-ogni-azienda;"keyword locale ""produzione video palermo"" condivisa con altre 2 pagine";no
LOC-05;high;local;Cannibalizzazione fra le landing locali;/realizzazione-e-commerce-palermo;"keyword locale ""realizzazione e-commerce palermo"" condivisa con altre 1 pagine";no
LOC-05;high;local;Cannibalizzazione fra le landing locali;/hai-bisogno-di-uno-store-online-per-la-tua-attivita-offriamo-realizzazione-e-commerce-a-palermo;"keyword locale ""realizzazione e-commerce palermo"" condivisa con altre 1 pagine";no
LOC-05;high;local;Cannibalizzazione fra le landing locali;/gestione-social-media-a-palermo-come-la-nostra-agenzia-di-comunicazione-cura-i-tuoi-social-media;"keyword locale ""gestione social media palermo"" condivisa con altre 1 pagine";no
LOC-05;high;local;Cannibalizzazione fra le landing locali;/gestione-social-media-per-la-tua-attivita;"keyword locale ""gestione social media palermo"" condivisa con altre 1 pagine";no
LOC-05;high;local;Cannibalizzazione fra le landing locali;/web-agency-a-palermo-il-design-che-parte-dal-brand;"keyword locale ""web agency palermo"" condivisa con altre 2 pagine";no
LOC-05;high;local;Cannibalizzazione fra le landing locali;/web-agency-a-palermo-per-creare-un-sito-professionale;"keyword locale ""web agency palermo"" condivisa con altre 2 pagine";no
LOC-05;high;local;Cannibalizzazione fra le landing locali;/web-agency-a-palermo-la-guida-completa-per-far-crescere-la-tua-attivita-online;"keyword locale ""web agency palermo"" condivisa con altre 2 pagine";no
LOC-05;high;local;Cannibalizzazione fra le landing locali;/quali-sono-i-servizi-offerti-da-unagenzia-di-comunicazione-a-palermo;"keyword locale ""agenzia comunicazione palermo"" condivisa con altre 1 pagine";no
LOC-05;high;local;Cannibalizzazione fra le landing locali;/agenzia-di-comunicazione-a-palermo-come-far-crescere-il-tuo-brand-nel-2025;"keyword locale ""agenzia comunicazione palermo"" condivisa con altre 1 pagine";no
LOC-05;high;local;Cannibalizzazione fra le landing locali;/restare-al-passo-coi-trend-e-difficile-scopri-come-unagenzia-di-comunicazione-puo-aiutarti;"keyword locale ""agenzia marketing palermo"" condivisa con altre 2 pagine";no
LOC-05;high;local;Cannibalizzazione fra le landing locali;/la-tua-agenzia-di-marketing-a-palermo-per-una-crescita-su-misura;"keyword locale ""agenzia marketing palermo"" condivisa con altre 2 pagine";no
LOC-05;high;local;Cannibalizzazione fra le landing locali;/agenzia-marketing-a-palermo-come-sceglierne-una-adatta-alla-tua-attivita;"keyword locale ""agenzia marketing palermo"" condivisa con altre 2 pagine";no
LOC-05;high;local;Cannibalizzazione fra le landing locali;/marketing-per-farmacie-come-aumentare-visibilita-e-fidelizzare-i-clienti;"keyword locale ""marketing farmacie palermo"" condivisa con altre 1 pagine";no
LOC-05;high;local;Cannibalizzazione fra le landing locali;/farmacie-e-parafarmacie-strategie-locali-per-aumentare-la-clientela;"keyword locale ""marketing farmacie palermo"" condivisa con altre 1 pagine";no
LOC-05;high;local;Cannibalizzazione fra le landing locali;/marketing-digitale-a-palermo-la-chiave-per-il-successo-della-tua-attivita;"keyword locale ""marketing digitale palermo"" condivisa con altre 1 pagine";no
LOC-05;high;local;Cannibalizzazione fra le landing locali;/i-segreti-del-marketing-digitale-a-palermo-scopri-la-nostra-agenzia;"keyword locale ""marketing digitale palermo"" condivisa con altre 1 pagine";no
LOC-05;high;local;Cannibalizzazione fra le landing locali;/perche-hai-bisogno-di-un-social-media-manager-a-palermo;"keyword locale ""social media manager palermo"" condivisa con altre 2 pagine";no
LOC-05;high;local;Cannibalizzazione fra le landing locali;/social-media-manager-a-palermo-come-scegliere-il-professionista-giusto-per-il-tuo-brand;"keyword locale ""social media manager palermo"" condivisa con altre 2 pagine";no
LOC-05;high;local;Cannibalizzazione fra le landing locali;/social-media-manager-a-palermo-quanto-conta-davvero-per-unazienda-locale;"keyword locale ""social media manager palermo"" condivisa con altre 2 pagine";no
SCH-04;high;structured;Nessuno schema Service sulle pagine servizio;/servizi-digitali-palermo;schema Service assente;sì
SCH-04;high;structured;Nessuno schema Service sulle pagine servizio;/realizzazione-siti-web-a-palermo;schema Service assente;sì
SCH-04;high;structured;Nessuno schema Service sulle pagine servizio;/gestione-social-media-palermo;schema Service assente;sì
SCH-04;high;structured;Nessuno schema Service sulle pagine servizio;/digital-marketing-palermo;schema Service assente;sì
SCH-04;high;structured;Nessuno schema Service sulle pagine servizio;/produzione-video-palermo;schema Service assente;sì
SCH-04;high;structured;Nessuno schema Service sulle pagine servizio;/realizzazione-e-commerce-palermo;schema Service assente;sì
SCH-04;high;structured;Nessuno schema Service sulle pagine servizio;/graphic-design-palermo;schema Service assente;sì
SCH-04;high;structured;Nessuno schema Service sulle pagine servizio;/sviluppo-crm-gestionali-palermo;schema Service assente;sì
SCH-04;high;structured;Nessuno schema Service sulle pagine servizio;/naming-palermo;schema Service assente;sì
SCH-04;high;structured;Nessuno schema Service sulle pagine servizio;/stampe-digitali-palermo;schema Service assente;sì
CNT-04;high;content;Contenuti non aggiornati da oltre 12 mesi;/digital-agency-a-palermo-la-soluzione-completa-per-la-tua-presenza-online;ultimo aggiornamento 2024-11-11 (668 giorni fa);no
CNT-04;high;content;Contenuti non aggiornati da oltre 12 mesi;/come-migliorare-la-tua-brand-reputation-con-le-attivita-di-digital-marketing;ultimo aggiornamento 2024-11-11 (668 giorni fa);no
CNT-04;high;content;Contenuti non aggiornati da oltre 12 mesi;/come-realizzare-un-sito-web-efficace-le-migliori-alternative-per-creare-un-percorso-di-successo-online;ultimo aggiornamento 2024-11-12 (667 giorni fa);no
CNT-04;high;content;Contenuti non aggiornati da oltre 12 mesi;/integrazione-di-piattaforme-tiktok-e-commerce-un-nuovo-orizzonte-per-i-commercianti-a-palermo;ultimo aggiornamento 2024-12-06 (643 giorni fa);no
CNT-04;high;content;Contenuti non aggiornati da oltre 12 mesi;/quando-la-web-agency-incontra-lintelligenza-artificiale;ultimo aggiornamento 2024-12-11 (638 giorni fa);no
CNT-04;high;content;Contenuti non aggiornati da oltre 12 mesi;/i-siti-web-del-futuro-come-saranno-nel-2050;ultimo aggiornamento 2024-12-11 (638 giorni fa);no
CNT-04;high;content;Contenuti non aggiornati da oltre 12 mesi;/servizi-alla-persona-promuovere-online-estetiste-massaggiatori-e-parrucchieri;ultimo aggiornamento 2025-04-02 (526 giorni fa);no
ONP-09;high;onpage;H1 multipli nella stessa pagina;/scopri-come-creare-video-virali;4 tag H1;no
ONP-09;high;onpage;H1 multipli nella stessa pagina;/contenuti-che-spopolano-sui-social;4 tag H1;no
ONP-09;high;onpage;H1 multipli nella stessa pagina;/trend-alert-i-video-che-stanno-conquistando-tiktok;10 tag H1;no
ONP-09;high;onpage;H1 multipli nella stessa pagina;/come-ottimizzare-i-tuoi-video-per-i-motori-di-ricerca-nel-2025;4 tag H1;no
ONP-09;high;onpage;H1 multipli nella stessa pagina;/seo-per-contenuti-video-guida-pratica-per-aumentare-le-visualizzazioni;3 tag H1;no
IMG-01;high;media;Immagini senza attributo alt;/;27 immagini su 43 senza alt;sì
TEC-07;medium;technical;"Pagine chiave assenti (Chi siamo, Contatti)";(sito);"pagina ""Chi siamo"" (/chi-siamo/) non presente fra le pagine pubblicate";no
TEC-07;medium;technical;"Pagine chiave assenti (Chi siamo, Contatti)";(sito);"pagina ""Contatti"" (/contatti/) non presente fra le pagine pubblicate";no
CNT-05;medium;content;Buco di pubblicazione: frequenza non costante;(sito);nessuna pubblicazione tra 2025-07 e 2026-07 (11 mesi di silenzio);no
LOC-06;medium;local;Nessuna copertura dei comuni della provincia;(sito);solo 0 comuni della provincia citati (nessuno);no
GEO-11;medium;generative;Titoli non allineati al linguaggio delle query conversazionali;(sito);solo 54 contenuti su 326 (17%) hanno un titolo in forma di domanda;no
EAT-03;medium;eeat;Contenuti con tratti di generazione automatica non revisionata;(sito);"241 articoli su 311 (77%) senza immagini, link interni, tabelle né dati: profilo tipico di contenuto prodotto in serie";no
EAT-04;medium;eeat;Commenti chiusi ovunque: nessun segnale di interazione;(sito);commenti chiusi su tutti i 311 articoli;no
TAX-02;medium;taxonomy;Nessun tag utilizzato;(sito);0 tag definiti sul sito;no
TEC-04;medium;technical;Canonical non dichiarato esplicitamente;/privacy-policy;canonical non impostato;sì
TEC-04;medium;technical;Canonical non dichiarato esplicitamente;/;canonical non impostato;sì
TEC-04;medium;technical;Canonical non dichiarato esplicitamente;/digital-strategies;canonical non impostato;sì
TEC-04;medium;technical;Canonical non dichiarato esplicitamente;/cookie-policy;canonical non impostato;sì
TEC-04;medium;technical;Canonical non dichiarato esplicitamente;/servizi-digitali-palermo;canonical non impostato;sì
TEC-04;medium;technical;Canonical non dichiarato esplicitamente;/realizzazione-siti-web-a-palermo;canonical non impostato;sì
TEC-04;medium;technical;Canonical non dichiarato esplicitamente;/gestione-social-media-palermo;canonical non impostato;sì
TEC-04;medium;technical;Canonical non dichiarato esplicitamente;/digital-marketing-palermo;canonical non impostato;sì
TEC-04;medium;technical;Canonical non dichiarato esplicitamente;/produzione-video-palermo;canonical non impostato;sì
TEC-04;medium;technical;Canonical non dichiarato esplicitamente;/realizzazione-e-commerce-palermo;canonical non impostato;sì
TEC-04;medium;technical;Canonical non dichiarato esplicitamente;/graphic-design-palermo;canonical non impostato;sì
TEC-04;medium;technical;Canonical non dichiarato esplicitamente;/sviluppo-crm-gestionali-palermo;canonical non impostato;sì
TEC-04;medium;technical;Canonical non dichiarato esplicitamente;/naming-palermo;canonical non impostato;sì
TEC-04;medium;technical;Canonical non dichiarato esplicitamente;/stampe-digitali-palermo;canonical non impostato;sì
TEC-04;medium;technical;Canonical non dichiarato esplicitamente;/lavora-con-noi;canonical non impostato;sì
TEC-04;medium;technical;Canonical non dichiarato esplicitamente;/innovazione-digitale-pmi-competitive;canonical non impostato;sì
TEC-04;medium;technical;Canonical non dichiarato esplicitamente;/innovazione-digitale-palermo;canonical non impostato;sì
TEC-04;medium;technical;Canonical non dichiarato esplicitamente;/cybersecurity-per-aziende;canonical non impostato;sì
TEC-04;medium;technical;Canonical non dichiarato esplicitamente;/strategia-marketing-digitale;canonical non impostato;sì
TEC-04;medium;technical;Canonical non dichiarato esplicitamente;/campagne-ai-driven-marketing-automation;canonical non impostato;sì
TEC-04;medium;technical;Canonical non dichiarato esplicitamente;/gestione-social-media-presenza-online;canonical non impostato;sì
TEC-04;medium;technical;Canonical non dichiarato esplicitamente;/design-responsivo-sito-web-successo-online;canonical non impostato;sì
TEC-04;medium;technical;Canonical non dichiarato esplicitamente;/perche-un-sito-web-professionale-e-la-chiave-del-successo-per-ogni-impresa;canonical non impostato;sì
TEC-04;medium;technical;Canonical non dichiarato esplicitamente;/come-creare-una-strategia-di-comunicazione-digitale-efficace-per-piccole-imprese;canonical non impostato;sì
TEC-04;medium;technical;Canonical non dichiarato esplicitamente;/reputazione_online_cose_perche_conta_e_come_verificarla;canonical non impostato;sì
TEC-04;medium;technical;Canonical non dichiarato esplicitamente;/come-creare-una-landing-page-efficace;canonical non impostato;sì
TEC-04;medium;technical;Canonical non dichiarato esplicitamente;/branded-content-come-raccontare-il-tuo-brand-con-max-digital-innovation;canonical non impostato;sì
TEC-04;medium;technical;Canonical non dichiarato esplicitamente;/piano-di-marketing-cose-e-come-crearlo-con-successo;canonical non impostato;sì
TEC-04;medium;technical;Canonical non dichiarato esplicitamente;/cookie-cosa-sono-e-a-che-servono;canonical non impostato;sì
TEC-04;medium;technical;Canonical non dichiarato esplicitamente;/privacy-policy;canonical non impostato;sì
TEC-04;medium;technical;Canonical non dichiarato esplicitamente;/scopri-come-aumentare-posizionamento-seo-per-il-tuo-sito-web-su-google;canonical non impostato;sì
TEC-04;medium;technical;Canonical non dichiarato esplicitamente;/tipologie-di-siti-web-la-guida-definitiva-per-imprenditori;canonical non impostato;sì
TEC-04;medium;technical;Canonical non dichiarato esplicitamente;/tiktok-ads-manager-guida-completa-su-come-gestire-le-tue-campagne-su-tiktok;canonical non impostato;sì
TEC-04;medium;technical;Canonical non dichiarato esplicitamente;/dem-marketing-come-usarlo-nel-2024-per-massimizzare-i-risultati;canonical non impostato;sì
TEC-04;medium;technical;Canonical non dichiarato esplicitamente;/e-commerce-a-palermo;canonical non impostato;sì
TEC-04;medium;technical;Canonical non dichiarato esplicitamente;/business-innovation-cosa-chiede-il-mercato-oggi;canonical non impostato;sì
TEC-04;medium;technical;Canonical non dichiarato esplicitamente;/advertising-a-palermo;canonical non impostato;sì
TEC-04;medium;technical;Canonical non dichiarato esplicitamente;/5-consigli-preziosi-per-pubblicizzare-la-propria-azienda-a-palermo-su-google;canonical non impostato;sì
TEC-04;medium;technical;Canonical non dichiarato esplicitamente;/realizzazione-siti-web-per-bb-a-palermo-hotel-motel-e-strutture-ricettive-tutto-quello-che-ce-da-sapere;canonical non impostato;sì
TEC-04;medium;technical;Canonical non dichiarato esplicitamente;/hai-bisogno-di-pubblicizzare-il-tuo-ristorante-a-palermo-ecco-come-possiamo-aiutarti;canonical non impostato;sì
TEC-04;medium;technical;Canonical non dichiarato esplicitamente;/ecco-perche-un-sito-web-a-palermo-e-cosi-essenziale-per-la-tua-attivita;canonical non impostato;sì
TEC-04;medium;technical;Canonical non dichiarato esplicitamente;/gestione-social-media-a-palermo-come-la-nostra-agenzia-di-comunicazione-cura-i-tuoi-social-media;canonical non impostato;sì
TEC-04;medium;technical;Canonical non dichiarato esplicitamente;/loghi-per-la-tua-azienda-a-palermo-caratteristiche-e-come-crearne-uno-efficace;canonical non impostato;sì
TEC-04;medium;technical;Canonical non dichiarato esplicitamente;/ottimizzare-la-comunicazione-grazie-allutilizzo-di-call-to-action-efficaci-per-il-tuo-sito-web-a-palermo;canonical non impostato;sì
TEC-04;medium;technical;Canonical non dichiarato esplicitamente;/11-trend-marketing-a-palermo-per-e-commerce-marketing-che-faranno-crescere-il-tuo-e-commerce;canonical non impostato;sì
TEC-04;medium;technical;Canonical non dichiarato esplicitamente;/come-fare-pubblicita-a-palermo-su-internet-guida-per-principianti;canonical non impostato;sì
TEC-04;medium;technical;Canonical non dichiarato esplicitamente;/campagne-pubblicitarie-a-palermo-la-soluzione-per-far-crescere-il-tuo-business;canonical non impostato;sì
TEC-04;medium;technical;Canonical non dichiarato esplicitamente;/pubblicita-su-tiktok-a-palermo-come-aiutiamo-la-tua-azienda-a-crescere;canonical non impostato;sì
TEC-04;medium;technical;Canonical non dichiarato esplicitamente;/seo-e-sem;canonical non impostato;sì
TEC-04;medium;technical;Canonical non dichiarato esplicitamente;/web-agency-a-palermo-il-design-che-parte-dal-brand;canonical non impostato;sì
TEC-04;medium;technical;Canonical non dichiarato esplicitamente;/b2b-a-palermo-cosa-puo-imparare-dal-b2c-per-sfruttare-al-meglio-il-digitale;canonical non impostato;sì
TEC-04;medium;technical;Canonical non dichiarato esplicitamente;/strategie-di-content-marketing-per-le-piccole-imprese-a-palermo;canonical non impostato;sì
TEC-04;medium;technical;Canonical non dichiarato esplicitamente;/web-marketing-per-palestre-e-centri-sportivi;canonical non impostato;sì
TEC-04;medium;technical;Canonical non dichiarato esplicitamente;/mi-serve-davvero-un-sito-web-aziendale;canonical non impostato;sì
TEC-04;medium;technical;Canonical non dichiarato esplicitamente;/quali-sono-i-servizi-offerti-da-unagenzia-di-comunicazione-a-palermo;canonical non impostato;sì
TEC-04;medium;technical;Canonical non dichiarato esplicitamente;/le-commerce-in-italia-sta-cambiando-con-lintelligenza-artificiale;canonical non impostato;sì
TEC-04;medium;technical;Canonical non dichiarato esplicitamente;/il-marketing-per-attivita-locali-i-vantaggi-di-affidarsi-a-una-web-agency;canonical non impostato;sì
TEC-04;medium;technical;Canonical non dichiarato esplicitamente;/i-social-media-gli-alleati-per-il-tuo-e-commerce;canonical non impostato;sì
TEC-04;medium;technical;Canonical non dichiarato esplicitamente;/marketing-online-per-la-tua-concessionaria;canonical non impostato;sì
TEC-04;medium;technical;Canonical non dichiarato esplicitamente;/marketing-online-per-il-tuo-negozio-di-abbigliamento;canonical non impostato;sì
TEC-04;medium;technical;Canonical non dichiarato esplicitamente;/web-marketing-per-la-tua-parruccheria;canonical non impostato;sì
TEC-04;medium;technical;Canonical non dichiarato esplicitamente;/come-promuovere-il-tuo-salone-di-bellezza-a-palermo;canonical non impostato;sì
TEC-04;medium;technical;Canonical non dichiarato esplicitamente;/come-pubblicizzare-la-tua-ottica-a-palermo;canonical non impostato;sì
TEC-04;medium;technical;Canonical non dichiarato esplicitamente;/come-pubblicizzare-la-tua-pizzeria;canonical non impostato;sì
TEC-04;medium;technical;Canonical non dichiarato esplicitamente;/gestione-marketing-per-il-tuo-pub;canonical non impostato;sì
TEC-04;medium;technical;Canonical non dichiarato esplicitamente;/idee-creative-per-pubblicizzare-la-tua-panineria;canonical non impostato;sì
TEC-04;medium;technical;Canonical non dichiarato esplicitamente;/gestione-marketing-per-la-tua-hamburgeria;canonical non impostato;sì
TEC-04;medium;technical;Canonical non dichiarato esplicitamente;/strategie-di-marketing-di-successo-i-passi-fondamentali-per-distinguersi-nel-mercato;canonical non impostato;sì
TEC-04;medium;technical;Canonical non dichiarato esplicitamente;/pubblicita-per-il-tuo-brand-a-palermo-come-differenziarsi-dalla-massa;canonical non impostato;sì
TEC-04;medium;technical;Canonical non dichiarato esplicitamente;/restare-al-passo-coi-trend-e-difficile-scopri-come-unagenzia-di-comunicazione-puo-aiutarti;canonical non impostato;sì
TEC-04;medium;technical;Canonical non dichiarato esplicitamente;/hai-bisogno-di-uno-store-online-per-la-tua-attivita-offriamo-realizzazione-e-commerce-a-palermo;canonical non impostato;sì
TEC-04;medium;technical;Canonical non dichiarato esplicitamente;/vendita-online-a-palermo-sui-social-unottima-vetrina-per-i-tuoi-prodotti;canonical non impostato;sì
TEC-04;medium;technical;Canonical non dichiarato esplicitamente;/sito-web-per-artisti-fai-conoscere-la-tua-arte;canonical non impostato;sì
TEC-04;medium;technical;Canonical non dichiarato esplicitamente;/quanto-costa-un-sito-web-a-palermo;canonical non impostato;sì
TEC-04;medium;technical;Canonical non dichiarato esplicitamente;/usa-la-local-seo-e-porta-il-tuo-business-al-top;canonical non impostato;sì
TEC-04;medium;technical;Canonical non dichiarato esplicitamente;/mobile-marketing-e-micro-momenti;canonical non impostato;sì
TEC-04;medium;technical;Canonical non dichiarato esplicitamente;/social-media-marketing-nel-settore-arredamento;canonical non impostato;sì
TEC-04;medium;technical;Canonical non dichiarato esplicitamente;/il-web-design-e-la-sua-evoluzione;canonical non impostato;sì
TEC-04;medium;technical;Canonical non dichiarato esplicitamente;/marketing-esperienziale-coinvolgi-il-pubblico-con-esperienze-uniche;canonical non impostato;sì
TEC-04;medium;technical;Canonical non dichiarato esplicitamente;/come-creare-siti-web-professionali-e-di-qualita;canonical non impostato;sì
TEC-04;medium;technical;Canonical non dichiarato esplicitamente;/come-scegliere-lagenzia-pubblicitaria-a-palermo-ideale-per-la-vostra-azienda;canonical non impostato;sì
TEC-04;medium;technical;Canonical non dichiarato esplicitamente;/10-modi-per-migliorare-la-visibilita-del-tuo-sito-web-sui-motori-di-ricerca;canonical non impostato;sì
TEC-04;medium;technical;Canonical non dichiarato esplicitamente;/web-agency-a-palermo-per-creare-un-sito-professionale;canonical non impostato;sì
TEC-04;medium;technical;Canonical non dichiarato esplicitamente;/digital-agency-a-palermo-la-soluzione-completa-per-la-tua-presenza-online;canonical non impostato;sì
TEC-04;medium;technical;Canonical non dichiarato esplicitamente;/creare-un-video-aziendale-efficace-coinvolgente-e-professionale;canonical non impostato;sì
TEC-04;medium;technical;Canonical non dichiarato esplicitamente;/rendi-la-tua-azienda-digitale-trasformazione-e-innovazione-a-palermo;canonical non impostato;sì
TEC-04;medium;technical;Canonical non dichiarato esplicitamente;/come-migliorare-la-tua-brand-reputation-con-le-attivita-di-digital-marketing;canonical non impostato;sì
TEC-04;medium;technical;Canonical non dichiarato esplicitamente;/come-realizzare-un-sito-web-efficace-le-migliori-alternative-per-creare-un-percorso-di-successo-online;canonical non impostato;sì
TEC-04;medium;technical;Canonical non dichiarato esplicitamente;/sito-web-accessibile-cose-come-crearlo-e-perche-e-importante;canonical non impostato;sì
TEC-04;medium;technical;Canonical non dichiarato esplicitamente;/privacy-policy-sito-web-cose-e-come-scriverla-correttamente;canonical non impostato;sì
TEC-04;medium;technical;Canonical non dichiarato esplicitamente;/le-11-regole-per-un-sito-web-efficace;canonical non impostato;sì
TEC-04;medium;technical;Canonical non dichiarato esplicitamente;/creare-un-sito-web-a-palermo-le-caratteristiche-di-unarchitettura-efficace;canonical non impostato;sì
TEC-04;medium;technical;Canonical non dichiarato esplicitamente;/strategie-di-web-reputation-come-costruire-gestire-e-misurare-la-percezione-online;canonical non impostato;sì
TEC-04;medium;technical;Canonical non dichiarato esplicitamente;/sognavi-un-hotel-sempre-pieno-il-web-marketing-per-il-turismo-puo-trasformare-il-tuo-sogno-in-realta;canonical non impostato;sì
TEC-04;medium;technical;Canonical non dichiarato esplicitamente;/google-ai-search-la-nuova-era-della-ricerca-intelligente-e-le-opportunita-per-il-marketing;canonical non impostato;sì
TEC-04;medium;technical;Canonical non dichiarato esplicitamente;/aumentare-le-vendite-ecommerce-non-sei-soddisfatto-della-tua-agenzia;canonical non impostato;sì
TEC-04;medium;technical;Canonical non dichiarato esplicitamente;/come-essere-in-prima-pagina-su-google-le-bugie-piu-diffuse-sulla-seo;canonical non impostato;sì
TEC-04;medium;technical;Canonical non dichiarato esplicitamente;/gestione-marketing-per-la-tua-enoteca;canonical non impostato;sì
TEC-04;medium;technical;Canonical non dichiarato esplicitamente;/gestione-marketing-per-il-tuo-fast-food;canonical non impostato;sì
TEC-04;medium;technical;Canonical non dichiarato esplicitamente;/gestione-social-media-per-la-tua-attivita;canonical non impostato;sì
TEC-04;medium;technical;Canonical non dichiarato esplicitamente;/marketing-e-pubblicita-a-palermo-tutti-i-tipi-di-pubblicita-per-far-crescere-la-tua-attivita;canonical non impostato;sì
TEC-04;medium;technical;Canonical non dichiarato esplicitamente;/vuoi-aprire-unattivita-a-palermo-e-non-sai-a-chi-affidarti-ecco-come-fare-gestione-marketing-attivita-a-palermo;canonical non impostato;sì
TEC-04;medium;technical;Canonical non dichiarato esplicitamente;/la-tua-agenzia-di-marketing-a-palermo-per-una-crescita-su-misura;canonical non impostato;sì
TEC-04;medium;technical;Canonical non dichiarato esplicitamente;/quanto-costa-realizzare-un-cartello-pubblicitario-a-palermo;canonical non impostato;sì
TEC-04;medium;technical;Canonical non dichiarato esplicitamente;/cosa-fare-per-indicizzare-il-tuo-sito-web;canonical non impostato;sì
TEC-04;medium;technical;Canonical non dichiarato esplicitamente;/non-sai-come-sponsorizzare-il-tuo-progetto-artistico-scopri-le-strategie-vincenti;canonical non impostato;sì
TEC-04;medium;technical;Canonical non dichiarato esplicitamente;/il-partner-giusto-per-il-tuo-successo-come-trovare-uno-sponsor-affidabile-a-palermo;canonical non impostato;sì
TEC-04;medium;technical;Canonical non dichiarato esplicitamente;/marketing-per-imprese-edili;canonical non impostato;sì
TEC-04;medium;technical;Canonical non dichiarato esplicitamente;/web-agency-a-palermo-la-guida-completa-per-far-crescere-la-tua-attivita-online;canonical non impostato;sì
TEC-04;medium;technical;Canonical non dichiarato esplicitamente;/copywriter-seo-per-i-social-media-perche-a-google-piace-web-agency-seo-a-palermo;canonical non impostato;sì
TEC-04;medium;technical;Canonical non dichiarato esplicitamente;/web-agency-a-palermo-per-il-settore-immobiliare-la-chiave-per-il-successo-online;canonical non impostato;sì
TEC-04;medium;technical;Canonical non dichiarato esplicitamente;/web-agency-per-startup-a-palermo-la-tua-guida-al-successo-digitale;canonical non impostato;sì
TEC-04;medium;technical;Canonical non dichiarato esplicitamente;/web-agency-per-e-commerce-a-palermo-come-incrementare-le-vendite-online;canonical non impostato;sì
TEC-04;medium;technical;Canonical non dichiarato esplicitamente;/web-agency-a-palermo-per-eventi-massimizza-la-partecipazione-al-tuo-evento;canonical non impostato;sì
TEC-04;medium;technical;Canonical non dichiarato esplicitamente;/web-agency-locale-a-palermo-la-tua-guida-per-conquistare-il-pubblico-della-citta;canonical non impostato;sì
TEC-04;medium;technical;Canonical non dichiarato esplicitamente;/pubblicita-digitale-a-palermo-come-aumentare-la-visibilita-della-tua-attivita;canonical non impostato;sì
TEC-04;medium;technical;Canonical non dichiarato esplicitamente;/creazione-siti-web-professionali-a-palermo-costruisci-la-tua-identita-digitale;canonical non impostato;sì
TEC-04;medium;technical;Canonical non dichiarato esplicitamente;/marketing-su-misura-per-il-tuo-negozio-di-giocattoli;canonical non impostato;sì
TEC-04;medium;technical;Canonical non dichiarato esplicitamente;/marketing-per-farmacie-come-aumentare-visibilita-e-fidelizzare-i-clienti;canonical non impostato;sì
TEC-04;medium;technical;Canonical non dichiarato esplicitamente;/marketing-digitale-a-palermo-la-chiave-per-il-successo-della-tua-attivita;canonical non impostato;sì
TEC-04;medium;technical;Canonical non dichiarato esplicitamente;/cosa-si-intende-per-sito-web-una-guida-per-capirne-limportanza;canonical non impostato;sì
TEC-04;medium;technical;Canonical non dichiarato esplicitamente;/quali-sono-i-siti-web-piu-visitati-scopri-le-piattaforme-piu-popolari-al-mondo;canonical non impostato;sì
TEC-04;medium;technical;Canonical non dichiarato esplicitamente;/che-tipi-di-siti-web-esistono-una-guida-per-scegliere-quello-giusto-per-te;canonical non impostato;sì
TEC-04;medium;technical;Canonical non dichiarato esplicitamente;/come-si-chiama-chi-crea-un-sito-web-scopri-la-figura-del-web-developer;canonical non impostato;sì
TEC-04;medium;technical;Canonical non dichiarato esplicitamente;/che-cosa-fa-una-web-agency-una-guida-ai-servizi-digitali-piu-richiesti;canonical non impostato;sì
TEC-04;medium;technical;Canonical non dichiarato esplicitamente;/quante-sono-le-web-agency-in-italia-unanalisi-del-panorama-digitale-italiano;canonical non impostato;sì
TEC-04;medium;technical;Canonical non dichiarato esplicitamente;/quanto-guadagna-una-web-agency-analisi-dei-fattori-che-influenzano-i-ricavi;canonical non impostato;sì
TEC-04;medium;technical;Canonical non dichiarato esplicitamente;/chi-lavora-in-una-web-agency-scopri-i-ruoli-principali;canonical non impostato;sì
TEC-04;medium;technical;Canonical non dichiarato esplicitamente;/cose-unagency-scopri-il-ruolo-e-i-servizi-di-unagenzia-moderna;canonical non impostato;sì
TEC-04;medium;technical;Canonical non dichiarato esplicitamente;/cosa-si-intende-per-pubblicita-una-guida-completa-al-mondo-pubblicitario;canonical non impostato;sì
TEC-04;medium;technical;Canonical non dichiarato esplicitamente;/come-farsi-pubblicita-gratis-strategie-efficaci-per-aumentare-la-visibilita;canonical non impostato;sì
TEC-04;medium;technical;Canonical non dichiarato esplicitamente;/qual-e-il-compito-della-pubblicita-capire-lobiettivo-e-il-valore-della-comunicazione-pubblicitaria;canonical non impostato;sì
TEC-04;medium;technical;Canonical non dichiarato esplicitamente;/quanto-si-paga-unagenzia-di-comunicazione-guida-ai-costi-dei-servizi-di-comunicazione;canonical non impostato;sì
TEC-04;medium;technical;Canonical non dichiarato esplicitamente;/cosa-fa-lagenzia-di-marketing-una-guida-ai-servizi-e-al-ruolo-strategico;canonical non impostato;sì
TEC-04;medium;technical;Canonical non dichiarato esplicitamente;/che-cose-unazienda-di-marketing-scopri-il-motore-del-successo-aziendale;canonical non impostato;sì
TEC-04;medium;technical;Canonical non dichiarato esplicitamente;/3-tipi-di-marketing-a-palermo-scopri-le-strategie-per-il-successo-della-tua-attivita;canonical non impostato;sì
TEC-04;medium;technical;Canonical non dichiarato esplicitamente;/che-lavoro-fa-il-marketing-il-motore-che-trasforma-idee-in-successo;canonical non impostato;sì
TEC-04;medium;technical;Canonical non dichiarato esplicitamente;/come-fare-unottima-pubblicita-strategie-vincenti-per-il-tuo-successo;canonical non impostato;sì
TEC-04;medium;technical;Canonical non dichiarato esplicitamente;/dove-fare-pubblicita-a-basso-costo-scopri-le-migliori-strategie-economiche-per-promuovere-la-tua-attivita;canonical non impostato;sì
TEC-04;medium;technical;Canonical non dichiarato esplicitamente;/quale-pubblicita-funziona-di-piu-scopri-le-strategie-piu-efficaci-per-il-tuo-business;canonical non impostato;sì
TEC-04;medium;technical;Canonical non dichiarato esplicitamente;/come-iniziare-a-fare-digital-marketing-guida-pratica-per-chi-vuole-emergere-online;canonical non impostato;sì
TEC-04;medium;technical;Canonical non dichiarato esplicitamente;/portfolio-fotografico-online-cose-e-perche-e-importante-crearlo;canonical non impostato;sì
TEC-04;medium;technical;Canonical non dichiarato esplicitamente;/rispondere-alle-recensioni-con-lai-la-nuova-frontiera-dellautomazione;canonical non impostato;sì
TEC-04;medium;technical;Canonical non dichiarato esplicitamente;/focus-group-cose-a-che-serve-e-come-farlo-al-meglio;canonical non impostato;sì
TEC-04;medium;technical;Canonical non dichiarato esplicitamente;/come-creare-sondaggi-online-e-raggiungere-il-tuo-pubblico-in-modo-efficace;canonical non impostato;sì
TEC-04;medium;technical;Canonical non dichiarato esplicitamente;/come-ridurre-peso-delle-foto-consigli-pratici-per-immagini-piu-leggere;canonical non impostato;sì
TEC-04;medium;technical;Canonical non dichiarato esplicitamente;/cosa-fa-un-ufficio-di-comunicazione-scopri-il-cuore-della-strategia-aziendale;canonical non impostato;sì
TEC-04;medium;technical;Canonical non dichiarato esplicitamente;/come-si-chiama-chi-si-occupa-di-comunicazione-scopri-i-ruoli-e-le-competenze-di-questi-professionisti;canonical non impostato;sì
TEC-04;medium;technical;Canonical non dichiarato esplicitamente;/come-trovare-unagenzia-di-comunicazione-consigli-per-scegliere-il-partner-giusto;canonical non impostato;sì
TEC-04;medium;technical;Canonical non dichiarato esplicitamente;/scegliere-la-giusta-agenzia-di-comunicazione-consigli-e-strategie-per-trovare-il-partner-ideale;canonical non impostato;sì
TEC-04;medium;technical;Canonical non dichiarato esplicitamente;/come-sfruttare-al-meglio-i-test-a-b-per-aumentare-le-conversioni;canonical non impostato;sì
TEC-04;medium;technical;Canonical non dichiarato esplicitamente;/come-creare-un-podcast-aziendale-per-migliorare-il-posizionamento-del-brand;canonical non impostato;sì
TEC-04;medium;technical;Canonical non dichiarato esplicitamente;/come-trovare-il-co-founder-perfetto-per-la-tua-startup-e-lo-sponsor-ideale-per-la-tua-crescita;canonical non impostato;sì
TEC-04;medium;technical;Canonical non dichiarato esplicitamente;/i-migliori-formati-banner-per-ottimizzare-le-tue-campagne-pubblicitarie;canonical non impostato;sì
TEC-04;medium;technical;Canonical non dichiarato esplicitamente;/come-crescere-su-instagram-8-tattiche-per-sfruttare-lalgoritmo-e-aumentare-lengagement;canonical non impostato;sì
TEC-04;medium;technical;Canonical non dichiarato esplicitamente;/tiktok-adv-o-instagram-adv-qual-e-la-piattaforma-migliore-per-la-tua-campagna-online;canonical non impostato;sì
TEC-04;medium;technical;Canonical non dichiarato esplicitamente;/la-potenza-dei-micro-influencer-e-il-loro-impatto-online-per-le-aziende;canonical non impostato;sì
TEC-04;medium;technical;Canonical non dichiarato esplicitamente;/black-friday-2024-come-preparare-il-tuo-e-commerce-a-palermo-per-massimizzare-le-vendite;canonical non impostato;sì
TEC-04;medium;technical;Canonical non dichiarato esplicitamente;/integrazione-di-piattaforme-tiktok-e-commerce-un-nuovo-orizzonte-per-i-commercianti-a-palermo;canonical non impostato;sì
TEC-04;medium;technical;Canonical non dichiarato esplicitamente;/quanto-e-importante-il-feedback-dei-clienti-per-migliorare-il-tuo-business;canonical non impostato;sì
TEC-04;medium;technical;Canonical non dichiarato esplicitamente;/la-gen-z-e-il-nuovo-percorso-di-acquisto-come-adattare-la-tua-strategia-di-marketing;canonical non impostato;sì
TEC-04;medium;technical;Canonical non dichiarato esplicitamente;/marketing-sostenibile-cose-e-come-farlo;canonical non impostato;sì
TEC-04;medium;technical;Canonical non dichiarato esplicitamente;/video-verticali-luso-strategico-per-i-tuoi-social;canonical non impostato;sì
TEC-04;medium;technical;Canonical non dichiarato esplicitamente;/video-marketing-cose-e-perche-dovresti-farlo;canonical non impostato;sì
TEC-04;medium;technical;Canonical non dichiarato esplicitamente;/visual-storytelling-una-storia-di-successo;canonical non impostato;sì
TEC-04;medium;technical;Canonical non dichiarato esplicitamente;/tutti-i-vantaggi-di-scegliere-una-web-agency-per-il-tuo-business;canonical non impostato;sì
TEC-04;medium;technical;Canonical non dichiarato esplicitamente;/il-diario-segreto-di-una-web-agency-storie-di-successi-digitali;canonical non impostato;sì
TEC-04;medium;technical;Canonical non dichiarato esplicitamente;/il-laboratorio-creativo-di-una-web-agency-dove-nascono-le-idee;canonical non impostato;sì
TEC-04;medium;technical;Canonical non dichiarato esplicitamente;/quando-la-web-agency-incontra-lintelligenza-artificiale;canonical non impostato;sì
TEC-04;medium;technical;Canonical non dichiarato esplicitamente;/i-siti-web-del-futuro-come-saranno-nel-2050;canonical non impostato;sì
TEC-04;medium;technical;Canonical non dichiarato esplicitamente;/siti-web-quando-il-design-incontra-lanima;canonical non impostato;sì
TEC-04;medium;technical;Canonical non dichiarato esplicitamente;/i-custodi-dei-siti-web-chi-protegge-i-tuoi-dati;canonical non impostato;sì
TEC-04;medium;technical;Canonical non dichiarato esplicitamente;/siti-web-intelligenti-come-reagiscono-ai-tuoi-bisogni;canonical non impostato;sì
TEC-04;medium;technical;Canonical non dichiarato esplicitamente;/la-magia-dietro-i-siti-web-che-conquistano;canonical non impostato;sì
TEC-04;medium;technical;Canonical non dichiarato esplicitamente;/agenzia-di-comunicazione-digitale-il-futuro-della-promozione-online;canonical non impostato;sì
TEC-04;medium;technical;Canonical non dichiarato esplicitamente;/agenzia-di-comunicazione-creativa-idee-e-strategie-per-il-tuo-brand;canonical non impostato;sì
TEC-04;medium;technical;Canonical non dichiarato esplicitamente;/agenzia-di-comunicazione-visiva-come-catturare-lattenzione-del-pubblico;canonical non impostato;sì
TEC-04;medium;technical;Canonical non dichiarato esplicitamente;/agenzia-di-comunicazione-strategica-come-pianificare-il-successo;canonical non impostato;sì
TEC-04;medium;technical;Canonical non dichiarato esplicitamente;/agenzia-di-comunicazione-per-eventi-trasformare-ogni-occasione-in-opportunita-di-successo;canonical non impostato;sì
TEC-04;medium;technical;Canonical non dichiarato esplicitamente;/agenzia-di-comunicazione-per-e-commerce-vendere-di-piu-online;canonical non impostato;sì
TEC-04;medium;technical;Canonical non dichiarato esplicitamente;/agenzia-di-comunicazione-video-limpatto-del-visual-marketing;canonical non impostato;sì
TEC-04;medium;technical;Canonical non dichiarato esplicitamente;/come-raggiungere-al-meglio-il-proprio-pubblico-strategie-efficaci-per-comunicare-con-successo;canonical non impostato;sì
TEC-04;medium;technical;Canonical non dichiarato esplicitamente;/perche-hai-bisogno-di-un-social-media-manager-a-palermo;canonical non impostato;sì
TEC-04;medium;technical;Canonical non dichiarato esplicitamente;/come-strutturare-una-strategia-digitale-efficace;canonical non impostato;sì
TEC-04;medium;technical;Canonical non dichiarato esplicitamente;/migliorare-lindicizzazione-su-google-strategie-efficaci-per-scalare-la-serp;canonical non impostato;sì
TEC-04;medium;technical;Canonical non dichiarato esplicitamente;/progettare-un-packaging-efficace-guida-per-valorizzare-il-tuo-prodotto;canonical non impostato;sì
TEC-04;medium;technical;Canonical non dichiarato esplicitamente;/la-penna-magica-di-unagenzia-di-comunicazione-il-potere-dello-storytelling-che-emoziona-e-conquista;canonical non impostato;sì
TEC-04;medium;technical;Canonical non dichiarato esplicitamente;/larte-della-comunicazione-di-lusso-strategie-esclusive-per-conquistare-clienti-premium;canonical non impostato;sì
TEC-04;medium;technical;Canonical non dichiarato esplicitamente;/viaggi-nellera-digitale-come-unagenzia-di-comunicazione-trasforma-il-turismo-in-emozione;canonical non impostato;sì
TEC-04;medium;technical;Canonical non dichiarato esplicitamente;/strategie-su-misura-come-unagenzia-di-comunicazione-per-pmi-guida-al-successo-nel-mercato-locale;canonical non impostato;sì
TEC-04;medium;technical;Canonical non dichiarato esplicitamente;/come-unagenzia-di-comunicazione-e-influencer-marketing-trasforma-la-pubblicita-moderna;canonical non impostato;sì
TEC-04;medium;technical;Canonical non dichiarato esplicitamente;/come-scegliere-unagenzia-di-comunicazione-efficace-la-guida-per-il-successo-del-tuo-brand;canonical non impostato;sì
TEC-04;medium;technical;Canonical non dichiarato esplicitamente;/servizi-di-comunicazione-digitale-la-chiave-per-il-successo-nel-mondo-online;canonical non impostato;sì
TEC-04;medium;technical;Canonical non dichiarato esplicitamente;/creazione-di-strategie-di-comunicazione-guida-per-un-successo-garantito;canonical non impostato;sì
TEC-04;medium;technical;Canonical non dichiarato esplicitamente;/soluzioni-per-la-comunicazione-aziendale-strategie-per-far-crescere-il-tuo-brand;canonical non impostato;sì
TEC-04;medium;technical;Canonical non dichiarato esplicitamente;/esperti-in-comunicazione-e-branding-il-segreto-per-un-brand-di-successo;canonical non impostato;sì
TEC-04;medium;technical;Canonical non dichiarato esplicitamente;/branding-da-sogno-come-unagenzia-di-comunicazione-costruisce-unidentita-vincente;canonical non impostato;sì
TEC-04;medium;technical;Canonical non dichiarato esplicitamente;/strategie-di-marketing-per-aziende-come-costruire-un-piano-di-successo;canonical non impostato;sì
TEC-04;medium;technical;Canonical non dichiarato esplicitamente;/consulenza-per-la-creazione-di-brand-costruisci-unidentita-vincente;canonical non impostato;sì
TEC-04;medium;technical;Canonical non dichiarato esplicitamente;/creazione-di-marchi-aziendali-come-costruire-unidentita-forte-e-riconoscibile;canonical non impostato;sì
TEC-04;medium;technical;Canonical non dichiarato esplicitamente;/come-costruire-un-marchio-di-successo-con-lo-sviluppo-e-gestione-del-brand-a-palermo;canonical non impostato;sì
TEC-04;medium;technical;Canonical non dichiarato esplicitamente;/gestione-della-reputazione-online-come-proteggere-e-migliorare-limmagine-del-tuo-brand;canonical non impostato;sì
TEC-04;medium;technical;Canonical non dichiarato esplicitamente;/comunicazione-per-la-crescita-aziendale-strategie-per-raggiungere-il-successo;canonical non impostato;sì
TEC-04;medium;technical;Canonical non dichiarato esplicitamente;/agenzia-tiktok-come-sfruttare-il-potenziale-di-tiktok-per-il-tuo-brand;canonical non impostato;sì
TEC-04;medium;technical;Canonical non dichiarato esplicitamente;/come-funzionano-le-agenzie-su-tiktok-scopri-come-potenziare-il-tuo-brand;canonical non impostato;sì
TEC-04;medium;technical;Canonical non dichiarato esplicitamente;/come-si-fa-a-crescere-su-tiktok-strategie-per-aumentare-visibilita-e-engagement;canonical non impostato;sì
TEC-04;medium;technical;Canonical non dichiarato esplicitamente;/agenzia-per-eventi-a-palermo-come-organizzare-eventi-indimenticabili;canonical non impostato;sì
TEC-04;medium;technical;Canonical non dichiarato esplicitamente;/organizzare-eventi-a-palermo-come-creare-esperienze-indimenticabili;canonical non impostato;sì
TEC-04;medium;technical;Canonical non dichiarato esplicitamente;/come-organizzare-eventi-aziendali-di-successo-strategie-vincenti-per-il-tuo-business;canonical non impostato;sì
TEC-04;medium;technical;Canonical non dichiarato esplicitamente;/come-realizzare-un-evento-di-lancio-prodotto-di-successo-a-palermo;canonical non impostato;sì
TEC-04;medium;technical;Canonical non dichiarato esplicitamente;/come-gestire-eventi-privati-con-successo-dalla-festa-di-compleanno-a-eventi-esclusivi;canonical non impostato;sì
TEC-04;medium;technical;Canonical non dichiarato esplicitamente;/social-media-manager-a-palermo-come-scegliere-il-professionista-giusto-per-il-tuo-brand;canonical non impostato;sì
TEC-04;medium;technical;Canonical non dichiarato esplicitamente;/social-media-manager-per-e-commerce-aumentare-le-vendite-con-strategie-mirate;canonical non impostato;sì
TEC-04;medium;technical;Canonical non dichiarato esplicitamente;/il-ruolo-di-un-social-media-manager-nelle-piccole-e-medie-imprese;canonical non impostato;sì
TEC-04;medium;technical;Canonical non dichiarato esplicitamente;/come-il-social-media-manager-puo-potenziare-la-tua-strategia-di-content-marketing;canonical non impostato;sì
TEC-04;medium;technical;Canonical non dichiarato esplicitamente;/come-diventare-un-social-media-manager-di-successo-guida-passo-dopo-passo;canonical non impostato;sì
TEC-04;medium;technical;Canonical non dichiarato esplicitamente;/che-cosa-fa-una-social-media-manager;canonical non impostato;sì
TEC-04;medium;technical;Canonical non dichiarato esplicitamente;/quanto-costa-farsi-gestire-un-profilo-instagram;canonical non impostato;sì
TEC-04;medium;technical;Canonical non dichiarato esplicitamente;/5-errori-silenziosi-che-stai-commettendo-nel-tuo-sito-web-aziendale;canonical non impostato;sì
TEC-04;medium;technical;Canonical non dichiarato esplicitamente;/strategie-digitali-per-artigiani-locali-come-vendere-di-piu-online-marketing;canonical non impostato;sì
TEC-04;medium;technical;Canonical non dichiarato esplicitamente;/il-potere-delle-landing-page-per-attivita-locali-converti-i-clienti-della-tua-citta;canonical non impostato;sì
TEC-04;medium;technical;Canonical non dichiarato esplicitamente;/micro-influencer-locale-come-usarli-per-far-crescere-la-tua-azienda-marketing-palermo;canonical non impostato;sì
TEC-04;medium;technical;Canonical non dichiarato esplicitamente;/posizionamento-zero-su-google-cose-e-come-ottenerlo;canonical non impostato;sì
TEC-04;medium;technical;Canonical non dichiarato esplicitamente;/come-unire-seo-e-branding-visivo-in-un-solo-progetto-web;canonical non impostato;sì
TEC-04;medium;technical;Canonical non dichiarato esplicitamente;/leffetto-domino-delle-recensioni-online-per-le-attivita-locali;canonical non impostato;sì
TEC-04;medium;technical;Canonical non dichiarato esplicitamente;/seo-per-podcast-e-audio-contenuti-come-farli-trovare-online;canonical non impostato;sì
TEC-04;medium;technical;Canonical non dichiarato esplicitamente;/siti-one-page-quando-funzionano-davvero;canonical non impostato;sì
TEC-04;medium;technical;Canonical non dichiarato esplicitamente;/strategie-digitali-per-chi-apre-una-start-up-culturale-a-palermo;canonical non impostato;sì
TEC-04;medium;technical;Canonical non dichiarato esplicitamente;/come-promuovere-la-tua-casa-vacanze-con-il-marketing-locale-digitale;canonical non impostato;sì
TEC-04;medium;technical;Canonical non dichiarato esplicitamente;/brand-identity-per-artisti-e-creativi-distinguersi-online-in-modo-autentico;canonical non impostato;sì
TEC-04;medium;technical;Canonical non dichiarato esplicitamente;/il-ruolo-del-marketing-digitale-per-le-librerie-indipendenti;canonical non impostato;sì
TEC-04;medium;technical;Canonical non dichiarato esplicitamente;/comunicazione-digitale-per-associazioni-no-profit-come-farsi-conoscere;canonical non impostato;sì
TEC-04;medium;technical;Canonical non dichiarato esplicitamente;/strategie-web-per-eventi-teatrali-e-spettacoli-indipendenti;canonical non impostato;sì
TEC-04;medium;technical;Canonical non dichiarato esplicitamente;/digitale-e-tradizione-come-promuovere-botteghe-storiche-con-nuove-strategie-comunicazione;canonical non impostato;sì
TEC-04;medium;technical;Canonical non dichiarato esplicitamente;/formazione-online-come-promuovere-il-tuo-corso-o-workshop-sul-web;canonical non impostato;sì
TEC-04;medium;technical;Canonical non dichiarato esplicitamente;/dalla-strada-al-web-come-promuovere-un-food-truck-a-palermo;canonical non impostato;sì
TEC-04;medium;technical;Canonical non dichiarato esplicitamente;/digital-strategy-per-laboratori-di-analisi-come-farsi-scegliere-online;canonical non impostato;sì
TEC-04;medium;technical;Canonical non dichiarato esplicitamente;/come-comunicare-online-per-una-scuola-di-musica-o-danza-a-palermo;canonical non impostato;sì
TEC-04;medium;technical;Canonical non dichiarato esplicitamente;/come-far-crescere-una-sartoria-o-atelier-online-strategie-su-misura;canonical non impostato;sì
TEC-04;medium;technical;Canonical non dichiarato esplicitamente;/pet-business-come-farsi-conoscere-online-con-una-comunicazione-mirata;canonical non impostato;sì
TEC-04;medium;technical;Canonical non dichiarato esplicitamente;/vendere-arte-online-come-costruire-una-strategia-digitale-per-gallerie-e-artisti;canonical non impostato;sì
TEC-04;medium;technical;Canonical non dichiarato esplicitamente;/ristorazione-vegetariana-e-vegana-come-comunicare-i-tuoi-valori-online;canonical non impostato;sì
TEC-04;medium;technical;Canonical non dichiarato esplicitamente;/digital-strategy-per-wedding-planner-e-servizi-per-eventi-privati;canonical non impostato;sì
TEC-04;medium;technical;Canonical non dichiarato esplicitamente;/consulenti-psicologi-e-coach-come-trovare-clienti-online-a-palermo;canonical non impostato;sì
TEC-04;medium;technical;Canonical non dichiarato esplicitamente;/come-lanciare-prodotti-tipici-siciliani-online-vendita;canonical non impostato;sì
TEC-04;medium;technical;Canonical non dichiarato esplicitamente;/servizi-alla-persona-promuovere-online-estetiste-massaggiatori-e-parrucchieri;canonical non impostato;sì
TEC-04;medium;technical;Canonical non dichiarato esplicitamente;/digital-branding-per-studi-legali-e-professionisti-del-diritto;canonical non impostato;sì
TEC-04;medium;technical;Canonical non dichiarato esplicitamente;/come-comunicare-in-modo-efficacer-studi-di-fisioterapia;canonical non impostato;sì
TEC-04;medium;technical;Canonical non dichiarato esplicitamente;/psicologi-online-come-promuoversi-nel-rispetto-della-deontologia;canonical non impostato;sì
TEC-04;medium;technical;Canonical non dichiarato esplicitamente;/come-promuovere-un-centro-odontoiatrico-sul-web-senza-perdere-serieta;canonical non impostato;sì
TEC-04;medium;technical;Canonical non dichiarato esplicitamente;/farmacie-e-parafarmacie-strategie-locali-per-aumentare-la-clientela;canonical non impostato;sì
TEC-04;medium;technical;Canonical non dichiarato esplicitamente;/come-far-crescere-un-centro-logopedico-con-il-supporto-digitale;canonical non impostato;sì
TEC-04;medium;technical;Canonical non dichiarato esplicitamente;/visibilita-online-per-nutrizionisti-e-biologi-cosa-funziona-davvero;canonical non impostato;sì
TEC-04;medium;technical;Canonical non dichiarato esplicitamente;/come-lanciare-una-clinica-estetica-digital-branding-per-la-bellezza;canonical non impostato;sì
TEC-04;medium;technical;Canonical non dichiarato esplicitamente;/servizi-veterinari-come-raggiungere-piu-clienti-online-in-modo-etico;canonical non impostato;sì
TEC-04;medium;technical;Canonical non dichiarato esplicitamente;/come-farsi-scegliere-online-come-ostetrica-o-operatore-del-benessere-femminile;canonical non impostato;sì
TEC-04;medium;technical;Canonical non dichiarato esplicitamente;/digital-strategy-per-studi-di-podologia-e-professionisti-del-piede;canonical non impostato;sì
TEC-04;medium;technical;Canonical non dichiarato esplicitamente;/come-promuovere-online-una-scuola-privata-o-centro-di-formazione-a-palermo;canonical non impostato;sì
TEC-04;medium;technical;Canonical non dichiarato esplicitamente;/comunicazione-per-architetti-e-interior-designer-il-progetto-parte-dal-web;canonical non impostato;sì
TEC-04;medium;technical;Canonical non dichiarato esplicitamente;/come-far-crescere-unazienda-agricola-con-e-commerce-e-promozione-locale;canonical non impostato;sì
TEC-04;medium;technical;Canonical non dichiarato esplicitamente;/pet-sitter-e-pensioni-per-animali-come-attirare-piu-clienti-online;canonical non impostato;sì
TEC-04;medium;technical;Canonical non dichiarato esplicitamente;/servizi-per-linfanzia-come-farsi-conoscere-online-come-baby-sitter-o-tata-qualificata;canonical non impostato;sì
TEC-04;medium;technical;Canonical non dichiarato esplicitamente;/come-promuovere-online-una-cooperativa-sociale-a-palermo;canonical non impostato;sì
TEC-04;medium;technical;Canonical non dichiarato esplicitamente;/digital-strategy-per-agenzie-investigative-e-professionisti-della-sicurezza;canonical non impostato;sì
TEC-04;medium;technical;Canonical non dichiarato esplicitamente;/comunicazione-per-traduttori-e-interpreti-come-trovare-clienti-online;canonical non impostato;sì
TEC-04;medium;technical;Canonical non dichiarato esplicitamente;/social-media-manager-a-palermo-quanto-conta-davvero-per-unazienda-locale;canonical non impostato;sì
TEC-04;medium;technical;Canonical non dichiarato esplicitamente;/agenzia-marketing-a-palermo-come-sceglierne-una-adatta-alla-tua-attivita;canonical non impostato;sì
TEC-04;medium;technical;Canonical non dichiarato esplicitamente;/web-agency-a-palermo-per-professionisti-siti-e-strategie-personalizzate;canonical non impostato;sì
TEC-04;medium;technical;Canonical non dichiarato esplicitamente;/tiktok-e-instagram-reels-perche-ogni-impresa-a-palermo-deve-sfruttarli-ora;canonical non impostato;sì
TEC-04;medium;technical;Canonical non dichiarato esplicitamente;/scopri-come-creare-video-virali;canonical non impostato;sì
TEC-04;medium;technical;Canonical non dichiarato esplicitamente;/contenuti-che-spopolano-sui-social;canonical non impostato;sì
TEC-04;medium;technical;Canonical non dichiarato esplicitamente;/i-segreti-dei-video-virali-tecniche-e-strumenti-da-conoscere;canonical non impostato;sì
TEC-04;medium;technical;Canonical non dichiarato esplicitamente;/come-trasformare-unidea-in-un-video-virale-di-successo;canonical non impostato;sì
TEC-04;medium;technical;Canonical non dichiarato esplicitamente;/scopri-come-un-semplice-video-ha-raggiunto-1-milione-di-visualizzazioni-in-24-ore;canonical non impostato;sì
TEC-04;medium;technical;Canonical non dichiarato esplicitamente;/da-zero-a-virale-la-storia-di-un-contenuto-che-ha-conquistato-il-web;canonical non impostato;sì
TEC-04;medium;technical;Canonical non dichiarato esplicitamente;/il-potere-dei-video-brevi;canonical non impostato;sì
TEC-04;medium;technical;Canonical non dichiarato esplicitamente;/3-trucchi-per-rendere-i-tuoi-reels-irresistibili;canonical non impostato;sì
TEC-04;medium;technical;Canonical non dichiarato esplicitamente;/scopri-strategie-efficaci-per-creare-reels;canonical non impostato;sì
TEC-04;medium;technical;Canonical non dichiarato esplicitamente;/creare-reels-che-tutti-vogliono-condividere;canonical non impostato;sì
TEC-04;medium;technical;Canonical non dichiarato esplicitamente;/partecipare-alla-sfida-del-momento;canonical non impostato;sì
TEC-04;medium;technical;Canonical non dichiarato esplicitamente;/trend-alert-i-video-che-stanno-conquistando-tiktok;canonical non impostato;sì
TEC-04;medium;technical;Canonical non dichiarato esplicitamente;/challenge-virali-come-sfruttarle-per-aumentare-la-tua-visibilita;canonical non impostato;sì
TEC-04;medium;technical;Canonical non dichiarato esplicitamente;/i-trend-del-2025-cosa-funziona-davvero-sui-social;canonical non impostato;sì
TEC-04;medium;technical;Canonical non dichiarato esplicitamente;/unisciti-al-movimento-crea-contenuti-che-fanno-parlare-di-se;canonical non impostato;sì
TEC-04;medium;technical;Canonical non dichiarato esplicitamente;/strategie-seo-per-video-virali-come-farsi-trovare-online;canonical non impostato;sì
TEC-04;medium;technical;Canonical non dichiarato esplicitamente;/parole-chiave-e-viralita-il-connubio-perfetto-per-i-tuoi-video;canonical non impostato;sì
TEC-04;medium;technical;Canonical non dichiarato esplicitamente;/come-ottimizzare-i-tuoi-video-per-i-motori-di-ricerca-nel-2025;canonical non impostato;sì
TEC-04;medium;technical;Canonical non dichiarato esplicitamente;/seo-per-contenuti-video-guida-pratica-per-aumentare-le-visualizzazioni;canonical non impostato;sì
TEC-04;medium;technical;Canonical non dichiarato esplicitamente;/i-migliori-strumenti-per-analizzare-e-migliorare-la-performance-dei-tuoi-video;canonical non impostato;sì
TEC-04;medium;technical;Canonical non dichiarato esplicitamente;/agenzia-di-comunicazione-a-palermo-come-far-crescere-il-tuo-brand-nel-2025;canonical non impostato;sì
TEC-04;medium;technical;Canonical non dichiarato esplicitamente;/i-segreti-del-marketing-digitale-a-palermo-scopri-la-nostra-agenzia;canonical non impostato;sì
TEC-04;medium;technical;Canonical non dichiarato esplicitamente;/vuoi-dominare-i-social-a-palermo-affidati-ai-migliori;canonical non impostato;sì
TEC-04;medium;technical;Canonical non dichiarato esplicitamente;/seo-e-video-virali-a-palermo-come-max-digital-innovation-sta-cambiando-le-regole;canonical non impostato;sì
TEC-04;medium;technical;Canonical non dichiarato esplicitamente;/come-aumentare-le-visualizzazioni-su-instagram-nel-2026;canonical non impostato;sì
TEC-04;medium;technical;Canonical non dichiarato esplicitamente;/algoritmo-instagram-come-funziona-davvero;canonical non impostato;sì
TEC-04;medium;technical;Canonical non dichiarato esplicitamente;/strategie-instagram-per-far-crescere-un-profilo-aziendale;canonical non impostato;sì
TEC-04;medium;technical;Canonical non dichiarato esplicitamente;/perche-i-tuoi-reel-non-fanno-visualizzazioni;canonical non impostato;sì
TEC-04;medium;technical;Canonical non dichiarato esplicitamente;/come-finire-negli-esplora-di-instagram;canonical non impostato;sì
TEC-04;medium;technical;Canonical non dichiarato esplicitamente;/instagram-per-aziende-errori-da-evitare;canonical non impostato;sì
TEC-04;medium;technical;Canonical non dichiarato esplicitamente;/come-creare-reel-virali-su-instagram;canonical non impostato;sì
TEC-04;medium;technical;Canonical non dichiarato esplicitamente;/le-migliori-strategie-instagram-per-vendere-di-piu;canonical non impostato;sì
TEC-04;medium;technical;Canonical non dichiarato esplicitamente;/come-aumentare-lengagement-su-instagram;canonical non impostato;sì
TEC-04;medium;technical;Canonical non dichiarato esplicitamente;/come-aumentare-le-visualizzazioni-su-tiktok;canonical non impostato;sì
TEC-04;medium;technical;Canonical non dichiarato esplicitamente;/algoritmo-tiktok-tutto-quello-che-devi-sapere;canonical non impostato;sì
TEC-04;medium;technical;Canonical non dichiarato esplicitamente;/perche-i-video-tiktok-fanno-poche-visualizzazioni;canonical non impostato;sì
TEC-04;medium;technical;Canonical non dichiarato esplicitamente;/come-andare-virale-su-tiktok;canonical non impostato;sì
TEC-04;medium;technical;Canonical non dichiarato esplicitamente;/strategie-tiktok-per-aziende;canonical non impostato;sì
TEC-04;medium;technical;Canonical non dichiarato esplicitamente;/tiktok-per-negozi-conviene-davvero;canonical non impostato;sì
TEC-04;medium;technical;Canonical non dichiarato esplicitamente;/quanto-dura-un-video-tiktok-ideale;canonical non impostato;sì
TEC-04;medium;technical;Canonical non dichiarato esplicitamente;/come-far-crescere-il-tuo-profilo-in-6-giorni;canonical non impostato;sì
TEC-04;medium;technical;Canonical non dichiarato esplicitamente;/come-far-crescere-il-tuo-profilo-tiktok-in-6-giorni;canonical non impostato;sì
TEC-04;medium;technical;Canonical non dichiarato esplicitamente;/produzione-video-a-palermo-come-scegliere-lagenzia-giusta;canonical non impostato;sì
TEC-04;medium;technical;Canonical non dichiarato esplicitamente;/video-aziendali-a-palermo-perche-aumentano-le-vendite;canonical non impostato;sì
TEC-04;medium;technical;Canonical non dichiarato esplicitamente;/creazione-video-virali-palermo;canonical non impostato;sì
TEC-04;medium;technical;Canonical non dichiarato esplicitamente;/produzione-video-virali-palermo;canonical non impostato;sì
TEC-04;medium;technical;Canonical non dichiarato esplicitamente;/realizzazione-video-virali-palermo;canonical non impostato;sì
TEC-04;medium;technical;Canonical non dichiarato esplicitamente;/creazione-video-virali-sicilia;canonical non impostato;sì
TEC-04;medium;technical;Canonical non dichiarato esplicitamente;/produzione-video-virali-sicilia;canonical non impostato;sì
TEC-04;medium;technical;Canonical non dichiarato esplicitamente;/realizzazione-video-sicilia;canonical non impostato;sì
TEC-04;medium;technical;Canonical non dichiarato esplicitamente;/produzione-video-virali-per-la-tua-attivita-palermo;canonical non impostato;sì
TEC-04;medium;technical;Canonical non dichiarato esplicitamente;/realizzazione-video-virali-trapani;canonical non impostato;sì
TEC-04;medium;technical;Canonical non dichiarato esplicitamente;/produzione-video-palermo-perche-oggi-e-indispensabile-per-ogni-azienda;canonical non impostato;sì
TEC-04;medium;technical;Canonical non dichiarato esplicitamente;/video-promozionali-per-la-tua-azienda-palermo-funzionano-davvero;canonical non impostato;sì
TEC-04;medium;technical;Canonical non dichiarato esplicitamente;/produzione-video-professionale-palermo-tutto-quello-che-devi-sapere;canonical non impostato;sì
TEC-04;medium;technical;Canonical non dichiarato esplicitamente;/come-trasformare-un-semplice-video-in-un-contenuto-virale-a-palermo;canonical non impostato;sì
TEC-04;medium;technical;Canonical non dichiarato esplicitamente;/perche-ogni-attivita-di-palermo-dovrebbe-pubblicare-video-2;canonical non impostato;sì
ONP-12;medium;onpage;Riassunto (excerpt) mancante;/privacy-policy;assente;sì
ONP-12;medium;onpage;Riassunto (excerpt) mancante;/;assente;sì
ONP-12;medium;onpage;Riassunto (excerpt) mancante;/digital-strategies;assente;sì
ONP-12;medium;onpage;Riassunto (excerpt) mancante;/cookie-policy;assente;sì
ONP-12;medium;onpage;Riassunto (excerpt) mancante;/servizi-digitali-palermo;assente;sì
ONP-12;medium;onpage;Riassunto (excerpt) mancante;/realizzazione-siti-web-a-palermo;assente;sì
ONP-12;medium;onpage;Riassunto (excerpt) mancante;/gestione-social-media-palermo;assente;sì
ONP-12;medium;onpage;Riassunto (excerpt) mancante;/digital-marketing-palermo;assente;sì
ONP-12;medium;onpage;Riassunto (excerpt) mancante;/produzione-video-palermo;assente;sì
ONP-12;medium;onpage;Riassunto (excerpt) mancante;/realizzazione-e-commerce-palermo;assente;sì
ONP-12;medium;onpage;Riassunto (excerpt) mancante;/graphic-design-palermo;assente;sì
ONP-12;medium;onpage;Riassunto (excerpt) mancante;/sviluppo-crm-gestionali-palermo;assente;sì
ONP-12;medium;onpage;Riassunto (excerpt) mancante;/naming-palermo;assente;sì
ONP-12;medium;onpage;Riassunto (excerpt) mancante;/stampe-digitali-palermo;assente;sì
ONP-12;medium;onpage;Riassunto (excerpt) mancante;/lavora-con-noi;assente;sì
ONP-12;medium;onpage;Riassunto (excerpt) mancante;/innovazione-digitale-pmi-competitive;assente;sì
ONP-12;medium;onpage;Riassunto (excerpt) mancante;/innovazione-digitale-palermo;assente;sì
ONP-12;medium;onpage;Riassunto (excerpt) mancante;/cybersecurity-per-aziende;assente;sì
ONP-12;medium;onpage;Riassunto (excerpt) mancante;/strategia-marketing-digitale;assente;sì
ONP-12;medium;onpage;Riassunto (excerpt) mancante;/campagne-ai-driven-marketing-automation;assente;sì
ONP-12;medium;onpage;Riassunto (excerpt) mancante;/gestione-social-media-presenza-online;assente;sì
ONP-12;medium;onpage;Riassunto (excerpt) mancante;/design-responsivo-sito-web-successo-online;assente;sì
ONP-12;medium;onpage;Riassunto (excerpt) mancante;/perche-un-sito-web-professionale-e-la-chiave-del-successo-per-ogni-impresa;assente;sì
ONP-12;medium;onpage;Riassunto (excerpt) mancante;/come-creare-una-strategia-di-comunicazione-digitale-efficace-per-piccole-imprese;assente;sì
ONP-12;medium;onpage;Riassunto (excerpt) mancante;/reputazione_online_cose_perche_conta_e_come_verificarla;assente;sì
ONP-12;medium;onpage;Riassunto (excerpt) mancante;/come-creare-una-landing-page-efficace;assente;sì
ONP-12;medium;onpage;Riassunto (excerpt) mancante;/branded-content-come-raccontare-il-tuo-brand-con-max-digital-innovation;assente;sì
ONP-12;medium;onpage;Riassunto (excerpt) mancante;/piano-di-marketing-cose-e-come-crearlo-con-successo;assente;sì
ONP-12;medium;onpage;Riassunto (excerpt) mancante;/cookie-cosa-sono-e-a-che-servono;assente;sì
ONP-12;medium;onpage;Riassunto (excerpt) mancante;/privacy-policy;assente;sì
ONP-12;medium;onpage;Riassunto (excerpt) mancante;/scopri-come-aumentare-posizionamento-seo-per-il-tuo-sito-web-su-google;assente;sì
ONP-12;medium;onpage;Riassunto (excerpt) mancante;/tipologie-di-siti-web-la-guida-definitiva-per-imprenditori;assente;sì
ONP-12;medium;onpage;Riassunto (excerpt) mancante;/tiktok-ads-manager-guida-completa-su-come-gestire-le-tue-campagne-su-tiktok;assente;sì
ONP-12;medium;onpage;Riassunto (excerpt) mancante;/dem-marketing-come-usarlo-nel-2024-per-massimizzare-i-risultati;assente;sì
ONP-12;medium;onpage;Riassunto (excerpt) mancante;/e-commerce-a-palermo;assente;sì
ONP-12;medium;onpage;Riassunto (excerpt) mancante;/business-innovation-cosa-chiede-il-mercato-oggi;assente;sì
ONP-12;medium;onpage;Riassunto (excerpt) mancante;/advertising-a-palermo;assente;sì
ONP-12;medium;onpage;Riassunto (excerpt) mancante;/5-consigli-preziosi-per-pubblicizzare-la-propria-azienda-a-palermo-su-google;assente;sì
ONP-12;medium;onpage;Riassunto (excerpt) mancante;/realizzazione-siti-web-per-bb-a-palermo-hotel-motel-e-strutture-ricettive-tutto-quello-che-ce-da-sapere;assente;sì
ONP-12;medium;onpage;Riassunto (excerpt) mancante;/hai-bisogno-di-pubblicizzare-il-tuo-ristorante-a-palermo-ecco-come-possiamo-aiutarti;assente;sì
ONP-12;medium;onpage;Riassunto (excerpt) mancante;/ecco-perche-un-sito-web-a-palermo-e-cosi-essenziale-per-la-tua-attivita;assente;sì
ONP-12;medium;onpage;Riassunto (excerpt) mancante;/gestione-social-media-a-palermo-come-la-nostra-agenzia-di-comunicazione-cura-i-tuoi-social-media;assente;sì
ONP-12;medium;onpage;Riassunto (excerpt) mancante;/loghi-per-la-tua-azienda-a-palermo-caratteristiche-e-come-crearne-uno-efficace;assente;sì
ONP-12;medium;onpage;Riassunto (excerpt) mancante;/ottimizzare-la-comunicazione-grazie-allutilizzo-di-call-to-action-efficaci-per-il-tuo-sito-web-a-palermo;assente;sì
ONP-12;medium;onpage;Riassunto (excerpt) mancante;/11-trend-marketing-a-palermo-per-e-commerce-marketing-che-faranno-crescere-il-tuo-e-commerce;assente;sì
ONP-12;medium;onpage;Riassunto (excerpt) mancante;/come-fare-pubblicita-a-palermo-su-internet-guida-per-principianti;assente;sì
ONP-12;medium;onpage;Riassunto (excerpt) mancante;/campagne-pubblicitarie-a-palermo-la-soluzione-per-far-crescere-il-tuo-business;assente;sì
ONP-12;medium;onpage;Riassunto (excerpt) mancante;/pubblicita-su-tiktok-a-palermo-come-aiutiamo-la-tua-azienda-a-crescere;assente;sì
ONP-12;medium;onpage;Riassunto (excerpt) mancante;/seo-e-sem;assente;sì
ONP-12;medium;onpage;Riassunto (excerpt) mancante;/web-agency-a-palermo-il-design-che-parte-dal-brand;assente;sì
ONP-12;medium;onpage;Riassunto (excerpt) mancante;/b2b-a-palermo-cosa-puo-imparare-dal-b2c-per-sfruttare-al-meglio-il-digitale;assente;sì
ONP-12;medium;onpage;Riassunto (excerpt) mancante;/strategie-di-content-marketing-per-le-piccole-imprese-a-palermo;assente;sì
ONP-12;medium;onpage;Riassunto (excerpt) mancante;/web-marketing-per-palestre-e-centri-sportivi;assente;sì
ONP-12;medium;onpage;Riassunto (excerpt) mancante;/mi-serve-davvero-un-sito-web-aziendale;assente;sì
ONP-12;medium;onpage;Riassunto (excerpt) mancante;/quali-sono-i-servizi-offerti-da-unagenzia-di-comunicazione-a-palermo;assente;sì
ONP-12;medium;onpage;Riassunto (excerpt) mancante;/le-commerce-in-italia-sta-cambiando-con-lintelligenza-artificiale;assente;sì
ONP-12;medium;onpage;Riassunto (excerpt) mancante;/il-marketing-per-attivita-locali-i-vantaggi-di-affidarsi-a-una-web-agency;assente;sì
ONP-12;medium;onpage;Riassunto (excerpt) mancante;/i-social-media-gli-alleati-per-il-tuo-e-commerce;assente;sì
ONP-12;medium;onpage;Riassunto (excerpt) mancante;/marketing-online-per-la-tua-concessionaria;assente;sì
ONP-12;medium;onpage;Riassunto (excerpt) mancante;/marketing-online-per-il-tuo-negozio-di-abbigliamento;assente;sì
ONP-12;medium;onpage;Riassunto (excerpt) mancante;/web-marketing-per-la-tua-parruccheria;assente;sì
ONP-12;medium;onpage;Riassunto (excerpt) mancante;/come-promuovere-il-tuo-salone-di-bellezza-a-palermo;assente;sì
ONP-12;medium;onpage;Riassunto (excerpt) mancante;/come-pubblicizzare-la-tua-ottica-a-palermo;assente;sì
ONP-12;medium;onpage;Riassunto (excerpt) mancante;/come-pubblicizzare-la-tua-pizzeria;assente;sì
ONP-12;medium;onpage;Riassunto (excerpt) mancante;/gestione-marketing-per-il-tuo-pub;assente;sì
ONP-12;medium;onpage;Riassunto (excerpt) mancante;/idee-creative-per-pubblicizzare-la-tua-panineria;assente;sì
ONP-12;medium;onpage;Riassunto (excerpt) mancante;/gestione-marketing-per-la-tua-hamburgeria;assente;sì
ONP-12;medium;onpage;Riassunto (excerpt) mancante;/strategie-di-marketing-di-successo-i-passi-fondamentali-per-distinguersi-nel-mercato;assente;sì
ONP-12;medium;onpage;Riassunto (excerpt) mancante;/pubblicita-per-il-tuo-brand-a-palermo-come-differenziarsi-dalla-massa;assente;sì
ONP-12;medium;onpage;Riassunto (excerpt) mancante;/restare-al-passo-coi-trend-e-difficile-scopri-come-unagenzia-di-comunicazione-puo-aiutarti;assente;sì
ONP-12;medium;onpage;Riassunto (excerpt) mancante;/hai-bisogno-di-uno-store-online-per-la-tua-attivita-offriamo-realizzazione-e-commerce-a-palermo;assente;sì
ONP-12;medium;onpage;Riassunto (excerpt) mancante;/vendita-online-a-palermo-sui-social-unottima-vetrina-per-i-tuoi-prodotti;assente;sì
ONP-12;medium;onpage;Riassunto (excerpt) mancante;/sito-web-per-artisti-fai-conoscere-la-tua-arte;assente;sì
ONP-12;medium;onpage;Riassunto (excerpt) mancante;/quanto-costa-un-sito-web-a-palermo;assente;sì
ONP-12;medium;onpage;Riassunto (excerpt) mancante;/usa-la-local-seo-e-porta-il-tuo-business-al-top;assente;sì
ONP-12;medium;onpage;Riassunto (excerpt) mancante;/mobile-marketing-e-micro-momenti;assente;sì
ONP-12;medium;onpage;Riassunto (excerpt) mancante;/social-media-marketing-nel-settore-arredamento;assente;sì
ONP-12;medium;onpage;Riassunto (excerpt) mancante;/il-web-design-e-la-sua-evoluzione;assente;sì
ONP-12;medium;onpage;Riassunto (excerpt) mancante;/marketing-esperienziale-coinvolgi-il-pubblico-con-esperienze-uniche;assente;sì
ONP-12;medium;onpage;Riassunto (excerpt) mancante;/come-creare-siti-web-professionali-e-di-qualita;assente;sì
ONP-12;medium;onpage;Riassunto (excerpt) mancante;/come-scegliere-lagenzia-pubblicitaria-a-palermo-ideale-per-la-vostra-azienda;assente;sì
ONP-12;medium;onpage;Riassunto (excerpt) mancante;/10-modi-per-migliorare-la-visibilita-del-tuo-sito-web-sui-motori-di-ricerca;assente;sì
ONP-12;medium;onpage;Riassunto (excerpt) mancante;/web-agency-a-palermo-per-creare-un-sito-professionale;assente;sì
ONP-12;medium;onpage;Riassunto (excerpt) mancante;/digital-agency-a-palermo-la-soluzione-completa-per-la-tua-presenza-online;assente;sì
ONP-12;medium;onpage;Riassunto (excerpt) mancante;/creare-un-video-aziendale-efficace-coinvolgente-e-professionale;assente;sì
ONP-12;medium;onpage;Riassunto (excerpt) mancante;/rendi-la-tua-azienda-digitale-trasformazione-e-innovazione-a-palermo;assente;sì
ONP-12;medium;onpage;Riassunto (excerpt) mancante;/come-migliorare-la-tua-brand-reputation-con-le-attivita-di-digital-marketing;assente;sì
ONP-12;medium;onpage;Riassunto (excerpt) mancante;/come-realizzare-un-sito-web-efficace-le-migliori-alternative-per-creare-un-percorso-di-successo-online;assente;sì
ONP-12;medium;onpage;Riassunto (excerpt) mancante;/sito-web-accessibile-cose-come-crearlo-e-perche-e-importante;assente;sì
ONP-12;medium;onpage;Riassunto (excerpt) mancante;/privacy-policy-sito-web-cose-e-come-scriverla-correttamente;assente;sì
ONP-12;medium;onpage;Riassunto (excerpt) mancante;/le-11-regole-per-un-sito-web-efficace;assente;sì
ONP-12;medium;onpage;Riassunto (excerpt) mancante;/creare-un-sito-web-a-palermo-le-caratteristiche-di-unarchitettura-efficace;assente;sì
ONP-12;medium;onpage;Riassunto (excerpt) mancante;/strategie-di-web-reputation-come-costruire-gestire-e-misurare-la-percezione-online;assente;sì
ONP-12;medium;onpage;Riassunto (excerpt) mancante;/sognavi-un-hotel-sempre-pieno-il-web-marketing-per-il-turismo-puo-trasformare-il-tuo-sogno-in-realta;assente;sì
ONP-12;medium;onpage;Riassunto (excerpt) mancante;/google-ai-search-la-nuova-era-della-ricerca-intelligente-e-le-opportunita-per-il-marketing;assente;sì
ONP-12;medium;onpage;Riassunto (excerpt) mancante;/aumentare-le-vendite-ecommerce-non-sei-soddisfatto-della-tua-agenzia;assente;sì
ONP-12;medium;onpage;Riassunto (excerpt) mancante;/come-essere-in-prima-pagina-su-google-le-bugie-piu-diffuse-sulla-seo;assente;sì
ONP-12;medium;onpage;Riassunto (excerpt) mancante;/gestione-marketing-per-la-tua-enoteca;assente;sì
ONP-12;medium;onpage;Riassunto (excerpt) mancante;/gestione-marketing-per-il-tuo-fast-food;assente;sì
ONP-12;medium;onpage;Riassunto (excerpt) mancante;/gestione-social-media-per-la-tua-attivita;assente;sì
ONP-12;medium;onpage;Riassunto (excerpt) mancante;/marketing-e-pubblicita-a-palermo-tutti-i-tipi-di-pubblicita-per-far-crescere-la-tua-attivita;assente;sì
ONP-12;medium;onpage;Riassunto (excerpt) mancante;/vuoi-aprire-unattivita-a-palermo-e-non-sai-a-chi-affidarti-ecco-come-fare-gestione-marketing-attivita-a-palermo;assente;sì
ONP-12;medium;onpage;Riassunto (excerpt) mancante;/la-tua-agenzia-di-marketing-a-palermo-per-una-crescita-su-misura;assente;sì
ONP-12;medium;onpage;Riassunto (excerpt) mancante;/quanto-costa-realizzare-un-cartello-pubblicitario-a-palermo;assente;sì
ONP-12;medium;onpage;Riassunto (excerpt) mancante;/cosa-fare-per-indicizzare-il-tuo-sito-web;assente;sì
ONP-12;medium;onpage;Riassunto (excerpt) mancante;/non-sai-come-sponsorizzare-il-tuo-progetto-artistico-scopri-le-strategie-vincenti;assente;sì
ONP-12;medium;onpage;Riassunto (excerpt) mancante;/il-partner-giusto-per-il-tuo-successo-come-trovare-uno-sponsor-affidabile-a-palermo;assente;sì
ONP-12;medium;onpage;Riassunto (excerpt) mancante;/marketing-per-imprese-edili;assente;sì
ONP-12;medium;onpage;Riassunto (excerpt) mancante;/web-agency-a-palermo-la-guida-completa-per-far-crescere-la-tua-attivita-online;assente;sì
ONP-12;medium;onpage;Riassunto (excerpt) mancante;/copywriter-seo-per-i-social-media-perche-a-google-piace-web-agency-seo-a-palermo;assente;sì
ONP-12;medium;onpage;Riassunto (excerpt) mancante;/web-agency-a-palermo-per-il-settore-immobiliare-la-chiave-per-il-successo-online;assente;sì
ONP-12;medium;onpage;Riassunto (excerpt) mancante;/web-agency-per-startup-a-palermo-la-tua-guida-al-successo-digitale;assente;sì
ONP-12;medium;onpage;Riassunto (excerpt) mancante;/web-agency-per-e-commerce-a-palermo-come-incrementare-le-vendite-online;assente;sì
ONP-12;medium;onpage;Riassunto (excerpt) mancante;/web-agency-a-palermo-per-eventi-massimizza-la-partecipazione-al-tuo-evento;assente;sì
ONP-12;medium;onpage;Riassunto (excerpt) mancante;/web-agency-locale-a-palermo-la-tua-guida-per-conquistare-il-pubblico-della-citta;assente;sì
ONP-12;medium;onpage;Riassunto (excerpt) mancante;/pubblicita-digitale-a-palermo-come-aumentare-la-visibilita-della-tua-attivita;assente;sì
ONP-12;medium;onpage;Riassunto (excerpt) mancante;/creazione-siti-web-professionali-a-palermo-costruisci-la-tua-identita-digitale;assente;sì
ONP-12;medium;onpage;Riassunto (excerpt) mancante;/marketing-su-misura-per-il-tuo-negozio-di-giocattoli;assente;sì
ONP-12;medium;onpage;Riassunto (excerpt) mancante;/marketing-per-farmacie-come-aumentare-visibilita-e-fidelizzare-i-clienti;assente;sì
ONP-12;medium;onpage;Riassunto (excerpt) mancante;/marketing-digitale-a-palermo-la-chiave-per-il-successo-della-tua-attivita;assente;sì
ONP-12;medium;onpage;Riassunto (excerpt) mancante;/cosa-si-intende-per-sito-web-una-guida-per-capirne-limportanza;assente;sì
ONP-12;medium;onpage;Riassunto (excerpt) mancante;/quali-sono-i-siti-web-piu-visitati-scopri-le-piattaforme-piu-popolari-al-mondo;assente;sì
ONP-12;medium;onpage;Riassunto (excerpt) mancante;/che-tipi-di-siti-web-esistono-una-guida-per-scegliere-quello-giusto-per-te;assente;sì
ONP-12;medium;onpage;Riassunto (excerpt) mancante;/come-si-chiama-chi-crea-un-sito-web-scopri-la-figura-del-web-developer;assente;sì
ONP-12;medium;onpage;Riassunto (excerpt) mancante;/che-cosa-fa-una-web-agency-una-guida-ai-servizi-digitali-piu-richiesti;assente;sì
ONP-12;medium;onpage;Riassunto (excerpt) mancante;/quante-sono-le-web-agency-in-italia-unanalisi-del-panorama-digitale-italiano;assente;sì
ONP-12;medium;onpage;Riassunto (excerpt) mancante;/quanto-guadagna-una-web-agency-analisi-dei-fattori-che-influenzano-i-ricavi;assente;sì
ONP-12;medium;onpage;Riassunto (excerpt) mancante;/chi-lavora-in-una-web-agency-scopri-i-ruoli-principali;assente;sì
ONP-12;medium;onpage;Riassunto (excerpt) mancante;/cose-unagency-scopri-il-ruolo-e-i-servizi-di-unagenzia-moderna;assente;sì
ONP-12;medium;onpage;Riassunto (excerpt) mancante;/cosa-si-intende-per-pubblicita-una-guida-completa-al-mondo-pubblicitario;assente;sì
ONP-12;medium;onpage;Riassunto (excerpt) mancante;/come-farsi-pubblicita-gratis-strategie-efficaci-per-aumentare-la-visibilita;assente;sì
ONP-12;medium;onpage;Riassunto (excerpt) mancante;/qual-e-il-compito-della-pubblicita-capire-lobiettivo-e-il-valore-della-comunicazione-pubblicitaria;assente;sì
ONP-12;medium;onpage;Riassunto (excerpt) mancante;/quanto-si-paga-unagenzia-di-comunicazione-guida-ai-costi-dei-servizi-di-comunicazione;assente;sì
ONP-12;medium;onpage;Riassunto (excerpt) mancante;/cosa-fa-lagenzia-di-marketing-una-guida-ai-servizi-e-al-ruolo-strategico;assente;sì
ONP-12;medium;onpage;Riassunto (excerpt) mancante;/che-cose-unazienda-di-marketing-scopri-il-motore-del-successo-aziendale;assente;sì
ONP-12;medium;onpage;Riassunto (excerpt) mancante;/3-tipi-di-marketing-a-palermo-scopri-le-strategie-per-il-successo-della-tua-attivita;assente;sì
ONP-12;medium;onpage;Riassunto (excerpt) mancante;/che-lavoro-fa-il-marketing-il-motore-che-trasforma-idee-in-successo;assente;sì
ONP-12;medium;onpage;Riassunto (excerpt) mancante;/come-fare-unottima-pubblicita-strategie-vincenti-per-il-tuo-successo;assente;sì
ONP-12;medium;onpage;Riassunto (excerpt) mancante;/dove-fare-pubblicita-a-basso-costo-scopri-le-migliori-strategie-economiche-per-promuovere-la-tua-attivita;assente;sì
ONP-12;medium;onpage;Riassunto (excerpt) mancante;/quale-pubblicita-funziona-di-piu-scopri-le-strategie-piu-efficaci-per-il-tuo-business;assente;sì
ONP-12;medium;onpage;Riassunto (excerpt) mancante;/come-iniziare-a-fare-digital-marketing-guida-pratica-per-chi-vuole-emergere-online;assente;sì
ONP-12;medium;onpage;Riassunto (excerpt) mancante;/portfolio-fotografico-online-cose-e-perche-e-importante-crearlo;assente;sì
ONP-12;medium;onpage;Riassunto (excerpt) mancante;/rispondere-alle-recensioni-con-lai-la-nuova-frontiera-dellautomazione;assente;sì
ONP-12;medium;onpage;Riassunto (excerpt) mancante;/focus-group-cose-a-che-serve-e-come-farlo-al-meglio;assente;sì
ONP-12;medium;onpage;Riassunto (excerpt) mancante;/come-creare-sondaggi-online-e-raggiungere-il-tuo-pubblico-in-modo-efficace;assente;sì
ONP-12;medium;onpage;Riassunto (excerpt) mancante;/come-ridurre-peso-delle-foto-consigli-pratici-per-immagini-piu-leggere;assente;sì
ONP-12;medium;onpage;Riassunto (excerpt) mancante;/cosa-fa-un-ufficio-di-comunicazione-scopri-il-cuore-della-strategia-aziendale;assente;sì
ONP-12;medium;onpage;Riassunto (excerpt) mancante;/come-si-chiama-chi-si-occupa-di-comunicazione-scopri-i-ruoli-e-le-competenze-di-questi-professionisti;assente;sì
ONP-12;medium;onpage;Riassunto (excerpt) mancante;/come-trovare-unagenzia-di-comunicazione-consigli-per-scegliere-il-partner-giusto;assente;sì
ONP-12;medium;onpage;Riassunto (excerpt) mancante;/scegliere-la-giusta-agenzia-di-comunicazione-consigli-e-strategie-per-trovare-il-partner-ideale;assente;sì
ONP-12;medium;onpage;Riassunto (excerpt) mancante;/come-sfruttare-al-meglio-i-test-a-b-per-aumentare-le-conversioni;assente;sì
ONP-12;medium;onpage;Riassunto (excerpt) mancante;/come-creare-un-podcast-aziendale-per-migliorare-il-posizionamento-del-brand;assente;sì
ONP-12;medium;onpage;Riassunto (excerpt) mancante;/come-trovare-il-co-founder-perfetto-per-la-tua-startup-e-lo-sponsor-ideale-per-la-tua-crescita;assente;sì
ONP-12;medium;onpage;Riassunto (excerpt) mancante;/i-migliori-formati-banner-per-ottimizzare-le-tue-campagne-pubblicitarie;assente;sì
ONP-12;medium;onpage;Riassunto (excerpt) mancante;/come-crescere-su-instagram-8-tattiche-per-sfruttare-lalgoritmo-e-aumentare-lengagement;assente;sì
ONP-12;medium;onpage;Riassunto (excerpt) mancante;/tiktok-adv-o-instagram-adv-qual-e-la-piattaforma-migliore-per-la-tua-campagna-online;assente;sì
ONP-12;medium;onpage;Riassunto (excerpt) mancante;/la-potenza-dei-micro-influencer-e-il-loro-impatto-online-per-le-aziende;assente;sì
ONP-12;medium;onpage;Riassunto (excerpt) mancante;/black-friday-2024-come-preparare-il-tuo-e-commerce-a-palermo-per-massimizzare-le-vendite;assente;sì
ONP-12;medium;onpage;Riassunto (excerpt) mancante;/integrazione-di-piattaforme-tiktok-e-commerce-un-nuovo-orizzonte-per-i-commercianti-a-palermo;assente;sì
ONP-12;medium;onpage;Riassunto (excerpt) mancante;/quanto-e-importante-il-feedback-dei-clienti-per-migliorare-il-tuo-business;assente;sì
ONP-12;medium;onpage;Riassunto (excerpt) mancante;/la-gen-z-e-il-nuovo-percorso-di-acquisto-come-adattare-la-tua-strategia-di-marketing;assente;sì
ONP-12;medium;onpage;Riassunto (excerpt) mancante;/marketing-sostenibile-cose-e-come-farlo;assente;sì
ONP-12;medium;onpage;Riassunto (excerpt) mancante;/video-verticali-luso-strategico-per-i-tuoi-social;assente;sì
ONP-12;medium;onpage;Riassunto (excerpt) mancante;/video-marketing-cose-e-perche-dovresti-farlo;assente;sì
ONP-12;medium;onpage;Riassunto (excerpt) mancante;/visual-storytelling-una-storia-di-successo;assente;sì
ONP-12;medium;onpage;Riassunto (excerpt) mancante;/tutti-i-vantaggi-di-scegliere-una-web-agency-per-il-tuo-business;assente;sì
ONP-12;medium;onpage;Riassunto (excerpt) mancante;/il-diario-segreto-di-una-web-agency-storie-di-successi-digitali;assente;sì
ONP-12;medium;onpage;Riassunto (excerpt) mancante;/il-laboratorio-creativo-di-una-web-agency-dove-nascono-le-idee;assente;sì
ONP-12;medium;onpage;Riassunto (excerpt) mancante;/quando-la-web-agency-incontra-lintelligenza-artificiale;assente;sì
ONP-12;medium;onpage;Riassunto (excerpt) mancante;/i-siti-web-del-futuro-come-saranno-nel-2050;assente;sì
ONP-12;medium;onpage;Riassunto (excerpt) mancante;/siti-web-quando-il-design-incontra-lanima;assente;sì
ONP-12;medium;onpage;Riassunto (excerpt) mancante;/i-custodi-dei-siti-web-chi-protegge-i-tuoi-dati;assente;sì
ONP-12;medium;onpage;Riassunto (excerpt) mancante;/siti-web-intelligenti-come-reagiscono-ai-tuoi-bisogni;assente;sì
ONP-12;medium;onpage;Riassunto (excerpt) mancante;/la-magia-dietro-i-siti-web-che-conquistano;assente;sì
ONP-12;medium;onpage;Riassunto (excerpt) mancante;/agenzia-di-comunicazione-digitale-il-futuro-della-promozione-online;assente;sì
ONP-12;medium;onpage;Riassunto (excerpt) mancante;/agenzia-di-comunicazione-creativa-idee-e-strategie-per-il-tuo-brand;assente;sì
ONP-12;medium;onpage;Riassunto (excerpt) mancante;/agenzia-di-comunicazione-visiva-come-catturare-lattenzione-del-pubblico;assente;sì
ONP-12;medium;onpage;Riassunto (excerpt) mancante;/agenzia-di-comunicazione-strategica-come-pianificare-il-successo;assente;sì
ONP-12;medium;onpage;Riassunto (excerpt) mancante;/agenzia-di-comunicazione-per-eventi-trasformare-ogni-occasione-in-opportunita-di-successo;assente;sì
ONP-12;medium;onpage;Riassunto (excerpt) mancante;/agenzia-di-comunicazione-per-e-commerce-vendere-di-piu-online;assente;sì
ONP-12;medium;onpage;Riassunto (excerpt) mancante;/agenzia-di-comunicazione-video-limpatto-del-visual-marketing;assente;sì
ONP-12;medium;onpage;Riassunto (excerpt) mancante;/come-raggiungere-al-meglio-il-proprio-pubblico-strategie-efficaci-per-comunicare-con-successo;assente;sì
ONP-12;medium;onpage;Riassunto (excerpt) mancante;/perche-hai-bisogno-di-un-social-media-manager-a-palermo;assente;sì
ONP-12;medium;onpage;Riassunto (excerpt) mancante;/come-strutturare-una-strategia-digitale-efficace;assente;sì
ONP-12;medium;onpage;Riassunto (excerpt) mancante;/migliorare-lindicizzazione-su-google-strategie-efficaci-per-scalare-la-serp;assente;sì
ONP-12;medium;onpage;Riassunto (excerpt) mancante;/progettare-un-packaging-efficace-guida-per-valorizzare-il-tuo-prodotto;assente;sì
ONP-12;medium;onpage;Riassunto (excerpt) mancante;/la-penna-magica-di-unagenzia-di-comunicazione-il-potere-dello-storytelling-che-emoziona-e-conquista;assente;sì
ONP-12;medium;onpage;Riassunto (excerpt) mancante;/larte-della-comunicazione-di-lusso-strategie-esclusive-per-conquistare-clienti-premium;assente;sì
ONP-12;medium;onpage;Riassunto (excerpt) mancante;/viaggi-nellera-digitale-come-unagenzia-di-comunicazione-trasforma-il-turismo-in-emozione;assente;sì
ONP-12;medium;onpage;Riassunto (excerpt) mancante;/strategie-su-misura-come-unagenzia-di-comunicazione-per-pmi-guida-al-successo-nel-mercato-locale;assente;sì
ONP-12;medium;onpage;Riassunto (excerpt) mancante;/come-unagenzia-di-comunicazione-e-influencer-marketing-trasforma-la-pubblicita-moderna;assente;sì
ONP-12;medium;onpage;Riassunto (excerpt) mancante;/come-scegliere-unagenzia-di-comunicazione-efficace-la-guida-per-il-successo-del-tuo-brand;assente;sì
ONP-12;medium;onpage;Riassunto (excerpt) mancante;/servizi-di-comunicazione-digitale-la-chiave-per-il-successo-nel-mondo-online;assente;sì
ONP-12;medium;onpage;Riassunto (excerpt) mancante;/creazione-di-strategie-di-comunicazione-guida-per-un-successo-garantito;assente;sì
ONP-12;medium;onpage;Riassunto (excerpt) mancante;/soluzioni-per-la-comunicazione-aziendale-strategie-per-far-crescere-il-tuo-brand;assente;sì
ONP-12;medium;onpage;Riassunto (excerpt) mancante;/esperti-in-comunicazione-e-branding-il-segreto-per-un-brand-di-successo;assente;sì
ONP-12;medium;onpage;Riassunto (excerpt) mancante;/branding-da-sogno-come-unagenzia-di-comunicazione-costruisce-unidentita-vincente;assente;sì
ONP-12;medium;onpage;Riassunto (excerpt) mancante;/strategie-di-marketing-per-aziende-come-costruire-un-piano-di-successo;assente;sì
ONP-12;medium;onpage;Riassunto (excerpt) mancante;/consulenza-per-la-creazione-di-brand-costruisci-unidentita-vincente;assente;sì
ONP-12;medium;onpage;Riassunto (excerpt) mancante;/creazione-di-marchi-aziendali-come-costruire-unidentita-forte-e-riconoscibile;assente;sì
ONP-12;medium;onpage;Riassunto (excerpt) mancante;/come-costruire-un-marchio-di-successo-con-lo-sviluppo-e-gestione-del-brand-a-palermo;assente;sì
ONP-12;medium;onpage;Riassunto (excerpt) mancante;/gestione-della-reputazione-online-come-proteggere-e-migliorare-limmagine-del-tuo-brand;assente;sì
ONP-12;medium;onpage;Riassunto (excerpt) mancante;/comunicazione-per-la-crescita-aziendale-strategie-per-raggiungere-il-successo;assente;sì
ONP-12;medium;onpage;Riassunto (excerpt) mancante;/agenzia-tiktok-come-sfruttare-il-potenziale-di-tiktok-per-il-tuo-brand;assente;sì
ONP-12;medium;onpage;Riassunto (excerpt) mancante;/come-funzionano-le-agenzie-su-tiktok-scopri-come-potenziare-il-tuo-brand;assente;sì
ONP-12;medium;onpage;Riassunto (excerpt) mancante;/come-si-fa-a-crescere-su-tiktok-strategie-per-aumentare-visibilita-e-engagement;assente;sì
ONP-12;medium;onpage;Riassunto (excerpt) mancante;/agenzia-per-eventi-a-palermo-come-organizzare-eventi-indimenticabili;assente;sì
ONP-12;medium;onpage;Riassunto (excerpt) mancante;/organizzare-eventi-a-palermo-come-creare-esperienze-indimenticabili;assente;sì
ONP-12;medium;onpage;Riassunto (excerpt) mancante;/come-organizzare-eventi-aziendali-di-successo-strategie-vincenti-per-il-tuo-business;assente;sì
ONP-12;medium;onpage;Riassunto (excerpt) mancante;/come-realizzare-un-evento-di-lancio-prodotto-di-successo-a-palermo;assente;sì
ONP-12;medium;onpage;Riassunto (excerpt) mancante;/come-gestire-eventi-privati-con-successo-dalla-festa-di-compleanno-a-eventi-esclusivi;assente;sì
ONP-12;medium;onpage;Riassunto (excerpt) mancante;/social-media-manager-a-palermo-come-scegliere-il-professionista-giusto-per-il-tuo-brand;assente;sì
ONP-12;medium;onpage;Riassunto (excerpt) mancante;/social-media-manager-per-e-commerce-aumentare-le-vendite-con-strategie-mirate;assente;sì
ONP-12;medium;onpage;Riassunto (excerpt) mancante;/il-ruolo-di-un-social-media-manager-nelle-piccole-e-medie-imprese;assente;sì
ONP-12;medium;onpage;Riassunto (excerpt) mancante;/come-il-social-media-manager-puo-potenziare-la-tua-strategia-di-content-marketing;assente;sì
ONP-12;medium;onpage;Riassunto (excerpt) mancante;/come-diventare-un-social-media-manager-di-successo-guida-passo-dopo-passo;assente;sì
ONP-12;medium;onpage;Riassunto (excerpt) mancante;/che-cosa-fa-una-social-media-manager;assente;sì
ONP-12;medium;onpage;Riassunto (excerpt) mancante;/quanto-costa-farsi-gestire-un-profilo-instagram;assente;sì
ONP-12;medium;onpage;Riassunto (excerpt) mancante;/5-errori-silenziosi-che-stai-commettendo-nel-tuo-sito-web-aziendale;assente;sì
ONP-12;medium;onpage;Riassunto (excerpt) mancante;/strategie-digitali-per-artigiani-locali-come-vendere-di-piu-online-marketing;assente;sì
ONP-12;medium;onpage;Riassunto (excerpt) mancante;/il-potere-delle-landing-page-per-attivita-locali-converti-i-clienti-della-tua-citta;assente;sì
ONP-12;medium;onpage;Riassunto (excerpt) mancante;/micro-influencer-locale-come-usarli-per-far-crescere-la-tua-azienda-marketing-palermo;assente;sì
ONP-12;medium;onpage;Riassunto (excerpt) mancante;/posizionamento-zero-su-google-cose-e-come-ottenerlo;assente;sì
ONP-12;medium;onpage;Riassunto (excerpt) mancante;/come-unire-seo-e-branding-visivo-in-un-solo-progetto-web;assente;sì
ONP-12;medium;onpage;Riassunto (excerpt) mancante;/leffetto-domino-delle-recensioni-online-per-le-attivita-locali;assente;sì
ONP-12;medium;onpage;Riassunto (excerpt) mancante;/seo-per-podcast-e-audio-contenuti-come-farli-trovare-online;assente;sì
ONP-12;medium;onpage;Riassunto (excerpt) mancante;/siti-one-page-quando-funzionano-davvero;assente;sì
ONP-12;medium;onpage;Riassunto (excerpt) mancante;/strategie-digitali-per-chi-apre-una-start-up-culturale-a-palermo;assente;sì
ONP-12;medium;onpage;Riassunto (excerpt) mancante;/come-promuovere-la-tua-casa-vacanze-con-il-marketing-locale-digitale;assente;sì
ONP-12;medium;onpage;Riassunto (excerpt) mancante;/brand-identity-per-artisti-e-creativi-distinguersi-online-in-modo-autentico;assente;sì
ONP-12;medium;onpage;Riassunto (excerpt) mancante;/il-ruolo-del-marketing-digitale-per-le-librerie-indipendenti;assente;sì
ONP-12;medium;onpage;Riassunto (excerpt) mancante;/comunicazione-digitale-per-associazioni-no-profit-come-farsi-conoscere;assente;sì
ONP-12;medium;onpage;Riassunto (excerpt) mancante;/strategie-web-per-eventi-teatrali-e-spettacoli-indipendenti;assente;sì
ONP-12;medium;onpage;Riassunto (excerpt) mancante;/digitale-e-tradizione-come-promuovere-botteghe-storiche-con-nuove-strategie-comunicazione;assente;sì
ONP-12;medium;onpage;Riassunto (excerpt) mancante;/formazione-online-come-promuovere-il-tuo-corso-o-workshop-sul-web;assente;sì
ONP-12;medium;onpage;Riassunto (excerpt) mancante;/dalla-strada-al-web-come-promuovere-un-food-truck-a-palermo;assente;sì
ONP-12;medium;onpage;Riassunto (excerpt) mancante;/digital-strategy-per-laboratori-di-analisi-come-farsi-scegliere-online;assente;sì
ONP-12;medium;onpage;Riassunto (excerpt) mancante;/come-comunicare-online-per-una-scuola-di-musica-o-danza-a-palermo;assente;sì
ONP-12;medium;onpage;Riassunto (excerpt) mancante;/come-far-crescere-una-sartoria-o-atelier-online-strategie-su-misura;assente;sì
ONP-12;medium;onpage;Riassunto (excerpt) mancante;/pet-business-come-farsi-conoscere-online-con-una-comunicazione-mirata;assente;sì
ONP-12;medium;onpage;Riassunto (excerpt) mancante;/vendere-arte-online-come-costruire-una-strategia-digitale-per-gallerie-e-artisti;assente;sì
ONP-12;medium;onpage;Riassunto (excerpt) mancante;/ristorazione-vegetariana-e-vegana-come-comunicare-i-tuoi-valori-online;assente;sì
ONP-12;medium;onpage;Riassunto (excerpt) mancante;/digital-strategy-per-wedding-planner-e-servizi-per-eventi-privati;assente;sì
ONP-12;medium;onpage;Riassunto (excerpt) mancante;/consulenti-psicologi-e-coach-come-trovare-clienti-online-a-palermo;assente;sì
ONP-12;medium;onpage;Riassunto (excerpt) mancante;/come-lanciare-prodotti-tipici-siciliani-online-vendita;assente;sì
ONP-12;medium;onpage;Riassunto (excerpt) mancante;/servizi-alla-persona-promuovere-online-estetiste-massaggiatori-e-parrucchieri;assente;sì
ONP-12;medium;onpage;Riassunto (excerpt) mancante;/digital-branding-per-studi-legali-e-professionisti-del-diritto;assente;sì
ONP-12;medium;onpage;Riassunto (excerpt) mancante;/come-comunicare-in-modo-efficacer-studi-di-fisioterapia;assente;sì
ONP-12;medium;onpage;Riassunto (excerpt) mancante;/psicologi-online-come-promuoversi-nel-rispetto-della-deontologia;assente;sì
ONP-12;medium;onpage;Riassunto (excerpt) mancante;/come-promuovere-un-centro-odontoiatrico-sul-web-senza-perdere-serieta;assente;sì
ONP-12;medium;onpage;Riassunto (excerpt) mancante;/farmacie-e-parafarmacie-strategie-locali-per-aumentare-la-clientela;assente;sì
ONP-12;medium;onpage;Riassunto (excerpt) mancante;/come-far-crescere-un-centro-logopedico-con-il-supporto-digitale;assente;sì
ONP-12;medium;onpage;Riassunto (excerpt) mancante;/visibilita-online-per-nutrizionisti-e-biologi-cosa-funziona-davvero;assente;sì
ONP-12;medium;onpage;Riassunto (excerpt) mancante;/come-lanciare-una-clinica-estetica-digital-branding-per-la-bellezza;assente;sì
ONP-12;medium;onpage;Riassunto (excerpt) mancante;/servizi-veterinari-come-raggiungere-piu-clienti-online-in-modo-etico;assente;sì
ONP-12;medium;onpage;Riassunto (excerpt) mancante;/come-farsi-scegliere-online-come-ostetrica-o-operatore-del-benessere-femminile;assente;sì
ONP-12;medium;onpage;Riassunto (excerpt) mancante;/digital-strategy-per-studi-di-podologia-e-professionisti-del-piede;assente;sì
ONP-12;medium;onpage;Riassunto (excerpt) mancante;/come-promuovere-online-una-scuola-privata-o-centro-di-formazione-a-palermo;assente;sì
ONP-12;medium;onpage;Riassunto (excerpt) mancante;/comunicazione-per-architetti-e-interior-designer-il-progetto-parte-dal-web;assente;sì
ONP-12;medium;onpage;Riassunto (excerpt) mancante;/come-far-crescere-unazienda-agricola-con-e-commerce-e-promozione-locale;assente;sì
ONP-12;medium;onpage;Riassunto (excerpt) mancante;/pet-sitter-e-pensioni-per-animali-come-attirare-piu-clienti-online;assente;sì
ONP-12;medium;onpage;Riassunto (excerpt) mancante;/servizi-per-linfanzia-come-farsi-conoscere-online-come-baby-sitter-o-tata-qualificata;assente;sì
ONP-12;medium;onpage;Riassunto (excerpt) mancante;/come-promuovere-online-una-cooperativa-sociale-a-palermo;assente;sì
ONP-12;medium;onpage;Riassunto (excerpt) mancante;/digital-strategy-per-agenzie-investigative-e-professionisti-della-sicurezza;assente;sì
ONP-12;medium;onpage;Riassunto (excerpt) mancante;/comunicazione-per-traduttori-e-interpreti-come-trovare-clienti-online;assente;sì
ONP-12;medium;onpage;Riassunto (excerpt) mancante;/social-media-manager-a-palermo-quanto-conta-davvero-per-unazienda-locale;assente;sì
ONP-12;medium;onpage;Riassunto (excerpt) mancante;/agenzia-marketing-a-palermo-come-sceglierne-una-adatta-alla-tua-attivita;assente;sì
ONP-12;medium;onpage;Riassunto (excerpt) mancante;/web-agency-a-palermo-per-professionisti-siti-e-strategie-personalizzate;assente;sì
ONP-12;medium;onpage;Riassunto (excerpt) mancante;/tiktok-e-instagram-reels-perche-ogni-impresa-a-palermo-deve-sfruttarli-ora;assente;sì
ONP-12;medium;onpage;Riassunto (excerpt) mancante;/scopri-come-creare-video-virali;assente;sì
ONP-12;medium;onpage;Riassunto (excerpt) mancante;/contenuti-che-spopolano-sui-social;assente;sì
ONP-12;medium;onpage;Riassunto (excerpt) mancante;/i-segreti-dei-video-virali-tecniche-e-strumenti-da-conoscere;assente;sì
ONP-12;medium;onpage;Riassunto (excerpt) mancante;/come-trasformare-unidea-in-un-video-virale-di-successo;assente;sì
ONP-12;medium;onpage;Riassunto (excerpt) mancante;/scopri-come-un-semplice-video-ha-raggiunto-1-milione-di-visualizzazioni-in-24-ore;assente;sì
ONP-12;medium;onpage;Riassunto (excerpt) mancante;/da-zero-a-virale-la-storia-di-un-contenuto-che-ha-conquistato-il-web;assente;sì
ONP-12;medium;onpage;Riassunto (excerpt) mancante;/il-potere-dei-video-brevi;assente;sì
ONP-12;medium;onpage;Riassunto (excerpt) mancante;/3-trucchi-per-rendere-i-tuoi-reels-irresistibili;assente;sì
ONP-12;medium;onpage;Riassunto (excerpt) mancante;/scopri-strategie-efficaci-per-creare-reels;assente;sì
ONP-12;medium;onpage;Riassunto (excerpt) mancante;/creare-reels-che-tutti-vogliono-condividere;assente;sì
ONP-12;medium;onpage;Riassunto (excerpt) mancante;/partecipare-alla-sfida-del-momento;assente;sì
ONP-12;medium;onpage;Riassunto (excerpt) mancante;/trend-alert-i-video-che-stanno-conquistando-tiktok;assente;sì
ONP-12;medium;onpage;Riassunto (excerpt) mancante;/challenge-virali-come-sfruttarle-per-aumentare-la-tua-visibilita;assente;sì
ONP-12;medium;onpage;Riassunto (excerpt) mancante;/i-trend-del-2025-cosa-funziona-davvero-sui-social;assente;sì
ONP-12;medium;onpage;Riassunto (excerpt) mancante;/unisciti-al-movimento-crea-contenuti-che-fanno-parlare-di-se;assente;sì
ONP-12;medium;onpage;Riassunto (excerpt) mancante;/strategie-seo-per-video-virali-come-farsi-trovare-online;assente;sì
ONP-12;medium;onpage;Riassunto (excerpt) mancante;/parole-chiave-e-viralita-il-connubio-perfetto-per-i-tuoi-video;assente;sì
ONP-12;medium;onpage;Riassunto (excerpt) mancante;/come-ottimizzare-i-tuoi-video-per-i-motori-di-ricerca-nel-2025;assente;sì
ONP-12;medium;onpage;Riassunto (excerpt) mancante;/seo-per-contenuti-video-guida-pratica-per-aumentare-le-visualizzazioni;assente;sì
ONP-12;medium;onpage;Riassunto (excerpt) mancante;/i-migliori-strumenti-per-analizzare-e-migliorare-la-performance-dei-tuoi-video;assente;sì
ONP-12;medium;onpage;Riassunto (excerpt) mancante;/agenzia-di-comunicazione-a-palermo-come-far-crescere-il-tuo-brand-nel-2025;assente;sì
ONP-12;medium;onpage;Riassunto (excerpt) mancante;/i-segreti-del-marketing-digitale-a-palermo-scopri-la-nostra-agenzia;assente;sì
ONP-12;medium;onpage;Riassunto (excerpt) mancante;/vuoi-dominare-i-social-a-palermo-affidati-ai-migliori;assente;sì
ONP-12;medium;onpage;Riassunto (excerpt) mancante;/seo-e-video-virali-a-palermo-come-max-digital-innovation-sta-cambiando-le-regole;assente;sì
ONP-12;medium;onpage;Riassunto (excerpt) mancante;/come-aumentare-le-visualizzazioni-su-instagram-nel-2026;assente;sì
ONP-12;medium;onpage;Riassunto (excerpt) mancante;/algoritmo-instagram-come-funziona-davvero;assente;sì
ONP-12;medium;onpage;Riassunto (excerpt) mancante;/strategie-instagram-per-far-crescere-un-profilo-aziendale;assente;sì
ONP-12;medium;onpage;Riassunto (excerpt) mancante;/perche-i-tuoi-reel-non-fanno-visualizzazioni;assente;sì
ONP-12;medium;onpage;Riassunto (excerpt) mancante;/come-finire-negli-esplora-di-instagram;assente;sì
ONP-12;medium;onpage;Riassunto (excerpt) mancante;/instagram-per-aziende-errori-da-evitare;assente;sì
ONP-12;medium;onpage;Riassunto (excerpt) mancante;/come-creare-reel-virali-su-instagram;assente;sì
ONP-12;medium;onpage;Riassunto (excerpt) mancante;/le-migliori-strategie-instagram-per-vendere-di-piu;assente;sì
ONP-12;medium;onpage;Riassunto (excerpt) mancante;/come-aumentare-lengagement-su-instagram;assente;sì
ONP-12;medium;onpage;Riassunto (excerpt) mancante;/come-aumentare-le-visualizzazioni-su-tiktok;assente;sì
ONP-12;medium;onpage;Riassunto (excerpt) mancante;/algoritmo-tiktok-tutto-quello-che-devi-sapere;assente;sì
ONP-12;medium;onpage;Riassunto (excerpt) mancante;/perche-i-video-tiktok-fanno-poche-visualizzazioni;assente;sì
ONP-12;medium;onpage;Riassunto (excerpt) mancante;/come-andare-virale-su-tiktok;assente;sì
ONP-12;medium;onpage;Riassunto (excerpt) mancante;/strategie-tiktok-per-aziende;assente;sì
ONP-12;medium;onpage;Riassunto (excerpt) mancante;/tiktok-per-negozi-conviene-davvero;assente;sì
ONP-12;medium;onpage;Riassunto (excerpt) mancante;/quanto-dura-un-video-tiktok-ideale;assente;sì
ONP-12;medium;onpage;Riassunto (excerpt) mancante;/come-far-crescere-il-tuo-profilo-in-6-giorni;assente;sì
ONP-12;medium;onpage;Riassunto (excerpt) mancante;/come-far-crescere-il-tuo-profilo-tiktok-in-6-giorni;assente;sì
ONP-12;medium;onpage;Riassunto (excerpt) mancante;/produzione-video-a-palermo-come-scegliere-lagenzia-giusta;assente;sì
ONP-12;medium;onpage;Riassunto (excerpt) mancante;/video-aziendali-a-palermo-perche-aumentano-le-vendite;assente;sì
ONP-12;medium;onpage;Riassunto (excerpt) mancante;/creazione-video-virali-palermo;assente;sì
ONP-12;medium;onpage;Riassunto (excerpt) mancante;/produzione-video-virali-palermo;assente;sì
ONP-12;medium;onpage;Riassunto (excerpt) mancante;/realizzazione-video-virali-palermo;assente;sì
ONP-12;medium;onpage;Riassunto (excerpt) mancante;/creazione-video-virali-sicilia;assente;sì
ONP-12;medium;onpage;Riassunto (excerpt) mancante;/produzione-video-virali-sicilia;assente;sì
ONP-12;medium;onpage;Riassunto (excerpt) mancante;/realizzazione-video-sicilia;assente;sì
ONP-12;medium;onpage;Riassunto (excerpt) mancante;/produzione-video-virali-per-la-tua-attivita-palermo;assente;sì
ONP-12;medium;onpage;Riassunto (excerpt) mancante;/realizzazione-video-virali-trapani;assente;sì
ONP-12;medium;onpage;Riassunto (excerpt) mancante;/produzione-video-palermo-perche-oggi-e-indispensabile-per-ogni-azienda;assente;sì
ONP-12;medium;onpage;Riassunto (excerpt) mancante;/video-promozionali-per-la-tua-azienda-palermo-funzionano-davvero;assente;sì
ONP-12;medium;onpage;Riassunto (excerpt) mancante;/produzione-video-professionale-palermo-tutto-quello-che-devi-sapere;assente;sì
ONP-12;medium;onpage;Riassunto (excerpt) mancante;/come-trasformare-un-semplice-video-in-un-contenuto-virale-a-palermo;assente;sì
ONP-12;medium;onpage;Riassunto (excerpt) mancante;/perche-ogni-attivita-di-palermo-dovrebbe-pubblicare-video-2;assente;sì
GEO-07;medium;generative;Nessun markup speakable per risposte vocali;/privacy-policy;speakable assente;sì
GEO-07;medium;generative;Nessun markup speakable per risposte vocali;/;speakable assente;sì
GEO-07;medium;generative;Nessun markup speakable per risposte vocali;/digital-strategies;speakable assente;sì
GEO-07;medium;generative;Nessun markup speakable per risposte vocali;/cookie-policy;speakable assente;sì
GEO-07;medium;generative;Nessun markup speakable per risposte vocali;/servizi-digitali-palermo;speakable assente;sì
GEO-07;medium;generative;Nessun markup speakable per risposte vocali;/realizzazione-siti-web-a-palermo;speakable assente;sì
GEO-07;medium;generative;Nessun markup speakable per risposte vocali;/gestione-social-media-palermo;speakable assente;sì
GEO-07;medium;generative;Nessun markup speakable per risposte vocali;/digital-marketing-palermo;speakable assente;sì
GEO-07;medium;generative;Nessun markup speakable per risposte vocali;/produzione-video-palermo;speakable assente;sì
GEO-07;medium;generative;Nessun markup speakable per risposte vocali;/realizzazione-e-commerce-palermo;speakable assente;sì
GEO-07;medium;generative;Nessun markup speakable per risposte vocali;/graphic-design-palermo;speakable assente;sì
GEO-07;medium;generative;Nessun markup speakable per risposte vocali;/sviluppo-crm-gestionali-palermo;speakable assente;sì
GEO-07;medium;generative;Nessun markup speakable per risposte vocali;/naming-palermo;speakable assente;sì
GEO-07;medium;generative;Nessun markup speakable per risposte vocali;/stampe-digitali-palermo;speakable assente;sì
GEO-07;medium;generative;Nessun markup speakable per risposte vocali;/lavora-con-noi;speakable assente;sì
GEO-07;medium;generative;Nessun markup speakable per risposte vocali;/innovazione-digitale-pmi-competitive;speakable assente;sì
GEO-07;medium;generative;Nessun markup speakable per risposte vocali;/innovazione-digitale-palermo;speakable assente;sì
GEO-07;medium;generative;Nessun markup speakable per risposte vocali;/cybersecurity-per-aziende;speakable assente;sì
GEO-07;medium;generative;Nessun markup speakable per risposte vocali;/strategia-marketing-digitale;speakable assente;sì
GEO-07;medium;generative;Nessun markup speakable per risposte vocali;/campagne-ai-driven-marketing-automation;speakable assente;sì
GEO-07;medium;generative;Nessun markup speakable per risposte vocali;/gestione-social-media-presenza-online;speakable assente;sì
GEO-07;medium;generative;Nessun markup speakable per risposte vocali;/design-responsivo-sito-web-successo-online;speakable assente;sì
GEO-07;medium;generative;Nessun markup speakable per risposte vocali;/perche-un-sito-web-professionale-e-la-chiave-del-successo-per-ogni-impresa;speakable assente;sì
GEO-07;medium;generative;Nessun markup speakable per risposte vocali;/come-creare-una-strategia-di-comunicazione-digitale-efficace-per-piccole-imprese;speakable assente;sì
GEO-07;medium;generative;Nessun markup speakable per risposte vocali;/reputazione_online_cose_perche_conta_e_come_verificarla;speakable assente;sì
GEO-07;medium;generative;Nessun markup speakable per risposte vocali;/come-creare-una-landing-page-efficace;speakable assente;sì
GEO-07;medium;generative;Nessun markup speakable per risposte vocali;/branded-content-come-raccontare-il-tuo-brand-con-max-digital-innovation;speakable assente;sì
GEO-07;medium;generative;Nessun markup speakable per risposte vocali;/piano-di-marketing-cose-e-come-crearlo-con-successo;speakable assente;sì
GEO-07;medium;generative;Nessun markup speakable per risposte vocali;/cookie-cosa-sono-e-a-che-servono;speakable assente;sì
GEO-07;medium;generative;Nessun markup speakable per risposte vocali;/privacy-policy;speakable assente;sì
GEO-07;medium;generative;Nessun markup speakable per risposte vocali;/scopri-come-aumentare-posizionamento-seo-per-il-tuo-sito-web-su-google;speakable assente;sì
GEO-07;medium;generative;Nessun markup speakable per risposte vocali;/tipologie-di-siti-web-la-guida-definitiva-per-imprenditori;speakable assente;sì
GEO-07;medium;generative;Nessun markup speakable per risposte vocali;/tiktok-ads-manager-guida-completa-su-come-gestire-le-tue-campagne-su-tiktok;speakable assente;sì
GEO-07;medium;generative;Nessun markup speakable per risposte vocali;/dem-marketing-come-usarlo-nel-2024-per-massimizzare-i-risultati;speakable assente;sì
GEO-07;medium;generative;Nessun markup speakable per risposte vocali;/e-commerce-a-palermo;speakable assente;sì
GEO-07;medium;generative;Nessun markup speakable per risposte vocali;/business-innovation-cosa-chiede-il-mercato-oggi;speakable assente;sì
GEO-07;medium;generative;Nessun markup speakable per risposte vocali;/advertising-a-palermo;speakable assente;sì
GEO-07;medium;generative;Nessun markup speakable per risposte vocali;/5-consigli-preziosi-per-pubblicizzare-la-propria-azienda-a-palermo-su-google;speakable assente;sì
GEO-07;medium;generative;Nessun markup speakable per risposte vocali;/realizzazione-siti-web-per-bb-a-palermo-hotel-motel-e-strutture-ricettive-tutto-quello-che-ce-da-sapere;speakable assente;sì
GEO-07;medium;generative;Nessun markup speakable per risposte vocali;/hai-bisogno-di-pubblicizzare-il-tuo-ristorante-a-palermo-ecco-come-possiamo-aiutarti;speakable assente;sì
GEO-07;medium;generative;Nessun markup speakable per risposte vocali;/ecco-perche-un-sito-web-a-palermo-e-cosi-essenziale-per-la-tua-attivita;speakable assente;sì
GEO-07;medium;generative;Nessun markup speakable per risposte vocali;/gestione-social-media-a-palermo-come-la-nostra-agenzia-di-comunicazione-cura-i-tuoi-social-media;speakable assente;sì
GEO-07;medium;generative;Nessun markup speakable per risposte vocali;/loghi-per-la-tua-azienda-a-palermo-caratteristiche-e-come-crearne-uno-efficace;speakable assente;sì
GEO-07;medium;generative;Nessun markup speakable per risposte vocali;/ottimizzare-la-comunicazione-grazie-allutilizzo-di-call-to-action-efficaci-per-il-tuo-sito-web-a-palermo;speakable assente;sì
GEO-07;medium;generative;Nessun markup speakable per risposte vocali;/11-trend-marketing-a-palermo-per-e-commerce-marketing-che-faranno-crescere-il-tuo-e-commerce;speakable assente;sì
GEO-07;medium;generative;Nessun markup speakable per risposte vocali;/come-fare-pubblicita-a-palermo-su-internet-guida-per-principianti;speakable assente;sì
GEO-07;medium;generative;Nessun markup speakable per risposte vocali;/campagne-pubblicitarie-a-palermo-la-soluzione-per-far-crescere-il-tuo-business;speakable assente;sì
GEO-07;medium;generative;Nessun markup speakable per risposte vocali;/pubblicita-su-tiktok-a-palermo-come-aiutiamo-la-tua-azienda-a-crescere;speakable assente;sì
GEO-07;medium;generative;Nessun markup speakable per risposte vocali;/seo-e-sem;speakable assente;sì
GEO-07;medium;generative;Nessun markup speakable per risposte vocali;/web-agency-a-palermo-il-design-che-parte-dal-brand;speakable assente;sì
GEO-07;medium;generative;Nessun markup speakable per risposte vocali;/b2b-a-palermo-cosa-puo-imparare-dal-b2c-per-sfruttare-al-meglio-il-digitale;speakable assente;sì
GEO-07;medium;generative;Nessun markup speakable per risposte vocali;/strategie-di-content-marketing-per-le-piccole-imprese-a-palermo;speakable assente;sì
GEO-07;medium;generative;Nessun markup speakable per risposte vocali;/web-marketing-per-palestre-e-centri-sportivi;speakable assente;sì
GEO-07;medium;generative;Nessun markup speakable per risposte vocali;/mi-serve-davvero-un-sito-web-aziendale;speakable assente;sì
GEO-07;medium;generative;Nessun markup speakable per risposte vocali;/quali-sono-i-servizi-offerti-da-unagenzia-di-comunicazione-a-palermo;speakable assente;sì
GEO-07;medium;generative;Nessun markup speakable per risposte vocali;/le-commerce-in-italia-sta-cambiando-con-lintelligenza-artificiale;speakable assente;sì
GEO-07;medium;generative;Nessun markup speakable per risposte vocali;/il-marketing-per-attivita-locali-i-vantaggi-di-affidarsi-a-una-web-agency;speakable assente;sì
GEO-07;medium;generative;Nessun markup speakable per risposte vocali;/i-social-media-gli-alleati-per-il-tuo-e-commerce;speakable assente;sì
GEO-07;medium;generative;Nessun markup speakable per risposte vocali;/marketing-online-per-la-tua-concessionaria;speakable assente;sì
GEO-07;medium;generative;Nessun markup speakable per risposte vocali;/marketing-online-per-il-tuo-negozio-di-abbigliamento;speakable assente;sì
GEO-07;medium;generative;Nessun markup speakable per risposte vocali;/web-marketing-per-la-tua-parruccheria;speakable assente;sì
GEO-07;medium;generative;Nessun markup speakable per risposte vocali;/come-promuovere-il-tuo-salone-di-bellezza-a-palermo;speakable assente;sì
GEO-07;medium;generative;Nessun markup speakable per risposte vocali;/come-pubblicizzare-la-tua-ottica-a-palermo;speakable assente;sì
GEO-07;medium;generative;Nessun markup speakable per risposte vocali;/come-pubblicizzare-la-tua-pizzeria;speakable assente;sì
GEO-07;medium;generative;Nessun markup speakable per risposte vocali;/gestione-marketing-per-il-tuo-pub;speakable assente;sì
GEO-07;medium;generative;Nessun markup speakable per risposte vocali;/idee-creative-per-pubblicizzare-la-tua-panineria;speakable assente;sì
GEO-07;medium;generative;Nessun markup speakable per risposte vocali;/gestione-marketing-per-la-tua-hamburgeria;speakable assente;sì
GEO-07;medium;generative;Nessun markup speakable per risposte vocali;/strategie-di-marketing-di-successo-i-passi-fondamentali-per-distinguersi-nel-mercato;speakable assente;sì
GEO-07;medium;generative;Nessun markup speakable per risposte vocali;/pubblicita-per-il-tuo-brand-a-palermo-come-differenziarsi-dalla-massa;speakable assente;sì
GEO-07;medium;generative;Nessun markup speakable per risposte vocali;/restare-al-passo-coi-trend-e-difficile-scopri-come-unagenzia-di-comunicazione-puo-aiutarti;speakable assente;sì
GEO-07;medium;generative;Nessun markup speakable per risposte vocali;/hai-bisogno-di-uno-store-online-per-la-tua-attivita-offriamo-realizzazione-e-commerce-a-palermo;speakable assente;sì
GEO-07;medium;generative;Nessun markup speakable per risposte vocali;/vendita-online-a-palermo-sui-social-unottima-vetrina-per-i-tuoi-prodotti;speakable assente;sì
GEO-07;medium;generative;Nessun markup speakable per risposte vocali;/sito-web-per-artisti-fai-conoscere-la-tua-arte;speakable assente;sì
GEO-07;medium;generative;Nessun markup speakable per risposte vocali;/quanto-costa-un-sito-web-a-palermo;speakable assente;sì
GEO-07;medium;generative;Nessun markup speakable per risposte vocali;/usa-la-local-seo-e-porta-il-tuo-business-al-top;speakable assente;sì
GEO-07;medium;generative;Nessun markup speakable per risposte vocali;/mobile-marketing-e-micro-momenti;speakable assente;sì
GEO-07;medium;generative;Nessun markup speakable per risposte vocali;/social-media-marketing-nel-settore-arredamento;speakable assente;sì
GEO-07;medium;generative;Nessun markup speakable per risposte vocali;/il-web-design-e-la-sua-evoluzione;speakable assente;sì
GEO-07;medium;generative;Nessun markup speakable per risposte vocali;/marketing-esperienziale-coinvolgi-il-pubblico-con-esperienze-uniche;speakable assente;sì
GEO-07;medium;generative;Nessun markup speakable per risposte vocali;/come-creare-siti-web-professionali-e-di-qualita;speakable assente;sì
GEO-07;medium;generative;Nessun markup speakable per risposte vocali;/come-scegliere-lagenzia-pubblicitaria-a-palermo-ideale-per-la-vostra-azienda;speakable assente;sì
GEO-07;medium;generative;Nessun markup speakable per risposte vocali;/10-modi-per-migliorare-la-visibilita-del-tuo-sito-web-sui-motori-di-ricerca;speakable assente;sì
GEO-07;medium;generative;Nessun markup speakable per risposte vocali;/web-agency-a-palermo-per-creare-un-sito-professionale;speakable assente;sì
GEO-07;medium;generative;Nessun markup speakable per risposte vocali;/digital-agency-a-palermo-la-soluzione-completa-per-la-tua-presenza-online;speakable assente;sì
GEO-07;medium;generative;Nessun markup speakable per risposte vocali;/creare-un-video-aziendale-efficace-coinvolgente-e-professionale;speakable assente;sì
GEO-07;medium;generative;Nessun markup speakable per risposte vocali;/rendi-la-tua-azienda-digitale-trasformazione-e-innovazione-a-palermo;speakable assente;sì
GEO-07;medium;generative;Nessun markup speakable per risposte vocali;/come-migliorare-la-tua-brand-reputation-con-le-attivita-di-digital-marketing;speakable assente;sì
GEO-07;medium;generative;Nessun markup speakable per risposte vocali;/come-realizzare-un-sito-web-efficace-le-migliori-alternative-per-creare-un-percorso-di-successo-online;speakable assente;sì
GEO-07;medium;generative;Nessun markup speakable per risposte vocali;/sito-web-accessibile-cose-come-crearlo-e-perche-e-importante;speakable assente;sì
GEO-07;medium;generative;Nessun markup speakable per risposte vocali;/privacy-policy-sito-web-cose-e-come-scriverla-correttamente;speakable assente;sì
GEO-07;medium;generative;Nessun markup speakable per risposte vocali;/le-11-regole-per-un-sito-web-efficace;speakable assente;sì
GEO-07;medium;generative;Nessun markup speakable per risposte vocali;/creare-un-sito-web-a-palermo-le-caratteristiche-di-unarchitettura-efficace;speakable assente;sì
GEO-07;medium;generative;Nessun markup speakable per risposte vocali;/strategie-di-web-reputation-come-costruire-gestire-e-misurare-la-percezione-online;speakable assente;sì
GEO-07;medium;generative;Nessun markup speakable per risposte vocali;/sognavi-un-hotel-sempre-pieno-il-web-marketing-per-il-turismo-puo-trasformare-il-tuo-sogno-in-realta;speakable assente;sì
GEO-07;medium;generative;Nessun markup speakable per risposte vocali;/google-ai-search-la-nuova-era-della-ricerca-intelligente-e-le-opportunita-per-il-marketing;speakable assente;sì
GEO-07;medium;generative;Nessun markup speakable per risposte vocali;/aumentare-le-vendite-ecommerce-non-sei-soddisfatto-della-tua-agenzia;speakable assente;sì
GEO-07;medium;generative;Nessun markup speakable per risposte vocali;/come-essere-in-prima-pagina-su-google-le-bugie-piu-diffuse-sulla-seo;speakable assente;sì
GEO-07;medium;generative;Nessun markup speakable per risposte vocali;/gestione-marketing-per-la-tua-enoteca;speakable assente;sì
GEO-07;medium;generative;Nessun markup speakable per risposte vocali;/gestione-marketing-per-il-tuo-fast-food;speakable assente;sì
GEO-07;medium;generative;Nessun markup speakable per risposte vocali;/gestione-social-media-per-la-tua-attivita;speakable assente;sì
GEO-07;medium;generative;Nessun markup speakable per risposte vocali;/marketing-e-pubblicita-a-palermo-tutti-i-tipi-di-pubblicita-per-far-crescere-la-tua-attivita;speakable assente;sì
GEO-07;medium;generative;Nessun markup speakable per risposte vocali;/vuoi-aprire-unattivita-a-palermo-e-non-sai-a-chi-affidarti-ecco-come-fare-gestione-marketing-attivita-a-palermo;speakable assente;sì
GEO-07;medium;generative;Nessun markup speakable per risposte vocali;/la-tua-agenzia-di-marketing-a-palermo-per-una-crescita-su-misura;speakable assente;sì
GEO-07;medium;generative;Nessun markup speakable per risposte vocali;/quanto-costa-realizzare-un-cartello-pubblicitario-a-palermo;speakable assente;sì
GEO-07;medium;generative;Nessun markup speakable per risposte vocali;/cosa-fare-per-indicizzare-il-tuo-sito-web;speakable assente;sì
GEO-07;medium;generative;Nessun markup speakable per risposte vocali;/non-sai-come-sponsorizzare-il-tuo-progetto-artistico-scopri-le-strategie-vincenti;speakable assente;sì
GEO-07;medium;generative;Nessun markup speakable per risposte vocali;/il-partner-giusto-per-il-tuo-successo-come-trovare-uno-sponsor-affidabile-a-palermo;speakable assente;sì
GEO-07;medium;generative;Nessun markup speakable per risposte vocali;/marketing-per-imprese-edili;speakable assente;sì
GEO-07;medium;generative;Nessun markup speakable per risposte vocali;/web-agency-a-palermo-la-guida-completa-per-far-crescere-la-tua-attivita-online;speakable assente;sì
GEO-07;medium;generative;Nessun markup speakable per risposte vocali;/copywriter-seo-per-i-social-media-perche-a-google-piace-web-agency-seo-a-palermo;speakable assente;sì
GEO-07;medium;generative;Nessun markup speakable per risposte vocali;/web-agency-a-palermo-per-il-settore-immobiliare-la-chiave-per-il-successo-online;speakable assente;sì
GEO-07;medium;generative;Nessun markup speakable per risposte vocali;/web-agency-per-startup-a-palermo-la-tua-guida-al-successo-digitale;speakable assente;sì
GEO-07;medium;generative;Nessun markup speakable per risposte vocali;/web-agency-per-e-commerce-a-palermo-come-incrementare-le-vendite-online;speakable assente;sì
GEO-07;medium;generative;Nessun markup speakable per risposte vocali;/web-agency-a-palermo-per-eventi-massimizza-la-partecipazione-al-tuo-evento;speakable assente;sì
GEO-07;medium;generative;Nessun markup speakable per risposte vocali;/web-agency-locale-a-palermo-la-tua-guida-per-conquistare-il-pubblico-della-citta;speakable assente;sì
GEO-07;medium;generative;Nessun markup speakable per risposte vocali;/pubblicita-digitale-a-palermo-come-aumentare-la-visibilita-della-tua-attivita;speakable assente;sì
GEO-07;medium;generative;Nessun markup speakable per risposte vocali;/creazione-siti-web-professionali-a-palermo-costruisci-la-tua-identita-digitale;speakable assente;sì
GEO-07;medium;generative;Nessun markup speakable per risposte vocali;/marketing-su-misura-per-il-tuo-negozio-di-giocattoli;speakable assente;sì
GEO-07;medium;generative;Nessun markup speakable per risposte vocali;/marketing-per-farmacie-come-aumentare-visibilita-e-fidelizzare-i-clienti;speakable assente;sì
GEO-07;medium;generative;Nessun markup speakable per risposte vocali;/marketing-digitale-a-palermo-la-chiave-per-il-successo-della-tua-attivita;speakable assente;sì
GEO-07;medium;generative;Nessun markup speakable per risposte vocali;/cosa-si-intende-per-sito-web-una-guida-per-capirne-limportanza;speakable assente;sì
GEO-07;medium;generative;Nessun markup speakable per risposte vocali;/quali-sono-i-siti-web-piu-visitati-scopri-le-piattaforme-piu-popolari-al-mondo;speakable assente;sì
GEO-07;medium;generative;Nessun markup speakable per risposte vocali;/che-tipi-di-siti-web-esistono-una-guida-per-scegliere-quello-giusto-per-te;speakable assente;sì
GEO-07;medium;generative;Nessun markup speakable per risposte vocali;/come-si-chiama-chi-crea-un-sito-web-scopri-la-figura-del-web-developer;speakable assente;sì
GEO-07;medium;generative;Nessun markup speakable per risposte vocali;/che-cosa-fa-una-web-agency-una-guida-ai-servizi-digitali-piu-richiesti;speakable assente;sì
GEO-07;medium;generative;Nessun markup speakable per risposte vocali;/quante-sono-le-web-agency-in-italia-unanalisi-del-panorama-digitale-italiano;speakable assente;sì
GEO-07;medium;generative;Nessun markup speakable per risposte vocali;/quanto-guadagna-una-web-agency-analisi-dei-fattori-che-influenzano-i-ricavi;speakable assente;sì
GEO-07;medium;generative;Nessun markup speakable per risposte vocali;/chi-lavora-in-una-web-agency-scopri-i-ruoli-principali;speakable assente;sì
GEO-07;medium;generative;Nessun markup speakable per risposte vocali;/cose-unagency-scopri-il-ruolo-e-i-servizi-di-unagenzia-moderna;speakable assente;sì
GEO-07;medium;generative;Nessun markup speakable per risposte vocali;/cosa-si-intende-per-pubblicita-una-guida-completa-al-mondo-pubblicitario;speakable assente;sì
GEO-07;medium;generative;Nessun markup speakable per risposte vocali;/come-farsi-pubblicita-gratis-strategie-efficaci-per-aumentare-la-visibilita;speakable assente;sì
GEO-07;medium;generative;Nessun markup speakable per risposte vocali;/qual-e-il-compito-della-pubblicita-capire-lobiettivo-e-il-valore-della-comunicazione-pubblicitaria;speakable assente;sì
GEO-07;medium;generative;Nessun markup speakable per risposte vocali;/quanto-si-paga-unagenzia-di-comunicazione-guida-ai-costi-dei-servizi-di-comunicazione;speakable assente;sì
GEO-07;medium;generative;Nessun markup speakable per risposte vocali;/cosa-fa-lagenzia-di-marketing-una-guida-ai-servizi-e-al-ruolo-strategico;speakable assente;sì
GEO-07;medium;generative;Nessun markup speakable per risposte vocali;/che-cose-unazienda-di-marketing-scopri-il-motore-del-successo-aziendale;speakable assente;sì
GEO-07;medium;generative;Nessun markup speakable per risposte vocali;/3-tipi-di-marketing-a-palermo-scopri-le-strategie-per-il-successo-della-tua-attivita;speakable assente;sì
GEO-07;medium;generative;Nessun markup speakable per risposte vocali;/che-lavoro-fa-il-marketing-il-motore-che-trasforma-idee-in-successo;speakable assente;sì
GEO-07;medium;generative;Nessun markup speakable per risposte vocali;/come-fare-unottima-pubblicita-strategie-vincenti-per-il-tuo-successo;speakable assente;sì
GEO-07;medium;generative;Nessun markup speakable per risposte vocali;/dove-fare-pubblicita-a-basso-costo-scopri-le-migliori-strategie-economiche-per-promuovere-la-tua-attivita;speakable assente;sì
GEO-07;medium;generative;Nessun markup speakable per risposte vocali;/quale-pubblicita-funziona-di-piu-scopri-le-strategie-piu-efficaci-per-il-tuo-business;speakable assente;sì
GEO-07;medium;generative;Nessun markup speakable per risposte vocali;/come-iniziare-a-fare-digital-marketing-guida-pratica-per-chi-vuole-emergere-online;speakable assente;sì
GEO-07;medium;generative;Nessun markup speakable per risposte vocali;/portfolio-fotografico-online-cose-e-perche-e-importante-crearlo;speakable assente;sì
GEO-07;medium;generative;Nessun markup speakable per risposte vocali;/rispondere-alle-recensioni-con-lai-la-nuova-frontiera-dellautomazione;speakable assente;sì
GEO-07;medium;generative;Nessun markup speakable per risposte vocali;/focus-group-cose-a-che-serve-e-come-farlo-al-meglio;speakable assente;sì
GEO-07;medium;generative;Nessun markup speakable per risposte vocali;/come-creare-sondaggi-online-e-raggiungere-il-tuo-pubblico-in-modo-efficace;speakable assente;sì
GEO-07;medium;generative;Nessun markup speakable per risposte vocali;/come-ridurre-peso-delle-foto-consigli-pratici-per-immagini-piu-leggere;speakable assente;sì
GEO-07;medium;generative;Nessun markup speakable per risposte vocali;/cosa-fa-un-ufficio-di-comunicazione-scopri-il-cuore-della-strategia-aziendale;speakable assente;sì
GEO-07;medium;generative;Nessun markup speakable per risposte vocali;/come-si-chiama-chi-si-occupa-di-comunicazione-scopri-i-ruoli-e-le-competenze-di-questi-professionisti;speakable assente;sì
GEO-07;medium;generative;Nessun markup speakable per risposte vocali;/come-trovare-unagenzia-di-comunicazione-consigli-per-scegliere-il-partner-giusto;speakable assente;sì
GEO-07;medium;generative;Nessun markup speakable per risposte vocali;/scegliere-la-giusta-agenzia-di-comunicazione-consigli-e-strategie-per-trovare-il-partner-ideale;speakable assente;sì
GEO-07;medium;generative;Nessun markup speakable per risposte vocali;/come-sfruttare-al-meglio-i-test-a-b-per-aumentare-le-conversioni;speakable assente;sì
GEO-07;medium;generative;Nessun markup speakable per risposte vocali;/come-creare-un-podcast-aziendale-per-migliorare-il-posizionamento-del-brand;speakable assente;sì
GEO-07;medium;generative;Nessun markup speakable per risposte vocali;/come-trovare-il-co-founder-perfetto-per-la-tua-startup-e-lo-sponsor-ideale-per-la-tua-crescita;speakable assente;sì
GEO-07;medium;generative;Nessun markup speakable per risposte vocali;/i-migliori-formati-banner-per-ottimizzare-le-tue-campagne-pubblicitarie;speakable assente;sì
GEO-07;medium;generative;Nessun markup speakable per risposte vocali;/come-crescere-su-instagram-8-tattiche-per-sfruttare-lalgoritmo-e-aumentare-lengagement;speakable assente;sì
GEO-07;medium;generative;Nessun markup speakable per risposte vocali;/tiktok-adv-o-instagram-adv-qual-e-la-piattaforma-migliore-per-la-tua-campagna-online;speakable assente;sì
GEO-07;medium;generative;Nessun markup speakable per risposte vocali;/la-potenza-dei-micro-influencer-e-il-loro-impatto-online-per-le-aziende;speakable assente;sì
GEO-07;medium;generative;Nessun markup speakable per risposte vocali;/black-friday-2024-come-preparare-il-tuo-e-commerce-a-palermo-per-massimizzare-le-vendite;speakable assente;sì
GEO-07;medium;generative;Nessun markup speakable per risposte vocali;/integrazione-di-piattaforme-tiktok-e-commerce-un-nuovo-orizzonte-per-i-commercianti-a-palermo;speakable assente;sì
GEO-07;medium;generative;Nessun markup speakable per risposte vocali;/quanto-e-importante-il-feedback-dei-clienti-per-migliorare-il-tuo-business;speakable assente;sì
GEO-07;medium;generative;Nessun markup speakable per risposte vocali;/la-gen-z-e-il-nuovo-percorso-di-acquisto-come-adattare-la-tua-strategia-di-marketing;speakable assente;sì
GEO-07;medium;generative;Nessun markup speakable per risposte vocali;/marketing-sostenibile-cose-e-come-farlo;speakable assente;sì
GEO-07;medium;generative;Nessun markup speakable per risposte vocali;/video-verticali-luso-strategico-per-i-tuoi-social;speakable assente;sì
GEO-07;medium;generative;Nessun markup speakable per risposte vocali;/video-marketing-cose-e-perche-dovresti-farlo;speakable assente;sì
GEO-07;medium;generative;Nessun markup speakable per risposte vocali;/visual-storytelling-una-storia-di-successo;speakable assente;sì
GEO-07;medium;generative;Nessun markup speakable per risposte vocali;/tutti-i-vantaggi-di-scegliere-una-web-agency-per-il-tuo-business;speakable assente;sì
GEO-07;medium;generative;Nessun markup speakable per risposte vocali;/il-diario-segreto-di-una-web-agency-storie-di-successi-digitali;speakable assente;sì
GEO-07;medium;generative;Nessun markup speakable per risposte vocali;/il-laboratorio-creativo-di-una-web-agency-dove-nascono-le-idee;speakable assente;sì
GEO-07;medium;generative;Nessun markup speakable per risposte vocali;/quando-la-web-agency-incontra-lintelligenza-artificiale;speakable assente;sì
GEO-07;medium;generative;Nessun markup speakable per risposte vocali;/i-siti-web-del-futuro-come-saranno-nel-2050;speakable assente;sì
GEO-07;medium;generative;Nessun markup speakable per risposte vocali;/siti-web-quando-il-design-incontra-lanima;speakable assente;sì
GEO-07;medium;generative;Nessun markup speakable per risposte vocali;/i-custodi-dei-siti-web-chi-protegge-i-tuoi-dati;speakable assente;sì
GEO-07;medium;generative;Nessun markup speakable per risposte vocali;/siti-web-intelligenti-come-reagiscono-ai-tuoi-bisogni;speakable assente;sì
GEO-07;medium;generative;Nessun markup speakable per risposte vocali;/la-magia-dietro-i-siti-web-che-conquistano;speakable assente;sì
GEO-07;medium;generative;Nessun markup speakable per risposte vocali;/agenzia-di-comunicazione-digitale-il-futuro-della-promozione-online;speakable assente;sì
GEO-07;medium;generative;Nessun markup speakable per risposte vocali;/agenzia-di-comunicazione-creativa-idee-e-strategie-per-il-tuo-brand;speakable assente;sì
GEO-07;medium;generative;Nessun markup speakable per risposte vocali;/agenzia-di-comunicazione-visiva-come-catturare-lattenzione-del-pubblico;speakable assente;sì
GEO-07;medium;generative;Nessun markup speakable per risposte vocali;/agenzia-di-comunicazione-strategica-come-pianificare-il-successo;speakable assente;sì
GEO-07;medium;generative;Nessun markup speakable per risposte vocali;/agenzia-di-comunicazione-per-eventi-trasformare-ogni-occasione-in-opportunita-di-successo;speakable assente;sì
GEO-07;medium;generative;Nessun markup speakable per risposte vocali;/agenzia-di-comunicazione-per-e-commerce-vendere-di-piu-online;speakable assente;sì
GEO-07;medium;generative;Nessun markup speakable per risposte vocali;/agenzia-di-comunicazione-video-limpatto-del-visual-marketing;speakable assente;sì
GEO-07;medium;generative;Nessun markup speakable per risposte vocali;/come-raggiungere-al-meglio-il-proprio-pubblico-strategie-efficaci-per-comunicare-con-successo;speakable assente;sì
GEO-07;medium;generative;Nessun markup speakable per risposte vocali;/perche-hai-bisogno-di-un-social-media-manager-a-palermo;speakable assente;sì
GEO-07;medium;generative;Nessun markup speakable per risposte vocali;/come-strutturare-una-strategia-digitale-efficace;speakable assente;sì
GEO-07;medium;generative;Nessun markup speakable per risposte vocali;/migliorare-lindicizzazione-su-google-strategie-efficaci-per-scalare-la-serp;speakable assente;sì
GEO-07;medium;generative;Nessun markup speakable per risposte vocali;/progettare-un-packaging-efficace-guida-per-valorizzare-il-tuo-prodotto;speakable assente;sì
GEO-07;medium;generative;Nessun markup speakable per risposte vocali;/la-penna-magica-di-unagenzia-di-comunicazione-il-potere-dello-storytelling-che-emoziona-e-conquista;speakable assente;sì
GEO-07;medium;generative;Nessun markup speakable per risposte vocali;/larte-della-comunicazione-di-lusso-strategie-esclusive-per-conquistare-clienti-premium;speakable assente;sì
GEO-07;medium;generative;Nessun markup speakable per risposte vocali;/viaggi-nellera-digitale-come-unagenzia-di-comunicazione-trasforma-il-turismo-in-emozione;speakable assente;sì
GEO-07;medium;generative;Nessun markup speakable per risposte vocali;/strategie-su-misura-come-unagenzia-di-comunicazione-per-pmi-guida-al-successo-nel-mercato-locale;speakable assente;sì
GEO-07;medium;generative;Nessun markup speakable per risposte vocali;/come-unagenzia-di-comunicazione-e-influencer-marketing-trasforma-la-pubblicita-moderna;speakable assente;sì
GEO-07;medium;generative;Nessun markup speakable per risposte vocali;/come-scegliere-unagenzia-di-comunicazione-efficace-la-guida-per-il-successo-del-tuo-brand;speakable assente;sì
GEO-07;medium;generative;Nessun markup speakable per risposte vocali;/servizi-di-comunicazione-digitale-la-chiave-per-il-successo-nel-mondo-online;speakable assente;sì
GEO-07;medium;generative;Nessun markup speakable per risposte vocali;/creazione-di-strategie-di-comunicazione-guida-per-un-successo-garantito;speakable assente;sì
GEO-07;medium;generative;Nessun markup speakable per risposte vocali;/soluzioni-per-la-comunicazione-aziendale-strategie-per-far-crescere-il-tuo-brand;speakable assente;sì
GEO-07;medium;generative;Nessun markup speakable per risposte vocali;/esperti-in-comunicazione-e-branding-il-segreto-per-un-brand-di-successo;speakable assente;sì
GEO-07;medium;generative;Nessun markup speakable per risposte vocali;/branding-da-sogno-come-unagenzia-di-comunicazione-costruisce-unidentita-vincente;speakable assente;sì
GEO-07;medium;generative;Nessun markup speakable per risposte vocali;/strategie-di-marketing-per-aziende-come-costruire-un-piano-di-successo;speakable assente;sì
GEO-07;medium;generative;Nessun markup speakable per risposte vocali;/consulenza-per-la-creazione-di-brand-costruisci-unidentita-vincente;speakable assente;sì
GEO-07;medium;generative;Nessun markup speakable per risposte vocali;/creazione-di-marchi-aziendali-come-costruire-unidentita-forte-e-riconoscibile;speakable assente;sì
GEO-07;medium;generative;Nessun markup speakable per risposte vocali;/come-costruire-un-marchio-di-successo-con-lo-sviluppo-e-gestione-del-brand-a-palermo;speakable assente;sì
GEO-07;medium;generative;Nessun markup speakable per risposte vocali;/gestione-della-reputazione-online-come-proteggere-e-migliorare-limmagine-del-tuo-brand;speakable assente;sì
GEO-07;medium;generative;Nessun markup speakable per risposte vocali;/comunicazione-per-la-crescita-aziendale-strategie-per-raggiungere-il-successo;speakable assente;sì
GEO-07;medium;generative;Nessun markup speakable per risposte vocali;/agenzia-tiktok-come-sfruttare-il-potenziale-di-tiktok-per-il-tuo-brand;speakable assente;sì
GEO-07;medium;generative;Nessun markup speakable per risposte vocali;/come-funzionano-le-agenzie-su-tiktok-scopri-come-potenziare-il-tuo-brand;speakable assente;sì
GEO-07;medium;generative;Nessun markup speakable per risposte vocali;/come-si-fa-a-crescere-su-tiktok-strategie-per-aumentare-visibilita-e-engagement;speakable assente;sì
GEO-07;medium;generative;Nessun markup speakable per risposte vocali;/agenzia-per-eventi-a-palermo-come-organizzare-eventi-indimenticabili;speakable assente;sì
GEO-07;medium;generative;Nessun markup speakable per risposte vocali;/organizzare-eventi-a-palermo-come-creare-esperienze-indimenticabili;speakable assente;sì
GEO-07;medium;generative;Nessun markup speakable per risposte vocali;/come-organizzare-eventi-aziendali-di-successo-strategie-vincenti-per-il-tuo-business;speakable assente;sì
GEO-07;medium;generative;Nessun markup speakable per risposte vocali;/come-realizzare-un-evento-di-lancio-prodotto-di-successo-a-palermo;speakable assente;sì
GEO-07;medium;generative;Nessun markup speakable per risposte vocali;/come-gestire-eventi-privati-con-successo-dalla-festa-di-compleanno-a-eventi-esclusivi;speakable assente;sì
GEO-07;medium;generative;Nessun markup speakable per risposte vocali;/social-media-manager-a-palermo-come-scegliere-il-professionista-giusto-per-il-tuo-brand;speakable assente;sì
GEO-07;medium;generative;Nessun markup speakable per risposte vocali;/social-media-manager-per-e-commerce-aumentare-le-vendite-con-strategie-mirate;speakable assente;sì
GEO-07;medium;generative;Nessun markup speakable per risposte vocali;/il-ruolo-di-un-social-media-manager-nelle-piccole-e-medie-imprese;speakable assente;sì
GEO-07;medium;generative;Nessun markup speakable per risposte vocali;/come-il-social-media-manager-puo-potenziare-la-tua-strategia-di-content-marketing;speakable assente;sì
GEO-07;medium;generative;Nessun markup speakable per risposte vocali;/come-diventare-un-social-media-manager-di-successo-guida-passo-dopo-passo;speakable assente;sì
GEO-07;medium;generative;Nessun markup speakable per risposte vocali;/che-cosa-fa-una-social-media-manager;speakable assente;sì
GEO-07;medium;generative;Nessun markup speakable per risposte vocali;/quanto-costa-farsi-gestire-un-profilo-instagram;speakable assente;sì
GEO-07;medium;generative;Nessun markup speakable per risposte vocali;/5-errori-silenziosi-che-stai-commettendo-nel-tuo-sito-web-aziendale;speakable assente;sì
GEO-07;medium;generative;Nessun markup speakable per risposte vocali;/strategie-digitali-per-artigiani-locali-come-vendere-di-piu-online-marketing;speakable assente;sì
GEO-07;medium;generative;Nessun markup speakable per risposte vocali;/il-potere-delle-landing-page-per-attivita-locali-converti-i-clienti-della-tua-citta;speakable assente;sì
GEO-07;medium;generative;Nessun markup speakable per risposte vocali;/micro-influencer-locale-come-usarli-per-far-crescere-la-tua-azienda-marketing-palermo;speakable assente;sì
GEO-07;medium;generative;Nessun markup speakable per risposte vocali;/posizionamento-zero-su-google-cose-e-come-ottenerlo;speakable assente;sì
GEO-07;medium;generative;Nessun markup speakable per risposte vocali;/come-unire-seo-e-branding-visivo-in-un-solo-progetto-web;speakable assente;sì
GEO-07;medium;generative;Nessun markup speakable per risposte vocali;/leffetto-domino-delle-recensioni-online-per-le-attivita-locali;speakable assente;sì
GEO-07;medium;generative;Nessun markup speakable per risposte vocali;/seo-per-podcast-e-audio-contenuti-come-farli-trovare-online;speakable assente;sì
GEO-07;medium;generative;Nessun markup speakable per risposte vocali;/siti-one-page-quando-funzionano-davvero;speakable assente;sì
GEO-07;medium;generative;Nessun markup speakable per risposte vocali;/strategie-digitali-per-chi-apre-una-start-up-culturale-a-palermo;speakable assente;sì
GEO-07;medium;generative;Nessun markup speakable per risposte vocali;/come-promuovere-la-tua-casa-vacanze-con-il-marketing-locale-digitale;speakable assente;sì
GEO-07;medium;generative;Nessun markup speakable per risposte vocali;/brand-identity-per-artisti-e-creativi-distinguersi-online-in-modo-autentico;speakable assente;sì
GEO-07;medium;generative;Nessun markup speakable per risposte vocali;/il-ruolo-del-marketing-digitale-per-le-librerie-indipendenti;speakable assente;sì
GEO-07;medium;generative;Nessun markup speakable per risposte vocali;/comunicazione-digitale-per-associazioni-no-profit-come-farsi-conoscere;speakable assente;sì
GEO-07;medium;generative;Nessun markup speakable per risposte vocali;/strategie-web-per-eventi-teatrali-e-spettacoli-indipendenti;speakable assente;sì
GEO-07;medium;generative;Nessun markup speakable per risposte vocali;/digitale-e-tradizione-come-promuovere-botteghe-storiche-con-nuove-strategie-comunicazione;speakable assente;sì
GEO-07;medium;generative;Nessun markup speakable per risposte vocali;/formazione-online-come-promuovere-il-tuo-corso-o-workshop-sul-web;speakable assente;sì
GEO-07;medium;generative;Nessun markup speakable per risposte vocali;/dalla-strada-al-web-come-promuovere-un-food-truck-a-palermo;speakable assente;sì
GEO-07;medium;generative;Nessun markup speakable per risposte vocali;/digital-strategy-per-laboratori-di-analisi-come-farsi-scegliere-online;speakable assente;sì
GEO-07;medium;generative;Nessun markup speakable per risposte vocali;/come-comunicare-online-per-una-scuola-di-musica-o-danza-a-palermo;speakable assente;sì
GEO-07;medium;generative;Nessun markup speakable per risposte vocali;/come-far-crescere-una-sartoria-o-atelier-online-strategie-su-misura;speakable assente;sì
GEO-07;medium;generative;Nessun markup speakable per risposte vocali;/pet-business-come-farsi-conoscere-online-con-una-comunicazione-mirata;speakable assente;sì
GEO-07;medium;generative;Nessun markup speakable per risposte vocali;/vendere-arte-online-come-costruire-una-strategia-digitale-per-gallerie-e-artisti;speakable assente;sì
GEO-07;medium;generative;Nessun markup speakable per risposte vocali;/ristorazione-vegetariana-e-vegana-come-comunicare-i-tuoi-valori-online;speakable assente;sì
GEO-07;medium;generative;Nessun markup speakable per risposte vocali;/digital-strategy-per-wedding-planner-e-servizi-per-eventi-privati;speakable assente;sì
GEO-07;medium;generative;Nessun markup speakable per risposte vocali;/consulenti-psicologi-e-coach-come-trovare-clienti-online-a-palermo;speakable assente;sì
GEO-07;medium;generative;Nessun markup speakable per risposte vocali;/come-lanciare-prodotti-tipici-siciliani-online-vendita;speakable assente;sì
GEO-07;medium;generative;Nessun markup speakable per risposte vocali;/servizi-alla-persona-promuovere-online-estetiste-massaggiatori-e-parrucchieri;speakable assente;sì
GEO-07;medium;generative;Nessun markup speakable per risposte vocali;/digital-branding-per-studi-legali-e-professionisti-del-diritto;speakable assente;sì
GEO-07;medium;generative;Nessun markup speakable per risposte vocali;/come-comunicare-in-modo-efficacer-studi-di-fisioterapia;speakable assente;sì
GEO-07;medium;generative;Nessun markup speakable per risposte vocali;/psicologi-online-come-promuoversi-nel-rispetto-della-deontologia;speakable assente;sì
GEO-07;medium;generative;Nessun markup speakable per risposte vocali;/come-promuovere-un-centro-odontoiatrico-sul-web-senza-perdere-serieta;speakable assente;sì
GEO-07;medium;generative;Nessun markup speakable per risposte vocali;/farmacie-e-parafarmacie-strategie-locali-per-aumentare-la-clientela;speakable assente;sì
GEO-07;medium;generative;Nessun markup speakable per risposte vocali;/come-far-crescere-un-centro-logopedico-con-il-supporto-digitale;speakable assente;sì
GEO-07;medium;generative;Nessun markup speakable per risposte vocali;/visibilita-online-per-nutrizionisti-e-biologi-cosa-funziona-davvero;speakable assente;sì
GEO-07;medium;generative;Nessun markup speakable per risposte vocali;/come-lanciare-una-clinica-estetica-digital-branding-per-la-bellezza;speakable assente;sì
GEO-07;medium;generative;Nessun markup speakable per risposte vocali;/servizi-veterinari-come-raggiungere-piu-clienti-online-in-modo-etico;speakable assente;sì
GEO-07;medium;generative;Nessun markup speakable per risposte vocali;/come-farsi-scegliere-online-come-ostetrica-o-operatore-del-benessere-femminile;speakable assente;sì
GEO-07;medium;generative;Nessun markup speakable per risposte vocali;/digital-strategy-per-studi-di-podologia-e-professionisti-del-piede;speakable assente;sì
GEO-07;medium;generative;Nessun markup speakable per risposte vocali;/come-promuovere-online-una-scuola-privata-o-centro-di-formazione-a-palermo;speakable assente;sì
GEO-07;medium;generative;Nessun markup speakable per risposte vocali;/comunicazione-per-architetti-e-interior-designer-il-progetto-parte-dal-web;speakable assente;sì
GEO-07;medium;generative;Nessun markup speakable per risposte vocali;/come-far-crescere-unazienda-agricola-con-e-commerce-e-promozione-locale;speakable assente;sì
GEO-07;medium;generative;Nessun markup speakable per risposte vocali;/pet-sitter-e-pensioni-per-animali-come-attirare-piu-clienti-online;speakable assente;sì
GEO-07;medium;generative;Nessun markup speakable per risposte vocali;/servizi-per-linfanzia-come-farsi-conoscere-online-come-baby-sitter-o-tata-qualificata;speakable assente;sì
GEO-07;medium;generative;Nessun markup speakable per risposte vocali;/come-promuovere-online-una-cooperativa-sociale-a-palermo;speakable assente;sì
GEO-07;medium;generative;Nessun markup speakable per risposte vocali;/digital-strategy-per-agenzie-investigative-e-professionisti-della-sicurezza;speakable assente;sì
GEO-07;medium;generative;Nessun markup speakable per risposte vocali;/comunicazione-per-traduttori-e-interpreti-come-trovare-clienti-online;speakable assente;sì
GEO-07;medium;generative;Nessun markup speakable per risposte vocali;/social-media-manager-a-palermo-quanto-conta-davvero-per-unazienda-locale;speakable assente;sì
GEO-07;medium;generative;Nessun markup speakable per risposte vocali;/agenzia-marketing-a-palermo-come-sceglierne-una-adatta-alla-tua-attivita;speakable assente;sì
GEO-07;medium;generative;Nessun markup speakable per risposte vocali;/web-agency-a-palermo-per-professionisti-siti-e-strategie-personalizzate;speakable assente;sì
GEO-07;medium;generative;Nessun markup speakable per risposte vocali;/tiktok-e-instagram-reels-perche-ogni-impresa-a-palermo-deve-sfruttarli-ora;speakable assente;sì
GEO-07;medium;generative;Nessun markup speakable per risposte vocali;/scopri-come-creare-video-virali;speakable assente;sì
GEO-07;medium;generative;Nessun markup speakable per risposte vocali;/contenuti-che-spopolano-sui-social;speakable assente;sì
GEO-07;medium;generative;Nessun markup speakable per risposte vocali;/i-segreti-dei-video-virali-tecniche-e-strumenti-da-conoscere;speakable assente;sì
GEO-07;medium;generative;Nessun markup speakable per risposte vocali;/come-trasformare-unidea-in-un-video-virale-di-successo;speakable assente;sì
GEO-07;medium;generative;Nessun markup speakable per risposte vocali;/scopri-come-un-semplice-video-ha-raggiunto-1-milione-di-visualizzazioni-in-24-ore;speakable assente;sì
GEO-07;medium;generative;Nessun markup speakable per risposte vocali;/da-zero-a-virale-la-storia-di-un-contenuto-che-ha-conquistato-il-web;speakable assente;sì
GEO-07;medium;generative;Nessun markup speakable per risposte vocali;/il-potere-dei-video-brevi;speakable assente;sì
GEO-07;medium;generative;Nessun markup speakable per risposte vocali;/3-trucchi-per-rendere-i-tuoi-reels-irresistibili;speakable assente;sì
GEO-07;medium;generative;Nessun markup speakable per risposte vocali;/scopri-strategie-efficaci-per-creare-reels;speakable assente;sì
GEO-07;medium;generative;Nessun markup speakable per risposte vocali;/creare-reels-che-tutti-vogliono-condividere;speakable assente;sì
GEO-07;medium;generative;Nessun markup speakable per risposte vocali;/partecipare-alla-sfida-del-momento;speakable assente;sì
GEO-07;medium;generative;Nessun markup speakable per risposte vocali;/trend-alert-i-video-che-stanno-conquistando-tiktok;speakable assente;sì
GEO-07;medium;generative;Nessun markup speakable per risposte vocali;/challenge-virali-come-sfruttarle-per-aumentare-la-tua-visibilita;speakable assente;sì
GEO-07;medium;generative;Nessun markup speakable per risposte vocali;/i-trend-del-2025-cosa-funziona-davvero-sui-social;speakable assente;sì
GEO-07;medium;generative;Nessun markup speakable per risposte vocali;/unisciti-al-movimento-crea-contenuti-che-fanno-parlare-di-se;speakable assente;sì
GEO-07;medium;generative;Nessun markup speakable per risposte vocali;/strategie-seo-per-video-virali-come-farsi-trovare-online;speakable assente;sì
GEO-07;medium;generative;Nessun markup speakable per risposte vocali;/parole-chiave-e-viralita-il-connubio-perfetto-per-i-tuoi-video;speakable assente;sì
GEO-07;medium;generative;Nessun markup speakable per risposte vocali;/come-ottimizzare-i-tuoi-video-per-i-motori-di-ricerca-nel-2025;speakable assente;sì
GEO-07;medium;generative;Nessun markup speakable per risposte vocali;/seo-per-contenuti-video-guida-pratica-per-aumentare-le-visualizzazioni;speakable assente;sì
GEO-07;medium;generative;Nessun markup speakable per risposte vocali;/i-migliori-strumenti-per-analizzare-e-migliorare-la-performance-dei-tuoi-video;speakable assente;sì
GEO-07;medium;generative;Nessun markup speakable per risposte vocali;/agenzia-di-comunicazione-a-palermo-come-far-crescere-il-tuo-brand-nel-2025;speakable assente;sì
GEO-07;medium;generative;Nessun markup speakable per risposte vocali;/i-segreti-del-marketing-digitale-a-palermo-scopri-la-nostra-agenzia;speakable assente;sì
GEO-07;medium;generative;Nessun markup speakable per risposte vocali;/vuoi-dominare-i-social-a-palermo-affidati-ai-migliori;speakable assente;sì
GEO-07;medium;generative;Nessun markup speakable per risposte vocali;/seo-e-video-virali-a-palermo-come-max-digital-innovation-sta-cambiando-le-regole;speakable assente;sì
GEO-07;medium;generative;Nessun markup speakable per risposte vocali;/come-aumentare-le-visualizzazioni-su-instagram-nel-2026;speakable assente;sì
GEO-07;medium;generative;Nessun markup speakable per risposte vocali;/algoritmo-instagram-come-funziona-davvero;speakable assente;sì
GEO-07;medium;generative;Nessun markup speakable per risposte vocali;/strategie-instagram-per-far-crescere-un-profilo-aziendale;speakable assente;sì
GEO-07;medium;generative;Nessun markup speakable per risposte vocali;/perche-i-tuoi-reel-non-fanno-visualizzazioni;speakable assente;sì
GEO-07;medium;generative;Nessun markup speakable per risposte vocali;/come-finire-negli-esplora-di-instagram;speakable assente;sì
GEO-07;medium;generative;Nessun markup speakable per risposte vocali;/instagram-per-aziende-errori-da-evitare;speakable assente;sì
GEO-07;medium;generative;Nessun markup speakable per risposte vocali;/come-creare-reel-virali-su-instagram;speakable assente;sì
GEO-07;medium;generative;Nessun markup speakable per risposte vocali;/le-migliori-strategie-instagram-per-vendere-di-piu;speakable assente;sì
GEO-07;medium;generative;Nessun markup speakable per risposte vocali;/come-aumentare-lengagement-su-instagram;speakable assente;sì
GEO-07;medium;generative;Nessun markup speakable per risposte vocali;/come-aumentare-le-visualizzazioni-su-tiktok;speakable assente;sì
GEO-07;medium;generative;Nessun markup speakable per risposte vocali;/algoritmo-tiktok-tutto-quello-che-devi-sapere;speakable assente;sì
GEO-07;medium;generative;Nessun markup speakable per risposte vocali;/perche-i-video-tiktok-fanno-poche-visualizzazioni;speakable assente;sì
GEO-07;medium;generative;Nessun markup speakable per risposte vocali;/come-andare-virale-su-tiktok;speakable assente;sì
GEO-07;medium;generative;Nessun markup speakable per risposte vocali;/strategie-tiktok-per-aziende;speakable assente;sì
GEO-07;medium;generative;Nessun markup speakable per risposte vocali;/tiktok-per-negozi-conviene-davvero;speakable assente;sì
GEO-07;medium;generative;Nessun markup speakable per risposte vocali;/quanto-dura-un-video-tiktok-ideale;speakable assente;sì
GEO-07;medium;generative;Nessun markup speakable per risposte vocali;/come-far-crescere-il-tuo-profilo-in-6-giorni;speakable assente;sì
GEO-07;medium;generative;Nessun markup speakable per risposte vocali;/come-far-crescere-il-tuo-profilo-tiktok-in-6-giorni;speakable assente;sì
GEO-07;medium;generative;Nessun markup speakable per risposte vocali;/produzione-video-a-palermo-come-scegliere-lagenzia-giusta;speakable assente;sì
GEO-07;medium;generative;Nessun markup speakable per risposte vocali;/video-aziendali-a-palermo-perche-aumentano-le-vendite;speakable assente;sì
GEO-07;medium;generative;Nessun markup speakable per risposte vocali;/creazione-video-virali-palermo;speakable assente;sì
GEO-07;medium;generative;Nessun markup speakable per risposte vocali;/produzione-video-virali-palermo;speakable assente;sì
GEO-07;medium;generative;Nessun markup speakable per risposte vocali;/realizzazione-video-virali-palermo;speakable assente;sì
GEO-07;medium;generative;Nessun markup speakable per risposte vocali;/creazione-video-virali-sicilia;speakable assente;sì
GEO-07;medium;generative;Nessun markup speakable per risposte vocali;/produzione-video-virali-sicilia;speakable assente;sì
GEO-07;medium;generative;Nessun markup speakable per risposte vocali;/realizzazione-video-sicilia;speakable assente;sì
GEO-07;medium;generative;Nessun markup speakable per risposte vocali;/produzione-video-virali-per-la-tua-attivita-palermo;speakable assente;sì
GEO-07;medium;generative;Nessun markup speakable per risposte vocali;/realizzazione-video-virali-trapani;speakable assente;sì
GEO-07;medium;generative;Nessun markup speakable per risposte vocali;/produzione-video-palermo-perche-oggi-e-indispensabile-per-ogni-azienda;speakable assente;sì
GEO-07;medium;generative;Nessun markup speakable per risposte vocali;/video-promozionali-per-la-tua-azienda-palermo-funzionano-davvero;speakable assente;sì
GEO-07;medium;generative;Nessun markup speakable per risposte vocali;/produzione-video-professionale-palermo-tutto-quello-che-devi-sapere;speakable assente;sì
GEO-07;medium;generative;Nessun markup speakable per risposte vocali;/come-trasformare-un-semplice-video-in-un-contenuto-virale-a-palermo;speakable assente;sì
GEO-07;medium;generative;Nessun markup speakable per risposte vocali;/perche-ogni-attivita-di-palermo-dovrebbe-pubblicare-video-2;speakable assente;sì
ONP-08;medium;onpage;H1 non rilevabile nel contenuto;/privacy-policy;nessun tag H1 nel contenuto salvato;no
ONP-08;medium;onpage;H1 non rilevabile nel contenuto;/digital-strategies;nessun tag H1 nel contenuto salvato;no
ONP-08;medium;onpage;H1 non rilevabile nel contenuto;/servizi-digitali-palermo;nessun tag H1 nel contenuto salvato;no
ONP-08;medium;onpage;H1 non rilevabile nel contenuto;/innovazione-digitale-pmi-competitive;nessun tag H1 nel contenuto salvato;no
ONP-08;medium;onpage;H1 non rilevabile nel contenuto;/innovazione-digitale-palermo;nessun tag H1 nel contenuto salvato;no
ONP-08;medium;onpage;H1 non rilevabile nel contenuto;/cybersecurity-per-aziende;nessun tag H1 nel contenuto salvato;no
ONP-08;medium;onpage;H1 non rilevabile nel contenuto;/strategia-marketing-digitale;nessun tag H1 nel contenuto salvato;no
ONP-08;medium;onpage;H1 non rilevabile nel contenuto;/campagne-ai-driven-marketing-automation;nessun tag H1 nel contenuto salvato;no
ONP-08;medium;onpage;H1 non rilevabile nel contenuto;/gestione-social-media-presenza-online;nessun tag H1 nel contenuto salvato;no
ONP-08;medium;onpage;H1 non rilevabile nel contenuto;/design-responsivo-sito-web-successo-online;nessun tag H1 nel contenuto salvato;no
ONP-08;medium;onpage;H1 non rilevabile nel contenuto;/perche-un-sito-web-professionale-e-la-chiave-del-successo-per-ogni-impresa;nessun tag H1 nel contenuto salvato;no
ONP-08;medium;onpage;H1 non rilevabile nel contenuto;/come-creare-una-strategia-di-comunicazione-digitale-efficace-per-piccole-imprese;nessun tag H1 nel contenuto salvato;no
ONP-08;medium;onpage;H1 non rilevabile nel contenuto;/reputazione_online_cose_perche_conta_e_come_verificarla;nessun tag H1 nel contenuto salvato;no
ONP-08;medium;onpage;H1 non rilevabile nel contenuto;/come-creare-una-landing-page-efficace;nessun tag H1 nel contenuto salvato;no
ONP-08;medium;onpage;H1 non rilevabile nel contenuto;/branded-content-come-raccontare-il-tuo-brand-con-max-digital-innovation;nessun tag H1 nel contenuto salvato;no
ONP-08;medium;onpage;H1 non rilevabile nel contenuto;/piano-di-marketing-cose-e-come-crearlo-con-successo;nessun tag H1 nel contenuto salvato;no
ONP-08;medium;onpage;H1 non rilevabile nel contenuto;/cookie-cosa-sono-e-a-che-servono;nessun tag H1 nel contenuto salvato;no
ONP-08;medium;onpage;H1 non rilevabile nel contenuto;/privacy-policy;nessun tag H1 nel contenuto salvato;no
ONP-08;medium;onpage;H1 non rilevabile nel contenuto;/scopri-come-aumentare-posizionamento-seo-per-il-tuo-sito-web-su-google;nessun tag H1 nel contenuto salvato;no
ONP-08;medium;onpage;H1 non rilevabile nel contenuto;/tipologie-di-siti-web-la-guida-definitiva-per-imprenditori;nessun tag H1 nel contenuto salvato;no
ONP-08;medium;onpage;H1 non rilevabile nel contenuto;/tiktok-ads-manager-guida-completa-su-come-gestire-le-tue-campagne-su-tiktok;nessun tag H1 nel contenuto salvato;no
ONP-08;medium;onpage;H1 non rilevabile nel contenuto;/dem-marketing-come-usarlo-nel-2024-per-massimizzare-i-risultati;nessun tag H1 nel contenuto salvato;no
ONP-08;medium;onpage;H1 non rilevabile nel contenuto;/e-commerce-a-palermo;nessun tag H1 nel contenuto salvato;no
ONP-08;medium;onpage;H1 non rilevabile nel contenuto;/business-innovation-cosa-chiede-il-mercato-oggi;nessun tag H1 nel contenuto salvato;no
ONP-08;medium;onpage;H1 non rilevabile nel contenuto;/advertising-a-palermo;nessun tag H1 nel contenuto salvato;no
ONP-08;medium;onpage;H1 non rilevabile nel contenuto;/5-consigli-preziosi-per-pubblicizzare-la-propria-azienda-a-palermo-su-google;nessun tag H1 nel contenuto salvato;no
ONP-08;medium;onpage;H1 non rilevabile nel contenuto;/realizzazione-siti-web-per-bb-a-palermo-hotel-motel-e-strutture-ricettive-tutto-quello-che-ce-da-sapere;nessun tag H1 nel contenuto salvato;no
ONP-08;medium;onpage;H1 non rilevabile nel contenuto;/hai-bisogno-di-pubblicizzare-il-tuo-ristorante-a-palermo-ecco-come-possiamo-aiutarti;nessun tag H1 nel contenuto salvato;no
ONP-08;medium;onpage;H1 non rilevabile nel contenuto;/ecco-perche-un-sito-web-a-palermo-e-cosi-essenziale-per-la-tua-attivita;nessun tag H1 nel contenuto salvato;no
ONP-08;medium;onpage;H1 non rilevabile nel contenuto;/gestione-social-media-a-palermo-come-la-nostra-agenzia-di-comunicazione-cura-i-tuoi-social-media;nessun tag H1 nel contenuto salvato;no
ONP-08;medium;onpage;H1 non rilevabile nel contenuto;/loghi-per-la-tua-azienda-a-palermo-caratteristiche-e-come-crearne-uno-efficace;nessun tag H1 nel contenuto salvato;no
ONP-08;medium;onpage;H1 non rilevabile nel contenuto;/ottimizzare-la-comunicazione-grazie-allutilizzo-di-call-to-action-efficaci-per-il-tuo-sito-web-a-palermo;nessun tag H1 nel contenuto salvato;no
ONP-08;medium;onpage;H1 non rilevabile nel contenuto;/11-trend-marketing-a-palermo-per-e-commerce-marketing-che-faranno-crescere-il-tuo-e-commerce;nessun tag H1 nel contenuto salvato;no
ONP-08;medium;onpage;H1 non rilevabile nel contenuto;/come-fare-pubblicita-a-palermo-su-internet-guida-per-principianti;nessun tag H1 nel contenuto salvato;no
ONP-08;medium;onpage;H1 non rilevabile nel contenuto;/campagne-pubblicitarie-a-palermo-la-soluzione-per-far-crescere-il-tuo-business;nessun tag H1 nel contenuto salvato;no
ONP-08;medium;onpage;H1 non rilevabile nel contenuto;/pubblicita-su-tiktok-a-palermo-come-aiutiamo-la-tua-azienda-a-crescere;nessun tag H1 nel contenuto salvato;no
ONP-08;medium;onpage;H1 non rilevabile nel contenuto;/seo-e-sem;nessun tag H1 nel contenuto salvato;no
ONP-08;medium;onpage;H1 non rilevabile nel contenuto;/web-agency-a-palermo-il-design-che-parte-dal-brand;nessun tag H1 nel contenuto salvato;no
ONP-08;medium;onpage;H1 non rilevabile nel contenuto;/b2b-a-palermo-cosa-puo-imparare-dal-b2c-per-sfruttare-al-meglio-il-digitale;nessun tag H1 nel contenuto salvato;no
ONP-08;medium;onpage;H1 non rilevabile nel contenuto;/strategie-di-content-marketing-per-le-piccole-imprese-a-palermo;nessun tag H1 nel contenuto salvato;no
ONP-08;medium;onpage;H1 non rilevabile nel contenuto;/web-marketing-per-palestre-e-centri-sportivi;nessun tag H1 nel contenuto salvato;no
ONP-08;medium;onpage;H1 non rilevabile nel contenuto;/mi-serve-davvero-un-sito-web-aziendale;nessun tag H1 nel contenuto salvato;no
ONP-08;medium;onpage;H1 non rilevabile nel contenuto;/quali-sono-i-servizi-offerti-da-unagenzia-di-comunicazione-a-palermo;nessun tag H1 nel contenuto salvato;no
ONP-08;medium;onpage;H1 non rilevabile nel contenuto;/le-commerce-in-italia-sta-cambiando-con-lintelligenza-artificiale;nessun tag H1 nel contenuto salvato;no
ONP-08;medium;onpage;H1 non rilevabile nel contenuto;/il-marketing-per-attivita-locali-i-vantaggi-di-affidarsi-a-una-web-agency;nessun tag H1 nel contenuto salvato;no
ONP-08;medium;onpage;H1 non rilevabile nel contenuto;/i-social-media-gli-alleati-per-il-tuo-e-commerce;nessun tag H1 nel contenuto salvato;no
ONP-08;medium;onpage;H1 non rilevabile nel contenuto;/marketing-online-per-la-tua-concessionaria;nessun tag H1 nel contenuto salvato;no
ONP-08;medium;onpage;H1 non rilevabile nel contenuto;/marketing-online-per-il-tuo-negozio-di-abbigliamento;nessun tag H1 nel contenuto salvato;no
ONP-08;medium;onpage;H1 non rilevabile nel contenuto;/web-marketing-per-la-tua-parruccheria;nessun tag H1 nel contenuto salvato;no
ONP-08;medium;onpage;H1 non rilevabile nel contenuto;/come-promuovere-il-tuo-salone-di-bellezza-a-palermo;nessun tag H1 nel contenuto salvato;no
ONP-08;medium;onpage;H1 non rilevabile nel contenuto;/come-pubblicizzare-la-tua-ottica-a-palermo;nessun tag H1 nel contenuto salvato;no
ONP-08;medium;onpage;H1 non rilevabile nel contenuto;/come-pubblicizzare-la-tua-pizzeria;nessun tag H1 nel contenuto salvato;no
ONP-08;medium;onpage;H1 non rilevabile nel contenuto;/gestione-marketing-per-il-tuo-pub;nessun tag H1 nel contenuto salvato;no
ONP-08;medium;onpage;H1 non rilevabile nel contenuto;/idee-creative-per-pubblicizzare-la-tua-panineria;nessun tag H1 nel contenuto salvato;no
ONP-08;medium;onpage;H1 non rilevabile nel contenuto;/gestione-marketing-per-la-tua-hamburgeria;nessun tag H1 nel contenuto salvato;no
ONP-08;medium;onpage;H1 non rilevabile nel contenuto;/strategie-di-marketing-di-successo-i-passi-fondamentali-per-distinguersi-nel-mercato;nessun tag H1 nel contenuto salvato;no
ONP-08;medium;onpage;H1 non rilevabile nel contenuto;/pubblicita-per-il-tuo-brand-a-palermo-come-differenziarsi-dalla-massa;nessun tag H1 nel contenuto salvato;no
ONP-08;medium;onpage;H1 non rilevabile nel contenuto;/restare-al-passo-coi-trend-e-difficile-scopri-come-unagenzia-di-comunicazione-puo-aiutarti;nessun tag H1 nel contenuto salvato;no
ONP-08;medium;onpage;H1 non rilevabile nel contenuto;/hai-bisogno-di-uno-store-online-per-la-tua-attivita-offriamo-realizzazione-e-commerce-a-palermo;nessun tag H1 nel contenuto salvato;no
ONP-08;medium;onpage;H1 non rilevabile nel contenuto;/vendita-online-a-palermo-sui-social-unottima-vetrina-per-i-tuoi-prodotti;nessun tag H1 nel contenuto salvato;no
ONP-08;medium;onpage;H1 non rilevabile nel contenuto;/sito-web-per-artisti-fai-conoscere-la-tua-arte;nessun tag H1 nel contenuto salvato;no
ONP-08;medium;onpage;H1 non rilevabile nel contenuto;/quanto-costa-un-sito-web-a-palermo;nessun tag H1 nel contenuto salvato;no
ONP-08;medium;onpage;H1 non rilevabile nel contenuto;/usa-la-local-seo-e-porta-il-tuo-business-al-top;nessun tag H1 nel contenuto salvato;no
ONP-08;medium;onpage;H1 non rilevabile nel contenuto;/mobile-marketing-e-micro-momenti;nessun tag H1 nel contenuto salvato;no
ONP-08;medium;onpage;H1 non rilevabile nel contenuto;/social-media-marketing-nel-settore-arredamento;nessun tag H1 nel contenuto salvato;no
ONP-08;medium;onpage;H1 non rilevabile nel contenuto;/il-web-design-e-la-sua-evoluzione;nessun tag H1 nel contenuto salvato;no
ONP-08;medium;onpage;H1 non rilevabile nel contenuto;/marketing-esperienziale-coinvolgi-il-pubblico-con-esperienze-uniche;nessun tag H1 nel contenuto salvato;no
ONP-08;medium;onpage;H1 non rilevabile nel contenuto;/come-creare-siti-web-professionali-e-di-qualita;nessun tag H1 nel contenuto salvato;no
ONP-08;medium;onpage;H1 non rilevabile nel contenuto;/come-scegliere-lagenzia-pubblicitaria-a-palermo-ideale-per-la-vostra-azienda;nessun tag H1 nel contenuto salvato;no
ONP-08;medium;onpage;H1 non rilevabile nel contenuto;/10-modi-per-migliorare-la-visibilita-del-tuo-sito-web-sui-motori-di-ricerca;nessun tag H1 nel contenuto salvato;no
ONP-08;medium;onpage;H1 non rilevabile nel contenuto;/web-agency-a-palermo-per-creare-un-sito-professionale;nessun tag H1 nel contenuto salvato;no
ONP-08;medium;onpage;H1 non rilevabile nel contenuto;/digital-agency-a-palermo-la-soluzione-completa-per-la-tua-presenza-online;nessun tag H1 nel contenuto salvato;no
ONP-08;medium;onpage;H1 non rilevabile nel contenuto;/creare-un-video-aziendale-efficace-coinvolgente-e-professionale;nessun tag H1 nel contenuto salvato;no
ONP-08;medium;onpage;H1 non rilevabile nel contenuto;/rendi-la-tua-azienda-digitale-trasformazione-e-innovazione-a-palermo;nessun tag H1 nel contenuto salvato;no
ONP-08;medium;onpage;H1 non rilevabile nel contenuto;/come-migliorare-la-tua-brand-reputation-con-le-attivita-di-digital-marketing;nessun tag H1 nel contenuto salvato;no
ONP-08;medium;onpage;H1 non rilevabile nel contenuto;/come-realizzare-un-sito-web-efficace-le-migliori-alternative-per-creare-un-percorso-di-successo-online;nessun tag H1 nel contenuto salvato;no
ONP-08;medium;onpage;H1 non rilevabile nel contenuto;/sito-web-accessibile-cose-come-crearlo-e-perche-e-importante;nessun tag H1 nel contenuto salvato;no
ONP-08;medium;onpage;H1 non rilevabile nel contenuto;/privacy-policy-sito-web-cose-e-come-scriverla-correttamente;nessun tag H1 nel contenuto salvato;no
ONP-08;medium;onpage;H1 non rilevabile nel contenuto;/le-11-regole-per-un-sito-web-efficace;nessun tag H1 nel contenuto salvato;no
ONP-08;medium;onpage;H1 non rilevabile nel contenuto;/creare-un-sito-web-a-palermo-le-caratteristiche-di-unarchitettura-efficace;nessun tag H1 nel contenuto salvato;no
ONP-08;medium;onpage;H1 non rilevabile nel contenuto;/strategie-di-web-reputation-come-costruire-gestire-e-misurare-la-percezione-online;nessun tag H1 nel contenuto salvato;no
ONP-08;medium;onpage;H1 non rilevabile nel contenuto;/sognavi-un-hotel-sempre-pieno-il-web-marketing-per-il-turismo-puo-trasformare-il-tuo-sogno-in-realta;nessun tag H1 nel contenuto salvato;no
ONP-08;medium;onpage;H1 non rilevabile nel contenuto;/google-ai-search-la-nuova-era-della-ricerca-intelligente-e-le-opportunita-per-il-marketing;nessun tag H1 nel contenuto salvato;no
ONP-08;medium;onpage;H1 non rilevabile nel contenuto;/aumentare-le-vendite-ecommerce-non-sei-soddisfatto-della-tua-agenzia;nessun tag H1 nel contenuto salvato;no
ONP-08;medium;onpage;H1 non rilevabile nel contenuto;/come-essere-in-prima-pagina-su-google-le-bugie-piu-diffuse-sulla-seo;nessun tag H1 nel contenuto salvato;no
ONP-08;medium;onpage;H1 non rilevabile nel contenuto;/gestione-marketing-per-la-tua-enoteca;nessun tag H1 nel contenuto salvato;no
ONP-08;medium;onpage;H1 non rilevabile nel contenuto;/gestione-marketing-per-il-tuo-fast-food;nessun tag H1 nel contenuto salvato;no
ONP-08;medium;onpage;H1 non rilevabile nel contenuto;/gestione-social-media-per-la-tua-attivita;nessun tag H1 nel contenuto salvato;no
ONP-08;medium;onpage;H1 non rilevabile nel contenuto;/marketing-e-pubblicita-a-palermo-tutti-i-tipi-di-pubblicita-per-far-crescere-la-tua-attivita;nessun tag H1 nel contenuto salvato;no
ONP-08;medium;onpage;H1 non rilevabile nel contenuto;/vuoi-aprire-unattivita-a-palermo-e-non-sai-a-chi-affidarti-ecco-come-fare-gestione-marketing-attivita-a-palermo;nessun tag H1 nel contenuto salvato;no
ONP-08;medium;onpage;H1 non rilevabile nel contenuto;/la-tua-agenzia-di-marketing-a-palermo-per-una-crescita-su-misura;nessun tag H1 nel contenuto salvato;no
ONP-08;medium;onpage;H1 non rilevabile nel contenuto;/quanto-costa-realizzare-un-cartello-pubblicitario-a-palermo;nessun tag H1 nel contenuto salvato;no
ONP-08;medium;onpage;H1 non rilevabile nel contenuto;/cosa-fare-per-indicizzare-il-tuo-sito-web;nessun tag H1 nel contenuto salvato;no
ONP-08;medium;onpage;H1 non rilevabile nel contenuto;/non-sai-come-sponsorizzare-il-tuo-progetto-artistico-scopri-le-strategie-vincenti;nessun tag H1 nel contenuto salvato;no
ONP-08;medium;onpage;H1 non rilevabile nel contenuto;/il-partner-giusto-per-il-tuo-successo-come-trovare-uno-sponsor-affidabile-a-palermo;nessun tag H1 nel contenuto salvato;no
ONP-08;medium;onpage;H1 non rilevabile nel contenuto;/marketing-per-imprese-edili;nessun tag H1 nel contenuto salvato;no
ONP-08;medium;onpage;H1 non rilevabile nel contenuto;/web-agency-a-palermo-la-guida-completa-per-far-crescere-la-tua-attivita-online;nessun tag H1 nel contenuto salvato;no
ONP-08;medium;onpage;H1 non rilevabile nel contenuto;/copywriter-seo-per-i-social-media-perche-a-google-piace-web-agency-seo-a-palermo;nessun tag H1 nel contenuto salvato;no
ONP-08;medium;onpage;H1 non rilevabile nel contenuto;/web-agency-a-palermo-per-il-settore-immobiliare-la-chiave-per-il-successo-online;nessun tag H1 nel contenuto salvato;no
ONP-08;medium;onpage;H1 non rilevabile nel contenuto;/web-agency-per-startup-a-palermo-la-tua-guida-al-successo-digitale;nessun tag H1 nel contenuto salvato;no
ONP-08;medium;onpage;H1 non rilevabile nel contenuto;/web-agency-per-e-commerce-a-palermo-come-incrementare-le-vendite-online;nessun tag H1 nel contenuto salvato;no
ONP-08;medium;onpage;H1 non rilevabile nel contenuto;/web-agency-a-palermo-per-eventi-massimizza-la-partecipazione-al-tuo-evento;nessun tag H1 nel contenuto salvato;no
ONP-08;medium;onpage;H1 non rilevabile nel contenuto;/web-agency-locale-a-palermo-la-tua-guida-per-conquistare-il-pubblico-della-citta;nessun tag H1 nel contenuto salvato;no
ONP-08;medium;onpage;H1 non rilevabile nel contenuto;/pubblicita-digitale-a-palermo-come-aumentare-la-visibilita-della-tua-attivita;nessun tag H1 nel contenuto salvato;no
ONP-08;medium;onpage;H1 non rilevabile nel contenuto;/creazione-siti-web-professionali-a-palermo-costruisci-la-tua-identita-digitale;nessun tag H1 nel contenuto salvato;no
ONP-08;medium;onpage;H1 non rilevabile nel contenuto;/marketing-su-misura-per-il-tuo-negozio-di-giocattoli;nessun tag H1 nel contenuto salvato;no
ONP-08;medium;onpage;H1 non rilevabile nel contenuto;/marketing-per-farmacie-come-aumentare-visibilita-e-fidelizzare-i-clienti;nessun tag H1 nel contenuto salvato;no
ONP-08;medium;onpage;H1 non rilevabile nel contenuto;/marketing-digitale-a-palermo-la-chiave-per-il-successo-della-tua-attivita;nessun tag H1 nel contenuto salvato;no
ONP-08;medium;onpage;H1 non rilevabile nel contenuto;/cosa-si-intende-per-sito-web-una-guida-per-capirne-limportanza;nessun tag H1 nel contenuto salvato;no
ONP-08;medium;onpage;H1 non rilevabile nel contenuto;/quali-sono-i-siti-web-piu-visitati-scopri-le-piattaforme-piu-popolari-al-mondo;nessun tag H1 nel contenuto salvato;no
ONP-08;medium;onpage;H1 non rilevabile nel contenuto;/che-tipi-di-siti-web-esistono-una-guida-per-scegliere-quello-giusto-per-te;nessun tag H1 nel contenuto salvato;no
ONP-08;medium;onpage;H1 non rilevabile nel contenuto;/come-si-chiama-chi-crea-un-sito-web-scopri-la-figura-del-web-developer;nessun tag H1 nel contenuto salvato;no
ONP-08;medium;onpage;H1 non rilevabile nel contenuto;/che-cosa-fa-una-web-agency-una-guida-ai-servizi-digitali-piu-richiesti;nessun tag H1 nel contenuto salvato;no
ONP-08;medium;onpage;H1 non rilevabile nel contenuto;/quante-sono-le-web-agency-in-italia-unanalisi-del-panorama-digitale-italiano;nessun tag H1 nel contenuto salvato;no
ONP-08;medium;onpage;H1 non rilevabile nel contenuto;/quanto-guadagna-una-web-agency-analisi-dei-fattori-che-influenzano-i-ricavi;nessun tag H1 nel contenuto salvato;no
ONP-08;medium;onpage;H1 non rilevabile nel contenuto;/chi-lavora-in-una-web-agency-scopri-i-ruoli-principali;nessun tag H1 nel contenuto salvato;no
ONP-08;medium;onpage;H1 non rilevabile nel contenuto;/cose-unagency-scopri-il-ruolo-e-i-servizi-di-unagenzia-moderna;nessun tag H1 nel contenuto salvato;no
ONP-08;medium;onpage;H1 non rilevabile nel contenuto;/cosa-si-intende-per-pubblicita-una-guida-completa-al-mondo-pubblicitario;nessun tag H1 nel contenuto salvato;no
ONP-08;medium;onpage;H1 non rilevabile nel contenuto;/come-farsi-pubblicita-gratis-strategie-efficaci-per-aumentare-la-visibilita;nessun tag H1 nel contenuto salvato;no
ONP-08;medium;onpage;H1 non rilevabile nel contenuto;/qual-e-il-compito-della-pubblicita-capire-lobiettivo-e-il-valore-della-comunicazione-pubblicitaria;nessun tag H1 nel contenuto salvato;no
ONP-08;medium;onpage;H1 non rilevabile nel contenuto;/quanto-si-paga-unagenzia-di-comunicazione-guida-ai-costi-dei-servizi-di-comunicazione;nessun tag H1 nel contenuto salvato;no
ONP-08;medium;onpage;H1 non rilevabile nel contenuto;/cosa-fa-lagenzia-di-marketing-una-guida-ai-servizi-e-al-ruolo-strategico;nessun tag H1 nel contenuto salvato;no
ONP-08;medium;onpage;H1 non rilevabile nel contenuto;/che-cose-unazienda-di-marketing-scopri-il-motore-del-successo-aziendale;nessun tag H1 nel contenuto salvato;no
ONP-08;medium;onpage;H1 non rilevabile nel contenuto;/3-tipi-di-marketing-a-palermo-scopri-le-strategie-per-il-successo-della-tua-attivita;nessun tag H1 nel contenuto salvato;no
ONP-08;medium;onpage;H1 non rilevabile nel contenuto;/che-lavoro-fa-il-marketing-il-motore-che-trasforma-idee-in-successo;nessun tag H1 nel contenuto salvato;no
ONP-08;medium;onpage;H1 non rilevabile nel contenuto;/come-fare-unottima-pubblicita-strategie-vincenti-per-il-tuo-successo;nessun tag H1 nel contenuto salvato;no
ONP-08;medium;onpage;H1 non rilevabile nel contenuto;/dove-fare-pubblicita-a-basso-costo-scopri-le-migliori-strategie-economiche-per-promuovere-la-tua-attivita;nessun tag H1 nel contenuto salvato;no
ONP-08;medium;onpage;H1 non rilevabile nel contenuto;/quale-pubblicita-funziona-di-piu-scopri-le-strategie-piu-efficaci-per-il-tuo-business;nessun tag H1 nel contenuto salvato;no
ONP-08;medium;onpage;H1 non rilevabile nel contenuto;/come-iniziare-a-fare-digital-marketing-guida-pratica-per-chi-vuole-emergere-online;nessun tag H1 nel contenuto salvato;no
ONP-08;medium;onpage;H1 non rilevabile nel contenuto;/portfolio-fotografico-online-cose-e-perche-e-importante-crearlo;nessun tag H1 nel contenuto salvato;no
ONP-08;medium;onpage;H1 non rilevabile nel contenuto;/rispondere-alle-recensioni-con-lai-la-nuova-frontiera-dellautomazione;nessun tag H1 nel contenuto salvato;no
ONP-08;medium;onpage;H1 non rilevabile nel contenuto;/focus-group-cose-a-che-serve-e-come-farlo-al-meglio;nessun tag H1 nel contenuto salvato;no
ONP-08;medium;onpage;H1 non rilevabile nel contenuto;/come-creare-sondaggi-online-e-raggiungere-il-tuo-pubblico-in-modo-efficace;nessun tag H1 nel contenuto salvato;no
ONP-08;medium;onpage;H1 non rilevabile nel contenuto;/come-ridurre-peso-delle-foto-consigli-pratici-per-immagini-piu-leggere;nessun tag H1 nel contenuto salvato;no
ONP-08;medium;onpage;H1 non rilevabile nel contenuto;/cosa-fa-un-ufficio-di-comunicazione-scopri-il-cuore-della-strategia-aziendale;nessun tag H1 nel contenuto salvato;no
ONP-08;medium;onpage;H1 non rilevabile nel contenuto;/come-si-chiama-chi-si-occupa-di-comunicazione-scopri-i-ruoli-e-le-competenze-di-questi-professionisti;nessun tag H1 nel contenuto salvato;no
ONP-08;medium;onpage;H1 non rilevabile nel contenuto;/come-trovare-unagenzia-di-comunicazione-consigli-per-scegliere-il-partner-giusto;nessun tag H1 nel contenuto salvato;no
ONP-08;medium;onpage;H1 non rilevabile nel contenuto;/scegliere-la-giusta-agenzia-di-comunicazione-consigli-e-strategie-per-trovare-il-partner-ideale;nessun tag H1 nel contenuto salvato;no
ONP-08;medium;onpage;H1 non rilevabile nel contenuto;/come-sfruttare-al-meglio-i-test-a-b-per-aumentare-le-conversioni;nessun tag H1 nel contenuto salvato;no
ONP-08;medium;onpage;H1 non rilevabile nel contenuto;/come-creare-un-podcast-aziendale-per-migliorare-il-posizionamento-del-brand;nessun tag H1 nel contenuto salvato;no
ONP-08;medium;onpage;H1 non rilevabile nel contenuto;/come-trovare-il-co-founder-perfetto-per-la-tua-startup-e-lo-sponsor-ideale-per-la-tua-crescita;nessun tag H1 nel contenuto salvato;no
ONP-08;medium;onpage;H1 non rilevabile nel contenuto;/i-migliori-formati-banner-per-ottimizzare-le-tue-campagne-pubblicitarie;nessun tag H1 nel contenuto salvato;no
ONP-08;medium;onpage;H1 non rilevabile nel contenuto;/come-crescere-su-instagram-8-tattiche-per-sfruttare-lalgoritmo-e-aumentare-lengagement;nessun tag H1 nel contenuto salvato;no
ONP-08;medium;onpage;H1 non rilevabile nel contenuto;/tiktok-adv-o-instagram-adv-qual-e-la-piattaforma-migliore-per-la-tua-campagna-online;nessun tag H1 nel contenuto salvato;no
ONP-08;medium;onpage;H1 non rilevabile nel contenuto;/la-potenza-dei-micro-influencer-e-il-loro-impatto-online-per-le-aziende;nessun tag H1 nel contenuto salvato;no
ONP-08;medium;onpage;H1 non rilevabile nel contenuto;/black-friday-2024-come-preparare-il-tuo-e-commerce-a-palermo-per-massimizzare-le-vendite;nessun tag H1 nel contenuto salvato;no
ONP-08;medium;onpage;H1 non rilevabile nel contenuto;/integrazione-di-piattaforme-tiktok-e-commerce-un-nuovo-orizzonte-per-i-commercianti-a-palermo;nessun tag H1 nel contenuto salvato;no
ONP-08;medium;onpage;H1 non rilevabile nel contenuto;/quanto-e-importante-il-feedback-dei-clienti-per-migliorare-il-tuo-business;nessun tag H1 nel contenuto salvato;no
ONP-08;medium;onpage;H1 non rilevabile nel contenuto;/la-gen-z-e-il-nuovo-percorso-di-acquisto-come-adattare-la-tua-strategia-di-marketing;nessun tag H1 nel contenuto salvato;no
ONP-08;medium;onpage;H1 non rilevabile nel contenuto;/marketing-sostenibile-cose-e-come-farlo;nessun tag H1 nel contenuto salvato;no
ONP-08;medium;onpage;H1 non rilevabile nel contenuto;/video-verticali-luso-strategico-per-i-tuoi-social;nessun tag H1 nel contenuto salvato;no
ONP-08;medium;onpage;H1 non rilevabile nel contenuto;/video-marketing-cose-e-perche-dovresti-farlo;nessun tag H1 nel contenuto salvato;no
ONP-08;medium;onpage;H1 non rilevabile nel contenuto;/visual-storytelling-una-storia-di-successo;nessun tag H1 nel contenuto salvato;no
ONP-08;medium;onpage;H1 non rilevabile nel contenuto;/tutti-i-vantaggi-di-scegliere-una-web-agency-per-il-tuo-business;nessun tag H1 nel contenuto salvato;no
ONP-08;medium;onpage;H1 non rilevabile nel contenuto;/il-diario-segreto-di-una-web-agency-storie-di-successi-digitali;nessun tag H1 nel contenuto salvato;no
ONP-08;medium;onpage;H1 non rilevabile nel contenuto;/il-laboratorio-creativo-di-una-web-agency-dove-nascono-le-idee;nessun tag H1 nel contenuto salvato;no
ONP-08;medium;onpage;H1 non rilevabile nel contenuto;/quando-la-web-agency-incontra-lintelligenza-artificiale;nessun tag H1 nel contenuto salvato;no
ONP-08;medium;onpage;H1 non rilevabile nel contenuto;/i-siti-web-del-futuro-come-saranno-nel-2050;nessun tag H1 nel contenuto salvato;no
ONP-08;medium;onpage;H1 non rilevabile nel contenuto;/siti-web-quando-il-design-incontra-lanima;nessun tag H1 nel contenuto salvato;no
ONP-08;medium;onpage;H1 non rilevabile nel contenuto;/i-custodi-dei-siti-web-chi-protegge-i-tuoi-dati;nessun tag H1 nel contenuto salvato;no
ONP-08;medium;onpage;H1 non rilevabile nel contenuto;/siti-web-intelligenti-come-reagiscono-ai-tuoi-bisogni;nessun tag H1 nel contenuto salvato;no
ONP-08;medium;onpage;H1 non rilevabile nel contenuto;/la-magia-dietro-i-siti-web-che-conquistano;nessun tag H1 nel contenuto salvato;no
ONP-08;medium;onpage;H1 non rilevabile nel contenuto;/agenzia-di-comunicazione-digitale-il-futuro-della-promozione-online;nessun tag H1 nel contenuto salvato;no
ONP-08;medium;onpage;H1 non rilevabile nel contenuto;/agenzia-di-comunicazione-creativa-idee-e-strategie-per-il-tuo-brand;nessun tag H1 nel contenuto salvato;no
ONP-08;medium;onpage;H1 non rilevabile nel contenuto;/agenzia-di-comunicazione-visiva-come-catturare-lattenzione-del-pubblico;nessun tag H1 nel contenuto salvato;no
ONP-08;medium;onpage;H1 non rilevabile nel contenuto;/agenzia-di-comunicazione-strategica-come-pianificare-il-successo;nessun tag H1 nel contenuto salvato;no
ONP-08;medium;onpage;H1 non rilevabile nel contenuto;/agenzia-di-comunicazione-per-eventi-trasformare-ogni-occasione-in-opportunita-di-successo;nessun tag H1 nel contenuto salvato;no
ONP-08;medium;onpage;H1 non rilevabile nel contenuto;/agenzia-di-comunicazione-per-e-commerce-vendere-di-piu-online;nessun tag H1 nel contenuto salvato;no
ONP-08;medium;onpage;H1 non rilevabile nel contenuto;/agenzia-di-comunicazione-video-limpatto-del-visual-marketing;nessun tag H1 nel contenuto salvato;no
ONP-08;medium;onpage;H1 non rilevabile nel contenuto;/come-raggiungere-al-meglio-il-proprio-pubblico-strategie-efficaci-per-comunicare-con-successo;nessun tag H1 nel contenuto salvato;no
ONP-08;medium;onpage;H1 non rilevabile nel contenuto;/perche-hai-bisogno-di-un-social-media-manager-a-palermo;nessun tag H1 nel contenuto salvato;no
ONP-08;medium;onpage;H1 non rilevabile nel contenuto;/come-strutturare-una-strategia-digitale-efficace;nessun tag H1 nel contenuto salvato;no
ONP-08;medium;onpage;H1 non rilevabile nel contenuto;/migliorare-lindicizzazione-su-google-strategie-efficaci-per-scalare-la-serp;nessun tag H1 nel contenuto salvato;no
ONP-08;medium;onpage;H1 non rilevabile nel contenuto;/progettare-un-packaging-efficace-guida-per-valorizzare-il-tuo-prodotto;nessun tag H1 nel contenuto salvato;no
ONP-08;medium;onpage;H1 non rilevabile nel contenuto;/la-penna-magica-di-unagenzia-di-comunicazione-il-potere-dello-storytelling-che-emoziona-e-conquista;nessun tag H1 nel contenuto salvato;no
ONP-08;medium;onpage;H1 non rilevabile nel contenuto;/larte-della-comunicazione-di-lusso-strategie-esclusive-per-conquistare-clienti-premium;nessun tag H1 nel contenuto salvato;no
ONP-08;medium;onpage;H1 non rilevabile nel contenuto;/viaggi-nellera-digitale-come-unagenzia-di-comunicazione-trasforma-il-turismo-in-emozione;nessun tag H1 nel contenuto salvato;no
ONP-08;medium;onpage;H1 non rilevabile nel contenuto;/strategie-su-misura-come-unagenzia-di-comunicazione-per-pmi-guida-al-successo-nel-mercato-locale;nessun tag H1 nel contenuto salvato;no
ONP-08;medium;onpage;H1 non rilevabile nel contenuto;/come-unagenzia-di-comunicazione-e-influencer-marketing-trasforma-la-pubblicita-moderna;nessun tag H1 nel contenuto salvato;no
ONP-08;medium;onpage;H1 non rilevabile nel contenuto;/come-scegliere-unagenzia-di-comunicazione-efficace-la-guida-per-il-successo-del-tuo-brand;nessun tag H1 nel contenuto salvato;no
ONP-08;medium;onpage;H1 non rilevabile nel contenuto;/servizi-di-comunicazione-digitale-la-chiave-per-il-successo-nel-mondo-online;nessun tag H1 nel contenuto salvato;no
ONP-08;medium;onpage;H1 non rilevabile nel contenuto;/creazione-di-strategie-di-comunicazione-guida-per-un-successo-garantito;nessun tag H1 nel contenuto salvato;no
ONP-08;medium;onpage;H1 non rilevabile nel contenuto;/soluzioni-per-la-comunicazione-aziendale-strategie-per-far-crescere-il-tuo-brand;nessun tag H1 nel contenuto salvato;no
ONP-08;medium;onpage;H1 non rilevabile nel contenuto;/esperti-in-comunicazione-e-branding-il-segreto-per-un-brand-di-successo;nessun tag H1 nel contenuto salvato;no
ONP-08;medium;onpage;H1 non rilevabile nel contenuto;/branding-da-sogno-come-unagenzia-di-comunicazione-costruisce-unidentita-vincente;nessun tag H1 nel contenuto salvato;no
ONP-08;medium;onpage;H1 non rilevabile nel contenuto;/strategie-di-marketing-per-aziende-come-costruire-un-piano-di-successo;nessun tag H1 nel contenuto salvato;no
ONP-08;medium;onpage;H1 non rilevabile nel contenuto;/consulenza-per-la-creazione-di-brand-costruisci-unidentita-vincente;nessun tag H1 nel contenuto salvato;no
ONP-08;medium;onpage;H1 non rilevabile nel contenuto;/creazione-di-marchi-aziendali-come-costruire-unidentita-forte-e-riconoscibile;nessun tag H1 nel contenuto salvato;no
ONP-08;medium;onpage;H1 non rilevabile nel contenuto;/come-costruire-un-marchio-di-successo-con-lo-sviluppo-e-gestione-del-brand-a-palermo;nessun tag H1 nel contenuto salvato;no
ONP-08;medium;onpage;H1 non rilevabile nel contenuto;/gestione-della-reputazione-online-come-proteggere-e-migliorare-limmagine-del-tuo-brand;nessun tag H1 nel contenuto salvato;no
ONP-08;medium;onpage;H1 non rilevabile nel contenuto;/comunicazione-per-la-crescita-aziendale-strategie-per-raggiungere-il-successo;nessun tag H1 nel contenuto salvato;no
ONP-08;medium;onpage;H1 non rilevabile nel contenuto;/agenzia-tiktok-come-sfruttare-il-potenziale-di-tiktok-per-il-tuo-brand;nessun tag H1 nel contenuto salvato;no
ONP-08;medium;onpage;H1 non rilevabile nel contenuto;/come-funzionano-le-agenzie-su-tiktok-scopri-come-potenziare-il-tuo-brand;nessun tag H1 nel contenuto salvato;no
ONP-08;medium;onpage;H1 non rilevabile nel contenuto;/come-si-fa-a-crescere-su-tiktok-strategie-per-aumentare-visibilita-e-engagement;nessun tag H1 nel contenuto salvato;no
ONP-08;medium;onpage;H1 non rilevabile nel contenuto;/agenzia-per-eventi-a-palermo-come-organizzare-eventi-indimenticabili;nessun tag H1 nel contenuto salvato;no
ONP-08;medium;onpage;H1 non rilevabile nel contenuto;/organizzare-eventi-a-palermo-come-creare-esperienze-indimenticabili;nessun tag H1 nel contenuto salvato;no
ONP-08;medium;onpage;H1 non rilevabile nel contenuto;/come-organizzare-eventi-aziendali-di-successo-strategie-vincenti-per-il-tuo-business;nessun tag H1 nel contenuto salvato;no
ONP-08;medium;onpage;H1 non rilevabile nel contenuto;/come-realizzare-un-evento-di-lancio-prodotto-di-successo-a-palermo;nessun tag H1 nel contenuto salvato;no
ONP-08;medium;onpage;H1 non rilevabile nel contenuto;/come-gestire-eventi-privati-con-successo-dalla-festa-di-compleanno-a-eventi-esclusivi;nessun tag H1 nel contenuto salvato;no
ONP-08;medium;onpage;H1 non rilevabile nel contenuto;/social-media-manager-a-palermo-come-scegliere-il-professionista-giusto-per-il-tuo-brand;nessun tag H1 nel contenuto salvato;no
ONP-08;medium;onpage;H1 non rilevabile nel contenuto;/social-media-manager-per-e-commerce-aumentare-le-vendite-con-strategie-mirate;nessun tag H1 nel contenuto salvato;no
ONP-08;medium;onpage;H1 non rilevabile nel contenuto;/il-ruolo-di-un-social-media-manager-nelle-piccole-e-medie-imprese;nessun tag H1 nel contenuto salvato;no
ONP-08;medium;onpage;H1 non rilevabile nel contenuto;/come-il-social-media-manager-puo-potenziare-la-tua-strategia-di-content-marketing;nessun tag H1 nel contenuto salvato;no
ONP-08;medium;onpage;H1 non rilevabile nel contenuto;/come-diventare-un-social-media-manager-di-successo-guida-passo-dopo-passo;nessun tag H1 nel contenuto salvato;no
ONP-08;medium;onpage;H1 non rilevabile nel contenuto;/che-cosa-fa-una-social-media-manager;nessun tag H1 nel contenuto salvato;no
ONP-08;medium;onpage;H1 non rilevabile nel contenuto;/quanto-costa-farsi-gestire-un-profilo-instagram;nessun tag H1 nel contenuto salvato;no
ONP-08;medium;onpage;H1 non rilevabile nel contenuto;/5-errori-silenziosi-che-stai-commettendo-nel-tuo-sito-web-aziendale;nessun tag H1 nel contenuto salvato;no
ONP-08;medium;onpage;H1 non rilevabile nel contenuto;/strategie-digitali-per-artigiani-locali-come-vendere-di-piu-online-marketing;nessun tag H1 nel contenuto salvato;no
ONP-08;medium;onpage;H1 non rilevabile nel contenuto;/il-potere-delle-landing-page-per-attivita-locali-converti-i-clienti-della-tua-citta;nessun tag H1 nel contenuto salvato;no
ONP-08;medium;onpage;H1 non rilevabile nel contenuto;/micro-influencer-locale-come-usarli-per-far-crescere-la-tua-azienda-marketing-palermo;nessun tag H1 nel contenuto salvato;no
ONP-08;medium;onpage;H1 non rilevabile nel contenuto;/posizionamento-zero-su-google-cose-e-come-ottenerlo;nessun tag H1 nel contenuto salvato;no
ONP-08;medium;onpage;H1 non rilevabile nel contenuto;/come-unire-seo-e-branding-visivo-in-un-solo-progetto-web;nessun tag H1 nel contenuto salvato;no
ONP-08;medium;onpage;H1 non rilevabile nel contenuto;/leffetto-domino-delle-recensioni-online-per-le-attivita-locali;nessun tag H1 nel contenuto salvato;no
ONP-08;medium;onpage;H1 non rilevabile nel contenuto;/seo-per-podcast-e-audio-contenuti-come-farli-trovare-online;nessun tag H1 nel contenuto salvato;no
ONP-08;medium;onpage;H1 non rilevabile nel contenuto;/siti-one-page-quando-funzionano-davvero;nessun tag H1 nel contenuto salvato;no
ONP-08;medium;onpage;H1 non rilevabile nel contenuto;/strategie-digitali-per-chi-apre-una-start-up-culturale-a-palermo;nessun tag H1 nel contenuto salvato;no
ONP-08;medium;onpage;H1 non rilevabile nel contenuto;/come-promuovere-la-tua-casa-vacanze-con-il-marketing-locale-digitale;nessun tag H1 nel contenuto salvato;no
ONP-08;medium;onpage;H1 non rilevabile nel contenuto;/brand-identity-per-artisti-e-creativi-distinguersi-online-in-modo-autentico;nessun tag H1 nel contenuto salvato;no
ONP-08;medium;onpage;H1 non rilevabile nel contenuto;/il-ruolo-del-marketing-digitale-per-le-librerie-indipendenti;nessun tag H1 nel contenuto salvato;no
ONP-08;medium;onpage;H1 non rilevabile nel contenuto;/comunicazione-digitale-per-associazioni-no-profit-come-farsi-conoscere;nessun tag H1 nel contenuto salvato;no
ONP-08;medium;onpage;H1 non rilevabile nel contenuto;/strategie-web-per-eventi-teatrali-e-spettacoli-indipendenti;nessun tag H1 nel contenuto salvato;no
ONP-08;medium;onpage;H1 non rilevabile nel contenuto;/digitale-e-tradizione-come-promuovere-botteghe-storiche-con-nuove-strategie-comunicazione;nessun tag H1 nel contenuto salvato;no
ONP-08;medium;onpage;H1 non rilevabile nel contenuto;/formazione-online-come-promuovere-il-tuo-corso-o-workshop-sul-web;nessun tag H1 nel contenuto salvato;no
ONP-08;medium;onpage;H1 non rilevabile nel contenuto;/dalla-strada-al-web-come-promuovere-un-food-truck-a-palermo;nessun tag H1 nel contenuto salvato;no
ONP-08;medium;onpage;H1 non rilevabile nel contenuto;/digital-strategy-per-laboratori-di-analisi-come-farsi-scegliere-online;nessun tag H1 nel contenuto salvato;no
ONP-08;medium;onpage;H1 non rilevabile nel contenuto;/come-comunicare-online-per-una-scuola-di-musica-o-danza-a-palermo;nessun tag H1 nel contenuto salvato;no
ONP-08;medium;onpage;H1 non rilevabile nel contenuto;/come-far-crescere-una-sartoria-o-atelier-online-strategie-su-misura;nessun tag H1 nel contenuto salvato;no
ONP-08;medium;onpage;H1 non rilevabile nel contenuto;/pet-business-come-farsi-conoscere-online-con-una-comunicazione-mirata;nessun tag H1 nel contenuto salvato;no
ONP-08;medium;onpage;H1 non rilevabile nel contenuto;/vendere-arte-online-come-costruire-una-strategia-digitale-per-gallerie-e-artisti;nessun tag H1 nel contenuto salvato;no
ONP-08;medium;onpage;H1 non rilevabile nel contenuto;/ristorazione-vegetariana-e-vegana-come-comunicare-i-tuoi-valori-online;nessun tag H1 nel contenuto salvato;no
ONP-08;medium;onpage;H1 non rilevabile nel contenuto;/digital-strategy-per-wedding-planner-e-servizi-per-eventi-privati;nessun tag H1 nel contenuto salvato;no
ONP-08;medium;onpage;H1 non rilevabile nel contenuto;/consulenti-psicologi-e-coach-come-trovare-clienti-online-a-palermo;nessun tag H1 nel contenuto salvato;no
ONP-08;medium;onpage;H1 non rilevabile nel contenuto;/come-lanciare-prodotti-tipici-siciliani-online-vendita;nessun tag H1 nel contenuto salvato;no
ONP-08;medium;onpage;H1 non rilevabile nel contenuto;/servizi-alla-persona-promuovere-online-estetiste-massaggiatori-e-parrucchieri;nessun tag H1 nel contenuto salvato;no
ONP-08;medium;onpage;H1 non rilevabile nel contenuto;/digital-branding-per-studi-legali-e-professionisti-del-diritto;nessun tag H1 nel contenuto salvato;no
ONP-08;medium;onpage;H1 non rilevabile nel contenuto;/come-comunicare-in-modo-efficacer-studi-di-fisioterapia;nessun tag H1 nel contenuto salvato;no
ONP-08;medium;onpage;H1 non rilevabile nel contenuto;/psicologi-online-come-promuoversi-nel-rispetto-della-deontologia;nessun tag H1 nel contenuto salvato;no
ONP-08;medium;onpage;H1 non rilevabile nel contenuto;/come-promuovere-un-centro-odontoiatrico-sul-web-senza-perdere-serieta;nessun tag H1 nel contenuto salvato;no
ONP-08;medium;onpage;H1 non rilevabile nel contenuto;/farmacie-e-parafarmacie-strategie-locali-per-aumentare-la-clientela;nessun tag H1 nel contenuto salvato;no
ONP-08;medium;onpage;H1 non rilevabile nel contenuto;/come-far-crescere-un-centro-logopedico-con-il-supporto-digitale;nessun tag H1 nel contenuto salvato;no
ONP-08;medium;onpage;H1 non rilevabile nel contenuto;/visibilita-online-per-nutrizionisti-e-biologi-cosa-funziona-davvero;nessun tag H1 nel contenuto salvato;no
ONP-08;medium;onpage;H1 non rilevabile nel contenuto;/come-lanciare-una-clinica-estetica-digital-branding-per-la-bellezza;nessun tag H1 nel contenuto salvato;no
ONP-08;medium;onpage;H1 non rilevabile nel contenuto;/servizi-veterinari-come-raggiungere-piu-clienti-online-in-modo-etico;nessun tag H1 nel contenuto salvato;no
ONP-08;medium;onpage;H1 non rilevabile nel contenuto;/come-farsi-scegliere-online-come-ostetrica-o-operatore-del-benessere-femminile;nessun tag H1 nel contenuto salvato;no
ONP-08;medium;onpage;H1 non rilevabile nel contenuto;/digital-strategy-per-studi-di-podologia-e-professionisti-del-piede;nessun tag H1 nel contenuto salvato;no
ONP-08;medium;onpage;H1 non rilevabile nel contenuto;/come-promuovere-online-una-scuola-privata-o-centro-di-formazione-a-palermo;nessun tag H1 nel contenuto salvato;no
ONP-08;medium;onpage;H1 non rilevabile nel contenuto;/comunicazione-per-architetti-e-interior-designer-il-progetto-parte-dal-web;nessun tag H1 nel contenuto salvato;no
ONP-08;medium;onpage;H1 non rilevabile nel contenuto;/come-far-crescere-unazienda-agricola-con-e-commerce-e-promozione-locale;nessun tag H1 nel contenuto salvato;no
ONP-08;medium;onpage;H1 non rilevabile nel contenuto;/pet-sitter-e-pensioni-per-animali-come-attirare-piu-clienti-online;nessun tag H1 nel contenuto salvato;no
ONP-08;medium;onpage;H1 non rilevabile nel contenuto;/servizi-per-linfanzia-come-farsi-conoscere-online-come-baby-sitter-o-tata-qualificata;nessun tag H1 nel contenuto salvato;no
ONP-08;medium;onpage;H1 non rilevabile nel contenuto;/come-promuovere-online-una-cooperativa-sociale-a-palermo;nessun tag H1 nel contenuto salvato;no
ONP-08;medium;onpage;H1 non rilevabile nel contenuto;/digital-strategy-per-agenzie-investigative-e-professionisti-della-sicurezza;nessun tag H1 nel contenuto salvato;no
ONP-08;medium;onpage;H1 non rilevabile nel contenuto;/comunicazione-per-traduttori-e-interpreti-come-trovare-clienti-online;nessun tag H1 nel contenuto salvato;no
ONP-08;medium;onpage;H1 non rilevabile nel contenuto;/social-media-manager-a-palermo-quanto-conta-davvero-per-unazienda-locale;nessun tag H1 nel contenuto salvato;no
ONP-08;medium;onpage;H1 non rilevabile nel contenuto;/agenzia-marketing-a-palermo-come-sceglierne-una-adatta-alla-tua-attivita;nessun tag H1 nel contenuto salvato;no
ONP-08;medium;onpage;H1 non rilevabile nel contenuto;/web-agency-a-palermo-per-professionisti-siti-e-strategie-personalizzate;nessun tag H1 nel contenuto salvato;no
ONP-08;medium;onpage;H1 non rilevabile nel contenuto;/tiktok-e-instagram-reels-perche-ogni-impresa-a-palermo-deve-sfruttarli-ora;nessun tag H1 nel contenuto salvato;no
ONP-08;medium;onpage;H1 non rilevabile nel contenuto;/come-aumentare-le-visualizzazioni-su-instagram-nel-2026;nessun tag H1 nel contenuto salvato;no
ONP-08;medium;onpage;H1 non rilevabile nel contenuto;/algoritmo-instagram-come-funziona-davvero;nessun tag H1 nel contenuto salvato;no
ONP-08;medium;onpage;H1 non rilevabile nel contenuto;/strategie-instagram-per-far-crescere-un-profilo-aziendale;nessun tag H1 nel contenuto salvato;no
ONP-08;medium;onpage;H1 non rilevabile nel contenuto;/perche-i-tuoi-reel-non-fanno-visualizzazioni;nessun tag H1 nel contenuto salvato;no
ONP-08;medium;onpage;H1 non rilevabile nel contenuto;/come-finire-negli-esplora-di-instagram;nessun tag H1 nel contenuto salvato;no
ONP-08;medium;onpage;H1 non rilevabile nel contenuto;/instagram-per-aziende-errori-da-evitare;nessun tag H1 nel contenuto salvato;no
ONP-08;medium;onpage;H1 non rilevabile nel contenuto;/come-creare-reel-virali-su-instagram;nessun tag H1 nel contenuto salvato;no
ONP-08;medium;onpage;H1 non rilevabile nel contenuto;/le-migliori-strategie-instagram-per-vendere-di-piu;nessun tag H1 nel contenuto salvato;no
ONP-08;medium;onpage;H1 non rilevabile nel contenuto;/come-aumentare-lengagement-su-instagram;nessun tag H1 nel contenuto salvato;no
ONP-08;medium;onpage;H1 non rilevabile nel contenuto;/come-aumentare-le-visualizzazioni-su-tiktok;nessun tag H1 nel contenuto salvato;no
ONP-08;medium;onpage;H1 non rilevabile nel contenuto;/algoritmo-tiktok-tutto-quello-che-devi-sapere;nessun tag H1 nel contenuto salvato;no
ONP-08;medium;onpage;H1 non rilevabile nel contenuto;/perche-i-video-tiktok-fanno-poche-visualizzazioni;nessun tag H1 nel contenuto salvato;no
ONP-08;medium;onpage;H1 non rilevabile nel contenuto;/come-andare-virale-su-tiktok;nessun tag H1 nel contenuto salvato;no
ONP-08;medium;onpage;H1 non rilevabile nel contenuto;/strategie-tiktok-per-aziende;nessun tag H1 nel contenuto salvato;no
ONP-08;medium;onpage;H1 non rilevabile nel contenuto;/tiktok-per-negozi-conviene-davvero;nessun tag H1 nel contenuto salvato;no
ONP-08;medium;onpage;H1 non rilevabile nel contenuto;/quanto-dura-un-video-tiktok-ideale;nessun tag H1 nel contenuto salvato;no
ONP-08;medium;onpage;H1 non rilevabile nel contenuto;/come-far-crescere-il-tuo-profilo-in-6-giorni;nessun tag H1 nel contenuto salvato;no
ONP-08;medium;onpage;H1 non rilevabile nel contenuto;/come-far-crescere-il-tuo-profilo-tiktok-in-6-giorni;nessun tag H1 nel contenuto salvato;no
ONP-08;medium;onpage;H1 non rilevabile nel contenuto;/produzione-video-a-palermo-come-scegliere-lagenzia-giusta;nessun tag H1 nel contenuto salvato;no
ONP-08;medium;onpage;H1 non rilevabile nel contenuto;/video-aziendali-a-palermo-perche-aumentano-le-vendite;nessun tag H1 nel contenuto salvato;no
ONP-08;medium;onpage;H1 non rilevabile nel contenuto;/creazione-video-virali-palermo;nessun tag H1 nel contenuto salvato;no
ONP-08;medium;onpage;H1 non rilevabile nel contenuto;/produzione-video-virali-palermo;nessun tag H1 nel contenuto salvato;no
ONP-08;medium;onpage;H1 non rilevabile nel contenuto;/realizzazione-video-virali-palermo;nessun tag H1 nel contenuto salvato;no
ONP-08;medium;onpage;H1 non rilevabile nel contenuto;/produzione-video-virali-sicilia;nessun tag H1 nel contenuto salvato;no
ONP-08;medium;onpage;H1 non rilevabile nel contenuto;/realizzazione-video-sicilia;nessun tag H1 nel contenuto salvato;no
ONP-08;medium;onpage;H1 non rilevabile nel contenuto;/produzione-video-virali-per-la-tua-attivita-palermo;nessun tag H1 nel contenuto salvato;no
ONP-08;medium;onpage;H1 non rilevabile nel contenuto;/realizzazione-video-virali-trapani;nessun tag H1 nel contenuto salvato;no
ONP-08;medium;onpage;H1 non rilevabile nel contenuto;/produzione-video-palermo-perche-oggi-e-indispensabile-per-ogni-azienda;nessun tag H1 nel contenuto salvato;no
ONP-08;medium;onpage;H1 non rilevabile nel contenuto;/video-promozionali-per-la-tua-azienda-palermo-funzionano-davvero;nessun tag H1 nel contenuto salvato;no
ONP-08;medium;onpage;H1 non rilevabile nel contenuto;/produzione-video-professionale-palermo-tutto-quello-che-devi-sapere;nessun tag H1 nel contenuto salvato;no
ONP-08;medium;onpage;H1 non rilevabile nel contenuto;/come-trasformare-un-semplice-video-in-un-contenuto-virale-a-palermo;nessun tag H1 nel contenuto salvato;no
ONP-08;medium;onpage;H1 non rilevabile nel contenuto;/perche-ogni-attivita-di-palermo-dovrebbe-pubblicare-video-2;nessun tag H1 nel contenuto salvato;no
GEO-10;medium;generative;"Nessun blocco di dati sintetici (tabella, elenco definitorio)";/privacy-policy;nessuna tabella di dati strutturati;sì
GEO-10;medium;generative;"Nessun blocco di dati sintetici (tabella, elenco definitorio)";/;nessuna tabella di dati strutturati;sì
GEO-10;medium;generative;"Nessun blocco di dati sintetici (tabella, elenco definitorio)";/digital-strategies;nessuna tabella di dati strutturati;sì
GEO-10;medium;generative;"Nessun blocco di dati sintetici (tabella, elenco definitorio)";/servizi-digitali-palermo;nessuna tabella di dati strutturati;sì
GEO-10;medium;generative;"Nessun blocco di dati sintetici (tabella, elenco definitorio)";/realizzazione-siti-web-a-palermo;nessuna tabella di dati strutturati;sì
GEO-10;medium;generative;"Nessun blocco di dati sintetici (tabella, elenco definitorio)";/gestione-social-media-palermo;nessuna tabella di dati strutturati;sì
GEO-10;medium;generative;"Nessun blocco di dati sintetici (tabella, elenco definitorio)";/digital-marketing-palermo;nessuna tabella di dati strutturati;sì
GEO-10;medium;generative;"Nessun blocco di dati sintetici (tabella, elenco definitorio)";/produzione-video-palermo;nessuna tabella di dati strutturati;sì
GEO-10;medium;generative;"Nessun blocco di dati sintetici (tabella, elenco definitorio)";/realizzazione-e-commerce-palermo;nessuna tabella di dati strutturati;sì
GEO-10;medium;generative;"Nessun blocco di dati sintetici (tabella, elenco definitorio)";/graphic-design-palermo;nessuna tabella di dati strutturati;sì
GEO-10;medium;generative;"Nessun blocco di dati sintetici (tabella, elenco definitorio)";/sviluppo-crm-gestionali-palermo;nessuna tabella di dati strutturati;sì
GEO-10;medium;generative;"Nessun blocco di dati sintetici (tabella, elenco definitorio)";/naming-palermo;nessuna tabella di dati strutturati;sì
GEO-10;medium;generative;"Nessun blocco di dati sintetici (tabella, elenco definitorio)";/stampe-digitali-palermo;nessuna tabella di dati strutturati;sì
GEO-10;medium;generative;"Nessun blocco di dati sintetici (tabella, elenco definitorio)";/innovazione-digitale-palermo;nessuna tabella di dati strutturati;sì
GEO-10;medium;generative;"Nessun blocco di dati sintetici (tabella, elenco definitorio)";/design-responsivo-sito-web-successo-online;nessuna tabella di dati strutturati;sì
GEO-10;medium;generative;"Nessun blocco di dati sintetici (tabella, elenco definitorio)";/perche-un-sito-web-professionale-e-la-chiave-del-successo-per-ogni-impresa;nessuna tabella di dati strutturati;sì
GEO-10;medium;generative;"Nessun blocco di dati sintetici (tabella, elenco definitorio)";/come-creare-una-strategia-di-comunicazione-digitale-efficace-per-piccole-imprese;nessuna tabella di dati strutturati;sì
GEO-10;medium;generative;"Nessun blocco di dati sintetici (tabella, elenco definitorio)";/reputazione_online_cose_perche_conta_e_come_verificarla;nessuna tabella di dati strutturati;sì
GEO-10;medium;generative;"Nessun blocco di dati sintetici (tabella, elenco definitorio)";/come-creare-una-landing-page-efficace;nessuna tabella di dati strutturati;sì
GEO-10;medium;generative;"Nessun blocco di dati sintetici (tabella, elenco definitorio)";/piano-di-marketing-cose-e-come-crearlo-con-successo;nessuna tabella di dati strutturati;sì
GEO-10;medium;generative;"Nessun blocco di dati sintetici (tabella, elenco definitorio)";/cookie-cosa-sono-e-a-che-servono;nessuna tabella di dati strutturati;sì
GEO-10;medium;generative;"Nessun blocco di dati sintetici (tabella, elenco definitorio)";/scopri-come-aumentare-posizionamento-seo-per-il-tuo-sito-web-su-google;nessuna tabella di dati strutturati;sì
GEO-10;medium;generative;"Nessun blocco di dati sintetici (tabella, elenco definitorio)";/tipologie-di-siti-web-la-guida-definitiva-per-imprenditori;nessuna tabella di dati strutturati;sì
GEO-10;medium;generative;"Nessun blocco di dati sintetici (tabella, elenco definitorio)";/tiktok-ads-manager-guida-completa-su-come-gestire-le-tue-campagne-su-tiktok;nessuna tabella di dati strutturati;sì
GEO-10;medium;generative;"Nessun blocco di dati sintetici (tabella, elenco definitorio)";/dem-marketing-come-usarlo-nel-2024-per-massimizzare-i-risultati;nessuna tabella di dati strutturati;sì
GEO-10;medium;generative;"Nessun blocco di dati sintetici (tabella, elenco definitorio)";/business-innovation-cosa-chiede-il-mercato-oggi;nessuna tabella di dati strutturati;sì
GEO-10;medium;generative;"Nessun blocco di dati sintetici (tabella, elenco definitorio)";/5-consigli-preziosi-per-pubblicizzare-la-propria-azienda-a-palermo-su-google;nessuna tabella di dati strutturati;sì
GEO-10;medium;generative;"Nessun blocco di dati sintetici (tabella, elenco definitorio)";/realizzazione-siti-web-per-bb-a-palermo-hotel-motel-e-strutture-ricettive-tutto-quello-che-ce-da-sapere;nessuna tabella di dati strutturati;sì
GEO-10;medium;generative;"Nessun blocco di dati sintetici (tabella, elenco definitorio)";/hai-bisogno-di-pubblicizzare-il-tuo-ristorante-a-palermo-ecco-come-possiamo-aiutarti;nessuna tabella di dati strutturati;sì
GEO-10;medium;generative;"Nessun blocco di dati sintetici (tabella, elenco definitorio)";/ecco-perche-un-sito-web-a-palermo-e-cosi-essenziale-per-la-tua-attivita;nessuna tabella di dati strutturati;sì
GEO-10;medium;generative;"Nessun blocco di dati sintetici (tabella, elenco definitorio)";/gestione-social-media-a-palermo-come-la-nostra-agenzia-di-comunicazione-cura-i-tuoi-social-media;nessuna tabella di dati strutturati;sì
GEO-10;medium;generative;"Nessun blocco di dati sintetici (tabella, elenco definitorio)";/loghi-per-la-tua-azienda-a-palermo-caratteristiche-e-come-crearne-uno-efficace;nessuna tabella di dati strutturati;sì
GEO-10;medium;generative;"Nessun blocco di dati sintetici (tabella, elenco definitorio)";/ottimizzare-la-comunicazione-grazie-allutilizzo-di-call-to-action-efficaci-per-il-tuo-sito-web-a-palermo;nessuna tabella di dati strutturati;sì
GEO-10;medium;generative;"Nessun blocco di dati sintetici (tabella, elenco definitorio)";/11-trend-marketing-a-palermo-per-e-commerce-marketing-che-faranno-crescere-il-tuo-e-commerce;nessuna tabella di dati strutturati;sì
GEO-10;medium;generative;"Nessun blocco di dati sintetici (tabella, elenco definitorio)";/come-fare-pubblicita-a-palermo-su-internet-guida-per-principianti;nessuna tabella di dati strutturati;sì
GEO-10;medium;generative;"Nessun blocco di dati sintetici (tabella, elenco definitorio)";/campagne-pubblicitarie-a-palermo-la-soluzione-per-far-crescere-il-tuo-business;nessuna tabella di dati strutturati;sì
GEO-10;medium;generative;"Nessun blocco di dati sintetici (tabella, elenco definitorio)";/pubblicita-su-tiktok-a-palermo-come-aiutiamo-la-tua-azienda-a-crescere;nessuna tabella di dati strutturati;sì
GEO-10;medium;generative;"Nessun blocco di dati sintetici (tabella, elenco definitorio)";/seo-e-sem;nessuna tabella di dati strutturati;sì
GEO-10;medium;generative;"Nessun blocco di dati sintetici (tabella, elenco definitorio)";/web-agency-a-palermo-il-design-che-parte-dal-brand;nessuna tabella di dati strutturati;sì
GEO-10;medium;generative;"Nessun blocco di dati sintetici (tabella, elenco definitorio)";/b2b-a-palermo-cosa-puo-imparare-dal-b2c-per-sfruttare-al-meglio-il-digitale;nessuna tabella di dati strutturati;sì
GEO-10;medium;generative;"Nessun blocco di dati sintetici (tabella, elenco definitorio)";/strategie-di-content-marketing-per-le-piccole-imprese-a-palermo;nessuna tabella di dati strutturati;sì
GEO-10;medium;generative;"Nessun blocco di dati sintetici (tabella, elenco definitorio)";/web-marketing-per-palestre-e-centri-sportivi;nessuna tabella di dati strutturati;sì
GEO-10;medium;generative;"Nessun blocco di dati sintetici (tabella, elenco definitorio)";/quali-sono-i-servizi-offerti-da-unagenzia-di-comunicazione-a-palermo;nessuna tabella di dati strutturati;sì
GEO-10;medium;generative;"Nessun blocco di dati sintetici (tabella, elenco definitorio)";/il-marketing-per-attivita-locali-i-vantaggi-di-affidarsi-a-una-web-agency;nessuna tabella di dati strutturati;sì
GEO-10;medium;generative;"Nessun blocco di dati sintetici (tabella, elenco definitorio)";/i-social-media-gli-alleati-per-il-tuo-e-commerce;nessuna tabella di dati strutturati;sì
GEO-10;medium;generative;"Nessun blocco di dati sintetici (tabella, elenco definitorio)";/marketing-online-per-la-tua-concessionaria;nessuna tabella di dati strutturati;sì
GEO-10;medium;generative;"Nessun blocco di dati sintetici (tabella, elenco definitorio)";/marketing-online-per-il-tuo-negozio-di-abbigliamento;nessuna tabella di dati strutturati;sì
GEO-10;medium;generative;"Nessun blocco di dati sintetici (tabella, elenco definitorio)";/web-marketing-per-la-tua-parruccheria;nessuna tabella di dati strutturati;sì
GEO-10;medium;generative;"Nessun blocco di dati sintetici (tabella, elenco definitorio)";/come-promuovere-il-tuo-salone-di-bellezza-a-palermo;nessuna tabella di dati strutturati;sì
GEO-10;medium;generative;"Nessun blocco di dati sintetici (tabella, elenco definitorio)";/come-pubblicizzare-la-tua-ottica-a-palermo;nessuna tabella di dati strutturati;sì
GEO-10;medium;generative;"Nessun blocco di dati sintetici (tabella, elenco definitorio)";/come-pubblicizzare-la-tua-pizzeria;nessuna tabella di dati strutturati;sì
GEO-10;medium;generative;"Nessun blocco di dati sintetici (tabella, elenco definitorio)";/gestione-marketing-per-il-tuo-pub;nessuna tabella di dati strutturati;sì
GEO-10;medium;generative;"Nessun blocco di dati sintetici (tabella, elenco definitorio)";/idee-creative-per-pubblicizzare-la-tua-panineria;nessuna tabella di dati strutturati;sì
GEO-10;medium;generative;"Nessun blocco di dati sintetici (tabella, elenco definitorio)";/gestione-marketing-per-la-tua-hamburgeria;nessuna tabella di dati strutturati;sì
GEO-10;medium;generative;"Nessun blocco di dati sintetici (tabella, elenco definitorio)";/strategie-di-marketing-di-successo-i-passi-fondamentali-per-distinguersi-nel-mercato;nessuna tabella di dati strutturati;sì
GEO-10;medium;generative;"Nessun blocco di dati sintetici (tabella, elenco definitorio)";/pubblicita-per-il-tuo-brand-a-palermo-come-differenziarsi-dalla-massa;nessuna tabella di dati strutturati;sì
GEO-10;medium;generative;"Nessun blocco di dati sintetici (tabella, elenco definitorio)";/restare-al-passo-coi-trend-e-difficile-scopri-come-unagenzia-di-comunicazione-puo-aiutarti;nessuna tabella di dati strutturati;sì
GEO-10;medium;generative;"Nessun blocco di dati sintetici (tabella, elenco definitorio)";/hai-bisogno-di-uno-store-online-per-la-tua-attivita-offriamo-realizzazione-e-commerce-a-palermo;nessuna tabella di dati strutturati;sì
GEO-10;medium;generative;"Nessun blocco di dati sintetici (tabella, elenco definitorio)";/vendita-online-a-palermo-sui-social-unottima-vetrina-per-i-tuoi-prodotti;nessuna tabella di dati strutturati;sì
GEO-10;medium;generative;"Nessun blocco di dati sintetici (tabella, elenco definitorio)";/sito-web-per-artisti-fai-conoscere-la-tua-arte;nessuna tabella di dati strutturati;sì
GEO-10;medium;generative;"Nessun blocco di dati sintetici (tabella, elenco definitorio)";/quanto-costa-un-sito-web-a-palermo;nessuna tabella di dati strutturati;sì
GEO-10;medium;generative;"Nessun blocco di dati sintetici (tabella, elenco definitorio)";/usa-la-local-seo-e-porta-il-tuo-business-al-top;nessuna tabella di dati strutturati;sì
GEO-10;medium;generative;"Nessun blocco di dati sintetici (tabella, elenco definitorio)";/mobile-marketing-e-micro-momenti;nessuna tabella di dati strutturati;sì
GEO-10;medium;generative;"Nessun blocco di dati sintetici (tabella, elenco definitorio)";/social-media-marketing-nel-settore-arredamento;nessuna tabella di dati strutturati;sì
GEO-10;medium;generative;"Nessun blocco di dati sintetici (tabella, elenco definitorio)";/il-web-design-e-la-sua-evoluzione;nessuna tabella di dati strutturati;sì
GEO-10;medium;generative;"Nessun blocco di dati sintetici (tabella, elenco definitorio)";/marketing-esperienziale-coinvolgi-il-pubblico-con-esperienze-uniche;nessuna tabella di dati strutturati;sì
GEO-10;medium;generative;"Nessun blocco di dati sintetici (tabella, elenco definitorio)";/come-creare-siti-web-professionali-e-di-qualita;nessuna tabella di dati strutturati;sì
GEO-10;medium;generative;"Nessun blocco di dati sintetici (tabella, elenco definitorio)";/come-scegliere-lagenzia-pubblicitaria-a-palermo-ideale-per-la-vostra-azienda;nessuna tabella di dati strutturati;sì
GEO-10;medium;generative;"Nessun blocco di dati sintetici (tabella, elenco definitorio)";/10-modi-per-migliorare-la-visibilita-del-tuo-sito-web-sui-motori-di-ricerca;nessuna tabella di dati strutturati;sì
GEO-10;medium;generative;"Nessun blocco di dati sintetici (tabella, elenco definitorio)";/web-agency-a-palermo-per-creare-un-sito-professionale;nessuna tabella di dati strutturati;sì
GEO-10;medium;generative;"Nessun blocco di dati sintetici (tabella, elenco definitorio)";/digital-agency-a-palermo-la-soluzione-completa-per-la-tua-presenza-online;nessuna tabella di dati strutturati;sì
GEO-10;medium;generative;"Nessun blocco di dati sintetici (tabella, elenco definitorio)";/creare-un-video-aziendale-efficace-coinvolgente-e-professionale;nessuna tabella di dati strutturati;sì
GEO-10;medium;generative;"Nessun blocco di dati sintetici (tabella, elenco definitorio)";/rendi-la-tua-azienda-digitale-trasformazione-e-innovazione-a-palermo;nessuna tabella di dati strutturati;sì
GEO-10;medium;generative;"Nessun blocco di dati sintetici (tabella, elenco definitorio)";/come-migliorare-la-tua-brand-reputation-con-le-attivita-di-digital-marketing;nessuna tabella di dati strutturati;sì
GEO-10;medium;generative;"Nessun blocco di dati sintetici (tabella, elenco definitorio)";/come-realizzare-un-sito-web-efficace-le-migliori-alternative-per-creare-un-percorso-di-successo-online;nessuna tabella di dati strutturati;sì
GEO-10;medium;generative;"Nessun blocco di dati sintetici (tabella, elenco definitorio)";/sito-web-accessibile-cose-come-crearlo-e-perche-e-importante;nessuna tabella di dati strutturati;sì
GEO-10;medium;generative;"Nessun blocco di dati sintetici (tabella, elenco definitorio)";/privacy-policy-sito-web-cose-e-come-scriverla-correttamente;nessuna tabella di dati strutturati;sì
GEO-10;medium;generative;"Nessun blocco di dati sintetici (tabella, elenco definitorio)";/le-11-regole-per-un-sito-web-efficace;nessuna tabella di dati strutturati;sì
GEO-10;medium;generative;"Nessun blocco di dati sintetici (tabella, elenco definitorio)";/creare-un-sito-web-a-palermo-le-caratteristiche-di-unarchitettura-efficace;nessuna tabella di dati strutturati;sì
GEO-10;medium;generative;"Nessun blocco di dati sintetici (tabella, elenco definitorio)";/strategie-di-web-reputation-come-costruire-gestire-e-misurare-la-percezione-online;nessuna tabella di dati strutturati;sì
GEO-10;medium;generative;"Nessun blocco di dati sintetici (tabella, elenco definitorio)";/sognavi-un-hotel-sempre-pieno-il-web-marketing-per-il-turismo-puo-trasformare-il-tuo-sogno-in-realta;nessuna tabella di dati strutturati;sì
GEO-10;medium;generative;"Nessun blocco di dati sintetici (tabella, elenco definitorio)";/google-ai-search-la-nuova-era-della-ricerca-intelligente-e-le-opportunita-per-il-marketing;nessuna tabella di dati strutturati;sì
GEO-10;medium;generative;"Nessun blocco di dati sintetici (tabella, elenco definitorio)";/aumentare-le-vendite-ecommerce-non-sei-soddisfatto-della-tua-agenzia;nessuna tabella di dati strutturati;sì
GEO-10;medium;generative;"Nessun blocco di dati sintetici (tabella, elenco definitorio)";/come-essere-in-prima-pagina-su-google-le-bugie-piu-diffuse-sulla-seo;nessuna tabella di dati strutturati;sì
GEO-10;medium;generative;"Nessun blocco di dati sintetici (tabella, elenco definitorio)";/gestione-marketing-per-la-tua-enoteca;nessuna tabella di dati strutturati;sì
GEO-10;medium;generative;"Nessun blocco di dati sintetici (tabella, elenco definitorio)";/gestione-marketing-per-il-tuo-fast-food;nessuna tabella di dati strutturati;sì
GEO-10;medium;generative;"Nessun blocco di dati sintetici (tabella, elenco definitorio)";/gestione-social-media-per-la-tua-attivita;nessuna tabella di dati strutturati;sì
GEO-10;medium;generative;"Nessun blocco di dati sintetici (tabella, elenco definitorio)";/marketing-e-pubblicita-a-palermo-tutti-i-tipi-di-pubblicita-per-far-crescere-la-tua-attivita;nessuna tabella di dati strutturati;sì
GEO-10;medium;generative;"Nessun blocco di dati sintetici (tabella, elenco definitorio)";/vuoi-aprire-unattivita-a-palermo-e-non-sai-a-chi-affidarti-ecco-come-fare-gestione-marketing-attivita-a-palermo;nessuna tabella di dati strutturati;sì
GEO-10;medium;generative;"Nessun blocco di dati sintetici (tabella, elenco definitorio)";/la-tua-agenzia-di-marketing-a-palermo-per-una-crescita-su-misura;nessuna tabella di dati strutturati;sì
GEO-10;medium;generative;"Nessun blocco di dati sintetici (tabella, elenco definitorio)";/quanto-costa-realizzare-un-cartello-pubblicitario-a-palermo;nessuna tabella di dati strutturati;sì
GEO-10;medium;generative;"Nessun blocco di dati sintetici (tabella, elenco definitorio)";/cosa-fare-per-indicizzare-il-tuo-sito-web;nessuna tabella di dati strutturati;sì
GEO-10;medium;generative;"Nessun blocco di dati sintetici (tabella, elenco definitorio)";/non-sai-come-sponsorizzare-il-tuo-progetto-artistico-scopri-le-strategie-vincenti;nessuna tabella di dati strutturati;sì
GEO-10;medium;generative;"Nessun blocco di dati sintetici (tabella, elenco definitorio)";/il-partner-giusto-per-il-tuo-successo-come-trovare-uno-sponsor-affidabile-a-palermo;nessuna tabella di dati strutturati;sì
GEO-10;medium;generative;"Nessun blocco di dati sintetici (tabella, elenco definitorio)";/marketing-per-imprese-edili;nessuna tabella di dati strutturati;sì
GEO-10;medium;generative;"Nessun blocco di dati sintetici (tabella, elenco definitorio)";/web-agency-a-palermo-la-guida-completa-per-far-crescere-la-tua-attivita-online;nessuna tabella di dati strutturati;sì
GEO-10;medium;generative;"Nessun blocco di dati sintetici (tabella, elenco definitorio)";/copywriter-seo-per-i-social-media-perche-a-google-piace-web-agency-seo-a-palermo;nessuna tabella di dati strutturati;sì
GEO-10;medium;generative;"Nessun blocco di dati sintetici (tabella, elenco definitorio)";/web-agency-a-palermo-per-il-settore-immobiliare-la-chiave-per-il-successo-online;nessuna tabella di dati strutturati;sì
GEO-10;medium;generative;"Nessun blocco di dati sintetici (tabella, elenco definitorio)";/web-agency-per-startup-a-palermo-la-tua-guida-al-successo-digitale;nessuna tabella di dati strutturati;sì
GEO-10;medium;generative;"Nessun blocco di dati sintetici (tabella, elenco definitorio)";/web-agency-per-e-commerce-a-palermo-come-incrementare-le-vendite-online;nessuna tabella di dati strutturati;sì
GEO-10;medium;generative;"Nessun blocco di dati sintetici (tabella, elenco definitorio)";/web-agency-a-palermo-per-eventi-massimizza-la-partecipazione-al-tuo-evento;nessuna tabella di dati strutturati;sì
GEO-10;medium;generative;"Nessun blocco di dati sintetici (tabella, elenco definitorio)";/web-agency-locale-a-palermo-la-tua-guida-per-conquistare-il-pubblico-della-citta;nessuna tabella di dati strutturati;sì
GEO-10;medium;generative;"Nessun blocco di dati sintetici (tabella, elenco definitorio)";/pubblicita-digitale-a-palermo-come-aumentare-la-visibilita-della-tua-attivita;nessuna tabella di dati strutturati;sì
GEO-10;medium;generative;"Nessun blocco di dati sintetici (tabella, elenco definitorio)";/creazione-siti-web-professionali-a-palermo-costruisci-la-tua-identita-digitale;nessuna tabella di dati strutturati;sì
GEO-10;medium;generative;"Nessun blocco di dati sintetici (tabella, elenco definitorio)";/marketing-digitale-a-palermo-la-chiave-per-il-successo-della-tua-attivita;nessuna tabella di dati strutturati;sì
GEO-10;medium;generative;"Nessun blocco di dati sintetici (tabella, elenco definitorio)";/cosa-si-intende-per-sito-web-una-guida-per-capirne-limportanza;nessuna tabella di dati strutturati;sì
GEO-10;medium;generative;"Nessun blocco di dati sintetici (tabella, elenco definitorio)";/quali-sono-i-siti-web-piu-visitati-scopri-le-piattaforme-piu-popolari-al-mondo;nessuna tabella di dati strutturati;sì
GEO-10;medium;generative;"Nessun blocco di dati sintetici (tabella, elenco definitorio)";/come-si-chiama-chi-crea-un-sito-web-scopri-la-figura-del-web-developer;nessuna tabella di dati strutturati;sì
GEO-10;medium;generative;"Nessun blocco di dati sintetici (tabella, elenco definitorio)";/quanto-guadagna-una-web-agency-analisi-dei-fattori-che-influenzano-i-ricavi;nessuna tabella di dati strutturati;sì
GEO-10;medium;generative;"Nessun blocco di dati sintetici (tabella, elenco definitorio)";/chi-lavora-in-una-web-agency-scopri-i-ruoli-principali;nessuna tabella di dati strutturati;sì
GEO-10;medium;generative;"Nessun blocco di dati sintetici (tabella, elenco definitorio)";/come-farsi-pubblicita-gratis-strategie-efficaci-per-aumentare-la-visibilita;nessuna tabella di dati strutturati;sì
GEO-10;medium;generative;"Nessun blocco di dati sintetici (tabella, elenco definitorio)";/qual-e-il-compito-della-pubblicita-capire-lobiettivo-e-il-valore-della-comunicazione-pubblicitaria;nessuna tabella di dati strutturati;sì
GEO-10;medium;generative;"Nessun blocco di dati sintetici (tabella, elenco definitorio)";/quanto-si-paga-unagenzia-di-comunicazione-guida-ai-costi-dei-servizi-di-comunicazione;nessuna tabella di dati strutturati;sì
GEO-10;medium;generative;"Nessun blocco di dati sintetici (tabella, elenco definitorio)";/che-cose-unazienda-di-marketing-scopri-il-motore-del-successo-aziendale;nessuna tabella di dati strutturati;sì
GEO-10;medium;generative;"Nessun blocco di dati sintetici (tabella, elenco definitorio)";/3-tipi-di-marketing-a-palermo-scopri-le-strategie-per-il-successo-della-tua-attivita;nessuna tabella di dati strutturati;sì
GEO-10;medium;generative;"Nessun blocco di dati sintetici (tabella, elenco definitorio)";/come-fare-unottima-pubblicita-strategie-vincenti-per-il-tuo-successo;nessuna tabella di dati strutturati;sì
GEO-10;medium;generative;"Nessun blocco di dati sintetici (tabella, elenco definitorio)";/quale-pubblicita-funziona-di-piu-scopri-le-strategie-piu-efficaci-per-il-tuo-business;nessuna tabella di dati strutturati;sì
GEO-10;medium;generative;"Nessun blocco di dati sintetici (tabella, elenco definitorio)";/come-iniziare-a-fare-digital-marketing-guida-pratica-per-chi-vuole-emergere-online;nessuna tabella di dati strutturati;sì
GEO-10;medium;generative;"Nessun blocco di dati sintetici (tabella, elenco definitorio)";/portfolio-fotografico-online-cose-e-perche-e-importante-crearlo;nessuna tabella di dati strutturati;sì
GEO-10;medium;generative;"Nessun blocco di dati sintetici (tabella, elenco definitorio)";/rispondere-alle-recensioni-con-lai-la-nuova-frontiera-dellautomazione;nessuna tabella di dati strutturati;sì
GEO-10;medium;generative;"Nessun blocco di dati sintetici (tabella, elenco definitorio)";/focus-group-cose-a-che-serve-e-come-farlo-al-meglio;nessuna tabella di dati strutturati;sì
GEO-10;medium;generative;"Nessun blocco di dati sintetici (tabella, elenco definitorio)";/come-creare-sondaggi-online-e-raggiungere-il-tuo-pubblico-in-modo-efficace;nessuna tabella di dati strutturati;sì
GEO-10;medium;generative;"Nessun blocco di dati sintetici (tabella, elenco definitorio)";/come-ridurre-peso-delle-foto-consigli-pratici-per-immagini-piu-leggere;nessuna tabella di dati strutturati;sì
GEO-10;medium;generative;"Nessun blocco di dati sintetici (tabella, elenco definitorio)";/cosa-fa-un-ufficio-di-comunicazione-scopri-il-cuore-della-strategia-aziendale;nessuna tabella di dati strutturati;sì
GEO-10;medium;generative;"Nessun blocco di dati sintetici (tabella, elenco definitorio)";/come-si-chiama-chi-si-occupa-di-comunicazione-scopri-i-ruoli-e-le-competenze-di-questi-professionisti;nessuna tabella di dati strutturati;sì
GEO-10;medium;generative;"Nessun blocco di dati sintetici (tabella, elenco definitorio)";/come-trovare-unagenzia-di-comunicazione-consigli-per-scegliere-il-partner-giusto;nessuna tabella di dati strutturati;sì
GEO-10;medium;generative;"Nessun blocco di dati sintetici (tabella, elenco definitorio)";/scegliere-la-giusta-agenzia-di-comunicazione-consigli-e-strategie-per-trovare-il-partner-ideale;nessuna tabella di dati strutturati;sì
GEO-10;medium;generative;"Nessun blocco di dati sintetici (tabella, elenco definitorio)";/come-sfruttare-al-meglio-i-test-a-b-per-aumentare-le-conversioni;nessuna tabella di dati strutturati;sì
GEO-10;medium;generative;"Nessun blocco di dati sintetici (tabella, elenco definitorio)";/come-creare-un-podcast-aziendale-per-migliorare-il-posizionamento-del-brand;nessuna tabella di dati strutturati;sì
GEO-10;medium;generative;"Nessun blocco di dati sintetici (tabella, elenco definitorio)";/come-trovare-il-co-founder-perfetto-per-la-tua-startup-e-lo-sponsor-ideale-per-la-tua-crescita;nessuna tabella di dati strutturati;sì
GEO-10;medium;generative;"Nessun blocco di dati sintetici (tabella, elenco definitorio)";/i-migliori-formati-banner-per-ottimizzare-le-tue-campagne-pubblicitarie;nessuna tabella di dati strutturati;sì
GEO-10;medium;generative;"Nessun blocco di dati sintetici (tabella, elenco definitorio)";/come-crescere-su-instagram-8-tattiche-per-sfruttare-lalgoritmo-e-aumentare-lengagement;nessuna tabella di dati strutturati;sì
GEO-10;medium;generative;"Nessun blocco di dati sintetici (tabella, elenco definitorio)";/la-potenza-dei-micro-influencer-e-il-loro-impatto-online-per-le-aziende;nessuna tabella di dati strutturati;sì
GEO-10;medium;generative;"Nessun blocco di dati sintetici (tabella, elenco definitorio)";/black-friday-2024-come-preparare-il-tuo-e-commerce-a-palermo-per-massimizzare-le-vendite;nessuna tabella di dati strutturati;sì
GEO-10;medium;generative;"Nessun blocco di dati sintetici (tabella, elenco definitorio)";/integrazione-di-piattaforme-tiktok-e-commerce-un-nuovo-orizzonte-per-i-commercianti-a-palermo;nessuna tabella di dati strutturati;sì
GEO-10;medium;generative;"Nessun blocco di dati sintetici (tabella, elenco definitorio)";/quanto-e-importante-il-feedback-dei-clienti-per-migliorare-il-tuo-business;nessuna tabella di dati strutturati;sì
GEO-10;medium;generative;"Nessun blocco di dati sintetici (tabella, elenco definitorio)";/la-gen-z-e-il-nuovo-percorso-di-acquisto-come-adattare-la-tua-strategia-di-marketing;nessuna tabella di dati strutturati;sì
GEO-10;medium;generative;"Nessun blocco di dati sintetici (tabella, elenco definitorio)";/marketing-sostenibile-cose-e-come-farlo;nessuna tabella di dati strutturati;sì
GEO-10;medium;generative;"Nessun blocco di dati sintetici (tabella, elenco definitorio)";/video-verticali-luso-strategico-per-i-tuoi-social;nessuna tabella di dati strutturati;sì
GEO-10;medium;generative;"Nessun blocco di dati sintetici (tabella, elenco definitorio)";/video-marketing-cose-e-perche-dovresti-farlo;nessuna tabella di dati strutturati;sì
GEO-10;medium;generative;"Nessun blocco di dati sintetici (tabella, elenco definitorio)";/visual-storytelling-una-storia-di-successo;nessuna tabella di dati strutturati;sì
GEO-10;medium;generative;"Nessun blocco di dati sintetici (tabella, elenco definitorio)";/tutti-i-vantaggi-di-scegliere-una-web-agency-per-il-tuo-business;nessuna tabella di dati strutturati;sì
GEO-10;medium;generative;"Nessun blocco di dati sintetici (tabella, elenco definitorio)";/il-diario-segreto-di-una-web-agency-storie-di-successi-digitali;nessuna tabella di dati strutturati;sì
GEO-10;medium;generative;"Nessun blocco di dati sintetici (tabella, elenco definitorio)";/agenzia-di-comunicazione-digitale-il-futuro-della-promozione-online;nessuna tabella di dati strutturati;sì
GEO-10;medium;generative;"Nessun blocco di dati sintetici (tabella, elenco definitorio)";/agenzia-di-comunicazione-creativa-idee-e-strategie-per-il-tuo-brand;nessuna tabella di dati strutturati;sì
GEO-10;medium;generative;"Nessun blocco di dati sintetici (tabella, elenco definitorio)";/agenzia-di-comunicazione-visiva-come-catturare-lattenzione-del-pubblico;nessuna tabella di dati strutturati;sì
GEO-10;medium;generative;"Nessun blocco di dati sintetici (tabella, elenco definitorio)";/agenzia-di-comunicazione-strategica-come-pianificare-il-successo;nessuna tabella di dati strutturati;sì
GEO-10;medium;generative;"Nessun blocco di dati sintetici (tabella, elenco definitorio)";/agenzia-di-comunicazione-per-eventi-trasformare-ogni-occasione-in-opportunita-di-successo;nessuna tabella di dati strutturati;sì
GEO-10;medium;generative;"Nessun blocco di dati sintetici (tabella, elenco definitorio)";/agenzia-di-comunicazione-per-e-commerce-vendere-di-piu-online;nessuna tabella di dati strutturati;sì
GEO-10;medium;generative;"Nessun blocco di dati sintetici (tabella, elenco definitorio)";/agenzia-di-comunicazione-video-limpatto-del-visual-marketing;nessuna tabella di dati strutturati;sì
GEO-10;medium;generative;"Nessun blocco di dati sintetici (tabella, elenco definitorio)";/come-raggiungere-al-meglio-il-proprio-pubblico-strategie-efficaci-per-comunicare-con-successo;nessuna tabella di dati strutturati;sì
GEO-10;medium;generative;"Nessun blocco di dati sintetici (tabella, elenco definitorio)";/perche-hai-bisogno-di-un-social-media-manager-a-palermo;nessuna tabella di dati strutturati;sì
GEO-10;medium;generative;"Nessun blocco di dati sintetici (tabella, elenco definitorio)";/come-strutturare-una-strategia-digitale-efficace;nessuna tabella di dati strutturati;sì
GEO-10;medium;generative;"Nessun blocco di dati sintetici (tabella, elenco definitorio)";/migliorare-lindicizzazione-su-google-strategie-efficaci-per-scalare-la-serp;nessuna tabella di dati strutturati;sì
GEO-10;medium;generative;"Nessun blocco di dati sintetici (tabella, elenco definitorio)";/progettare-un-packaging-efficace-guida-per-valorizzare-il-tuo-prodotto;nessuna tabella di dati strutturati;sì
GEO-10;medium;generative;"Nessun blocco di dati sintetici (tabella, elenco definitorio)";/la-penna-magica-di-unagenzia-di-comunicazione-il-potere-dello-storytelling-che-emoziona-e-conquista;nessuna tabella di dati strutturati;sì
GEO-10;medium;generative;"Nessun blocco di dati sintetici (tabella, elenco definitorio)";/larte-della-comunicazione-di-lusso-strategie-esclusive-per-conquistare-clienti-premium;nessuna tabella di dati strutturati;sì
GEO-10;medium;generative;"Nessun blocco di dati sintetici (tabella, elenco definitorio)";/viaggi-nellera-digitale-come-unagenzia-di-comunicazione-trasforma-il-turismo-in-emozione;nessuna tabella di dati strutturati;sì
GEO-10;medium;generative;"Nessun blocco di dati sintetici (tabella, elenco definitorio)";/strategie-su-misura-come-unagenzia-di-comunicazione-per-pmi-guida-al-successo-nel-mercato-locale;nessuna tabella di dati strutturati;sì
GEO-10;medium;generative;"Nessun blocco di dati sintetici (tabella, elenco definitorio)";/come-unagenzia-di-comunicazione-e-influencer-marketing-trasforma-la-pubblicita-moderna;nessuna tabella di dati strutturati;sì
GEO-10;medium;generative;"Nessun blocco di dati sintetici (tabella, elenco definitorio)";/come-scegliere-unagenzia-di-comunicazione-efficace-la-guida-per-il-successo-del-tuo-brand;nessuna tabella di dati strutturati;sì
GEO-10;medium;generative;"Nessun blocco di dati sintetici (tabella, elenco definitorio)";/servizi-di-comunicazione-digitale-la-chiave-per-il-successo-nel-mondo-online;nessuna tabella di dati strutturati;sì
GEO-10;medium;generative;"Nessun blocco di dati sintetici (tabella, elenco definitorio)";/soluzioni-per-la-comunicazione-aziendale-strategie-per-far-crescere-il-tuo-brand;nessuna tabella di dati strutturati;sì
GEO-10;medium;generative;"Nessun blocco di dati sintetici (tabella, elenco definitorio)";/esperti-in-comunicazione-e-branding-il-segreto-per-un-brand-di-successo;nessuna tabella di dati strutturati;sì
GEO-10;medium;generative;"Nessun blocco di dati sintetici (tabella, elenco definitorio)";/branding-da-sogno-come-unagenzia-di-comunicazione-costruisce-unidentita-vincente;nessuna tabella di dati strutturati;sì
GEO-10;medium;generative;"Nessun blocco di dati sintetici (tabella, elenco definitorio)";/strategie-di-marketing-per-aziende-come-costruire-un-piano-di-successo;nessuna tabella di dati strutturati;sì
GEO-10;medium;generative;"Nessun blocco di dati sintetici (tabella, elenco definitorio)";/consulenza-per-la-creazione-di-brand-costruisci-unidentita-vincente;nessuna tabella di dati strutturati;sì
GEO-10;medium;generative;"Nessun blocco di dati sintetici (tabella, elenco definitorio)";/creazione-di-marchi-aziendali-come-costruire-unidentita-forte-e-riconoscibile;nessuna tabella di dati strutturati;sì
GEO-10;medium;generative;"Nessun blocco di dati sintetici (tabella, elenco definitorio)";/come-costruire-un-marchio-di-successo-con-lo-sviluppo-e-gestione-del-brand-a-palermo;nessuna tabella di dati strutturati;sì
GEO-10;medium;generative;"Nessun blocco di dati sintetici (tabella, elenco definitorio)";/gestione-della-reputazione-online-come-proteggere-e-migliorare-limmagine-del-tuo-brand;nessuna tabella di dati strutturati;sì
GEO-10;medium;generative;"Nessun blocco di dati sintetici (tabella, elenco definitorio)";/comunicazione-per-la-crescita-aziendale-strategie-per-raggiungere-il-successo;nessuna tabella di dati strutturati;sì
GEO-10;medium;generative;"Nessun blocco di dati sintetici (tabella, elenco definitorio)";/agenzia-tiktok-come-sfruttare-il-potenziale-di-tiktok-per-il-tuo-brand;nessuna tabella di dati strutturati;sì
GEO-10;medium;generative;"Nessun blocco di dati sintetici (tabella, elenco definitorio)";/come-funzionano-le-agenzie-su-tiktok-scopri-come-potenziare-il-tuo-brand;nessuna tabella di dati strutturati;sì
GEO-10;medium;generative;"Nessun blocco di dati sintetici (tabella, elenco definitorio)";/come-si-fa-a-crescere-su-tiktok-strategie-per-aumentare-visibilita-e-engagement;nessuna tabella di dati strutturati;sì
GEO-10;medium;generative;"Nessun blocco di dati sintetici (tabella, elenco definitorio)";/agenzia-per-eventi-a-palermo-come-organizzare-eventi-indimenticabili;nessuna tabella di dati strutturati;sì
GEO-10;medium;generative;"Nessun blocco di dati sintetici (tabella, elenco definitorio)";/organizzare-eventi-a-palermo-come-creare-esperienze-indimenticabili;nessuna tabella di dati strutturati;sì
GEO-10;medium;generative;"Nessun blocco di dati sintetici (tabella, elenco definitorio)";/come-organizzare-eventi-aziendali-di-successo-strategie-vincenti-per-il-tuo-business;nessuna tabella di dati strutturati;sì
GEO-10;medium;generative;"Nessun blocco di dati sintetici (tabella, elenco definitorio)";/come-realizzare-un-evento-di-lancio-prodotto-di-successo-a-palermo;nessuna tabella di dati strutturati;sì
GEO-10;medium;generative;"Nessun blocco di dati sintetici (tabella, elenco definitorio)";/come-gestire-eventi-privati-con-successo-dalla-festa-di-compleanno-a-eventi-esclusivi;nessuna tabella di dati strutturati;sì
GEO-10;medium;generative;"Nessun blocco di dati sintetici (tabella, elenco definitorio)";/social-media-manager-a-palermo-come-scegliere-il-professionista-giusto-per-il-tuo-brand;nessuna tabella di dati strutturati;sì
GEO-10;medium;generative;"Nessun blocco di dati sintetici (tabella, elenco definitorio)";/social-media-manager-per-e-commerce-aumentare-le-vendite-con-strategie-mirate;nessuna tabella di dati strutturati;sì
GEO-10;medium;generative;"Nessun blocco di dati sintetici (tabella, elenco definitorio)";/il-ruolo-di-un-social-media-manager-nelle-piccole-e-medie-imprese;nessuna tabella di dati strutturati;sì
GEO-10;medium;generative;"Nessun blocco di dati sintetici (tabella, elenco definitorio)";/come-il-social-media-manager-puo-potenziare-la-tua-strategia-di-content-marketing;nessuna tabella di dati strutturati;sì
GEO-10;medium;generative;"Nessun blocco di dati sintetici (tabella, elenco definitorio)";/come-diventare-un-social-media-manager-di-successo-guida-passo-dopo-passo;nessuna tabella di dati strutturati;sì
GEO-10;medium;generative;"Nessun blocco di dati sintetici (tabella, elenco definitorio)";/che-cosa-fa-una-social-media-manager;nessuna tabella di dati strutturati;sì
GEO-10;medium;generative;"Nessun blocco di dati sintetici (tabella, elenco definitorio)";/quanto-costa-farsi-gestire-un-profilo-instagram;nessuna tabella di dati strutturati;sì
GEO-10;medium;generative;"Nessun blocco di dati sintetici (tabella, elenco definitorio)";/5-errori-silenziosi-che-stai-commettendo-nel-tuo-sito-web-aziendale;nessuna tabella di dati strutturati;sì
GEO-10;medium;generative;"Nessun blocco di dati sintetici (tabella, elenco definitorio)";/siti-one-page-quando-funzionano-davvero;nessuna tabella di dati strutturati;sì
GEO-10;medium;generative;"Nessun blocco di dati sintetici (tabella, elenco definitorio)";/scopri-come-creare-video-virali;nessuna tabella di dati strutturati;sì
GEO-10;medium;generative;"Nessun blocco di dati sintetici (tabella, elenco definitorio)";/contenuti-che-spopolano-sui-social;nessuna tabella di dati strutturati;sì
GEO-10;medium;generative;"Nessun blocco di dati sintetici (tabella, elenco definitorio)";/i-segreti-dei-video-virali-tecniche-e-strumenti-da-conoscere;nessuna tabella di dati strutturati;sì
GEO-10;medium;generative;"Nessun blocco di dati sintetici (tabella, elenco definitorio)";/come-trasformare-unidea-in-un-video-virale-di-successo;nessuna tabella di dati strutturati;sì
GEO-10;medium;generative;"Nessun blocco di dati sintetici (tabella, elenco definitorio)";/scopri-come-un-semplice-video-ha-raggiunto-1-milione-di-visualizzazioni-in-24-ore;nessuna tabella di dati strutturati;sì
GEO-10;medium;generative;"Nessun blocco di dati sintetici (tabella, elenco definitorio)";/da-zero-a-virale-la-storia-di-un-contenuto-che-ha-conquistato-il-web;nessuna tabella di dati strutturati;sì
GEO-10;medium;generative;"Nessun blocco di dati sintetici (tabella, elenco definitorio)";/il-potere-dei-video-brevi;nessuna tabella di dati strutturati;sì
GEO-10;medium;generative;"Nessun blocco di dati sintetici (tabella, elenco definitorio)";/3-trucchi-per-rendere-i-tuoi-reels-irresistibili;nessuna tabella di dati strutturati;sì
GEO-10;medium;generative;"Nessun blocco di dati sintetici (tabella, elenco definitorio)";/scopri-strategie-efficaci-per-creare-reels;nessuna tabella di dati strutturati;sì
GEO-10;medium;generative;"Nessun blocco di dati sintetici (tabella, elenco definitorio)";/creare-reels-che-tutti-vogliono-condividere;nessuna tabella di dati strutturati;sì
GEO-10;medium;generative;"Nessun blocco di dati sintetici (tabella, elenco definitorio)";/partecipare-alla-sfida-del-momento;nessuna tabella di dati strutturati;sì
GEO-10;medium;generative;"Nessun blocco di dati sintetici (tabella, elenco definitorio)";/trend-alert-i-video-che-stanno-conquistando-tiktok;nessuna tabella di dati strutturati;sì
GEO-10;medium;generative;"Nessun blocco di dati sintetici (tabella, elenco definitorio)";/challenge-virali-come-sfruttarle-per-aumentare-la-tua-visibilita;nessuna tabella di dati strutturati;sì
GEO-10;medium;generative;"Nessun blocco di dati sintetici (tabella, elenco definitorio)";/i-trend-del-2025-cosa-funziona-davvero-sui-social;nessuna tabella di dati strutturati;sì
GEO-10;medium;generative;"Nessun blocco di dati sintetici (tabella, elenco definitorio)";/unisciti-al-movimento-crea-contenuti-che-fanno-parlare-di-se;nessuna tabella di dati strutturati;sì
GEO-10;medium;generative;"Nessun blocco di dati sintetici (tabella, elenco definitorio)";/strategie-seo-per-video-virali-come-farsi-trovare-online;nessuna tabella di dati strutturati;sì
GEO-10;medium;generative;"Nessun blocco di dati sintetici (tabella, elenco definitorio)";/parole-chiave-e-viralita-il-connubio-perfetto-per-i-tuoi-video;nessuna tabella di dati strutturati;sì
GEO-10;medium;generative;"Nessun blocco di dati sintetici (tabella, elenco definitorio)";/come-ottimizzare-i-tuoi-video-per-i-motori-di-ricerca-nel-2025;nessuna tabella di dati strutturati;sì
GEO-10;medium;generative;"Nessun blocco di dati sintetici (tabella, elenco definitorio)";/seo-per-contenuti-video-guida-pratica-per-aumentare-le-visualizzazioni;nessuna tabella di dati strutturati;sì
GEO-10;medium;generative;"Nessun blocco di dati sintetici (tabella, elenco definitorio)";/i-migliori-strumenti-per-analizzare-e-migliorare-la-performance-dei-tuoi-video;nessuna tabella di dati strutturati;sì
GEO-10;medium;generative;"Nessun blocco di dati sintetici (tabella, elenco definitorio)";/agenzia-di-comunicazione-a-palermo-come-far-crescere-il-tuo-brand-nel-2025;nessuna tabella di dati strutturati;sì
GEO-10;medium;generative;"Nessun blocco di dati sintetici (tabella, elenco definitorio)";/i-segreti-del-marketing-digitale-a-palermo-scopri-la-nostra-agenzia;nessuna tabella di dati strutturati;sì
GEO-10;medium;generative;"Nessun blocco di dati sintetici (tabella, elenco definitorio)";/vuoi-dominare-i-social-a-palermo-affidati-ai-migliori;nessuna tabella di dati strutturati;sì
GEO-10;medium;generative;"Nessun blocco di dati sintetici (tabella, elenco definitorio)";/seo-e-video-virali-a-palermo-come-max-digital-innovation-sta-cambiando-le-regole;nessuna tabella di dati strutturati;sì
GEO-10;medium;generative;"Nessun blocco di dati sintetici (tabella, elenco definitorio)";/come-aumentare-le-visualizzazioni-su-instagram-nel-2026;nessuna tabella di dati strutturati;sì
GEO-10;medium;generative;"Nessun blocco di dati sintetici (tabella, elenco definitorio)";/algoritmo-instagram-come-funziona-davvero;nessuna tabella di dati strutturati;sì
GEO-10;medium;generative;"Nessun blocco di dati sintetici (tabella, elenco definitorio)";/strategie-instagram-per-far-crescere-un-profilo-aziendale;nessuna tabella di dati strutturati;sì
GEO-10;medium;generative;"Nessun blocco di dati sintetici (tabella, elenco definitorio)";/perche-i-tuoi-reel-non-fanno-visualizzazioni;nessuna tabella di dati strutturati;sì
GEO-10;medium;generative;"Nessun blocco di dati sintetici (tabella, elenco definitorio)";/come-finire-negli-esplora-di-instagram;nessuna tabella di dati strutturati;sì
GEO-10;medium;generative;"Nessun blocco di dati sintetici (tabella, elenco definitorio)";/instagram-per-aziende-errori-da-evitare;nessuna tabella di dati strutturati;sì
GEO-10;medium;generative;"Nessun blocco di dati sintetici (tabella, elenco definitorio)";/come-creare-reel-virali-su-instagram;nessuna tabella di dati strutturati;sì
GEO-10;medium;generative;"Nessun blocco di dati sintetici (tabella, elenco definitorio)";/le-migliori-strategie-instagram-per-vendere-di-piu;nessuna tabella di dati strutturati;sì
GEO-10;medium;generative;"Nessun blocco di dati sintetici (tabella, elenco definitorio)";/come-aumentare-lengagement-su-instagram;nessuna tabella di dati strutturati;sì
GEO-10;medium;generative;"Nessun blocco di dati sintetici (tabella, elenco definitorio)";/come-aumentare-le-visualizzazioni-su-tiktok;nessuna tabella di dati strutturati;sì
GEO-10;medium;generative;"Nessun blocco di dati sintetici (tabella, elenco definitorio)";/algoritmo-tiktok-tutto-quello-che-devi-sapere;nessuna tabella di dati strutturati;sì
GEO-10;medium;generative;"Nessun blocco di dati sintetici (tabella, elenco definitorio)";/perche-i-video-tiktok-fanno-poche-visualizzazioni;nessuna tabella di dati strutturati;sì
GEO-10;medium;generative;"Nessun blocco di dati sintetici (tabella, elenco definitorio)";/come-andare-virale-su-tiktok;nessuna tabella di dati strutturati;sì
GEO-10;medium;generative;"Nessun blocco di dati sintetici (tabella, elenco definitorio)";/strategie-tiktok-per-aziende;nessuna tabella di dati strutturati;sì
GEO-10;medium;generative;"Nessun blocco di dati sintetici (tabella, elenco definitorio)";/tiktok-per-negozi-conviene-davvero;nessuna tabella di dati strutturati;sì
GEO-10;medium;generative;"Nessun blocco di dati sintetici (tabella, elenco definitorio)";/quanto-dura-un-video-tiktok-ideale;nessuna tabella di dati strutturati;sì
GEO-10;medium;generative;"Nessun blocco di dati sintetici (tabella, elenco definitorio)";/come-far-crescere-il-tuo-profilo-in-6-giorni;nessuna tabella di dati strutturati;sì
GEO-10;medium;generative;"Nessun blocco di dati sintetici (tabella, elenco definitorio)";/come-far-crescere-il-tuo-profilo-tiktok-in-6-giorni;nessuna tabella di dati strutturati;sì
GEO-10;medium;generative;"Nessun blocco di dati sintetici (tabella, elenco definitorio)";/produzione-video-a-palermo-come-scegliere-lagenzia-giusta;nessuna tabella di dati strutturati;sì
GEO-10;medium;generative;"Nessun blocco di dati sintetici (tabella, elenco definitorio)";/video-aziendali-a-palermo-perche-aumentano-le-vendite;nessuna tabella di dati strutturati;sì
GEO-10;medium;generative;"Nessun blocco di dati sintetici (tabella, elenco definitorio)";/creazione-video-virali-palermo;nessuna tabella di dati strutturati;sì
GEO-10;medium;generative;"Nessun blocco di dati sintetici (tabella, elenco definitorio)";/produzione-video-virali-palermo;nessuna tabella di dati strutturati;sì
GEO-10;medium;generative;"Nessun blocco di dati sintetici (tabella, elenco definitorio)";/realizzazione-video-virali-palermo;nessuna tabella di dati strutturati;sì
GEO-10;medium;generative;"Nessun blocco di dati sintetici (tabella, elenco definitorio)";/creazione-video-virali-sicilia;nessuna tabella di dati strutturati;sì
GEO-10;medium;generative;"Nessun blocco di dati sintetici (tabella, elenco definitorio)";/produzione-video-virali-sicilia;nessuna tabella di dati strutturati;sì
GEO-10;medium;generative;"Nessun blocco di dati sintetici (tabella, elenco definitorio)";/realizzazione-video-sicilia;nessuna tabella di dati strutturati;sì
GEO-10;medium;generative;"Nessun blocco di dati sintetici (tabella, elenco definitorio)";/produzione-video-virali-per-la-tua-attivita-palermo;nessuna tabella di dati strutturati;sì
GEO-10;medium;generative;"Nessun blocco di dati sintetici (tabella, elenco definitorio)";/realizzazione-video-virali-trapani;nessuna tabella di dati strutturati;sì
GEO-10;medium;generative;"Nessun blocco di dati sintetici (tabella, elenco definitorio)";/produzione-video-palermo-perche-oggi-e-indispensabile-per-ogni-azienda;nessuna tabella di dati strutturati;sì
GEO-10;medium;generative;"Nessun blocco di dati sintetici (tabella, elenco definitorio)";/video-promozionali-per-la-tua-azienda-palermo-funzionano-davvero;nessuna tabella di dati strutturati;sì
GEO-10;medium;generative;"Nessun blocco di dati sintetici (tabella, elenco definitorio)";/produzione-video-professionale-palermo-tutto-quello-che-devi-sapere;nessuna tabella di dati strutturati;sì
GEO-10;medium;generative;"Nessun blocco di dati sintetici (tabella, elenco definitorio)";/come-trasformare-un-semplice-video-in-un-contenuto-virale-a-palermo;nessuna tabella di dati strutturati;sì
GEO-10;medium;generative;"Nessun blocco di dati sintetici (tabella, elenco definitorio)";/perche-ogni-attivita-di-palermo-dovrebbe-pubblicare-video-2;nessuna tabella di dati strutturati;sì
TAX-03;medium;taxonomy;Categorie fuori tema rispetto al contenuto;/campagne-ai-driven-marketing-automation;"categoria ""Web development"" non coerente, suggerita ""Marketing""";no
TAX-03;medium;taxonomy;Categorie fuori tema rispetto al contenuto;/come-creare-una-strategia-di-comunicazione-digitale-efficace-per-piccole-imprese;"categoria ""E-commerce"" non coerente, suggerita ""Marketing""";no
TAX-03;medium;taxonomy;Categorie fuori tema rispetto al contenuto;/branded-content-come-raccontare-il-tuo-brand-con-max-digital-innovation;"categoria ""E-commerce"" non coerente, suggerita ""Marketing""";no
TAX-03;medium;taxonomy;Categorie fuori tema rispetto al contenuto;/piano-di-marketing-cose-e-come-crearlo-con-successo;"categoria ""E-commerce"" non coerente, suggerita ""Marketing""";no
TAX-03;medium;taxonomy;Categorie fuori tema rispetto al contenuto;/cookie-cosa-sono-e-a-che-servono;"categoria ""E-commerce"" non coerente, suggerita ""Web development""";no
TAX-03;medium;taxonomy;Categorie fuori tema rispetto al contenuto;/privacy-policy;"categoria ""E-commerce"" non coerente, suggerita ""Web development""";no
TAX-03;medium;taxonomy;Categorie fuori tema rispetto al contenuto;/scopri-come-aumentare-posizionamento-seo-per-il-tuo-sito-web-su-google;"categoria ""Marketing"" non coerente, suggerita ""Web development""";no
TAX-03;medium;taxonomy;Categorie fuori tema rispetto al contenuto;/tipologie-di-siti-web-la-guida-definitiva-per-imprenditori;"categoria ""Software"" non coerente, suggerita ""E-commerce""";no
TAX-03;medium;taxonomy;Categorie fuori tema rispetto al contenuto;/dem-marketing-come-usarlo-nel-2024-per-massimizzare-i-risultati;"categoria ""E-commerce"" non coerente, suggerita ""Marketing""";no
TAX-03;medium;taxonomy;Categorie fuori tema rispetto al contenuto;/business-innovation-cosa-chiede-il-mercato-oggi;"categoria ""E-commerce"" non coerente, suggerita ""Marketing""";no
TAX-03;medium;taxonomy;Categorie fuori tema rispetto al contenuto;/realizzazione-siti-web-per-bb-a-palermo-hotel-motel-e-strutture-ricettive-tutto-quello-che-ce-da-sapere;"categoria ""E-commerce"" non coerente, suggerita ""Web development""";no
TAX-03;medium;taxonomy;Categorie fuori tema rispetto al contenuto;/gestione-social-media-a-palermo-come-la-nostra-agenzia-di-comunicazione-cura-i-tuoi-social-media;"categoria ""E-commerce"" non coerente, suggerita ""Marketing""";no
TAX-03;medium;taxonomy;Categorie fuori tema rispetto al contenuto;/loghi-per-la-tua-azienda-a-palermo-caratteristiche-e-come-crearne-uno-efficace;"categoria ""Web development"" non coerente, suggerita ""Marketing""";no
TAX-03;medium;taxonomy;Categorie fuori tema rispetto al contenuto;/b2b-a-palermo-cosa-puo-imparare-dal-b2c-per-sfruttare-al-meglio-il-digitale;"categoria ""E-commerce"" non coerente, suggerita ""Marketing""";no
TAX-03;medium;taxonomy;Categorie fuori tema rispetto al contenuto;/strategie-di-content-marketing-per-le-piccole-imprese-a-palermo;"categoria ""E-commerce"" non coerente, suggerita ""Marketing""";no
TAX-03;medium;taxonomy;Categorie fuori tema rispetto al contenuto;/web-marketing-per-palestre-e-centri-sportivi;"categoria ""E-commerce"" non coerente, suggerita ""Marketing""";no
TAX-03;medium;taxonomy;Categorie fuori tema rispetto al contenuto;/mi-serve-davvero-un-sito-web-aziendale;"categoria ""E-commerce"" non coerente, suggerita ""Marketing""";no
TAX-03;medium;taxonomy;Categorie fuori tema rispetto al contenuto;/quali-sono-i-servizi-offerti-da-unagenzia-di-comunicazione-a-palermo;"categoria ""E-commerce"" non coerente, suggerita ""Marketing""";no
TAX-03;medium;taxonomy;Categorie fuori tema rispetto al contenuto;/il-marketing-per-attivita-locali-i-vantaggi-di-affidarsi-a-una-web-agency;"categoria ""E-commerce"" non coerente, suggerita ""Marketing""";no
TAX-03;medium;taxonomy;Categorie fuori tema rispetto al contenuto;/marketing-online-per-la-tua-concessionaria;"categoria ""E-commerce"" non coerente, suggerita ""Marketing""";no
TAX-03;medium;taxonomy;Categorie fuori tema rispetto al contenuto;/marketing-online-per-il-tuo-negozio-di-abbigliamento;"categoria ""E-commerce"" non coerente, suggerita ""Marketing""";no
TAX-03;medium;taxonomy;Categorie fuori tema rispetto al contenuto;/web-marketing-per-la-tua-parruccheria;"categoria ""E-commerce"" non coerente, suggerita ""Marketing""";no
TAX-03;medium;taxonomy;Categorie fuori tema rispetto al contenuto;/come-promuovere-il-tuo-salone-di-bellezza-a-palermo;"categoria ""E-commerce"" non coerente, suggerita ""Marketing""";no
TAX-03;medium;taxonomy;Categorie fuori tema rispetto al contenuto;/come-pubblicizzare-la-tua-ottica-a-palermo;"categoria ""E-commerce"" non coerente, suggerita ""Marketing""";no
TAX-03;medium;taxonomy;Categorie fuori tema rispetto al contenuto;/come-pubblicizzare-la-tua-pizzeria;"categoria ""E-commerce"" non coerente, suggerita ""Marketing""";no
TAX-03;medium;taxonomy;Categorie fuori tema rispetto al contenuto;/gestione-marketing-per-il-tuo-pub;"categoria ""E-commerce"" non coerente, suggerita ""Marketing""";no
TAX-03;medium;taxonomy;Categorie fuori tema rispetto al contenuto;/idee-creative-per-pubblicizzare-la-tua-panineria;"categoria ""E-commerce"" non coerente, suggerita ""Marketing""";no
TAX-03;medium;taxonomy;Categorie fuori tema rispetto al contenuto;/gestione-marketing-per-la-tua-hamburgeria;"categoria ""E-commerce"" non coerente, suggerita ""Marketing""";no
TAX-03;medium;taxonomy;Categorie fuori tema rispetto al contenuto;/strategie-di-marketing-di-successo-i-passi-fondamentali-per-distinguersi-nel-mercato;"categoria ""E-commerce"" non coerente, suggerita ""Marketing""";no
TAX-03;medium;taxonomy;Categorie fuori tema rispetto al contenuto;/pubblicita-per-il-tuo-brand-a-palermo-come-differenziarsi-dalla-massa;"categoria ""E-commerce"" non coerente, suggerita ""Marketing""";no
TAX-03;medium;taxonomy;Categorie fuori tema rispetto al contenuto;/restare-al-passo-coi-trend-e-difficile-scopri-come-unagenzia-di-comunicazione-puo-aiutarti;"categoria ""E-commerce"" non coerente, suggerita ""Marketing""";no
TAX-03;medium;taxonomy;Categorie fuori tema rispetto al contenuto;/usa-la-local-seo-e-porta-il-tuo-business-al-top;"categoria ""E-commerce"" non coerente, suggerita ""Web development""";no
TAX-03;medium;taxonomy;Categorie fuori tema rispetto al contenuto;/mobile-marketing-e-micro-momenti;"categoria ""E-commerce"" non coerente, suggerita ""Marketing""";no
TAX-03;medium;taxonomy;Categorie fuori tema rispetto al contenuto;/social-media-marketing-nel-settore-arredamento;"categoria ""E-commerce"" non coerente, suggerita ""Marketing""";no
TAX-03;medium;taxonomy;Categorie fuori tema rispetto al contenuto;/il-web-design-e-la-sua-evoluzione;"categoria ""E-commerce"" non coerente, suggerita ""Web development""";no
TAX-03;medium;taxonomy;Categorie fuori tema rispetto al contenuto;/marketing-esperienziale-coinvolgi-il-pubblico-con-esperienze-uniche;"categoria ""E-commerce"" non coerente, suggerita ""Marketing""";no
TAX-03;medium;taxonomy;Categorie fuori tema rispetto al contenuto;/come-creare-siti-web-professionali-e-di-qualita;"categoria ""E-commerce"" non coerente, suggerita ""Marketing""";no
TAX-03;medium;taxonomy;Categorie fuori tema rispetto al contenuto;/come-scegliere-lagenzia-pubblicitaria-a-palermo-ideale-per-la-vostra-azienda;"categoria ""E-commerce"" non coerente, suggerita ""Marketing""";no
TAX-03;medium;taxonomy;Categorie fuori tema rispetto al contenuto;/10-modi-per-migliorare-la-visibilita-del-tuo-sito-web-sui-motori-di-ricerca;"categoria ""E-commerce"" non coerente, suggerita ""Web development""";no
TAX-03;medium;taxonomy;Categorie fuori tema rispetto al contenuto;/web-agency-a-palermo-per-creare-un-sito-professionale;"categoria ""E-commerce"" non coerente, suggerita ""Web development""";no
TAX-03;medium;taxonomy;Categorie fuori tema rispetto al contenuto;/digital-agency-a-palermo-la-soluzione-completa-per-la-tua-presenza-online;"categoria ""E-commerce"" non coerente, suggerita ""Marketing""";no
TAX-03;medium;taxonomy;Categorie fuori tema rispetto al contenuto;/creare-un-video-aziendale-efficace-coinvolgente-e-professionale;"categoria ""E-commerce"" non coerente, suggerita ""Marketing""";no
TAX-03;medium;taxonomy;Categorie fuori tema rispetto al contenuto;/rendi-la-tua-azienda-digitale-trasformazione-e-innovazione-a-palermo;"categoria ""E-commerce"" non coerente, suggerita ""Marketing""";no
TAX-03;medium;taxonomy;Categorie fuori tema rispetto al contenuto;/come-migliorare-la-tua-brand-reputation-con-le-attivita-di-digital-marketing;"categoria ""E-commerce"" non coerente, suggerita ""Marketing""";no
TAX-03;medium;taxonomy;Categorie fuori tema rispetto al contenuto;/come-realizzare-un-sito-web-efficace-le-migliori-alternative-per-creare-un-percorso-di-successo-online;"categoria ""E-commerce"" non coerente, suggerita ""Marketing""";no
TAX-03;medium;taxonomy;Categorie fuori tema rispetto al contenuto;/sito-web-accessibile-cose-come-crearlo-e-perche-e-importante;"categoria ""E-commerce"" non coerente, suggerita ""Web development""";no
TAX-03;medium;taxonomy;Categorie fuori tema rispetto al contenuto;/privacy-policy-sito-web-cose-e-come-scriverla-correttamente;"categoria ""E-commerce"" non coerente, suggerita ""Web development""";no
TAX-03;medium;taxonomy;Categorie fuori tema rispetto al contenuto;/le-11-regole-per-un-sito-web-efficace;"categoria ""E-commerce"" non coerente, suggerita ""Web development""";no
TAX-03;medium;taxonomy;Categorie fuori tema rispetto al contenuto;/creare-un-sito-web-a-palermo-le-caratteristiche-di-unarchitettura-efficace;"categoria ""E-commerce"" non coerente, suggerita ""Web development""";no
TAX-03;medium;taxonomy;Categorie fuori tema rispetto al contenuto;/strategie-di-web-reputation-come-costruire-gestire-e-misurare-la-percezione-online;"categoria ""E-commerce"" non coerente, suggerita ""Marketing""";no
TAX-03;medium;taxonomy;Categorie fuori tema rispetto al contenuto;/sognavi-un-hotel-sempre-pieno-il-web-marketing-per-il-turismo-puo-trasformare-il-tuo-sogno-in-realta;"categoria ""E-commerce"" non coerente, suggerita ""Marketing""";no
TAX-03;medium;taxonomy;Categorie fuori tema rispetto al contenuto;/google-ai-search-la-nuova-era-della-ricerca-intelligente-e-le-opportunita-per-il-marketing;"categoria ""E-commerce"" non coerente, suggerita ""Marketing""";no
TAX-03;medium;taxonomy;Categorie fuori tema rispetto al contenuto;/come-essere-in-prima-pagina-su-google-le-bugie-piu-diffuse-sulla-seo;"categoria ""E-commerce"" non coerente, suggerita ""Marketing""";no
TAX-03;medium;taxonomy;Categorie fuori tema rispetto al contenuto;/gestione-marketing-per-la-tua-enoteca;"categoria ""E-commerce"" non coerente, suggerita ""Marketing""";no
TAX-03;medium;taxonomy;Categorie fuori tema rispetto al contenuto;/gestione-marketing-per-il-tuo-fast-food;"categoria ""E-commerce"" non coerente, suggerita ""Marketing""";no
TAX-03;medium;taxonomy;Categorie fuori tema rispetto al contenuto;/gestione-social-media-per-la-tua-attivita;"categoria ""E-commerce"" non coerente, suggerita ""Marketing""";no
TAX-03;medium;taxonomy;Categorie fuori tema rispetto al contenuto;/marketing-e-pubblicita-a-palermo-tutti-i-tipi-di-pubblicita-per-far-crescere-la-tua-attivita;"categoria ""E-commerce"" non coerente, suggerita ""Marketing""";no
TAX-03;medium;taxonomy;Categorie fuori tema rispetto al contenuto;/vuoi-aprire-unattivita-a-palermo-e-non-sai-a-chi-affidarti-ecco-come-fare-gestione-marketing-attivita-a-palermo;"categoria ""E-commerce"" non coerente, suggerita ""Marketing""";no
TAX-03;medium;taxonomy;Categorie fuori tema rispetto al contenuto;/la-tua-agenzia-di-marketing-a-palermo-per-una-crescita-su-misura;"categoria ""E-commerce"" non coerente, suggerita ""Marketing""";no
TAX-03;medium;taxonomy;Categorie fuori tema rispetto al contenuto;/quanto-costa-realizzare-un-cartello-pubblicitario-a-palermo;"categoria ""E-commerce"" non coerente, suggerita ""Marketing""";no
TAX-03;medium;taxonomy;Categorie fuori tema rispetto al contenuto;/cosa-fare-per-indicizzare-il-tuo-sito-web;"categoria ""E-commerce"" non coerente, suggerita ""Web development""";no
TAX-03;medium;taxonomy;Categorie fuori tema rispetto al contenuto;/non-sai-come-sponsorizzare-il-tuo-progetto-artistico-scopri-le-strategie-vincenti;"categoria ""E-commerce"" non coerente, suggerita ""Marketing""";no
TAX-03;medium;taxonomy;Categorie fuori tema rispetto al contenuto;/il-partner-giusto-per-il-tuo-successo-come-trovare-uno-sponsor-affidabile-a-palermo;"categoria ""E-commerce"" non coerente, suggerita ""Marketing""";no
TAX-03;medium;taxonomy;Categorie fuori tema rispetto al contenuto;/marketing-per-imprese-edili;"categoria ""E-commerce"" non coerente, suggerita ""Marketing""";no
TAX-03;medium;taxonomy;Categorie fuori tema rispetto al contenuto;/web-agency-a-palermo-la-guida-completa-per-far-crescere-la-tua-attivita-online;"categoria ""E-commerce"" non coerente, suggerita ""Marketing""";no
TAX-03;medium;taxonomy;Categorie fuori tema rispetto al contenuto;/copywriter-seo-per-i-social-media-perche-a-google-piace-web-agency-seo-a-palermo;"categoria ""E-commerce"" non coerente, suggerita ""Marketing""";no
TAX-03;medium;taxonomy;Categorie fuori tema rispetto al contenuto;/web-agency-a-palermo-per-il-settore-immobiliare-la-chiave-per-il-successo-online;"categoria ""E-commerce"" non coerente, suggerita ""Marketing""";no
TAX-03;medium;taxonomy;Categorie fuori tema rispetto al contenuto;/web-agency-per-startup-a-palermo-la-tua-guida-al-successo-digitale;"categoria ""E-commerce"" non coerente, suggerita ""Marketing""";no
TAX-03;medium;taxonomy;Categorie fuori tema rispetto al contenuto;/web-agency-a-palermo-per-eventi-massimizza-la-partecipazione-al-tuo-evento;"categoria ""E-commerce"" non coerente, suggerita ""Marketing""";no
TAX-03;medium;taxonomy;Categorie fuori tema rispetto al contenuto;/web-agency-locale-a-palermo-la-tua-guida-per-conquistare-il-pubblico-della-citta;"categoria ""E-commerce"" non coerente, suggerita ""Marketing""";no
TAX-03;medium;taxonomy;Categorie fuori tema rispetto al contenuto;/pubblicita-digitale-a-palermo-come-aumentare-la-visibilita-della-tua-attivita;"categoria ""E-commerce"" non coerente, suggerita ""Marketing""";no
TAX-03;medium;taxonomy;Categorie fuori tema rispetto al contenuto;/creazione-siti-web-professionali-a-palermo-costruisci-la-tua-identita-digitale;"categoria ""E-commerce"" non coerente, suggerita ""Marketing""";no
TAX-03;medium;taxonomy;Categorie fuori tema rispetto al contenuto;/marketing-per-farmacie-come-aumentare-visibilita-e-fidelizzare-i-clienti;"categoria ""E-commerce"" non coerente, suggerita ""Marketing""";no
TAX-03;medium;taxonomy;Categorie fuori tema rispetto al contenuto;/marketing-digitale-a-palermo-la-chiave-per-il-successo-della-tua-attivita;"categoria ""E-commerce"" non coerente, suggerita ""Marketing""";no
TAX-03;medium;taxonomy;Categorie fuori tema rispetto al contenuto;/come-si-chiama-chi-crea-un-sito-web-scopri-la-figura-del-web-developer;"categoria ""E-commerce"" non coerente, suggerita ""Web development""";no
TAX-03;medium;taxonomy;Categorie fuori tema rispetto al contenuto;/chi-lavora-in-una-web-agency-scopri-i-ruoli-principali;"categoria ""E-commerce"" non coerente, suggerita ""Marketing""";no
TAX-03;medium;taxonomy;Categorie fuori tema rispetto al contenuto;/cosa-si-intende-per-pubblicita-una-guida-completa-al-mondo-pubblicitario;"categoria ""E-commerce"" non coerente, suggerita ""Marketing""";no
TAX-03;medium;taxonomy;Categorie fuori tema rispetto al contenuto;/come-farsi-pubblicita-gratis-strategie-efficaci-per-aumentare-la-visibilita;"categoria ""E-commerce"" non coerente, suggerita ""Marketing""";no
TAX-03;medium;taxonomy;Categorie fuori tema rispetto al contenuto;/qual-e-il-compito-della-pubblicita-capire-lobiettivo-e-il-valore-della-comunicazione-pubblicitaria;"categoria ""E-commerce"" non coerente, suggerita ""Marketing""";no
TAX-03;medium;taxonomy;Categorie fuori tema rispetto al contenuto;/quanto-si-paga-unagenzia-di-comunicazione-guida-ai-costi-dei-servizi-di-comunicazione;"categoria ""E-commerce"" non coerente, suggerita ""Marketing""";no
TAX-03;medium;taxonomy;Categorie fuori tema rispetto al contenuto;/cosa-fa-lagenzia-di-marketing-una-guida-ai-servizi-e-al-ruolo-strategico;"categoria ""E-commerce"" non coerente, suggerita ""Marketing""";no
TAX-03;medium;taxonomy;Categorie fuori tema rispetto al contenuto;/che-cose-unazienda-di-marketing-scopri-il-motore-del-successo-aziendale;"categoria ""E-commerce"" non coerente, suggerita ""Marketing""";no
TAX-03;medium;taxonomy;Categorie fuori tema rispetto al contenuto;/3-tipi-di-marketing-a-palermo-scopri-le-strategie-per-il-successo-della-tua-attivita;"categoria ""E-commerce"" non coerente, suggerita ""Marketing""";no
TAX-03;medium;taxonomy;Categorie fuori tema rispetto al contenuto;/che-lavoro-fa-il-marketing-il-motore-che-trasforma-idee-in-successo;"categoria ""E-commerce"" non coerente, suggerita ""Marketing""";no
TAX-03;medium;taxonomy;Categorie fuori tema rispetto al contenuto;/come-fare-unottima-pubblicita-strategie-vincenti-per-il-tuo-successo;"categoria ""E-commerce"" non coerente, suggerita ""Marketing""";no
TAX-03;medium;taxonomy;Categorie fuori tema rispetto al contenuto;/dove-fare-pubblicita-a-basso-costo-scopri-le-migliori-strategie-economiche-per-promuovere-la-tua-attivita;"categoria ""E-commerce"" non coerente, suggerita ""Marketing""";no
TAX-03;medium;taxonomy;Categorie fuori tema rispetto al contenuto;/quale-pubblicita-funziona-di-piu-scopri-le-strategie-piu-efficaci-per-il-tuo-business;"categoria ""E-commerce"" non coerente, suggerita ""Marketing""";no
TAX-03;medium;taxonomy;Categorie fuori tema rispetto al contenuto;/come-iniziare-a-fare-digital-marketing-guida-pratica-per-chi-vuole-emergere-online;"categoria ""E-commerce"" non coerente, suggerita ""Marketing""";no
TAX-03;medium;taxonomy;Categorie fuori tema rispetto al contenuto;/portfolio-fotografico-online-cose-e-perche-e-importante-crearlo;"categoria ""E-commerce"" non coerente, suggerita ""Software""";no
TAX-03;medium;taxonomy;Categorie fuori tema rispetto al contenuto;/rispondere-alle-recensioni-con-lai-la-nuova-frontiera-dellautomazione;"categoria ""E-commerce"" non coerente, suggerita ""Software""";no
TAX-03;medium;taxonomy;Categorie fuori tema rispetto al contenuto;/focus-group-cose-a-che-serve-e-come-farlo-al-meglio;"categoria ""E-commerce"" non coerente, suggerita ""Marketing""";no
TAX-03;medium;taxonomy;Categorie fuori tema rispetto al contenuto;/come-creare-sondaggi-online-e-raggiungere-il-tuo-pubblico-in-modo-efficace;"categoria ""E-commerce"" non coerente, suggerita ""Marketing""";no
TAX-03;medium;taxonomy;Categorie fuori tema rispetto al contenuto;/come-ridurre-peso-delle-foto-consigli-pratici-per-immagini-piu-leggere;"categoria ""E-commerce"" non coerente, suggerita ""Marketing""";no
TAX-03;medium;taxonomy;Categorie fuori tema rispetto al contenuto;/cosa-fa-un-ufficio-di-comunicazione-scopri-il-cuore-della-strategia-aziendale;"categoria ""E-commerce"" non coerente, suggerita ""Marketing""";no
TAX-03;medium;taxonomy;Categorie fuori tema rispetto al contenuto;/come-si-chiama-chi-si-occupa-di-comunicazione-scopri-i-ruoli-e-le-competenze-di-questi-professionisti;"categoria ""E-commerce"" non coerente, suggerita ""Marketing""";no
TAX-03;medium;taxonomy;Categorie fuori tema rispetto al contenuto;/come-trovare-unagenzia-di-comunicazione-consigli-per-scegliere-il-partner-giusto;"categoria ""E-commerce"" non coerente, suggerita ""Marketing""";no
TAX-03;medium;taxonomy;Categorie fuori tema rispetto al contenuto;/scegliere-la-giusta-agenzia-di-comunicazione-consigli-e-strategie-per-trovare-il-partner-ideale;"categoria ""E-commerce"" non coerente, suggerita ""Marketing""";no
TAX-03;medium;taxonomy;Categorie fuori tema rispetto al contenuto;/come-sfruttare-al-meglio-i-test-a-b-per-aumentare-le-conversioni;"categoria ""E-commerce"" non coerente, suggerita ""Marketing""";no
TAX-03;medium;taxonomy;Categorie fuori tema rispetto al contenuto;/come-creare-un-podcast-aziendale-per-migliorare-il-posizionamento-del-brand;"categoria ""E-commerce"" non coerente, suggerita ""Marketing""";no
TAX-03;medium;taxonomy;Categorie fuori tema rispetto al contenuto;/come-trovare-il-co-founder-perfetto-per-la-tua-startup-e-lo-sponsor-ideale-per-la-tua-crescita;"categoria ""E-commerce"" non coerente";no
TAX-03;medium;taxonomy;Categorie fuori tema rispetto al contenuto;/i-migliori-formati-banner-per-ottimizzare-le-tue-campagne-pubblicitarie;"categoria ""E-commerce"" non coerente, suggerita ""Marketing""";no
TAX-03;medium;taxonomy;Categorie fuori tema rispetto al contenuto;/come-crescere-su-instagram-8-tattiche-per-sfruttare-lalgoritmo-e-aumentare-lengagement;"categoria ""E-commerce"" non coerente, suggerita ""Marketing""";no
TAX-03;medium;taxonomy;Categorie fuori tema rispetto al contenuto;/tiktok-adv-o-instagram-adv-qual-e-la-piattaforma-migliore-per-la-tua-campagna-online;"categoria ""E-commerce"" non coerente, suggerita ""Marketing""";no
TAX-03;medium;taxonomy;Categorie fuori tema rispetto al contenuto;/la-potenza-dei-micro-influencer-e-il-loro-impatto-online-per-le-aziende;"categoria ""E-commerce"" non coerente, suggerita ""Marketing""";no
TAX-03;medium;taxonomy;Categorie fuori tema rispetto al contenuto;/quanto-e-importante-il-feedback-dei-clienti-per-migliorare-il-tuo-business;"categoria ""E-commerce"" non coerente, suggerita ""Marketing""";no
TAX-03;medium;taxonomy;Categorie fuori tema rispetto al contenuto;/la-gen-z-e-il-nuovo-percorso-di-acquisto-come-adattare-la-tua-strategia-di-marketing;"categoria ""E-commerce"" non coerente, suggerita ""Marketing""";no
TAX-03;medium;taxonomy;Categorie fuori tema rispetto al contenuto;/marketing-sostenibile-cose-e-come-farlo;"categoria ""E-commerce"" non coerente, suggerita ""Marketing""";no
TAX-03;medium;taxonomy;Categorie fuori tema rispetto al contenuto;/video-verticali-luso-strategico-per-i-tuoi-social;"categoria ""E-commerce"" non coerente, suggerita ""Marketing""";no
TAX-03;medium;taxonomy;Categorie fuori tema rispetto al contenuto;/video-marketing-cose-e-perche-dovresti-farlo;"categoria ""E-commerce"" non coerente, suggerita ""Marketing""";no
TAX-03;medium;taxonomy;Categorie fuori tema rispetto al contenuto;/visual-storytelling-una-storia-di-successo;"categoria ""E-commerce"" non coerente, suggerita ""Marketing""";no
TAX-03;medium;taxonomy;Categorie fuori tema rispetto al contenuto;/tutti-i-vantaggi-di-scegliere-una-web-agency-per-il-tuo-business;"categoria ""E-commerce"" non coerente, suggerita ""Marketing""";no
TAX-03;medium;taxonomy;Categorie fuori tema rispetto al contenuto;/il-diario-segreto-di-una-web-agency-storie-di-successi-digitali;"categoria ""E-commerce"" non coerente, suggerita ""Marketing""";no
TAX-03;medium;taxonomy;Categorie fuori tema rispetto al contenuto;/il-laboratorio-creativo-di-una-web-agency-dove-nascono-le-idee;"categoria ""E-commerce"" non coerente";no
TAX-03;medium;taxonomy;Categorie fuori tema rispetto al contenuto;/quando-la-web-agency-incontra-lintelligenza-artificiale;"categoria ""E-commerce"" non coerente, suggerita ""Marketing""";no
TAX-03;medium;taxonomy;Categorie fuori tema rispetto al contenuto;/i-siti-web-del-futuro-come-saranno-nel-2050;"categoria ""E-commerce"" non coerente, suggerita ""Web development""";no
TAX-03;medium;taxonomy;Categorie fuori tema rispetto al contenuto;/siti-web-quando-il-design-incontra-lanima;"categoria ""E-commerce"" non coerente, suggerita ""Marketing""";no
TAX-03;medium;taxonomy;Categorie fuori tema rispetto al contenuto;/i-custodi-dei-siti-web-chi-protegge-i-tuoi-dati;"categoria ""E-commerce"" non coerente, suggerita ""Marketing""";no
TAX-03;medium;taxonomy;Categorie fuori tema rispetto al contenuto;/siti-web-intelligenti-come-reagiscono-ai-tuoi-bisogni;"categoria ""E-commerce"" non coerente, suggerita ""Web development""";no
TAX-03;medium;taxonomy;Categorie fuori tema rispetto al contenuto;/agenzia-di-comunicazione-visiva-come-catturare-lattenzione-del-pubblico;"categoria ""E-commerce"" non coerente, suggerita ""Marketing""";no
TAX-03;medium;taxonomy;Categorie fuori tema rispetto al contenuto;/agenzia-di-comunicazione-strategica-come-pianificare-il-successo;"categoria ""E-commerce"" non coerente, suggerita ""Marketing""";no
TAX-03;medium;taxonomy;Categorie fuori tema rispetto al contenuto;/agenzia-di-comunicazione-per-eventi-trasformare-ogni-occasione-in-opportunita-di-successo;"categoria ""E-commerce"" non coerente, suggerita ""Marketing""";no
TAX-03;medium;taxonomy;Categorie fuori tema rispetto al contenuto;/agenzia-di-comunicazione-video-limpatto-del-visual-marketing;"categoria ""E-commerce"" non coerente, suggerita ""Marketing""";no
TAX-03;medium;taxonomy;Categorie fuori tema rispetto al contenuto;/come-raggiungere-al-meglio-il-proprio-pubblico-strategie-efficaci-per-comunicare-con-successo;"categoria ""E-commerce"" non coerente, suggerita ""Marketing""";no
TAX-03;medium;taxonomy;Categorie fuori tema rispetto al contenuto;/perche-hai-bisogno-di-un-social-media-manager-a-palermo;"categoria ""E-commerce"" non coerente, suggerita ""Marketing""";no
TAX-03;medium;taxonomy;Categorie fuori tema rispetto al contenuto;/come-strutturare-una-strategia-digitale-efficace;"categoria ""E-commerce"" non coerente, suggerita ""Marketing""";no
TAX-03;medium;taxonomy;Categorie fuori tema rispetto al contenuto;/migliorare-lindicizzazione-su-google-strategie-efficaci-per-scalare-la-serp;"categoria ""E-commerce"" non coerente, suggerita ""Marketing""";no
TAX-03;medium;taxonomy;Categorie fuori tema rispetto al contenuto;/progettare-un-packaging-efficace-guida-per-valorizzare-il-tuo-prodotto;"categoria ""E-commerce"" non coerente, suggerita ""Marketing""";no
TAX-03;medium;taxonomy;Categorie fuori tema rispetto al contenuto;/la-penna-magica-di-unagenzia-di-comunicazione-il-potere-dello-storytelling-che-emoziona-e-conquista;"categoria ""E-commerce"" non coerente, suggerita ""Marketing""";no
TAX-03;medium;taxonomy;Categorie fuori tema rispetto al contenuto;/larte-della-comunicazione-di-lusso-strategie-esclusive-per-conquistare-clienti-premium;"categoria ""E-commerce"" non coerente, suggerita ""Marketing""";no
TAX-03;medium;taxonomy;Categorie fuori tema rispetto al contenuto;/viaggi-nellera-digitale-come-unagenzia-di-comunicazione-trasforma-il-turismo-in-emozione;"categoria ""E-commerce"" non coerente, suggerita ""Marketing""";no
TAX-03;medium;taxonomy;Categorie fuori tema rispetto al contenuto;/strategie-su-misura-come-unagenzia-di-comunicazione-per-pmi-guida-al-successo-nel-mercato-locale;"categoria ""E-commerce"" non coerente, suggerita ""Marketing""";no
TAX-03;medium;taxonomy;Categorie fuori tema rispetto al contenuto;/come-unagenzia-di-comunicazione-e-influencer-marketing-trasforma-la-pubblicita-moderna;"categoria ""E-commerce"" non coerente, suggerita ""Marketing""";no
TAX-03;medium;taxonomy;Categorie fuori tema rispetto al contenuto;/come-scegliere-unagenzia-di-comunicazione-efficace-la-guida-per-il-successo-del-tuo-brand;"categoria ""E-commerce"" non coerente, suggerita ""Marketing""";no
TAX-03;medium;taxonomy;Categorie fuori tema rispetto al contenuto;/servizi-di-comunicazione-digitale-la-chiave-per-il-successo-nel-mondo-online;"categoria ""E-commerce"" non coerente, suggerita ""Marketing""";no
TAX-03;medium;taxonomy;Categorie fuori tema rispetto al contenuto;/creazione-di-strategie-di-comunicazione-guida-per-un-successo-garantito;"categoria ""E-commerce"" non coerente, suggerita ""Marketing""";no
TAX-03;medium;taxonomy;Categorie fuori tema rispetto al contenuto;/soluzioni-per-la-comunicazione-aziendale-strategie-per-far-crescere-il-tuo-brand;"categoria ""E-commerce"" non coerente, suggerita ""Marketing""";no
TAX-03;medium;taxonomy;Categorie fuori tema rispetto al contenuto;/esperti-in-comunicazione-e-branding-il-segreto-per-un-brand-di-successo;"categoria ""E-commerce"" non coerente, suggerita ""Marketing""";no
TAX-03;medium;taxonomy;Categorie fuori tema rispetto al contenuto;/branding-da-sogno-come-unagenzia-di-comunicazione-costruisce-unidentita-vincente;"categoria ""E-commerce"" non coerente, suggerita ""Marketing""";no
TAX-03;medium;taxonomy;Categorie fuori tema rispetto al contenuto;/strategie-di-marketing-per-aziende-come-costruire-un-piano-di-successo;"categoria ""E-commerce"" non coerente, suggerita ""Marketing""";no
TAX-03;medium;taxonomy;Categorie fuori tema rispetto al contenuto;/consulenza-per-la-creazione-di-brand-costruisci-unidentita-vincente;"categoria ""E-commerce"" non coerente, suggerita ""Marketing""";no
TAX-03;medium;taxonomy;Categorie fuori tema rispetto al contenuto;/creazione-di-marchi-aziendali-come-costruire-unidentita-forte-e-riconoscibile;"categoria ""E-commerce"" non coerente, suggerita ""Marketing""";no
TAX-03;medium;taxonomy;Categorie fuori tema rispetto al contenuto;/come-costruire-un-marchio-di-successo-con-lo-sviluppo-e-gestione-del-brand-a-palermo;"categoria ""E-commerce"" non coerente, suggerita ""Marketing""";no
TAX-03;medium;taxonomy;Categorie fuori tema rispetto al contenuto;/gestione-della-reputazione-online-come-proteggere-e-migliorare-limmagine-del-tuo-brand;"categoria ""E-commerce"" non coerente, suggerita ""Marketing""";no
TAX-03;medium;taxonomy;Categorie fuori tema rispetto al contenuto;/comunicazione-per-la-crescita-aziendale-strategie-per-raggiungere-il-successo;"categoria ""E-commerce"" non coerente, suggerita ""Marketing""";no
TAX-03;medium;taxonomy;Categorie fuori tema rispetto al contenuto;/agenzia-tiktok-come-sfruttare-il-potenziale-di-tiktok-per-il-tuo-brand;"categoria ""E-commerce"" non coerente, suggerita ""Marketing""";no
TAX-03;medium;taxonomy;Categorie fuori tema rispetto al contenuto;/come-funzionano-le-agenzie-su-tiktok-scopri-come-potenziare-il-tuo-brand;"categoria ""E-commerce"" non coerente, suggerita ""Marketing""";no
TAX-03;medium;taxonomy;Categorie fuori tema rispetto al contenuto;/come-si-fa-a-crescere-su-tiktok-strategie-per-aumentare-visibilita-e-engagement;"categoria ""E-commerce"" non coerente, suggerita ""Marketing""";no
TAX-03;medium;taxonomy;Categorie fuori tema rispetto al contenuto;/agenzia-per-eventi-a-palermo-come-organizzare-eventi-indimenticabili;"categoria ""E-commerce"" non coerente, suggerita ""Software""";no
TAX-03;medium;taxonomy;Categorie fuori tema rispetto al contenuto;/organizzare-eventi-a-palermo-come-creare-esperienze-indimenticabili;"categoria ""E-commerce"" non coerente";no
TAX-03;medium;taxonomy;Categorie fuori tema rispetto al contenuto;/come-organizzare-eventi-aziendali-di-successo-strategie-vincenti-per-il-tuo-business;"categoria ""E-commerce"" non coerente, suggerita ""Marketing""";no
TAX-03;medium;taxonomy;Categorie fuori tema rispetto al contenuto;/come-realizzare-un-evento-di-lancio-prodotto-di-successo-a-palermo;"categoria ""E-commerce"" non coerente";no
TAX-03;medium;taxonomy;Categorie fuori tema rispetto al contenuto;/come-gestire-eventi-privati-con-successo-dalla-festa-di-compleanno-a-eventi-esclusivi;"categoria ""E-commerce"" non coerente";no
TAX-03;medium;taxonomy;Categorie fuori tema rispetto al contenuto;/social-media-manager-a-palermo-come-scegliere-il-professionista-giusto-per-il-tuo-brand;"categoria ""E-commerce"" non coerente, suggerita ""Marketing""";no
TAX-03;medium;taxonomy;Categorie fuori tema rispetto al contenuto;/il-ruolo-di-un-social-media-manager-nelle-piccole-e-medie-imprese;"categoria ""E-commerce"" non coerente, suggerita ""Marketing""";no
TAX-03;medium;taxonomy;Categorie fuori tema rispetto al contenuto;/come-il-social-media-manager-puo-potenziare-la-tua-strategia-di-content-marketing;"categoria ""E-commerce"" non coerente, suggerita ""Marketing""";no
TAX-03;medium;taxonomy;Categorie fuori tema rispetto al contenuto;/come-diventare-un-social-media-manager-di-successo-guida-passo-dopo-passo;"categoria ""E-commerce"" non coerente, suggerita ""Marketing""";no
TAX-03;medium;taxonomy;Categorie fuori tema rispetto al contenuto;/che-cosa-fa-una-social-media-manager;"categoria ""E-commerce"" non coerente, suggerita ""Marketing""";no
TAX-03;medium;taxonomy;Categorie fuori tema rispetto al contenuto;/quanto-costa-farsi-gestire-un-profilo-instagram;"categoria ""E-commerce"" non coerente, suggerita ""Marketing""";no
TAX-03;medium;taxonomy;Categorie fuori tema rispetto al contenuto;/5-errori-silenziosi-che-stai-commettendo-nel-tuo-sito-web-aziendale;"categoria ""E-commerce"" non coerente, suggerita ""Web development""";no
TAX-03;medium;taxonomy;Categorie fuori tema rispetto al contenuto;/strategie-digitali-per-artigiani-locali-come-vendere-di-piu-online-marketing;"categoria ""E-commerce"" non coerente, suggerita ""Marketing""";no
TAX-03;medium;taxonomy;Categorie fuori tema rispetto al contenuto;/il-potere-delle-landing-page-per-attivita-locali-converti-i-clienti-della-tua-citta;"categoria ""E-commerce"" non coerente, suggerita ""Web development""";no
TAX-03;medium;taxonomy;Categorie fuori tema rispetto al contenuto;/micro-influencer-locale-come-usarli-per-far-crescere-la-tua-azienda-marketing-palermo;"categoria ""E-commerce"" non coerente, suggerita ""Marketing""";no
TAX-03;medium;taxonomy;Categorie fuori tema rispetto al contenuto;/posizionamento-zero-su-google-cose-e-come-ottenerlo;"categoria ""E-commerce"" non coerente, suggerita ""Software""";no
TAX-03;medium;taxonomy;Categorie fuori tema rispetto al contenuto;/come-unire-seo-e-branding-visivo-in-un-solo-progetto-web;"categoria ""E-commerce"" non coerente, suggerita ""Marketing""";no
TAX-03;medium;taxonomy;Categorie fuori tema rispetto al contenuto;/leffetto-domino-delle-recensioni-online-per-le-attivita-locali;"categoria ""E-commerce"" non coerente, suggerita ""Marketing""";no
TAX-03;medium;taxonomy;Categorie fuori tema rispetto al contenuto;/seo-per-podcast-e-audio-contenuti-come-farli-trovare-online;"categoria ""E-commerce"" non coerente, suggerita ""Marketing""";no
TAX-03;medium;taxonomy;Categorie fuori tema rispetto al contenuto;/siti-one-page-quando-funzionano-davvero;"categoria ""E-commerce"" non coerente";no
TAX-03;medium;taxonomy;Categorie fuori tema rispetto al contenuto;/strategie-digitali-per-chi-apre-una-start-up-culturale-a-palermo;"categoria ""E-commerce"" non coerente, suggerita ""Marketing""";no
TAX-03;medium;taxonomy;Categorie fuori tema rispetto al contenuto;/come-promuovere-la-tua-casa-vacanze-con-il-marketing-locale-digitale;"categoria ""E-commerce"" non coerente, suggerita ""Marketing""";no
TAX-03;medium;taxonomy;Categorie fuori tema rispetto al contenuto;/brand-identity-per-artisti-e-creativi-distinguersi-online-in-modo-autentico;"categoria ""E-commerce"" non coerente, suggerita ""Marketing""";no
TAX-03;medium;taxonomy;Categorie fuori tema rispetto al contenuto;/il-ruolo-del-marketing-digitale-per-le-librerie-indipendenti;"categoria ""E-commerce"" non coerente, suggerita ""Marketing""";no
TAX-03;medium;taxonomy;Categorie fuori tema rispetto al contenuto;/comunicazione-digitale-per-associazioni-no-profit-come-farsi-conoscere;"categoria ""E-commerce"" non coerente, suggerita ""Marketing""";no
TAX-03;medium;taxonomy;Categorie fuori tema rispetto al contenuto;/strategie-web-per-eventi-teatrali-e-spettacoli-indipendenti;"categoria ""E-commerce"" non coerente, suggerita ""Marketing""";no
TAX-03;medium;taxonomy;Categorie fuori tema rispetto al contenuto;/digitale-e-tradizione-come-promuovere-botteghe-storiche-con-nuove-strategie-comunicazione;"categoria ""E-commerce"" non coerente, suggerita ""Marketing""";no
TAX-03;medium;taxonomy;Categorie fuori tema rispetto al contenuto;/formazione-online-come-promuovere-il-tuo-corso-o-workshop-sul-web;"categoria ""E-commerce"" non coerente, suggerita ""Marketing""";no
TAX-03;medium;taxonomy;Categorie fuori tema rispetto al contenuto;/dalla-strada-al-web-come-promuovere-un-food-truck-a-palermo;"categoria ""E-commerce"" non coerente, suggerita ""Marketing""";no
TAX-03;medium;taxonomy;Categorie fuori tema rispetto al contenuto;/digital-strategy-per-laboratori-di-analisi-come-farsi-scegliere-online;"categoria ""E-commerce"" non coerente, suggerita ""Marketing""";no
TAX-03;medium;taxonomy;Categorie fuori tema rispetto al contenuto;/come-comunicare-online-per-una-scuola-di-musica-o-danza-a-palermo;"categoria ""E-commerce"" non coerente, suggerita ""Marketing""";no
TAX-03;medium;taxonomy;Categorie fuori tema rispetto al contenuto;/come-far-crescere-una-sartoria-o-atelier-online-strategie-su-misura;"categoria ""E-commerce"" non coerente, suggerita ""Marketing""";no
TAX-03;medium;taxonomy;Categorie fuori tema rispetto al contenuto;/pet-business-come-farsi-conoscere-online-con-una-comunicazione-mirata;"categoria ""E-commerce"" non coerente, suggerita ""Marketing""";no
TAX-03;medium;taxonomy;Categorie fuori tema rispetto al contenuto;/ristorazione-vegetariana-e-vegana-come-comunicare-i-tuoi-valori-online;"categoria ""E-commerce"" non coerente, suggerita ""Marketing""";no
TAX-03;medium;taxonomy;Categorie fuori tema rispetto al contenuto;/digital-strategy-per-wedding-planner-e-servizi-per-eventi-privati;"categoria ""E-commerce"" non coerente, suggerita ""Marketing""";no
TAX-03;medium;taxonomy;Categorie fuori tema rispetto al contenuto;/consulenti-psicologi-e-coach-come-trovare-clienti-online-a-palermo;"categoria ""E-commerce"" non coerente, suggerita ""Marketing""";no
TAX-03;medium;taxonomy;Categorie fuori tema rispetto al contenuto;/servizi-alla-persona-promuovere-online-estetiste-massaggiatori-e-parrucchieri;"categoria ""E-commerce"" non coerente, suggerita ""Marketing""";no
TAX-03;medium;taxonomy;Categorie fuori tema rispetto al contenuto;/digital-branding-per-studi-legali-e-professionisti-del-diritto;"categoria ""E-commerce"" non coerente, suggerita ""Marketing""";no
TAX-03;medium;taxonomy;Categorie fuori tema rispetto al contenuto;/come-comunicare-in-modo-efficacer-studi-di-fisioterapia;"categoria ""E-commerce"" non coerente, suggerita ""Marketing""";no
TAX-03;medium;taxonomy;Categorie fuori tema rispetto al contenuto;/psicologi-online-come-promuoversi-nel-rispetto-della-deontologia;"categoria ""E-commerce"" non coerente, suggerita ""Marketing""";no
TAX-03;medium;taxonomy;Categorie fuori tema rispetto al contenuto;/come-promuovere-un-centro-odontoiatrico-sul-web-senza-perdere-serieta;"categoria ""E-commerce"" non coerente, suggerita ""Marketing""";no
TAX-03;medium;taxonomy;Categorie fuori tema rispetto al contenuto;/farmacie-e-parafarmacie-strategie-locali-per-aumentare-la-clientela;"categoria ""E-commerce"" non coerente, suggerita ""Marketing""";no
TAX-03;medium;taxonomy;Categorie fuori tema rispetto al contenuto;/come-far-crescere-un-centro-logopedico-con-il-supporto-digitale;"categoria ""E-commerce"" non coerente, suggerita ""Marketing""";no
TAX-03;medium;taxonomy;Categorie fuori tema rispetto al contenuto;/visibilita-online-per-nutrizionisti-e-biologi-cosa-funziona-davvero;"categoria ""E-commerce"" non coerente, suggerita ""Marketing""";no
TAX-03;medium;taxonomy;Categorie fuori tema rispetto al contenuto;/come-lanciare-una-clinica-estetica-digital-branding-per-la-bellezza;"categoria ""E-commerce"" non coerente, suggerita ""Marketing""";no
TAX-03;medium;taxonomy;Categorie fuori tema rispetto al contenuto;/servizi-veterinari-come-raggiungere-piu-clienti-online-in-modo-etico;"categoria ""E-commerce"" non coerente, suggerita ""Marketing""";no
TAX-03;medium;taxonomy;Categorie fuori tema rispetto al contenuto;/come-farsi-scegliere-online-come-ostetrica-o-operatore-del-benessere-femminile;"categoria ""E-commerce"" non coerente, suggerita ""Marketing""";no
TAX-03;medium;taxonomy;Categorie fuori tema rispetto al contenuto;/digital-strategy-per-studi-di-podologia-e-professionisti-del-piede;"categoria ""E-commerce"" non coerente, suggerita ""Marketing""";no
TAX-03;medium;taxonomy;Categorie fuori tema rispetto al contenuto;/come-promuovere-online-una-scuola-privata-o-centro-di-formazione-a-palermo;"categoria ""E-commerce"" non coerente, suggerita ""Marketing""";no
TAX-03;medium;taxonomy;Categorie fuori tema rispetto al contenuto;/comunicazione-per-architetti-e-interior-designer-il-progetto-parte-dal-web;"categoria ""E-commerce"" non coerente, suggerita ""Marketing""";no
TAX-03;medium;taxonomy;Categorie fuori tema rispetto al contenuto;/pet-sitter-e-pensioni-per-animali-come-attirare-piu-clienti-online;"categoria ""E-commerce"" non coerente, suggerita ""Marketing""";no
TAX-03;medium;taxonomy;Categorie fuori tema rispetto al contenuto;/servizi-per-linfanzia-come-farsi-conoscere-online-come-baby-sitter-o-tata-qualificata;"categoria ""E-commerce"" non coerente, suggerita ""Marketing""";no
TAX-03;medium;taxonomy;Categorie fuori tema rispetto al contenuto;/come-promuovere-online-una-cooperativa-sociale-a-palermo;"categoria ""E-commerce"" non coerente, suggerita ""Marketing""";no
TAX-03;medium;taxonomy;Categorie fuori tema rispetto al contenuto;/digital-strategy-per-agenzie-investigative-e-professionisti-della-sicurezza;"categoria ""E-commerce"" non coerente, suggerita ""Marketing""";no
TAX-03;medium;taxonomy;Categorie fuori tema rispetto al contenuto;/comunicazione-per-traduttori-e-interpreti-come-trovare-clienti-online;"categoria ""E-commerce"" non coerente, suggerita ""Marketing""";no
TAX-03;medium;taxonomy;Categorie fuori tema rispetto al contenuto;/social-media-manager-a-palermo-quanto-conta-davvero-per-unazienda-locale;"categoria ""E-commerce"" non coerente, suggerita ""Marketing""";no
TAX-03;medium;taxonomy;Categorie fuori tema rispetto al contenuto;/web-agency-a-palermo-per-professionisti-siti-e-strategie-personalizzate;"categoria ""E-commerce"" non coerente, suggerita ""Marketing""";no
TAX-03;medium;taxonomy;Categorie fuori tema rispetto al contenuto;/tiktok-e-instagram-reels-perche-ogni-impresa-a-palermo-deve-sfruttarli-ora;"categoria ""E-commerce"" non coerente, suggerita ""Marketing""";no
TAX-03;medium;taxonomy;Categorie fuori tema rispetto al contenuto;/il-potere-dei-video-brevi;"categoria ""Marketing"" non coerente";no
TAX-03;medium;taxonomy;Categorie fuori tema rispetto al contenuto;/3-trucchi-per-rendere-i-tuoi-reels-irresistibili;"categoria ""Marketing"" non coerente, suggerita ""Software""";no
TAX-03;medium;taxonomy;Categorie fuori tema rispetto al contenuto;/scopri-strategie-efficaci-per-creare-reels;"categoria ""Marketing"" non coerente, suggerita ""Software""";no
TAX-03;medium;taxonomy;Categorie fuori tema rispetto al contenuto;/creare-reels-che-tutti-vogliono-condividere;"categoria ""Marketing"" non coerente, suggerita ""Software""";no
TAX-03;medium;taxonomy;Categorie fuori tema rispetto al contenuto;/trend-alert-i-video-che-stanno-conquistando-tiktok;"categoria ""Marketing"" non coerente, suggerita ""Software""";no
TAX-03;medium;taxonomy;Categorie fuori tema rispetto al contenuto;/parole-chiave-e-viralita-il-connubio-perfetto-per-i-tuoi-video;"categoria ""Marketing"" non coerente, suggerita ""Software""";no
TAX-03;medium;taxonomy;Categorie fuori tema rispetto al contenuto;/come-ottimizzare-i-tuoi-video-per-i-motori-di-ricerca-nel-2025;"categoria ""Marketing"" non coerente, suggerita ""Software""";no
TAX-03;medium;taxonomy;Categorie fuori tema rispetto al contenuto;/seo-per-contenuti-video-guida-pratica-per-aumentare-le-visualizzazioni;"categoria ""Marketing"" non coerente";no
TAX-03;medium;taxonomy;Categorie fuori tema rispetto al contenuto;/come-aumentare-le-visualizzazioni-su-instagram-nel-2026;"categoria ""E-commerce"" non coerente, suggerita ""Software""";no
TAX-03;medium;taxonomy;Categorie fuori tema rispetto al contenuto;/algoritmo-instagram-come-funziona-davvero;"categoria ""E-commerce"" non coerente, suggerita ""Software""";no
TAX-03;medium;taxonomy;Categorie fuori tema rispetto al contenuto;/strategie-instagram-per-far-crescere-un-profilo-aziendale;"categoria ""E-commerce"" non coerente, suggerita ""Marketing""";no
TAX-03;medium;taxonomy;Categorie fuori tema rispetto al contenuto;/perche-i-tuoi-reel-non-fanno-visualizzazioni;"categoria ""E-commerce"" non coerente";no
TAX-03;medium;taxonomy;Categorie fuori tema rispetto al contenuto;/come-finire-negli-esplora-di-instagram;"categoria ""E-commerce"" non coerente, suggerita ""Software""";no
TAX-03;medium;taxonomy;Categorie fuori tema rispetto al contenuto;/instagram-per-aziende-errori-da-evitare;"categoria ""E-commerce"" non coerente, suggerita ""Software""";no
TAX-03;medium;taxonomy;Categorie fuori tema rispetto al contenuto;/come-creare-reel-virali-su-instagram;"categoria ""E-commerce"" non coerente";no
TAX-03;medium;taxonomy;Categorie fuori tema rispetto al contenuto;/le-migliori-strategie-instagram-per-vendere-di-piu;"categoria ""E-commerce"" non coerente, suggerita ""Marketing""";no
TAX-03;medium;taxonomy;Categorie fuori tema rispetto al contenuto;/come-aumentare-lengagement-su-instagram;"categoria ""E-commerce"" non coerente, suggerita ""Software""";no
TAX-03;medium;taxonomy;Categorie fuori tema rispetto al contenuto;/come-aumentare-le-visualizzazioni-su-tiktok;"categoria ""E-commerce"" non coerente, suggerita ""Marketing""";no
TAX-03;medium;taxonomy;Categorie fuori tema rispetto al contenuto;/algoritmo-tiktok-tutto-quello-che-devi-sapere;"categoria ""E-commerce"" non coerente, suggerita ""Marketing""";no
TAX-03;medium;taxonomy;Categorie fuori tema rispetto al contenuto;/perche-i-video-tiktok-fanno-poche-visualizzazioni;"categoria ""E-commerce"" non coerente";no
TAX-03;medium;taxonomy;Categorie fuori tema rispetto al contenuto;/come-andare-virale-su-tiktok;"categoria ""E-commerce"" non coerente, suggerita ""Software""";no
TAX-03;medium;taxonomy;Categorie fuori tema rispetto al contenuto;/strategie-tiktok-per-aziende;"categoria ""E-commerce"" non coerente, suggerita ""Marketing""";no
TAX-03;medium;taxonomy;Categorie fuori tema rispetto al contenuto;/tiktok-per-negozi-conviene-davvero;"categoria ""E-commerce"" non coerente, suggerita ""Marketing""";no
TAX-03;medium;taxonomy;Categorie fuori tema rispetto al contenuto;/quanto-dura-un-video-tiktok-ideale;"categoria ""E-commerce"" non coerente, suggerita ""Software""";no
TAX-03;medium;taxonomy;Categorie fuori tema rispetto al contenuto;/come-far-crescere-il-tuo-profilo-in-6-giorni;"categoria ""E-commerce"" non coerente";no
TAX-03;medium;taxonomy;Categorie fuori tema rispetto al contenuto;/come-far-crescere-il-tuo-profilo-tiktok-in-6-giorni;"categoria ""E-commerce"" non coerente, suggerita ""Software""";no
TAX-03;medium;taxonomy;Categorie fuori tema rispetto al contenuto;/produzione-video-a-palermo-come-scegliere-lagenzia-giusta;"categoria ""E-commerce"" non coerente, suggerita ""Marketing""";no
TAX-03;medium;taxonomy;Categorie fuori tema rispetto al contenuto;/video-aziendali-a-palermo-perche-aumentano-le-vendite;"categoria ""E-commerce"" non coerente, suggerita ""Marketing""";no
TAX-03;medium;taxonomy;Categorie fuori tema rispetto al contenuto;/creazione-video-virali-palermo;"categoria ""E-commerce"" non coerente, suggerita ""Marketing""";no
TAX-03;medium;taxonomy;Categorie fuori tema rispetto al contenuto;/produzione-video-virali-palermo;"categoria ""E-commerce"" non coerente, suggerita ""Marketing""";no
TAX-03;medium;taxonomy;Categorie fuori tema rispetto al contenuto;/realizzazione-video-sicilia;"categoria ""E-commerce"" non coerente, suggerita ""Marketing""";no
TAX-03;medium;taxonomy;Categorie fuori tema rispetto al contenuto;/produzione-video-virali-per-la-tua-attivita-palermo;"categoria ""E-commerce"" non coerente, suggerita ""Marketing""";no
CNT-06;medium;content;Leggibilità bassa (indice Gulpease < 50);/privacy-policy;Gulpease 39/100;no
CNT-06;medium;content;Leggibilità bassa (indice Gulpease < 50);/;Gulpease 49/100;no
CNT-06;medium;content;Leggibilità bassa (indice Gulpease < 50);/servizi-digitali-palermo;Gulpease 41/100;no
CNT-06;medium;content;Leggibilità bassa (indice Gulpease < 50);/realizzazione-siti-web-a-palermo;Gulpease 44/100;no
CNT-06;medium;content;Leggibilità bassa (indice Gulpease < 50);/gestione-social-media-palermo;Gulpease 42/100;no
CNT-06;medium;content;Leggibilità bassa (indice Gulpease < 50);/digital-marketing-palermo;Gulpease 45/100;no
CNT-06;medium;content;Leggibilità bassa (indice Gulpease < 50);/produzione-video-palermo;Gulpease 43/100;no
CNT-06;medium;content;Leggibilità bassa (indice Gulpease < 50);/realizzazione-e-commerce-palermo;Gulpease 42/100;no
CNT-06;medium;content;Leggibilità bassa (indice Gulpease < 50);/graphic-design-palermo;Gulpease 44/100;no
CNT-06;medium;content;Leggibilità bassa (indice Gulpease < 50);/sviluppo-crm-gestionali-palermo;Gulpease 43/100;no
CNT-06;medium;content;Leggibilità bassa (indice Gulpease < 50);/naming-palermo;Gulpease 44/100;no
CNT-06;medium;content;Leggibilità bassa (indice Gulpease < 50);/stampe-digitali-palermo;Gulpease 44/100;no
CNT-06;medium;content;Leggibilità bassa (indice Gulpease < 50);/innovazione-digitale-pmi-competitive;Gulpease 45/100;no
CNT-06;medium;content;Leggibilità bassa (indice Gulpease < 50);/innovazione-digitale-palermo;Gulpease 44/100;no
CNT-06;medium;content;Leggibilità bassa (indice Gulpease < 50);/cybersecurity-per-aziende;Gulpease 48/100;no
CNT-06;medium;content;Leggibilità bassa (indice Gulpease < 50);/strategia-marketing-digitale;Gulpease 47/100;no
CNT-06;medium;content;Leggibilità bassa (indice Gulpease < 50);/campagne-ai-driven-marketing-automation;Gulpease 41/100;no
CNT-06;medium;content;Leggibilità bassa (indice Gulpease < 50);/gestione-social-media-presenza-online;Gulpease 44/100;no
CNT-06;medium;content;Leggibilità bassa (indice Gulpease < 50);/design-responsivo-sito-web-successo-online;Gulpease 45/100;no
CNT-06;medium;content;Leggibilità bassa (indice Gulpease < 50);/perche-un-sito-web-professionale-e-la-chiave-del-successo-per-ogni-impresa;Gulpease 48/100;no
CNT-06;medium;content;Leggibilità bassa (indice Gulpease < 50);/come-creare-una-strategia-di-comunicazione-digitale-efficace-per-piccole-imprese;Gulpease 46/100;no
CNT-06;medium;content;Leggibilità bassa (indice Gulpease < 50);/reputazione_online_cose_perche_conta_e_come_verificarla;Gulpease 45/100;no
CNT-06;medium;content;Leggibilità bassa (indice Gulpease < 50);/come-creare-una-landing-page-efficace;Gulpease 49/100;no
CNT-06;medium;content;Leggibilità bassa (indice Gulpease < 50);/piano-di-marketing-cose-e-come-crearlo-con-successo;Gulpease 45/100;no
CNT-06;medium;content;Leggibilità bassa (indice Gulpease < 50);/cookie-cosa-sono-e-a-che-servono;Gulpease 47/100;no
CNT-06;medium;content;Leggibilità bassa (indice Gulpease < 50);/privacy-policy;Gulpease 47/100;no
CNT-06;medium;content;Leggibilità bassa (indice Gulpease < 50);/scopri-come-aumentare-posizionamento-seo-per-il-tuo-sito-web-su-google;Gulpease 49/100;no
CNT-06;medium;content;Leggibilità bassa (indice Gulpease < 50);/tipologie-di-siti-web-la-guida-definitiva-per-imprenditori;Gulpease 47/100;no
CNT-06;medium;content;Leggibilità bassa (indice Gulpease < 50);/tiktok-ads-manager-guida-completa-su-come-gestire-le-tue-campagne-su-tiktok;Gulpease 46/100;no
CNT-06;medium;content;Leggibilità bassa (indice Gulpease < 50);/dem-marketing-come-usarlo-nel-2024-per-massimizzare-i-risultati;Gulpease 46/100;no
CNT-06;medium;content;Leggibilità bassa (indice Gulpease < 50);/business-innovation-cosa-chiede-il-mercato-oggi;Gulpease 43/100;no
CNT-06;medium;content;Leggibilità bassa (indice Gulpease < 50);/advertising-a-palermo;Gulpease 46/100;no
CNT-06;medium;content;Leggibilità bassa (indice Gulpease < 50);/5-consigli-preziosi-per-pubblicizzare-la-propria-azienda-a-palermo-su-google;Gulpease 48/100;no
CNT-06;medium;content;Leggibilità bassa (indice Gulpease < 50);/realizzazione-siti-web-per-bb-a-palermo-hotel-motel-e-strutture-ricettive-tutto-quello-che-ce-da-sapere;Gulpease 49/100;no
CNT-06;medium;content;Leggibilità bassa (indice Gulpease < 50);/hai-bisogno-di-pubblicizzare-il-tuo-ristorante-a-palermo-ecco-come-possiamo-aiutarti;Gulpease 49/100;no
CNT-06;medium;content;Leggibilità bassa (indice Gulpease < 50);/ecco-perche-un-sito-web-a-palermo-e-cosi-essenziale-per-la-tua-attivita;Gulpease 49/100;no
CNT-06;medium;content;Leggibilità bassa (indice Gulpease < 50);/gestione-social-media-a-palermo-come-la-nostra-agenzia-di-comunicazione-cura-i-tuoi-social-media;Gulpease 48/100;no
CNT-06;medium;content;Leggibilità bassa (indice Gulpease < 50);/loghi-per-la-tua-azienda-a-palermo-caratteristiche-e-come-crearne-uno-efficace;Gulpease 49/100;no
CNT-06;medium;content;Leggibilità bassa (indice Gulpease < 50);/11-trend-marketing-a-palermo-per-e-commerce-marketing-che-faranno-crescere-il-tuo-e-commerce;Gulpease 47/100;no
CNT-06;medium;content;Leggibilità bassa (indice Gulpease < 50);/come-fare-pubblicita-a-palermo-su-internet-guida-per-principianti;Gulpease 46/100;no
CNT-06;medium;content;Leggibilità bassa (indice Gulpease < 50);/campagne-pubblicitarie-a-palermo-la-soluzione-per-far-crescere-il-tuo-business;Gulpease 42/100;no
CNT-06;medium;content;Leggibilità bassa (indice Gulpease < 50);/pubblicita-su-tiktok-a-palermo-come-aiutiamo-la-tua-azienda-a-crescere;Gulpease 45/100;no
CNT-06;medium;content;Leggibilità bassa (indice Gulpease < 50);/seo-e-sem;Gulpease 47/100;no
CNT-06;medium;content;Leggibilità bassa (indice Gulpease < 50);/web-agency-a-palermo-il-design-che-parte-dal-brand;Gulpease 48/100;no
CNT-06;medium;content;Leggibilità bassa (indice Gulpease < 50);/b2b-a-palermo-cosa-puo-imparare-dal-b2c-per-sfruttare-al-meglio-il-digitale;Gulpease 46/100;no
CNT-06;medium;content;Leggibilità bassa (indice Gulpease < 50);/strategie-di-content-marketing-per-le-piccole-imprese-a-palermo;Gulpease 44/100;no
CNT-06;medium;content;Leggibilità bassa (indice Gulpease < 50);/web-marketing-per-palestre-e-centri-sportivi;Gulpease 48/100;no
CNT-06;medium;content;Leggibilità bassa (indice Gulpease < 50);/quali-sono-i-servizi-offerti-da-unagenzia-di-comunicazione-a-palermo;Gulpease 45/100;no
CNT-06;medium;content;Leggibilità bassa (indice Gulpease < 50);/le-commerce-in-italia-sta-cambiando-con-lintelligenza-artificiale;Gulpease 40/100;no
CNT-06;medium;content;Leggibilità bassa (indice Gulpease < 50);/il-marketing-per-attivita-locali-i-vantaggi-di-affidarsi-a-una-web-agency;Gulpease 46/100;no
CNT-06;medium;content;Leggibilità bassa (indice Gulpease < 50);/i-social-media-gli-alleati-per-il-tuo-e-commerce;Gulpease 46/100;no
CNT-06;medium;content;Leggibilità bassa (indice Gulpease < 50);/marketing-online-per-la-tua-concessionaria;Gulpease 46/100;no
CNT-06;medium;content;Leggibilità bassa (indice Gulpease < 50);/marketing-online-per-il-tuo-negozio-di-abbigliamento;Gulpease 46/100;no
CNT-06;medium;content;Leggibilità bassa (indice Gulpease < 50);/web-marketing-per-la-tua-parruccheria;Gulpease 47/100;no
CNT-06;medium;content;Leggibilità bassa (indice Gulpease < 50);/come-promuovere-il-tuo-salone-di-bellezza-a-palermo;Gulpease 47/100;no
CNT-06;medium;content;Leggibilità bassa (indice Gulpease < 50);/come-pubblicizzare-la-tua-ottica-a-palermo;Gulpease 48/100;no
CNT-06;medium;content;Leggibilità bassa (indice Gulpease < 50);/come-pubblicizzare-la-tua-pizzeria;Gulpease 47/100;no
CNT-06;medium;content;Leggibilità bassa (indice Gulpease < 50);/idee-creative-per-pubblicizzare-la-tua-panineria;Gulpease 48/100;no
CNT-06;medium;content;Leggibilità bassa (indice Gulpease < 50);/gestione-marketing-per-la-tua-hamburgeria;Gulpease 45/100;no
CNT-06;medium;content;Leggibilità bassa (indice Gulpease < 50);/strategie-di-marketing-di-successo-i-passi-fondamentali-per-distinguersi-nel-mercato;Gulpease 47/100;no
CNT-06;medium;content;Leggibilità bassa (indice Gulpease < 50);/pubblicita-per-il-tuo-brand-a-palermo-come-differenziarsi-dalla-massa;Gulpease 49/100;no
CNT-06;medium;content;Leggibilità bassa (indice Gulpease < 50);/restare-al-passo-coi-trend-e-difficile-scopri-come-unagenzia-di-comunicazione-puo-aiutarti;Gulpease 47/100;no
CNT-06;medium;content;Leggibilità bassa (indice Gulpease < 50);/hai-bisogno-di-uno-store-online-per-la-tua-attivita-offriamo-realizzazione-e-commerce-a-palermo;Gulpease 47/100;no
CNT-06;medium;content;Leggibilità bassa (indice Gulpease < 50);/usa-la-local-seo-e-porta-il-tuo-business-al-top;Gulpease 49/100;no
CNT-06;medium;content;Leggibilità bassa (indice Gulpease < 50);/mobile-marketing-e-micro-momenti;Gulpease 47/100;no
CNT-06;medium;content;Leggibilità bassa (indice Gulpease < 50);/social-media-marketing-nel-settore-arredamento;Gulpease 44/100;no
CNT-06;medium;content;Leggibilità bassa (indice Gulpease < 50);/il-web-design-e-la-sua-evoluzione;Gulpease 48/100;no
CNT-06;medium;content;Leggibilità bassa (indice Gulpease < 50);/marketing-esperienziale-coinvolgi-il-pubblico-con-esperienze-uniche;Gulpease 44/100;no
CNT-06;medium;content;Leggibilità bassa (indice Gulpease < 50);/come-scegliere-lagenzia-pubblicitaria-a-palermo-ideale-per-la-vostra-azienda;Gulpease 44/100;no
CNT-06;medium;content;Leggibilità bassa (indice Gulpease < 50);/web-agency-a-palermo-per-creare-un-sito-professionale;Gulpease 46/100;no
CNT-06;medium;content;Leggibilità bassa (indice Gulpease < 50);/digital-agency-a-palermo-la-soluzione-completa-per-la-tua-presenza-online;Gulpease 45/100;no
CNT-06;medium;content;Leggibilità bassa (indice Gulpease < 50);/creare-un-video-aziendale-efficace-coinvolgente-e-professionale;Gulpease 46/100;no
CNT-06;medium;content;Leggibilità bassa (indice Gulpease < 50);/rendi-la-tua-azienda-digitale-trasformazione-e-innovazione-a-palermo;Gulpease 45/100;no
CNT-06;medium;content;Leggibilità bassa (indice Gulpease < 50);/come-migliorare-la-tua-brand-reputation-con-le-attivita-di-digital-marketing;Gulpease 47/100;no
CNT-06;medium;content;Leggibilità bassa (indice Gulpease < 50);/come-realizzare-un-sito-web-efficace-le-migliori-alternative-per-creare-un-percorso-di-successo-online;Gulpease 49/100;no
CNT-06;medium;content;Leggibilità bassa (indice Gulpease < 50);/sito-web-accessibile-cose-come-crearlo-e-perche-e-importante;Gulpease 47/100;no
CNT-06;medium;content;Leggibilità bassa (indice Gulpease < 50);/privacy-policy-sito-web-cose-e-come-scriverla-correttamente;Gulpease 48/100;no
CNT-06;medium;content;Leggibilità bassa (indice Gulpease < 50);/le-11-regole-per-un-sito-web-efficace;Gulpease 49/100;no
CNT-06;medium;content;Leggibilità bassa (indice Gulpease < 50);/creare-un-sito-web-a-palermo-le-caratteristiche-di-unarchitettura-efficace;Gulpease 48/100;no
CNT-06;medium;content;Leggibilità bassa (indice Gulpease < 50);/strategie-di-web-reputation-come-costruire-gestire-e-misurare-la-percezione-online;Gulpease 46/100;no
CNT-06;medium;content;Leggibilità bassa (indice Gulpease < 50);/sognavi-un-hotel-sempre-pieno-il-web-marketing-per-il-turismo-puo-trasformare-il-tuo-sogno-in-realta;Gulpease 47/100;no
CNT-06;medium;content;Leggibilità bassa (indice Gulpease < 50);/google-ai-search-la-nuova-era-della-ricerca-intelligente-e-le-opportunita-per-il-marketing;Gulpease 46/100;no
CNT-06;medium;content;Leggibilità bassa (indice Gulpease < 50);/aumentare-le-vendite-ecommerce-non-sei-soddisfatto-della-tua-agenzia;Gulpease 45/100;no
CNT-06;medium;content;Leggibilità bassa (indice Gulpease < 50);/gestione-marketing-per-la-tua-enoteca;Gulpease 49/100;no
CNT-06;medium;content;Leggibilità bassa (indice Gulpease < 50);/gestione-marketing-per-il-tuo-fast-food;Gulpease 49/100;no
CNT-06;medium;content;Leggibilità bassa (indice Gulpease < 50);/gestione-social-media-per-la-tua-attivita;Gulpease 45/100;no
CNT-06;medium;content;Leggibilità bassa (indice Gulpease < 50);/marketing-e-pubblicita-a-palermo-tutti-i-tipi-di-pubblicita-per-far-crescere-la-tua-attivita;Gulpease 48/100;no
CNT-06;medium;content;Leggibilità bassa (indice Gulpease < 50);/vuoi-aprire-unattivita-a-palermo-e-non-sai-a-chi-affidarti-ecco-come-fare-gestione-marketing-attivita-a-palermo;Gulpease 46/100;no
CNT-06;medium;content;Leggibilità bassa (indice Gulpease < 50);/la-tua-agenzia-di-marketing-a-palermo-per-una-crescita-su-misura;Gulpease 46/100;no
CNT-06;medium;content;Leggibilità bassa (indice Gulpease < 50);/quanto-costa-realizzare-un-cartello-pubblicitario-a-palermo;Gulpease 46/100;no
CNT-06;medium;content;Leggibilità bassa (indice Gulpease < 50);/non-sai-come-sponsorizzare-il-tuo-progetto-artistico-scopri-le-strategie-vincenti;Gulpease 49/100;no
CNT-06;medium;content;Leggibilità bassa (indice Gulpease < 50);/il-partner-giusto-per-il-tuo-successo-come-trovare-uno-sponsor-affidabile-a-palermo;Gulpease 49/100;no
CNT-06;medium;content;Leggibilità bassa (indice Gulpease < 50);/marketing-per-imprese-edili;Gulpease 48/100;no
CNT-06;medium;content;Leggibilità bassa (indice Gulpease < 50);/web-agency-a-palermo-per-il-settore-immobiliare-la-chiave-per-il-successo-online;Gulpease 45/100;no
CNT-06;medium;content;Leggibilità bassa (indice Gulpease < 50);/web-agency-per-startup-a-palermo-la-tua-guida-al-successo-digitale;Gulpease 48/100;no
CNT-06;medium;content;Leggibilità bassa (indice Gulpease < 50);/web-agency-locale-a-palermo-la-tua-guida-per-conquistare-il-pubblico-della-citta;Gulpease 49/100;no
CNT-06;medium;content;Leggibilità bassa (indice Gulpease < 50);/pubblicita-digitale-a-palermo-come-aumentare-la-visibilita-della-tua-attivita;Gulpease 46/100;no
CNT-06;medium;content;Leggibilità bassa (indice Gulpease < 50);/marketing-per-farmacie-come-aumentare-visibilita-e-fidelizzare-i-clienti;Gulpease 49/100;no
CNT-06;medium;content;Leggibilità bassa (indice Gulpease < 50);/marketing-digitale-a-palermo-la-chiave-per-il-successo-della-tua-attivita;Gulpease 47/100;no
CNT-06;medium;content;Leggibilità bassa (indice Gulpease < 50);/quante-sono-le-web-agency-in-italia-unanalisi-del-panorama-digitale-italiano;Gulpease 49/100;no
CNT-06;medium;content;Leggibilità bassa (indice Gulpease < 50);/quanto-guadagna-una-web-agency-analisi-dei-fattori-che-influenzano-i-ricavi;Gulpease 47/100;no
CNT-06;medium;content;Leggibilità bassa (indice Gulpease < 50);/chi-lavora-in-una-web-agency-scopri-i-ruoli-principali;Gulpease 48/100;no
CNT-06;medium;content;Leggibilità bassa (indice Gulpease < 50);/come-farsi-pubblicita-gratis-strategie-efficaci-per-aumentare-la-visibilita;Gulpease 49/100;no
CNT-06;medium;content;Leggibilità bassa (indice Gulpease < 50);/che-lavoro-fa-il-marketing-il-motore-che-trasforma-idee-in-successo;Gulpease 49/100;no
CNT-06;medium;content;Leggibilità bassa (indice Gulpease < 50);/quale-pubblicita-funziona-di-piu-scopri-le-strategie-piu-efficaci-per-il-tuo-business;Gulpease 48/100;no
CNT-06;medium;content;Leggibilità bassa (indice Gulpease < 50);/portfolio-fotografico-online-cose-e-perche-e-importante-crearlo;Gulpease 46/100;no
CNT-06;medium;content;Leggibilità bassa (indice Gulpease < 50);/rispondere-alle-recensioni-con-lai-la-nuova-frontiera-dellautomazione;Gulpease 44/100;no
CNT-06;medium;content;Leggibilità bassa (indice Gulpease < 50);/come-si-chiama-chi-si-occupa-di-comunicazione-scopri-i-ruoli-e-le-competenze-di-questi-professionisti;Gulpease 48/100;no
CNT-06;medium;content;Leggibilità bassa (indice Gulpease < 50);/come-creare-un-podcast-aziendale-per-migliorare-il-posizionamento-del-brand;Gulpease 46/100;no
CNT-06;medium;content;Leggibilità bassa (indice Gulpease < 50);/integrazione-di-piattaforme-tiktok-e-commerce-un-nuovo-orizzonte-per-i-commercianti-a-palermo;Gulpease 48/100;no
CNT-06;medium;content;Leggibilità bassa (indice Gulpease < 50);/quanto-e-importante-il-feedback-dei-clienti-per-migliorare-il-tuo-business;Gulpease 49/100;no
CNT-06;medium;content;Leggibilità bassa (indice Gulpease < 50);/marketing-sostenibile-cose-e-come-farlo;Gulpease 48/100;no
CNT-06;medium;content;Leggibilità bassa (indice Gulpease < 50);/quando-la-web-agency-incontra-lintelligenza-artificiale;Gulpease 44/100;no
CNT-06;medium;content;Leggibilità bassa (indice Gulpease < 50);/i-siti-web-del-futuro-come-saranno-nel-2050;Gulpease 48/100;no
CNT-06;medium;content;Leggibilità bassa (indice Gulpease < 50);/siti-web-intelligenti-come-reagiscono-ai-tuoi-bisogni;Gulpease 49/100;no
CNT-06;medium;content;Leggibilità bassa (indice Gulpease < 50);/la-magia-dietro-i-siti-web-che-conquistano;Gulpease 48/100;no
CNT-06;medium;content;Leggibilità bassa (indice Gulpease < 50);/agenzia-di-comunicazione-digitale-il-futuro-della-promozione-online;Gulpease 47/100;no
CNT-06;medium;content;Leggibilità bassa (indice Gulpease < 50);/agenzia-di-comunicazione-creativa-idee-e-strategie-per-il-tuo-brand;Gulpease 48/100;no
CNT-06;medium;content;Leggibilità bassa (indice Gulpease < 50);/agenzia-di-comunicazione-visiva-come-catturare-lattenzione-del-pubblico;Gulpease 48/100;no
CNT-06;medium;content;Leggibilità bassa (indice Gulpease < 50);/agenzia-di-comunicazione-strategica-come-pianificare-il-successo;Gulpease 49/100;no
CNT-06;medium;content;Leggibilità bassa (indice Gulpease < 50);/agenzia-di-comunicazione-per-eventi-trasformare-ogni-occasione-in-opportunita-di-successo;Gulpease 49/100;no
CNT-06;medium;content;Leggibilità bassa (indice Gulpease < 50);/agenzia-di-comunicazione-per-e-commerce-vendere-di-piu-online;Gulpease 47/100;no
CNT-06;medium;content;Leggibilità bassa (indice Gulpease < 50);/come-raggiungere-al-meglio-il-proprio-pubblico-strategie-efficaci-per-comunicare-con-successo;Gulpease 46/100;no
CNT-06;medium;content;Leggibilità bassa (indice Gulpease < 50);/perche-hai-bisogno-di-un-social-media-manager-a-palermo;Gulpease 48/100;no
CNT-06;medium;content;Leggibilità bassa (indice Gulpease < 50);/come-unagenzia-di-comunicazione-e-influencer-marketing-trasforma-la-pubblicita-moderna;Gulpease 49/100;no
CNT-06;medium;content;Leggibilità bassa (indice Gulpease < 50);/servizi-di-comunicazione-digitale-la-chiave-per-il-successo-nel-mondo-online;Gulpease 47/100;no
CNT-06;medium;content;Leggibilità bassa (indice Gulpease < 50);/soluzioni-per-la-comunicazione-aziendale-strategie-per-far-crescere-il-tuo-brand;Gulpease 48/100;no
CNT-06;medium;content;Leggibilità bassa (indice Gulpease < 50);/strategie-di-marketing-per-aziende-come-costruire-un-piano-di-successo;Gulpease 48/100;no
CNT-06;medium;content;Leggibilità bassa (indice Gulpease < 50);/gestione-della-reputazione-online-come-proteggere-e-migliorare-limmagine-del-tuo-brand;Gulpease 49/100;no
CNT-06;medium;content;Leggibilità bassa (indice Gulpease < 50);/comunicazione-per-la-crescita-aziendale-strategie-per-raggiungere-il-successo;Gulpease 48/100;no
CNT-06;medium;content;Leggibilità bassa (indice Gulpease < 50);/come-organizzare-eventi-aziendali-di-successo-strategie-vincenti-per-il-tuo-business;Gulpease 48/100;no
CNT-06;medium;content;Leggibilità bassa (indice Gulpease < 50);/come-gestire-eventi-privati-con-successo-dalla-festa-di-compleanno-a-eventi-esclusivi;Gulpease 49/100;no
CNT-06;medium;content;Leggibilità bassa (indice Gulpease < 50);/social-media-manager-a-palermo-come-scegliere-il-professionista-giusto-per-il-tuo-brand;Gulpease 49/100;no
CNT-06;medium;content;Leggibilità bassa (indice Gulpease < 50);/social-media-manager-per-e-commerce-aumentare-le-vendite-con-strategie-mirate;Gulpease 45/100;no
CNT-06;medium;content;Leggibilità bassa (indice Gulpease < 50);/il-ruolo-di-un-social-media-manager-nelle-piccole-e-medie-imprese;Gulpease 45/100;no
CNT-06;medium;content;Leggibilità bassa (indice Gulpease < 50);/come-il-social-media-manager-puo-potenziare-la-tua-strategia-di-content-marketing;Gulpease 46/100;no
CNT-06;medium;content;Leggibilità bassa (indice Gulpease < 50);/come-diventare-un-social-media-manager-di-successo-guida-passo-dopo-passo;Gulpease 48/100;no
CNT-06;medium;content;Leggibilità bassa (indice Gulpease < 50);/che-cosa-fa-una-social-media-manager;Gulpease 47/100;no
CNT-06;medium;content;Leggibilità bassa (indice Gulpease < 50);/quanto-costa-farsi-gestire-un-profilo-instagram;Gulpease 46/100;no
CNT-06;medium;content;Leggibilità bassa (indice Gulpease < 50);/il-potere-delle-landing-page-per-attivita-locali-converti-i-clienti-della-tua-citta;Gulpease 49/100;no
CNT-06;medium;content;Leggibilità bassa (indice Gulpease < 50);/micro-influencer-locale-come-usarli-per-far-crescere-la-tua-azienda-marketing-palermo;Gulpease 46/100;no
CNT-06;medium;content;Leggibilità bassa (indice Gulpease < 50);/comunicazione-digitale-per-associazioni-no-profit-come-farsi-conoscere;Gulpease 49/100;no
CNT-06;medium;content;Leggibilità bassa (indice Gulpease < 50);/formazione-online-come-promuovere-il-tuo-corso-o-workshop-sul-web;Gulpease 49/100;no
CNT-06;medium;content;Leggibilità bassa (indice Gulpease < 50);/digital-strategy-per-laboratori-di-analisi-come-farsi-scegliere-online;Gulpease 47/100;no
CNT-06;medium;content;Leggibilità bassa (indice Gulpease < 50);/servizi-alla-persona-promuovere-online-estetiste-massaggiatori-e-parrucchieri;Gulpease 48/100;no
CNT-06;medium;content;Leggibilità bassa (indice Gulpease < 50);/digital-branding-per-studi-legali-e-professionisti-del-diritto;Gulpease 48/100;no
CNT-06;medium;content;Leggibilità bassa (indice Gulpease < 50);/come-comunicare-in-modo-efficacer-studi-di-fisioterapia;Gulpease 49/100;no
CNT-06;medium;content;Leggibilità bassa (indice Gulpease < 50);/psicologi-online-come-promuoversi-nel-rispetto-della-deontologia;Gulpease 48/100;no
CNT-06;medium;content;Leggibilità bassa (indice Gulpease < 50);/come-promuovere-un-centro-odontoiatrico-sul-web-senza-perdere-serieta;Gulpease 48/100;no
CNT-06;medium;content;Leggibilità bassa (indice Gulpease < 50);/farmacie-e-parafarmacie-strategie-locali-per-aumentare-la-clientela;Gulpease 48/100;no
CNT-06;medium;content;Leggibilità bassa (indice Gulpease < 50);/come-far-crescere-un-centro-logopedico-con-il-supporto-digitale;Gulpease 49/100;no
CNT-06;medium;content;Leggibilità bassa (indice Gulpease < 50);/visibilita-online-per-nutrizionisti-e-biologi-cosa-funziona-davvero;Gulpease 47/100;no
CNT-06;medium;content;Leggibilità bassa (indice Gulpease < 50);/come-farsi-scegliere-online-come-ostetrica-o-operatore-del-benessere-femminile;Gulpease 49/100;no
CNT-06;medium;content;Leggibilità bassa (indice Gulpease < 50);/come-promuovere-online-una-scuola-privata-o-centro-di-formazione-a-palermo;Gulpease 49/100;no
CNT-06;medium;content;Leggibilità bassa (indice Gulpease < 50);/come-far-crescere-unazienda-agricola-con-e-commerce-e-promozione-locale;Gulpease 49/100;no
CNT-06;medium;content;Leggibilità bassa (indice Gulpease < 50);/servizi-per-linfanzia-come-farsi-conoscere-online-come-baby-sitter-o-tata-qualificata;Gulpease 49/100;no
CNT-06;medium;content;Leggibilità bassa (indice Gulpease < 50);/come-promuovere-online-una-cooperativa-sociale-a-palermo;Gulpease 48/100;no
CNT-06;medium;content;Leggibilità bassa (indice Gulpease < 50);/digital-strategy-per-agenzie-investigative-e-professionisti-della-sicurezza;Gulpease 47/100;no
CNT-06;medium;content;Leggibilità bassa (indice Gulpease < 50);/comunicazione-per-traduttori-e-interpreti-come-trovare-clienti-online;Gulpease 47/100;no
CNT-06;medium;content;Leggibilità bassa (indice Gulpease < 50);/web-agency-a-palermo-per-professionisti-siti-e-strategie-personalizzate;Gulpease 49/100;no
CNT-06;medium;content;Leggibilità bassa (indice Gulpease < 50);/contenuti-che-spopolano-sui-social;Gulpease 48/100;no
CNT-06;medium;content;Leggibilità bassa (indice Gulpease < 50);/i-segreti-dei-video-virali-tecniche-e-strumenti-da-conoscere;Gulpease 45/100;no
CNT-06;medium;content;Leggibilità bassa (indice Gulpease < 50);/come-trasformare-unidea-in-un-video-virale-di-successo;Gulpease 46/100;no
CNT-06;medium;content;Leggibilità bassa (indice Gulpease < 50);/scopri-come-un-semplice-video-ha-raggiunto-1-milione-di-visualizzazioni-in-24-ore;Gulpease 47/100;no
CNT-06;medium;content;Leggibilità bassa (indice Gulpease < 50);/3-trucchi-per-rendere-i-tuoi-reels-irresistibili;Gulpease 45/100;no
CNT-06;medium;content;Leggibilità bassa (indice Gulpease < 50);/scopri-strategie-efficaci-per-creare-reels;Gulpease 45/100;no
CNT-06;medium;content;Leggibilità bassa (indice Gulpease < 50);/creare-reels-che-tutti-vogliono-condividere;Gulpease 48/100;no
CNT-06;medium;content;Leggibilità bassa (indice Gulpease < 50);/partecipare-alla-sfida-del-momento;Gulpease 46/100;no
CNT-06;medium;content;Leggibilità bassa (indice Gulpease < 50);/parole-chiave-e-viralita-il-connubio-perfetto-per-i-tuoi-video;Gulpease 49/100;no
CNT-06;medium;content;Leggibilità bassa (indice Gulpease < 50);/come-ottimizzare-i-tuoi-video-per-i-motori-di-ricerca-nel-2025;Gulpease 49/100;no
CNT-06;medium;content;Leggibilità bassa (indice Gulpease < 50);/i-migliori-strumenti-per-analizzare-e-migliorare-la-performance-dei-tuoi-video;Gulpease 47/100;no
CNT-06;medium;content;Leggibilità bassa (indice Gulpease < 50);/agenzia-di-comunicazione-a-palermo-come-far-crescere-il-tuo-brand-nel-2025;Gulpease 47/100;no
CNT-06;medium;content;Leggibilità bassa (indice Gulpease < 50);/i-segreti-del-marketing-digitale-a-palermo-scopri-la-nostra-agenzia;Gulpease 44/100;no
CNT-06;medium;content;Leggibilità bassa (indice Gulpease < 50);/vuoi-dominare-i-social-a-palermo-affidati-ai-migliori;Gulpease 47/100;no
CNT-06;medium;content;Leggibilità bassa (indice Gulpease < 50);/seo-e-video-virali-a-palermo-come-max-digital-innovation-sta-cambiando-le-regole;Gulpease 47/100;no
CNT-06;medium;content;Leggibilità bassa (indice Gulpease < 50);/come-aumentare-le-visualizzazioni-su-instagram-nel-2026;Gulpease 47/100;no
CNT-06;medium;content;Leggibilità bassa (indice Gulpease < 50);/algoritmo-instagram-come-funziona-davvero;Gulpease 48/100;no
CNT-06;medium;content;Leggibilità bassa (indice Gulpease < 50);/strategie-instagram-per-far-crescere-un-profilo-aziendale;Gulpease 47/100;no
CNT-06;medium;content;Leggibilità bassa (indice Gulpease < 50);/come-finire-negli-esplora-di-instagram;Gulpease 48/100;no
CNT-06;medium;content;Leggibilità bassa (indice Gulpease < 50);/instagram-per-aziende-errori-da-evitare;Gulpease 48/100;no
CNT-06;medium;content;Leggibilità bassa (indice Gulpease < 50);/come-aumentare-lengagement-su-instagram;Gulpease 48/100;no
CNT-06;medium;content;Leggibilità bassa (indice Gulpease < 50);/come-aumentare-le-visualizzazioni-su-tiktok;Gulpease 47/100;no
CNT-06;medium;content;Leggibilità bassa (indice Gulpease < 50);/algoritmo-tiktok-tutto-quello-che-devi-sapere;Gulpease 48/100;no
CNT-06;medium;content;Leggibilità bassa (indice Gulpease < 50);/perche-i-video-tiktok-fanno-poche-visualizzazioni;Gulpease 49/100;no
CNT-06;medium;content;Leggibilità bassa (indice Gulpease < 50);/come-andare-virale-su-tiktok;Gulpease 49/100;no
CNT-06;medium;content;Leggibilità bassa (indice Gulpease < 50);/strategie-tiktok-per-aziende;Gulpease 47/100;no
CNT-06;medium;content;Leggibilità bassa (indice Gulpease < 50);/produzione-video-a-palermo-come-scegliere-lagenzia-giusta;Gulpease 48/100;no
CNT-06;medium;content;Leggibilità bassa (indice Gulpease < 50);/video-aziendali-a-palermo-perche-aumentano-le-vendite;Gulpease 46/100;no
CNT-06;medium;content;Leggibilità bassa (indice Gulpease < 50);/creazione-video-virali-palermo;Gulpease 44/100;no
CNT-06;medium;content;Leggibilità bassa (indice Gulpease < 50);/produzione-video-virali-palermo;Gulpease 44/100;no
CNT-06;medium;content;Leggibilità bassa (indice Gulpease < 50);/realizzazione-video-virali-palermo;Gulpease 43/100;no
CNT-06;medium;content;Leggibilità bassa (indice Gulpease < 50);/creazione-video-virali-sicilia;Gulpease 44/100;no
CNT-06;medium;content;Leggibilità bassa (indice Gulpease < 50);/produzione-video-virali-sicilia;Gulpease 43/100;no
CNT-06;medium;content;Leggibilità bassa (indice Gulpease < 50);/realizzazione-video-sicilia;Gulpease 43/100;no
CNT-06;medium;content;Leggibilità bassa (indice Gulpease < 50);/produzione-video-virali-per-la-tua-attivita-palermo;Gulpease 45/100;no
CNT-06;medium;content;Leggibilità bassa (indice Gulpease < 50);/realizzazione-video-virali-trapani;Gulpease 44/100;no
CNT-06;medium;content;Leggibilità bassa (indice Gulpease < 50);/produzione-video-palermo-perche-oggi-e-indispensabile-per-ogni-azienda;Gulpease 43/100;no
CNT-06;medium;content;Leggibilità bassa (indice Gulpease < 50);/video-promozionali-per-la-tua-azienda-palermo-funzionano-davvero;Gulpease 48/100;no
CNT-06;medium;content;Leggibilità bassa (indice Gulpease < 50);/produzione-video-professionale-palermo-tutto-quello-che-devi-sapere;Gulpease 45/100;no
CNT-06;medium;content;Leggibilità bassa (indice Gulpease < 50);/come-trasformare-un-semplice-video-in-un-contenuto-virale-a-palermo;Gulpease 47/100;no
CNT-06;medium;content;Leggibilità bassa (indice Gulpease < 50);/perche-ogni-attivita-di-palermo-dovrebbe-pubblicare-video-2;Gulpease 45/100;no
ONP-07;medium;onpage;Slug URL troppo lungo;/perche-un-sito-web-professionale-e-la-chiave-del-successo-per-ogni-impresa;74 caratteri;sì
ONP-07;medium;onpage;Slug URL troppo lungo;/come-creare-una-strategia-di-comunicazione-digitale-efficace-per-piccole-imprese;80 caratteri;sì
ONP-07;medium;onpage;Slug URL troppo lungo;/branded-content-come-raccontare-il-tuo-brand-con-max-digital-innovation;71 caratteri;sì
ONP-07;medium;onpage;Slug URL troppo lungo;/scopri-come-aumentare-posizionamento-seo-per-il-tuo-sito-web-su-google;70 caratteri;sì
ONP-07;medium;onpage;Slug URL troppo lungo;/tiktok-ads-manager-guida-completa-su-come-gestire-le-tue-campagne-su-tiktok;75 caratteri;sì
ONP-07;medium;onpage;Slug URL troppo lungo;/dem-marketing-come-usarlo-nel-2024-per-massimizzare-i-risultati;63 caratteri;sì
ONP-07;medium;onpage;Slug URL troppo lungo;/5-consigli-preziosi-per-pubblicizzare-la-propria-azienda-a-palermo-su-google;76 caratteri;sì
ONP-07;medium;onpage;Slug URL troppo lungo;/realizzazione-siti-web-per-bb-a-palermo-hotel-motel-e-strutture-ricettive-tutto-quello-che-ce-da-sapere;103 caratteri;sì
ONP-07;medium;onpage;Slug URL troppo lungo;/hai-bisogno-di-pubblicizzare-il-tuo-ristorante-a-palermo-ecco-come-possiamo-aiutarti;84 caratteri;sì
ONP-07;medium;onpage;Slug URL troppo lungo;/ecco-perche-un-sito-web-a-palermo-e-cosi-essenziale-per-la-tua-attivita;71 caratteri;sì
ONP-07;medium;onpage;Slug URL troppo lungo;/gestione-social-media-a-palermo-come-la-nostra-agenzia-di-comunicazione-cura-i-tuoi-social-media;96 caratteri;sì
ONP-07;medium;onpage;Slug URL troppo lungo;/loghi-per-la-tua-azienda-a-palermo-caratteristiche-e-come-crearne-uno-efficace;78 caratteri;sì
ONP-07;medium;onpage;Slug URL troppo lungo;/ottimizzare-la-comunicazione-grazie-allutilizzo-di-call-to-action-efficaci-per-il-tuo-sito-web-a-palermo;104 caratteri;sì
ONP-07;medium;onpage;Slug URL troppo lungo;/11-trend-marketing-a-palermo-per-e-commerce-marketing-che-faranno-crescere-il-tuo-e-commerce;92 caratteri;sì
ONP-07;medium;onpage;Slug URL troppo lungo;/come-fare-pubblicita-a-palermo-su-internet-guida-per-principianti;65 caratteri;sì
ONP-07;medium;onpage;Slug URL troppo lungo;/campagne-pubblicitarie-a-palermo-la-soluzione-per-far-crescere-il-tuo-business;78 caratteri;sì
ONP-07;medium;onpage;Slug URL troppo lungo;/pubblicita-su-tiktok-a-palermo-come-aiutiamo-la-tua-azienda-a-crescere;70 caratteri;sì
ONP-07;medium;onpage;Slug URL troppo lungo;/b2b-a-palermo-cosa-puo-imparare-dal-b2c-per-sfruttare-al-meglio-il-digitale;75 caratteri;sì
ONP-07;medium;onpage;Slug URL troppo lungo;/strategie-di-content-marketing-per-le-piccole-imprese-a-palermo;63 caratteri;sì
ONP-07;medium;onpage;Slug URL troppo lungo;/quali-sono-i-servizi-offerti-da-unagenzia-di-comunicazione-a-palermo;68 caratteri;sì
ONP-07;medium;onpage;Slug URL troppo lungo;/le-commerce-in-italia-sta-cambiando-con-lintelligenza-artificiale;65 caratteri;sì
ONP-07;medium;onpage;Slug URL troppo lungo;/il-marketing-per-attivita-locali-i-vantaggi-di-affidarsi-a-una-web-agency;73 caratteri;sì
ONP-07;medium;onpage;Slug URL troppo lungo;/strategie-di-marketing-di-successo-i-passi-fondamentali-per-distinguersi-nel-mercato;84 caratteri;sì
ONP-07;medium;onpage;Slug URL troppo lungo;/pubblicita-per-il-tuo-brand-a-palermo-come-differenziarsi-dalla-massa;69 caratteri;sì
ONP-07;medium;onpage;Slug URL troppo lungo;/restare-al-passo-coi-trend-e-difficile-scopri-come-unagenzia-di-comunicazione-puo-aiutarti;90 caratteri;sì
ONP-07;medium;onpage;Slug URL troppo lungo;/hai-bisogno-di-uno-store-online-per-la-tua-attivita-offriamo-realizzazione-e-commerce-a-palermo;95 caratteri;sì
ONP-07;medium;onpage;Slug URL troppo lungo;/vendita-online-a-palermo-sui-social-unottima-vetrina-per-i-tuoi-prodotti;72 caratteri;sì
ONP-07;medium;onpage;Slug URL troppo lungo;/marketing-esperienziale-coinvolgi-il-pubblico-con-esperienze-uniche;67 caratteri;sì
ONP-07;medium;onpage;Slug URL troppo lungo;/come-scegliere-lagenzia-pubblicitaria-a-palermo-ideale-per-la-vostra-azienda;76 caratteri;sì
ONP-07;medium;onpage;Slug URL troppo lungo;/10-modi-per-migliorare-la-visibilita-del-tuo-sito-web-sui-motori-di-ricerca;75 caratteri;sì
ONP-07;medium;onpage;Slug URL troppo lungo;/digital-agency-a-palermo-la-soluzione-completa-per-la-tua-presenza-online;73 caratteri;sì
ONP-07;medium;onpage;Slug URL troppo lungo;/creare-un-video-aziendale-efficace-coinvolgente-e-professionale;63 caratteri;sì
ONP-07;medium;onpage;Slug URL troppo lungo;/rendi-la-tua-azienda-digitale-trasformazione-e-innovazione-a-palermo;68 caratteri;sì
ONP-07;medium;onpage;Slug URL troppo lungo;/come-migliorare-la-tua-brand-reputation-con-le-attivita-di-digital-marketing;76 caratteri;sì
ONP-07;medium;onpage;Slug URL troppo lungo;/come-realizzare-un-sito-web-efficace-le-migliori-alternative-per-creare-un-percorso-di-successo-online;102 caratteri;sì
ONP-07;medium;onpage;Slug URL troppo lungo;/creare-un-sito-web-a-palermo-le-caratteristiche-di-unarchitettura-efficace;74 caratteri;sì
ONP-07;medium;onpage;Slug URL troppo lungo;/strategie-di-web-reputation-come-costruire-gestire-e-misurare-la-percezione-online;82 caratteri;sì
ONP-07;medium;onpage;Slug URL troppo lungo;/sognavi-un-hotel-sempre-pieno-il-web-marketing-per-il-turismo-puo-trasformare-il-tuo-sogno-in-realta;100 caratteri;sì
ONP-07;medium;onpage;Slug URL troppo lungo;/google-ai-search-la-nuova-era-della-ricerca-intelligente-e-le-opportunita-per-il-marketing;90 caratteri;sì
ONP-07;medium;onpage;Slug URL troppo lungo;/aumentare-le-vendite-ecommerce-non-sei-soddisfatto-della-tua-agenzia;68 caratteri;sì
ONP-07;medium;onpage;Slug URL troppo lungo;/come-essere-in-prima-pagina-su-google-le-bugie-piu-diffuse-sulla-seo;68 caratteri;sì
ONP-07;medium;onpage;Slug URL troppo lungo;/marketing-e-pubblicita-a-palermo-tutti-i-tipi-di-pubblicita-per-far-crescere-la-tua-attivita;92 caratteri;sì
ONP-07;medium;onpage;Slug URL troppo lungo;/vuoi-aprire-unattivita-a-palermo-e-non-sai-a-chi-affidarti-ecco-come-fare-gestione-marketing-attivita-a-palermo;111 caratteri;sì
ONP-07;medium;onpage;Slug URL troppo lungo;/la-tua-agenzia-di-marketing-a-palermo-per-una-crescita-su-misura;64 caratteri;sì
ONP-07;medium;onpage;Slug URL troppo lungo;/non-sai-come-sponsorizzare-il-tuo-progetto-artistico-scopri-le-strategie-vincenti;81 caratteri;sì
ONP-07;medium;onpage;Slug URL troppo lungo;/il-partner-giusto-per-il-tuo-successo-come-trovare-uno-sponsor-affidabile-a-palermo;83 caratteri;sì
ONP-07;medium;onpage;Slug URL troppo lungo;/web-agency-a-palermo-la-guida-completa-per-far-crescere-la-tua-attivita-online;78 caratteri;sì
ONP-07;medium;onpage;Slug URL troppo lungo;/copywriter-seo-per-i-social-media-perche-a-google-piace-web-agency-seo-a-palermo;80 caratteri;sì
ONP-07;medium;onpage;Slug URL troppo lungo;/web-agency-a-palermo-per-il-settore-immobiliare-la-chiave-per-il-successo-online;80 caratteri;sì
ONP-07;medium;onpage;Slug URL troppo lungo;/web-agency-per-startup-a-palermo-la-tua-guida-al-successo-digitale;66 caratteri;sì
ONP-07;medium;onpage;Slug URL troppo lungo;/web-agency-per-e-commerce-a-palermo-come-incrementare-le-vendite-online;71 caratteri;sì
ONP-07;medium;onpage;Slug URL troppo lungo;/web-agency-a-palermo-per-eventi-massimizza-la-partecipazione-al-tuo-evento;74 caratteri;sì
ONP-07;medium;onpage;Slug URL troppo lungo;/web-agency-locale-a-palermo-la-tua-guida-per-conquistare-il-pubblico-della-citta;80 caratteri;sì
ONP-07;medium;onpage;Slug URL troppo lungo;/pubblicita-digitale-a-palermo-come-aumentare-la-visibilita-della-tua-attivita;77 caratteri;sì
ONP-07;medium;onpage;Slug URL troppo lungo;/creazione-siti-web-professionali-a-palermo-costruisci-la-tua-identita-digitale;78 caratteri;sì
ONP-07;medium;onpage;Slug URL troppo lungo;/marketing-per-farmacie-come-aumentare-visibilita-e-fidelizzare-i-clienti;72 caratteri;sì
ONP-07;medium;onpage;Slug URL troppo lungo;/marketing-digitale-a-palermo-la-chiave-per-il-successo-della-tua-attivita;73 caratteri;sì
ONP-07;medium;onpage;Slug URL troppo lungo;/cosa-si-intende-per-sito-web-una-guida-per-capirne-limportanza;62 caratteri;sì
ONP-07;medium;onpage;Slug URL troppo lungo;/quali-sono-i-siti-web-piu-visitati-scopri-le-piattaforme-piu-popolari-al-mondo;78 caratteri;sì
ONP-07;medium;onpage;Slug URL troppo lungo;/che-tipi-di-siti-web-esistono-una-guida-per-scegliere-quello-giusto-per-te;74 caratteri;sì
ONP-07;medium;onpage;Slug URL troppo lungo;/come-si-chiama-chi-crea-un-sito-web-scopri-la-figura-del-web-developer;70 caratteri;sì
ONP-07;medium;onpage;Slug URL troppo lungo;/che-cosa-fa-una-web-agency-una-guida-ai-servizi-digitali-piu-richiesti;70 caratteri;sì
ONP-07;medium;onpage;Slug URL troppo lungo;/quante-sono-le-web-agency-in-italia-unanalisi-del-panorama-digitale-italiano;76 caratteri;sì
ONP-07;medium;onpage;Slug URL troppo lungo;/quanto-guadagna-una-web-agency-analisi-dei-fattori-che-influenzano-i-ricavi;75 caratteri;sì
ONP-07;medium;onpage;Slug URL troppo lungo;/cose-unagency-scopri-il-ruolo-e-i-servizi-di-unagenzia-moderna;62 caratteri;sì
ONP-07;medium;onpage;Slug URL troppo lungo;/cosa-si-intende-per-pubblicita-una-guida-completa-al-mondo-pubblicitario;72 caratteri;sì
ONP-07;medium;onpage;Slug URL troppo lungo;/come-farsi-pubblicita-gratis-strategie-efficaci-per-aumentare-la-visibilita;75 caratteri;sì
ONP-07;medium;onpage;Slug URL troppo lungo;/qual-e-il-compito-della-pubblicita-capire-lobiettivo-e-il-valore-della-comunicazione-pubblicitaria;98 caratteri;sì
ONP-07;medium;onpage;Slug URL troppo lungo;/quanto-si-paga-unagenzia-di-comunicazione-guida-ai-costi-dei-servizi-di-comunicazione;85 caratteri;sì
ONP-07;medium;onpage;Slug URL troppo lungo;/cosa-fa-lagenzia-di-marketing-una-guida-ai-servizi-e-al-ruolo-strategico;72 caratteri;sì
ONP-07;medium;onpage;Slug URL troppo lungo;/che-cose-unazienda-di-marketing-scopri-il-motore-del-successo-aziendale;71 caratteri;sì
ONP-07;medium;onpage;Slug URL troppo lungo;/3-tipi-di-marketing-a-palermo-scopri-le-strategie-per-il-successo-della-tua-attivita;84 caratteri;sì
ONP-07;medium;onpage;Slug URL troppo lungo;/che-lavoro-fa-il-marketing-il-motore-che-trasforma-idee-in-successo;67 caratteri;sì
ONP-07;medium;onpage;Slug URL troppo lungo;/come-fare-unottima-pubblicita-strategie-vincenti-per-il-tuo-successo;68 caratteri;sì
ONP-07;medium;onpage;Slug URL troppo lungo;/dove-fare-pubblicita-a-basso-costo-scopri-le-migliori-strategie-economiche-per-promuovere-la-tua-attivita;105 caratteri;sì
ONP-07;medium;onpage;Slug URL troppo lungo;/quale-pubblicita-funziona-di-piu-scopri-le-strategie-piu-efficaci-per-il-tuo-business;85 caratteri;sì
ONP-07;medium;onpage;Slug URL troppo lungo;/come-iniziare-a-fare-digital-marketing-guida-pratica-per-chi-vuole-emergere-online;82 caratteri;sì
ONP-07;medium;onpage;Slug URL troppo lungo;/portfolio-fotografico-online-cose-e-perche-e-importante-crearlo;63 caratteri;sì
ONP-07;medium;onpage;Slug URL troppo lungo;/rispondere-alle-recensioni-con-lai-la-nuova-frontiera-dellautomazione;69 caratteri;sì
ONP-07;medium;onpage;Slug URL troppo lungo;/come-creare-sondaggi-online-e-raggiungere-il-tuo-pubblico-in-modo-efficace;74 caratteri;sì
ONP-07;medium;onpage;Slug URL troppo lungo;/come-ridurre-peso-delle-foto-consigli-pratici-per-immagini-piu-leggere;70 caratteri;sì
ONP-07;medium;onpage;Slug URL troppo lungo;/cosa-fa-un-ufficio-di-comunicazione-scopri-il-cuore-della-strategia-aziendale;77 caratteri;sì
ONP-07;medium;onpage;Slug URL troppo lungo;/come-si-chiama-chi-si-occupa-di-comunicazione-scopri-i-ruoli-e-le-competenze-di-questi-professionisti;101 caratteri;sì
ONP-07;medium;onpage;Slug URL troppo lungo;/come-trovare-unagenzia-di-comunicazione-consigli-per-scegliere-il-partner-giusto;80 caratteri;sì
ONP-07;medium;onpage;Slug URL troppo lungo;/scegliere-la-giusta-agenzia-di-comunicazione-consigli-e-strategie-per-trovare-il-partner-ideale;95 caratteri;sì
ONP-07;medium;onpage;Slug URL troppo lungo;/come-sfruttare-al-meglio-i-test-a-b-per-aumentare-le-conversioni;64 caratteri;sì
ONP-07;medium;onpage;Slug URL troppo lungo;/come-creare-un-podcast-aziendale-per-migliorare-il-posizionamento-del-brand;75 caratteri;sì
ONP-07;medium;onpage;Slug URL troppo lungo;/come-trovare-il-co-founder-perfetto-per-la-tua-startup-e-lo-sponsor-ideale-per-la-tua-crescita;94 caratteri;sì
ONP-07;medium;onpage;Slug URL troppo lungo;/i-migliori-formati-banner-per-ottimizzare-le-tue-campagne-pubblicitarie;71 caratteri;sì
ONP-07;medium;onpage;Slug URL troppo lungo;/come-crescere-su-instagram-8-tattiche-per-sfruttare-lalgoritmo-e-aumentare-lengagement;86 caratteri;sì
ONP-07;medium;onpage;Slug URL troppo lungo;/tiktok-adv-o-instagram-adv-qual-e-la-piattaforma-migliore-per-la-tua-campagna-online;84 caratteri;sì
ONP-07;medium;onpage;Slug URL troppo lungo;/la-potenza-dei-micro-influencer-e-il-loro-impatto-online-per-le-aziende;71 caratteri;sì
ONP-07;medium;onpage;Slug URL troppo lungo;/black-friday-2024-come-preparare-il-tuo-e-commerce-a-palermo-per-massimizzare-le-vendite;88 caratteri;sì
ONP-07;medium;onpage;Slug URL troppo lungo;/integrazione-di-piattaforme-tiktok-e-commerce-un-nuovo-orizzonte-per-i-commercianti-a-palermo;93 caratteri;sì
ONP-07;medium;onpage;Slug URL troppo lungo;/quanto-e-importante-il-feedback-dei-clienti-per-migliorare-il-tuo-business;74 caratteri;sì
ONP-07;medium;onpage;Slug URL troppo lungo;/la-gen-z-e-il-nuovo-percorso-di-acquisto-come-adattare-la-tua-strategia-di-marketing;84 caratteri;sì
ONP-07;medium;onpage;Slug URL troppo lungo;/tutti-i-vantaggi-di-scegliere-una-web-agency-per-il-tuo-business;64 caratteri;sì
ONP-07;medium;onpage;Slug URL troppo lungo;/il-diario-segreto-di-una-web-agency-storie-di-successi-digitali;63 caratteri;sì
ONP-07;medium;onpage;Slug URL troppo lungo;/il-laboratorio-creativo-di-una-web-agency-dove-nascono-le-idee;62 caratteri;sì
ONP-07;medium;onpage;Slug URL troppo lungo;/agenzia-di-comunicazione-digitale-il-futuro-della-promozione-online;67 caratteri;sì
ONP-07;medium;onpage;Slug URL troppo lungo;/agenzia-di-comunicazione-creativa-idee-e-strategie-per-il-tuo-brand;67 caratteri;sì
ONP-07;medium;onpage;Slug URL troppo lungo;/agenzia-di-comunicazione-visiva-come-catturare-lattenzione-del-pubblico;71 caratteri;sì
ONP-07;medium;onpage;Slug URL troppo lungo;/agenzia-di-comunicazione-strategica-come-pianificare-il-successo;64 caratteri;sì
ONP-07;medium;onpage;Slug URL troppo lungo;/agenzia-di-comunicazione-per-eventi-trasformare-ogni-occasione-in-opportunita-di-successo;89 caratteri;sì
ONP-07;medium;onpage;Slug URL troppo lungo;/agenzia-di-comunicazione-per-e-commerce-vendere-di-piu-online;61 caratteri;sì
ONP-07;medium;onpage;Slug URL troppo lungo;/come-raggiungere-al-meglio-il-proprio-pubblico-strategie-efficaci-per-comunicare-con-successo;93 caratteri;sì
ONP-07;medium;onpage;Slug URL troppo lungo;/migliorare-lindicizzazione-su-google-strategie-efficaci-per-scalare-la-serp;75 caratteri;sì
ONP-07;medium;onpage;Slug URL troppo lungo;/progettare-un-packaging-efficace-guida-per-valorizzare-il-tuo-prodotto;70 caratteri;sì
ONP-07;medium;onpage;Slug URL troppo lungo;/la-penna-magica-di-unagenzia-di-comunicazione-il-potere-dello-storytelling-che-emoziona-e-conquista;99 caratteri;sì
ONP-07;medium;onpage;Slug URL troppo lungo;/larte-della-comunicazione-di-lusso-strategie-esclusive-per-conquistare-clienti-premium;86 caratteri;sì
ONP-07;medium;onpage;Slug URL troppo lungo;/viaggi-nellera-digitale-come-unagenzia-di-comunicazione-trasforma-il-turismo-in-emozione;88 caratteri;sì
ONP-07;medium;onpage;Slug URL troppo lungo;/strategie-su-misura-come-unagenzia-di-comunicazione-per-pmi-guida-al-successo-nel-mercato-locale;96 caratteri;sì
ONP-07;medium;onpage;Slug URL troppo lungo;/come-unagenzia-di-comunicazione-e-influencer-marketing-trasforma-la-pubblicita-moderna;86 caratteri;sì
ONP-07;medium;onpage;Slug URL troppo lungo;/come-scegliere-unagenzia-di-comunicazione-efficace-la-guida-per-il-successo-del-tuo-brand;89 caratteri;sì
ONP-07;medium;onpage;Slug URL troppo lungo;/servizi-di-comunicazione-digitale-la-chiave-per-il-successo-nel-mondo-online;76 caratteri;sì
ONP-07;medium;onpage;Slug URL troppo lungo;/creazione-di-strategie-di-comunicazione-guida-per-un-successo-garantito;71 caratteri;sì
ONP-07;medium;onpage;Slug URL troppo lungo;/soluzioni-per-la-comunicazione-aziendale-strategie-per-far-crescere-il-tuo-brand;80 caratteri;sì
ONP-07;medium;onpage;Slug URL troppo lungo;/esperti-in-comunicazione-e-branding-il-segreto-per-un-brand-di-successo;71 caratteri;sì
ONP-07;medium;onpage;Slug URL troppo lungo;/branding-da-sogno-come-unagenzia-di-comunicazione-costruisce-unidentita-vincente;80 caratteri;sì
ONP-07;medium;onpage;Slug URL troppo lungo;/strategie-di-marketing-per-aziende-come-costruire-un-piano-di-successo;70 caratteri;sì
ONP-07;medium;onpage;Slug URL troppo lungo;/consulenza-per-la-creazione-di-brand-costruisci-unidentita-vincente;67 caratteri;sì
ONP-07;medium;onpage;Slug URL troppo lungo;/creazione-di-marchi-aziendali-come-costruire-unidentita-forte-e-riconoscibile;77 caratteri;sì
ONP-07;medium;onpage;Slug URL troppo lungo;/come-costruire-un-marchio-di-successo-con-lo-sviluppo-e-gestione-del-brand-a-palermo;84 caratteri;sì
ONP-07;medium;onpage;Slug URL troppo lungo;/gestione-della-reputazione-online-come-proteggere-e-migliorare-limmagine-del-tuo-brand;86 caratteri;sì
ONP-07;medium;onpage;Slug URL troppo lungo;/comunicazione-per-la-crescita-aziendale-strategie-per-raggiungere-il-successo;77 caratteri;sì
ONP-07;medium;onpage;Slug URL troppo lungo;/agenzia-tiktok-come-sfruttare-il-potenziale-di-tiktok-per-il-tuo-brand;70 caratteri;sì
ONP-07;medium;onpage;Slug URL troppo lungo;/come-funzionano-le-agenzie-su-tiktok-scopri-come-potenziare-il-tuo-brand;72 caratteri;sì
ONP-07;medium;onpage;Slug URL troppo lungo;/come-si-fa-a-crescere-su-tiktok-strategie-per-aumentare-visibilita-e-engagement;79 caratteri;sì
ONP-07;medium;onpage;Slug URL troppo lungo;/agenzia-per-eventi-a-palermo-come-organizzare-eventi-indimenticabili;68 caratteri;sì
ONP-07;medium;onpage;Slug URL troppo lungo;/organizzare-eventi-a-palermo-come-creare-esperienze-indimenticabili;67 caratteri;sì
ONP-07;medium;onpage;Slug URL troppo lungo;/come-organizzare-eventi-aziendali-di-successo-strategie-vincenti-per-il-tuo-business;84 caratteri;sì
ONP-07;medium;onpage;Slug URL troppo lungo;/come-realizzare-un-evento-di-lancio-prodotto-di-successo-a-palermo;66 caratteri;sì
ONP-07;medium;onpage;Slug URL troppo lungo;/come-gestire-eventi-privati-con-successo-dalla-festa-di-compleanno-a-eventi-esclusivi;85 caratteri;sì
ONP-07;medium;onpage;Slug URL troppo lungo;/social-media-manager-a-palermo-come-scegliere-il-professionista-giusto-per-il-tuo-brand;87 caratteri;sì
ONP-07;medium;onpage;Slug URL troppo lungo;/social-media-manager-per-e-commerce-aumentare-le-vendite-con-strategie-mirate;77 caratteri;sì
ONP-07;medium;onpage;Slug URL troppo lungo;/il-ruolo-di-un-social-media-manager-nelle-piccole-e-medie-imprese;65 caratteri;sì
ONP-07;medium;onpage;Slug URL troppo lungo;/come-il-social-media-manager-puo-potenziare-la-tua-strategia-di-content-marketing;81 caratteri;sì
ONP-07;medium;onpage;Slug URL troppo lungo;/come-diventare-un-social-media-manager-di-successo-guida-passo-dopo-passo;73 caratteri;sì
ONP-07;medium;onpage;Slug URL troppo lungo;/5-errori-silenziosi-che-stai-commettendo-nel-tuo-sito-web-aziendale;67 caratteri;sì
ONP-07;medium;onpage;Slug URL troppo lungo;/strategie-digitali-per-artigiani-locali-come-vendere-di-piu-online-marketing;76 caratteri;sì
ONP-07;medium;onpage;Slug URL troppo lungo;/il-potere-delle-landing-page-per-attivita-locali-converti-i-clienti-della-tua-citta;83 caratteri;sì
ONP-07;medium;onpage;Slug URL troppo lungo;/micro-influencer-locale-come-usarli-per-far-crescere-la-tua-azienda-marketing-palermo;85 caratteri;sì
ONP-07;medium;onpage;Slug URL troppo lungo;/leffetto-domino-delle-recensioni-online-per-le-attivita-locali;62 caratteri;sì
ONP-07;medium;onpage;Slug URL troppo lungo;/strategie-digitali-per-chi-apre-una-start-up-culturale-a-palermo;64 caratteri;sì
ONP-07;medium;onpage;Slug URL troppo lungo;/come-promuovere-la-tua-casa-vacanze-con-il-marketing-locale-digitale;68 caratteri;sì
ONP-07;medium;onpage;Slug URL troppo lungo;/brand-identity-per-artisti-e-creativi-distinguersi-online-in-modo-autentico;75 caratteri;sì
ONP-07;medium;onpage;Slug URL troppo lungo;/comunicazione-digitale-per-associazioni-no-profit-come-farsi-conoscere;70 caratteri;sì
ONP-07;medium;onpage;Slug URL troppo lungo;/digitale-e-tradizione-come-promuovere-botteghe-storiche-con-nuove-strategie-comunicazione;89 caratteri;sì
ONP-07;medium;onpage;Slug URL troppo lungo;/formazione-online-come-promuovere-il-tuo-corso-o-workshop-sul-web;65 caratteri;sì
ONP-07;medium;onpage;Slug URL troppo lungo;/digital-strategy-per-laboratori-di-analisi-come-farsi-scegliere-online;70 caratteri;sì
ONP-07;medium;onpage;Slug URL troppo lungo;/come-comunicare-online-per-una-scuola-di-musica-o-danza-a-palermo;65 caratteri;sì
ONP-07;medium;onpage;Slug URL troppo lungo;/come-far-crescere-una-sartoria-o-atelier-online-strategie-su-misura;67 caratteri;sì
ONP-07;medium;onpage;Slug URL troppo lungo;/pet-business-come-farsi-conoscere-online-con-una-comunicazione-mirata;69 caratteri;sì
ONP-07;medium;onpage;Slug URL troppo lungo;/vendere-arte-online-come-costruire-una-strategia-digitale-per-gallerie-e-artisti;80 caratteri;sì
ONP-07;medium;onpage;Slug URL troppo lungo;/ristorazione-vegetariana-e-vegana-come-comunicare-i-tuoi-valori-online;70 caratteri;sì
ONP-07;medium;onpage;Slug URL troppo lungo;/digital-strategy-per-wedding-planner-e-servizi-per-eventi-privati;65 caratteri;sì
ONP-07;medium;onpage;Slug URL troppo lungo;/consulenti-psicologi-e-coach-come-trovare-clienti-online-a-palermo;66 caratteri;sì
ONP-07;medium;onpage;Slug URL troppo lungo;/servizi-alla-persona-promuovere-online-estetiste-massaggiatori-e-parrucchieri;77 caratteri;sì
ONP-07;medium;onpage;Slug URL troppo lungo;/digital-branding-per-studi-legali-e-professionisti-del-diritto;62 caratteri;sì
ONP-07;medium;onpage;Slug URL troppo lungo;/psicologi-online-come-promuoversi-nel-rispetto-della-deontologia;64 caratteri;sì
ONP-07;medium;onpage;Slug URL troppo lungo;/come-promuovere-un-centro-odontoiatrico-sul-web-senza-perdere-serieta;69 caratteri;sì
ONP-07;medium;onpage;Slug URL troppo lungo;/farmacie-e-parafarmacie-strategie-locali-per-aumentare-la-clientela;67 caratteri;sì
ONP-07;medium;onpage;Slug URL troppo lungo;/come-far-crescere-un-centro-logopedico-con-il-supporto-digitale;63 caratteri;sì
ONP-07;medium;onpage;Slug URL troppo lungo;/visibilita-online-per-nutrizionisti-e-biologi-cosa-funziona-davvero;67 caratteri;sì
ONP-07;medium;onpage;Slug URL troppo lungo;/come-lanciare-una-clinica-estetica-digital-branding-per-la-bellezza;67 caratteri;sì
ONP-07;medium;onpage;Slug URL troppo lungo;/servizi-veterinari-come-raggiungere-piu-clienti-online-in-modo-etico;68 caratteri;sì
ONP-07;medium;onpage;Slug URL troppo lungo;/come-farsi-scegliere-online-come-ostetrica-o-operatore-del-benessere-femminile;78 caratteri;sì
ONP-07;medium;onpage;Slug URL troppo lungo;/digital-strategy-per-studi-di-podologia-e-professionisti-del-piede;66 caratteri;sì
ONP-07;medium;onpage;Slug URL troppo lungo;/come-promuovere-online-una-scuola-privata-o-centro-di-formazione-a-palermo;74 caratteri;sì
ONP-07;medium;onpage;Slug URL troppo lungo;/comunicazione-per-architetti-e-interior-designer-il-progetto-parte-dal-web;74 caratteri;sì
ONP-07;medium;onpage;Slug URL troppo lungo;/come-far-crescere-unazienda-agricola-con-e-commerce-e-promozione-locale;71 caratteri;sì
ONP-07;medium;onpage;Slug URL troppo lungo;/pet-sitter-e-pensioni-per-animali-come-attirare-piu-clienti-online;66 caratteri;sì
ONP-07;medium;onpage;Slug URL troppo lungo;/servizi-per-linfanzia-come-farsi-conoscere-online-come-baby-sitter-o-tata-qualificata;85 caratteri;sì
ONP-07;medium;onpage;Slug URL troppo lungo;/digital-strategy-per-agenzie-investigative-e-professionisti-della-sicurezza;75 caratteri;sì
ONP-07;medium;onpage;Slug URL troppo lungo;/comunicazione-per-traduttori-e-interpreti-come-trovare-clienti-online;69 caratteri;sì
ONP-07;medium;onpage;Slug URL troppo lungo;/social-media-manager-a-palermo-quanto-conta-davvero-per-unazienda-locale;72 caratteri;sì
ONP-07;medium;onpage;Slug URL troppo lungo;/agenzia-marketing-a-palermo-come-sceglierne-una-adatta-alla-tua-attivita;72 caratteri;sì
ONP-07;medium;onpage;Slug URL troppo lungo;/web-agency-a-palermo-per-professionisti-siti-e-strategie-personalizzate;71 caratteri;sì
ONP-07;medium;onpage;Slug URL troppo lungo;/tiktok-e-instagram-reels-perche-ogni-impresa-a-palermo-deve-sfruttarli-ora;74 caratteri;sì
ONP-07;medium;onpage;Slug URL troppo lungo;/scopri-come-un-semplice-video-ha-raggiunto-1-milione-di-visualizzazioni-in-24-ore;81 caratteri;sì
ONP-07;medium;onpage;Slug URL troppo lungo;/da-zero-a-virale-la-storia-di-un-contenuto-che-ha-conquistato-il-web;68 caratteri;sì
ONP-07;medium;onpage;Slug URL troppo lungo;/challenge-virali-come-sfruttarle-per-aumentare-la-tua-visibilita;64 caratteri;sì
ONP-07;medium;onpage;Slug URL troppo lungo;/parole-chiave-e-viralita-il-connubio-perfetto-per-i-tuoi-video;62 caratteri;sì
ONP-07;medium;onpage;Slug URL troppo lungo;/come-ottimizzare-i-tuoi-video-per-i-motori-di-ricerca-nel-2025;62 caratteri;sì
ONP-07;medium;onpage;Slug URL troppo lungo;/seo-per-contenuti-video-guida-pratica-per-aumentare-le-visualizzazioni;70 caratteri;sì
ONP-07;medium;onpage;Slug URL troppo lungo;/i-migliori-strumenti-per-analizzare-e-migliorare-la-performance-dei-tuoi-video;78 caratteri;sì
ONP-07;medium;onpage;Slug URL troppo lungo;/agenzia-di-comunicazione-a-palermo-come-far-crescere-il-tuo-brand-nel-2025;74 caratteri;sì
ONP-07;medium;onpage;Slug URL troppo lungo;/i-segreti-del-marketing-digitale-a-palermo-scopri-la-nostra-agenzia;67 caratteri;sì
ONP-07;medium;onpage;Slug URL troppo lungo;/seo-e-video-virali-a-palermo-come-max-digital-innovation-sta-cambiando-le-regole;80 caratteri;sì
ONP-07;medium;onpage;Slug URL troppo lungo;/produzione-video-palermo-perche-oggi-e-indispensabile-per-ogni-azienda;70 caratteri;sì
ONP-07;medium;onpage;Slug URL troppo lungo;/video-promozionali-per-la-tua-azienda-palermo-funzionano-davvero;64 caratteri;sì
ONP-07;medium;onpage;Slug URL troppo lungo;/produzione-video-professionale-palermo-tutto-quello-che-devi-sapere;67 caratteri;sì
ONP-07;medium;onpage;Slug URL troppo lungo;/come-trasformare-un-semplice-video-in-un-contenuto-virale-a-palermo;67 caratteri;sì
CNT-08;medium;content;"Nessun elemento visuale o strutturato (liste, tabelle, immagini)";/realizzazione-siti-web-a-palermo;"nessuna lista, tabella o immagine";no
CNT-08;medium;content;"Nessun elemento visuale o strutturato (liste, tabelle, immagini)";/digital-marketing-palermo;"nessuna lista, tabella o immagine";no
CNT-08;medium;content;"Nessun elemento visuale o strutturato (liste, tabelle, immagini)";/produzione-video-palermo;"nessuna lista, tabella o immagine";no
CNT-08;medium;content;"Nessun elemento visuale o strutturato (liste, tabelle, immagini)";/realizzazione-e-commerce-palermo;"nessuna lista, tabella o immagine";no
CNT-08;medium;content;"Nessun elemento visuale o strutturato (liste, tabelle, immagini)";/graphic-design-palermo;"nessuna lista, tabella o immagine";no
CNT-08;medium;content;"Nessun elemento visuale o strutturato (liste, tabelle, immagini)";/sviluppo-crm-gestionali-palermo;"nessuna lista, tabella o immagine";no
CNT-08;medium;content;"Nessun elemento visuale o strutturato (liste, tabelle, immagini)";/naming-palermo;"nessuna lista, tabella o immagine";no
CNT-08;medium;content;"Nessun elemento visuale o strutturato (liste, tabelle, immagini)";/stampe-digitali-palermo;"nessuna lista, tabella o immagine";no
CNT-08;medium;content;"Nessun elemento visuale o strutturato (liste, tabelle, immagini)";/innovazione-digitale-pmi-competitive;"nessuna lista, tabella o immagine";no
CNT-08;medium;content;"Nessun elemento visuale o strutturato (liste, tabelle, immagini)";/innovazione-digitale-palermo;"nessuna lista, tabella o immagine";no
CNT-08;medium;content;"Nessun elemento visuale o strutturato (liste, tabelle, immagini)";/gestione-social-media-presenza-online;"nessuna lista, tabella o immagine";no
CNT-08;medium;content;"Nessun elemento visuale o strutturato (liste, tabelle, immagini)";/come-creare-una-landing-page-efficace;"nessuna lista, tabella o immagine";no
CNT-08;medium;content;"Nessun elemento visuale o strutturato (liste, tabelle, immagini)";/branded-content-come-raccontare-il-tuo-brand-con-max-digital-innovation;"nessuna lista, tabella o immagine";no
CNT-08;medium;content;"Nessun elemento visuale o strutturato (liste, tabelle, immagini)";/scopri-come-aumentare-posizionamento-seo-per-il-tuo-sito-web-su-google;"nessuna lista, tabella o immagine";no
CNT-08;medium;content;"Nessun elemento visuale o strutturato (liste, tabelle, immagini)";/tipologie-di-siti-web-la-guida-definitiva-per-imprenditori;"nessuna lista, tabella o immagine";no
CNT-08;medium;content;"Nessun elemento visuale o strutturato (liste, tabelle, immagini)";/e-commerce-a-palermo;"nessuna lista, tabella o immagine";no
CNT-08;medium;content;"Nessun elemento visuale o strutturato (liste, tabelle, immagini)";/advertising-a-palermo;"nessuna lista, tabella o immagine";no
CNT-08;medium;content;"Nessun elemento visuale o strutturato (liste, tabelle, immagini)";/5-consigli-preziosi-per-pubblicizzare-la-propria-azienda-a-palermo-su-google;"nessuna lista, tabella o immagine";no
CNT-08;medium;content;"Nessun elemento visuale o strutturato (liste, tabelle, immagini)";/hai-bisogno-di-pubblicizzare-il-tuo-ristorante-a-palermo-ecco-come-possiamo-aiutarti;"nessuna lista, tabella o immagine";no
CNT-08;medium;content;"Nessun elemento visuale o strutturato (liste, tabelle, immagini)";/ecco-perche-un-sito-web-a-palermo-e-cosi-essenziale-per-la-tua-attivita;"nessuna lista, tabella o immagine";no
CNT-08;medium;content;"Nessun elemento visuale o strutturato (liste, tabelle, immagini)";/gestione-social-media-a-palermo-come-la-nostra-agenzia-di-comunicazione-cura-i-tuoi-social-media;"nessuna lista, tabella o immagine";no
CNT-08;medium;content;"Nessun elemento visuale o strutturato (liste, tabelle, immagini)";/11-trend-marketing-a-palermo-per-e-commerce-marketing-che-faranno-crescere-il-tuo-e-commerce;"nessuna lista, tabella o immagine";no
CNT-08;medium;content;"Nessun elemento visuale o strutturato (liste, tabelle, immagini)";/come-fare-pubblicita-a-palermo-su-internet-guida-per-principianti;"nessuna lista, tabella o immagine";no
CNT-08;medium;content;"Nessun elemento visuale o strutturato (liste, tabelle, immagini)";/pubblicita-su-tiktok-a-palermo-come-aiutiamo-la-tua-azienda-a-crescere;"nessuna lista, tabella o immagine";no
CNT-08;medium;content;"Nessun elemento visuale o strutturato (liste, tabelle, immagini)";/web-agency-a-palermo-il-design-che-parte-dal-brand;"nessuna lista, tabella o immagine";no
CNT-08;medium;content;"Nessun elemento visuale o strutturato (liste, tabelle, immagini)";/b2b-a-palermo-cosa-puo-imparare-dal-b2c-per-sfruttare-al-meglio-il-digitale;"nessuna lista, tabella o immagine";no
CNT-08;medium;content;"Nessun elemento visuale o strutturato (liste, tabelle, immagini)";/strategie-di-content-marketing-per-le-piccole-imprese-a-palermo;"nessuna lista, tabella o immagine";no
CNT-08;medium;content;"Nessun elemento visuale o strutturato (liste, tabelle, immagini)";/web-marketing-per-palestre-e-centri-sportivi;"nessuna lista, tabella o immagine";no
CNT-08;medium;content;"Nessun elemento visuale o strutturato (liste, tabelle, immagini)";/mi-serve-davvero-un-sito-web-aziendale;"nessuna lista, tabella o immagine";no
CNT-08;medium;content;"Nessun elemento visuale o strutturato (liste, tabelle, immagini)";/quali-sono-i-servizi-offerti-da-unagenzia-di-comunicazione-a-palermo;"nessuna lista, tabella o immagine";no
CNT-08;medium;content;"Nessun elemento visuale o strutturato (liste, tabelle, immagini)";/le-commerce-in-italia-sta-cambiando-con-lintelligenza-artificiale;"nessuna lista, tabella o immagine";no
CNT-08;medium;content;"Nessun elemento visuale o strutturato (liste, tabelle, immagini)";/il-marketing-per-attivita-locali-i-vantaggi-di-affidarsi-a-una-web-agency;"nessuna lista, tabella o immagine";no
CNT-08;medium;content;"Nessun elemento visuale o strutturato (liste, tabelle, immagini)";/i-social-media-gli-alleati-per-il-tuo-e-commerce;"nessuna lista, tabella o immagine";no
CNT-08;medium;content;"Nessun elemento visuale o strutturato (liste, tabelle, immagini)";/marketing-online-per-la-tua-concessionaria;"nessuna lista, tabella o immagine";no
CNT-08;medium;content;"Nessun elemento visuale o strutturato (liste, tabelle, immagini)";/marketing-online-per-il-tuo-negozio-di-abbigliamento;"nessuna lista, tabella o immagine";no
CNT-08;medium;content;"Nessun elemento visuale o strutturato (liste, tabelle, immagini)";/web-marketing-per-la-tua-parruccheria;"nessuna lista, tabella o immagine";no
CNT-08;medium;content;"Nessun elemento visuale o strutturato (liste, tabelle, immagini)";/come-pubblicizzare-la-tua-ottica-a-palermo;"nessuna lista, tabella o immagine";no
CNT-08;medium;content;"Nessun elemento visuale o strutturato (liste, tabelle, immagini)";/come-pubblicizzare-la-tua-pizzeria;"nessuna lista, tabella o immagine";no
CNT-08;medium;content;"Nessun elemento visuale o strutturato (liste, tabelle, immagini)";/gestione-marketing-per-il-tuo-pub;"nessuna lista, tabella o immagine";no
CNT-08;medium;content;"Nessun elemento visuale o strutturato (liste, tabelle, immagini)";/idee-creative-per-pubblicizzare-la-tua-panineria;"nessuna lista, tabella o immagine";no
CNT-08;medium;content;"Nessun elemento visuale o strutturato (liste, tabelle, immagini)";/gestione-marketing-per-la-tua-hamburgeria;"nessuna lista, tabella o immagine";no
CNT-08;medium;content;"Nessun elemento visuale o strutturato (liste, tabelle, immagini)";/strategie-di-marketing-di-successo-i-passi-fondamentali-per-distinguersi-nel-mercato;"nessuna lista, tabella o immagine";no
CNT-08;medium;content;"Nessun elemento visuale o strutturato (liste, tabelle, immagini)";/pubblicita-per-il-tuo-brand-a-palermo-come-differenziarsi-dalla-massa;"nessuna lista, tabella o immagine";no
CNT-08;medium;content;"Nessun elemento visuale o strutturato (liste, tabelle, immagini)";/restare-al-passo-coi-trend-e-difficile-scopri-come-unagenzia-di-comunicazione-puo-aiutarti;"nessuna lista, tabella o immagine";no
CNT-08;medium;content;"Nessun elemento visuale o strutturato (liste, tabelle, immagini)";/vendita-online-a-palermo-sui-social-unottima-vetrina-per-i-tuoi-prodotti;"nessuna lista, tabella o immagine";no
CNT-08;medium;content;"Nessun elemento visuale o strutturato (liste, tabelle, immagini)";/come-scegliere-lagenzia-pubblicitaria-a-palermo-ideale-per-la-vostra-azienda;"nessuna lista, tabella o immagine";no
CNT-08;medium;content;"Nessun elemento visuale o strutturato (liste, tabelle, immagini)";/10-modi-per-migliorare-la-visibilita-del-tuo-sito-web-sui-motori-di-ricerca;"nessuna lista, tabella o immagine";no
CNT-08;medium;content;"Nessun elemento visuale o strutturato (liste, tabelle, immagini)";/le-11-regole-per-un-sito-web-efficace;"nessuna lista, tabella o immagine";no
CNT-08;medium;content;"Nessun elemento visuale o strutturato (liste, tabelle, immagini)";/quando-la-web-agency-incontra-lintelligenza-artificiale;"nessuna lista, tabella o immagine";no
CNT-08;medium;content;"Nessun elemento visuale o strutturato (liste, tabelle, immagini)";/5-errori-silenziosi-che-stai-commettendo-nel-tuo-sito-web-aziendale;"nessuna lista, tabella o immagine";no
CNT-08;medium;content;"Nessun elemento visuale o strutturato (liste, tabelle, immagini)";/strategie-digitali-per-artigiani-locali-come-vendere-di-piu-online-marketing;"nessuna lista, tabella o immagine";no
CNT-08;medium;content;"Nessun elemento visuale o strutturato (liste, tabelle, immagini)";/il-potere-delle-landing-page-per-attivita-locali-converti-i-clienti-della-tua-citta;"nessuna lista, tabella o immagine";no
CNT-08;medium;content;"Nessun elemento visuale o strutturato (liste, tabelle, immagini)";/micro-influencer-locale-come-usarli-per-far-crescere-la-tua-azienda-marketing-palermo;"nessuna lista, tabella o immagine";no
CNT-08;medium;content;"Nessun elemento visuale o strutturato (liste, tabelle, immagini)";/posizionamento-zero-su-google-cose-e-come-ottenerlo;"nessuna lista, tabella o immagine";no
CNT-08;medium;content;"Nessun elemento visuale o strutturato (liste, tabelle, immagini)";/come-unire-seo-e-branding-visivo-in-un-solo-progetto-web;"nessuna lista, tabella o immagine";no
CNT-08;medium;content;"Nessun elemento visuale o strutturato (liste, tabelle, immagini)";/leffetto-domino-delle-recensioni-online-per-le-attivita-locali;"nessuna lista, tabella o immagine";no
CNT-08;medium;content;"Nessun elemento visuale o strutturato (liste, tabelle, immagini)";/seo-per-podcast-e-audio-contenuti-come-farli-trovare-online;"nessuna lista, tabella o immagine";no
CNT-08;medium;content;"Nessun elemento visuale o strutturato (liste, tabelle, immagini)";/siti-one-page-quando-funzionano-davvero;"nessuna lista, tabella o immagine";no
CNT-08;medium;content;"Nessun elemento visuale o strutturato (liste, tabelle, immagini)";/strategie-digitali-per-chi-apre-una-start-up-culturale-a-palermo;"nessuna lista, tabella o immagine";no
CNT-08;medium;content;"Nessun elemento visuale o strutturato (liste, tabelle, immagini)";/come-promuovere-la-tua-casa-vacanze-con-il-marketing-locale-digitale;"nessuna lista, tabella o immagine";no
CNT-08;medium;content;"Nessun elemento visuale o strutturato (liste, tabelle, immagini)";/brand-identity-per-artisti-e-creativi-distinguersi-online-in-modo-autentico;"nessuna lista, tabella o immagine";no
CNT-08;medium;content;"Nessun elemento visuale o strutturato (liste, tabelle, immagini)";/il-ruolo-del-marketing-digitale-per-le-librerie-indipendenti;"nessuna lista, tabella o immagine";no
CNT-08;medium;content;"Nessun elemento visuale o strutturato (liste, tabelle, immagini)";/comunicazione-digitale-per-associazioni-no-profit-come-farsi-conoscere;"nessuna lista, tabella o immagine";no
CNT-08;medium;content;"Nessun elemento visuale o strutturato (liste, tabelle, immagini)";/strategie-web-per-eventi-teatrali-e-spettacoli-indipendenti;"nessuna lista, tabella o immagine";no
CNT-08;medium;content;"Nessun elemento visuale o strutturato (liste, tabelle, immagini)";/digitale-e-tradizione-come-promuovere-botteghe-storiche-con-nuove-strategie-comunicazione;"nessuna lista, tabella o immagine";no
CNT-08;medium;content;"Nessun elemento visuale o strutturato (liste, tabelle, immagini)";/formazione-online-come-promuovere-il-tuo-corso-o-workshop-sul-web;"nessuna lista, tabella o immagine";no
CNT-08;medium;content;"Nessun elemento visuale o strutturato (liste, tabelle, immagini)";/dalla-strada-al-web-come-promuovere-un-food-truck-a-palermo;"nessuna lista, tabella o immagine";no
CNT-08;medium;content;"Nessun elemento visuale o strutturato (liste, tabelle, immagini)";/digital-strategy-per-laboratori-di-analisi-come-farsi-scegliere-online;"nessuna lista, tabella o immagine";no
CNT-08;medium;content;"Nessun elemento visuale o strutturato (liste, tabelle, immagini)";/come-comunicare-online-per-una-scuola-di-musica-o-danza-a-palermo;"nessuna lista, tabella o immagine";no
CNT-08;medium;content;"Nessun elemento visuale o strutturato (liste, tabelle, immagini)";/come-far-crescere-una-sartoria-o-atelier-online-strategie-su-misura;"nessuna lista, tabella o immagine";no
CNT-08;medium;content;"Nessun elemento visuale o strutturato (liste, tabelle, immagini)";/pet-business-come-farsi-conoscere-online-con-una-comunicazione-mirata;"nessuna lista, tabella o immagine";no
CNT-08;medium;content;"Nessun elemento visuale o strutturato (liste, tabelle, immagini)";/vendere-arte-online-come-costruire-una-strategia-digitale-per-gallerie-e-artisti;"nessuna lista, tabella o immagine";no
CNT-08;medium;content;"Nessun elemento visuale o strutturato (liste, tabelle, immagini)";/ristorazione-vegetariana-e-vegana-come-comunicare-i-tuoi-valori-online;"nessuna lista, tabella o immagine";no
CNT-08;medium;content;"Nessun elemento visuale o strutturato (liste, tabelle, immagini)";/digital-strategy-per-wedding-planner-e-servizi-per-eventi-privati;"nessuna lista, tabella o immagine";no
CNT-08;medium;content;"Nessun elemento visuale o strutturato (liste, tabelle, immagini)";/consulenti-psicologi-e-coach-come-trovare-clienti-online-a-palermo;"nessuna lista, tabella o immagine";no
CNT-08;medium;content;"Nessun elemento visuale o strutturato (liste, tabelle, immagini)";/come-lanciare-prodotti-tipici-siciliani-online-vendita;"nessuna lista, tabella o immagine";no
CNT-08;medium;content;"Nessun elemento visuale o strutturato (liste, tabelle, immagini)";/servizi-alla-persona-promuovere-online-estetiste-massaggiatori-e-parrucchieri;"nessuna lista, tabella o immagine";no
CNT-08;medium;content;"Nessun elemento visuale o strutturato (liste, tabelle, immagini)";/digital-branding-per-studi-legali-e-professionisti-del-diritto;"nessuna lista, tabella o immagine";no
CNT-08;medium;content;"Nessun elemento visuale o strutturato (liste, tabelle, immagini)";/psicologi-online-come-promuoversi-nel-rispetto-della-deontologia;"nessuna lista, tabella o immagine";no
CNT-08;medium;content;"Nessun elemento visuale o strutturato (liste, tabelle, immagini)";/come-promuovere-un-centro-odontoiatrico-sul-web-senza-perdere-serieta;"nessuna lista, tabella o immagine";no
CNT-08;medium;content;"Nessun elemento visuale o strutturato (liste, tabelle, immagini)";/farmacie-e-parafarmacie-strategie-locali-per-aumentare-la-clientela;"nessuna lista, tabella o immagine";no
CNT-08;medium;content;"Nessun elemento visuale o strutturato (liste, tabelle, immagini)";/come-far-crescere-un-centro-logopedico-con-il-supporto-digitale;"nessuna lista, tabella o immagine";no
CNT-08;medium;content;"Nessun elemento visuale o strutturato (liste, tabelle, immagini)";/visibilita-online-per-nutrizionisti-e-biologi-cosa-funziona-davvero;"nessuna lista, tabella o immagine";no
CNT-08;medium;content;"Nessun elemento visuale o strutturato (liste, tabelle, immagini)";/come-lanciare-una-clinica-estetica-digital-branding-per-la-bellezza;"nessuna lista, tabella o immagine";no
CNT-08;medium;content;"Nessun elemento visuale o strutturato (liste, tabelle, immagini)";/servizi-veterinari-come-raggiungere-piu-clienti-online-in-modo-etico;"nessuna lista, tabella o immagine";no
CNT-08;medium;content;"Nessun elemento visuale o strutturato (liste, tabelle, immagini)";/come-farsi-scegliere-online-come-ostetrica-o-operatore-del-benessere-femminile;"nessuna lista, tabella o immagine";no
CNT-08;medium;content;"Nessun elemento visuale o strutturato (liste, tabelle, immagini)";/digital-strategy-per-studi-di-podologia-e-professionisti-del-piede;"nessuna lista, tabella o immagine";no
CNT-08;medium;content;"Nessun elemento visuale o strutturato (liste, tabelle, immagini)";/come-promuovere-online-una-scuola-privata-o-centro-di-formazione-a-palermo;"nessuna lista, tabella o immagine";no
CNT-08;medium;content;"Nessun elemento visuale o strutturato (liste, tabelle, immagini)";/comunicazione-per-architetti-e-interior-designer-il-progetto-parte-dal-web;"nessuna lista, tabella o immagine";no
CNT-08;medium;content;"Nessun elemento visuale o strutturato (liste, tabelle, immagini)";/come-far-crescere-unazienda-agricola-con-e-commerce-e-promozione-locale;"nessuna lista, tabella o immagine";no
CNT-08;medium;content;"Nessun elemento visuale o strutturato (liste, tabelle, immagini)";/pet-sitter-e-pensioni-per-animali-come-attirare-piu-clienti-online;"nessuna lista, tabella o immagine";no
CNT-08;medium;content;"Nessun elemento visuale o strutturato (liste, tabelle, immagini)";/servizi-per-linfanzia-come-farsi-conoscere-online-come-baby-sitter-o-tata-qualificata;"nessuna lista, tabella o immagine";no
CNT-08;medium;content;"Nessun elemento visuale o strutturato (liste, tabelle, immagini)";/come-promuovere-online-una-cooperativa-sociale-a-palermo;"nessuna lista, tabella o immagine";no
CNT-08;medium;content;"Nessun elemento visuale o strutturato (liste, tabelle, immagini)";/digital-strategy-per-agenzie-investigative-e-professionisti-della-sicurezza;"nessuna lista, tabella o immagine";no
CNT-08;medium;content;"Nessun elemento visuale o strutturato (liste, tabelle, immagini)";/comunicazione-per-traduttori-e-interpreti-come-trovare-clienti-online;"nessuna lista, tabella o immagine";no
CNT-08;medium;content;"Nessun elemento visuale o strutturato (liste, tabelle, immagini)";/social-media-manager-a-palermo-quanto-conta-davvero-per-unazienda-locale;"nessuna lista, tabella o immagine";no
CNT-08;medium;content;"Nessun elemento visuale o strutturato (liste, tabelle, immagini)";/agenzia-marketing-a-palermo-come-sceglierne-una-adatta-alla-tua-attivita;"nessuna lista, tabella o immagine";no
CNT-08;medium;content;"Nessun elemento visuale o strutturato (liste, tabelle, immagini)";/web-agency-a-palermo-per-professionisti-siti-e-strategie-personalizzate;"nessuna lista, tabella o immagine";no
CNT-08;medium;content;"Nessun elemento visuale o strutturato (liste, tabelle, immagini)";/3-trucchi-per-rendere-i-tuoi-reels-irresistibili;"nessuna lista, tabella o immagine";no
CNT-08;medium;content;"Nessun elemento visuale o strutturato (liste, tabelle, immagini)";/scopri-strategie-efficaci-per-creare-reels;"nessuna lista, tabella o immagine";no
IMG-02;medium;media;Allegati in libreria media senza testo alternativo;Logo_Bianco_01.svg;alt assente;sì
IMG-02;medium;media;Allegati in libreria media senza testo alternativo;menu-b.svg;alt assente;sì
IMG-02;medium;media;Allegati in libreria media senza testo alternativo;close-b.svg;alt assente;sì
IMG-02;medium;media;Allegati in libreria media senza testo alternativo;close.svg;alt assente;sì
IMG-02;medium;media;Allegati in libreria media senza testo alternativo;menu.svg;alt assente;sì
IMG-02;medium;media;Allegati in libreria media senza testo alternativo;nupi.webp;alt assente;sì
IMG-02;medium;media;Allegati in libreria media senza testo alternativo;riccio.webp;alt assente;sì
IMG-02;medium;media;Allegati in libreria media senza testo alternativo;stoliva.webp;alt assente;sì
IMG-02;medium;media;Allegati in libreria media senza testo alternativo;vidauto.webp;alt assente;sì
IMG-02;medium;media;Allegati in libreria media senza testo alternativo;vivaio-addaura.webp;alt assente;sì
IMG-02;medium;media;Allegati in libreria media senza testo alternativo;dimora-garibaldi.webp;alt assente;sì
IMG-02;medium;media;Allegati in libreria media senza testo alternativo;facella.webp;alt assente;sì
IMG-02;medium;media;Allegati in libreria media senza testo alternativo;grigoli.webp;alt assente;sì
IMG-02;medium;media;Allegati in libreria media senza testo alternativo;i-morgante.webp;alt assente;sì
IMG-02;medium;media;Allegati in libreria media senza testo alternativo;la-dolce-vita.webp;alt assente;sì
IMG-02;medium;media;Allegati in libreria media senza testo alternativo;la-dolce-vita-in-giardino.webp;alt assente;sì
IMG-02;medium;media;Allegati in libreria media senza testo alternativo;lentini.webp;alt assente;sì
IMG-02;medium;media;Allegati in libreria media senza testo alternativo;marte-club.webp;alt assente;sì
IMG-02;medium;media;Allegati in libreria media senza testo alternativo;mp-trasfer.webp;alt assente;sì
IMG-02;medium;media;Allegati in libreria media senza testo alternativo;bg-e1786541817316.png;alt assente;sì
IMG-02;medium;media;Allegati in libreria media senza testo alternativo;Max-Doigital-Logo.png;alt assente;sì
IMG-02;medium;media;Allegati in libreria media senza testo alternativo;cropped-Max-Doigital-Logo.png;alt assente;sì
IMG-02;medium;media;Allegati in libreria media senza testo alternativo;testlogomax.png;alt assente;sì
IMG-02;medium;media;Allegati in libreria media senza testo alternativo;banner_digital_service.webp;alt assente;sì
IMG-02;medium;media;Allegati in libreria media senza testo alternativo;126882.jpg;alt assente;sì
IMG-02;medium;media;Allegati in libreria media senza testo alternativo;studio.webp;alt assente;sì
IMG-02;medium;media;Allegati in libreria media senza testo alternativo;studio2.webp;alt assente;sì
IMG-02;medium;media;Allegati in libreria media senza testo alternativo;AGIM_bianco_logo_nuovo_sito-scaled-1.webp;alt assente;sì
IMG-02;medium;media;Allegati in libreria media senza testo alternativo;GULINO-2024-03-2.png;alt assente;sì
IMG-02;medium;media;Allegati in libreria media senza testo alternativo;Logo_max-digital.png;alt assente;sì
IMG-02;medium;media;Allegati in libreria media senza testo alternativo;caos-tsudio-5.jpeg;alt assente;sì
IMG-02;medium;media;Allegati in libreria media senza testo alternativo;caso-studio-2.jpeg;alt assente;sì
IMG-02;medium;media;Allegati in libreria media senza testo alternativo;caso-studio-3.jpeg;alt assente;sì
IMG-02;medium;media;Allegati in libreria media senza testo alternativo;caso-studio-4.jpeg;alt assente;sì
IMG-02;medium;media;Allegati in libreria media senza testo alternativo;caso-studio-6.jpeg;alt assente;sì
IMG-02;medium;media;Allegati in libreria media senza testo alternativo;caso-studio.jpeg;alt assente;sì
IMG-02;medium;media;Allegati in libreria media senza testo alternativo;secondo-caso-studio-2.png;alt assente;sì
IMG-02;medium;media;Allegati in libreria media senza testo alternativo;secondo-caso-studio-3.png;alt assente;sì
IMG-02;medium;media;Allegati in libreria media senza testo alternativo;secondo-caso-studio-4.png;alt assente;sì
IMG-02;medium;media;Allegati in libreria media senza testo alternativo;secondo-caso-studio-5.png;alt assente;sì
IMG-02;medium;media;Allegati in libreria media senza testo alternativo;secondo-caso-studio-6.png;alt assente;sì
IMG-02;medium;media;Allegati in libreria media senza testo alternativo;secondo-caso-studio-.png;alt assente;sì
IMG-02;medium;media;Allegati in libreria media senza testo alternativo;terzo-caso-studio-2.jpeg;alt assente;sì
IMG-02;medium;media;Allegati in libreria media senza testo alternativo;terzo-caso-studio-3.jpeg;alt assente;sì
IMG-02;medium;media;Allegati in libreria media senza testo alternativo;terzo-caso-studio-4.jpeg;alt assente;sì
IMG-02;medium;media;Allegati in libreria media senza testo alternativo;terzo-caso-studio-5.jpeg;alt assente;sì
IMG-02;medium;media;Allegati in libreria media senza testo alternativo;terzo-caso-studio-6.jpeg;alt assente;sì
IMG-02;medium;media;Allegati in libreria media senza testo alternativo;terzo-caso-studio.jpeg;alt assente;sì
IMG-02;medium;media;Allegati in libreria media senza testo alternativo;SEO-per-contenuti-video.jpg;alt assente;sì
IMG-02;medium;media;Allegati in libreria media senza testo alternativo;bg.png;alt assente;sì
IMG-02;medium;media;Allegati in libreria media senza testo alternativo;maxdigitalinnovation-optimized.webp;alt assente;sì
IMG-02;medium;media;Allegati in libreria media senza testo alternativo;Come-ottimizzare-i-tuoi-video-per-i-motori-di-ricerca.jpg;alt assente;sì
IMG-02;medium;media;Allegati in libreria media senza testo alternativo;Guida-passo-passo-per-realizzare-contenuti-che-spopolano-sui-social.jpg;alt assente;sì
IMG-02;medium;media;Allegati in libreria media senza testo alternativo;Come-creare-video-virali.jpg;alt assente;sì
IMG-02;medium;media;Allegati in libreria media senza testo alternativo;Perche-ogni-attivita-di-Palermo-dovrebbe-pubblicare-video.jpg;alt assente;sì
IMG-02;medium;media;Allegati in libreria media senza testo alternativo;Come-trasformare-un-semplice-video-in-un-contenuto-virale-a-Palermo.jpg;alt assente;sì
IMG-02;medium;media;Allegati in libreria media senza testo alternativo;Realizzazione-video-virali-Trapani.jpg;alt assente;sì
IMG-02;medium;media;Allegati in libreria media senza testo alternativo;Produzione-video-virali-per-la-tua-attivita-Palermo.jpg;alt assente;sì
IMG-02;medium;media;Allegati in libreria media senza testo alternativo;Come-creare-video-virali.jpg;alt assente;sì
IMG-02;medium;media;Allegati in libreria media senza testo alternativo;Realizzazione-video-virali-Palermo.jpg;alt assente;sì
IMG-02;medium;media;Allegati in libreria media senza testo alternativo;Come-far-crescere-il-tuo-profilo-TikTok-in-6-giorni.jpg;alt assente;sì
IMG-02;medium;media;Allegati in libreria media senza testo alternativo;Come-far-crescere-il-tuo-profilo-in-6-giorni.jpg;alt assente;sì
IMG-02;medium;media;Allegati in libreria media senza testo alternativo;Quanto-dura-un-video-TikTok-ideale.jpg;alt assente;sì
IMG-02;medium;media;Allegati in libreria media senza testo alternativo;Instagram-per-aziende.jpg;alt assente;sì
IMG-04;medium;media;Formati immagine non moderni (JPG/PNG invece di WebP);bg-e1786541817316.png;formato png;no
IMG-04;medium;media;Formati immagine non moderni (JPG/PNG invece di WebP);Max-Doigital-Logo.png;formato png;no
IMG-04;medium;media;Formati immagine non moderni (JPG/PNG invece di WebP);cropped-Max-Doigital-Logo.png;formato png;no
IMG-04;medium;media;Formati immagine non moderni (JPG/PNG invece di WebP);testlogomax.png;formato png;no
IMG-04;medium;media;Formati immagine non moderni (JPG/PNG invece di WebP);126882.jpg;formato jpg;no
IMG-04;medium;media;Formati immagine non moderni (JPG/PNG invece di WebP);Harmont__and__Blaine-logo.png;formato png;no
IMG-04;medium;media;Formati immagine non moderni (JPG/PNG invece di WebP);logo.png;formato png;no
IMG-04;medium;media;Formati immagine non moderni (JPG/PNG invece di WebP);logo_2_small.png;formato png;no
IMG-04;medium;media;Formati immagine non moderni (JPG/PNG invece di WebP);logo_neg.png;formato png;no
IMG-04;medium;media;Formati immagine non moderni (JPG/PNG invece di WebP);logo-cristal-flint.png;formato png;no
IMG-04;medium;media;Formati immagine non moderni (JPG/PNG invece di WebP);LOGO-GRUPPO-MAYMONE.png;formato png;no
IMG-04;medium;media;Formati immagine non moderni (JPG/PNG invece di WebP);logo-png-footer-tobestudent.png;formato png;no
IMG-04;medium;media;Formati immagine non moderni (JPG/PNG invece di WebP);Foto-6-2.png;formato png;no
IMG-04;medium;media;Formati immagine non moderni (JPG/PNG invece di WebP);Foto-7-2.png;formato png;no
IMG-04;medium;media;Formati immagine non moderni (JPG/PNG invece di WebP);Foto-8-2.png;formato png;no
IMG-04;medium;media;Formati immagine non moderni (JPG/PNG invece di WebP);Foto-9-2.png;formato png;no
IMG-04;medium;media;Formati immagine non moderni (JPG/PNG invece di WebP);Foto-10-1.png;formato png;no
IMG-04;medium;media;Formati immagine non moderni (JPG/PNG invece di WebP);immobiliare.png;formato png;no
IMG-04;medium;media;Formati immagine non moderni (JPG/PNG invece di WebP);Foto-1-3.png;formato png;no
IMG-04;medium;media;Formati immagine non moderni (JPG/PNG invece di WebP);Foto-2-2.png;formato png;no
IMG-04;medium;media;Formati immagine non moderni (JPG/PNG invece di WebP);Foto-3-2.png;formato png;no
IMG-04;medium;media;Formati immagine non moderni (JPG/PNG invece di WebP);Foto-4-2.png;formato png;no
IMG-04;medium;media;Formati immagine non moderni (JPG/PNG invece di WebP);Foto-5-2.png;formato png;no
IMG-04;medium;media;Formati immagine non moderni (JPG/PNG invece di WebP);Foto-2-3.png;formato png;no
IMG-04;medium;media;Formati immagine non moderni (JPG/PNG invece di WebP);Foto-11.png;formato png;no
IMG-04;medium;media;Formati immagine non moderni (JPG/PNG invece di WebP);GULINO-2024-03-2.png;formato png;no
IMG-04;medium;media;Formati immagine non moderni (JPG/PNG invece di WebP);Logo_max-digital.png;formato png;no
IMG-04;medium;media;Formati immagine non moderni (JPG/PNG invece di WebP);caos-tsudio-5.jpeg;formato jpeg;no
IMG-04;medium;media;Formati immagine non moderni (JPG/PNG invece di WebP);caso-studio-2.jpeg;formato jpeg;no
IMG-04;medium;media;Formati immagine non moderni (JPG/PNG invece di WebP);caso-studio-3.jpeg;formato jpeg;no
IMG-04;medium;media;Formati immagine non moderni (JPG/PNG invece di WebP);caso-studio-4.jpeg;formato jpeg;no
IMG-04;medium;media;Formati immagine non moderni (JPG/PNG invece di WebP);caso-studio-6.jpeg;formato jpeg;no
IMG-04;medium;media;Formati immagine non moderni (JPG/PNG invece di WebP);caso-studio.jpeg;formato jpeg;no
IMG-04;medium;media;Formati immagine non moderni (JPG/PNG invece di WebP);secondo-caso-studio-2.png;formato png;no
IMG-04;medium;media;Formati immagine non moderni (JPG/PNG invece di WebP);secondo-caso-studio-3.png;formato png;no
IMG-04;medium;media;Formati immagine non moderni (JPG/PNG invece di WebP);secondo-caso-studio-4.png;formato png;no
IMG-04;medium;media;Formati immagine non moderni (JPG/PNG invece di WebP);secondo-caso-studio-5.png;formato png;no
IMG-04;medium;media;Formati immagine non moderni (JPG/PNG invece di WebP);secondo-caso-studio-6.png;formato png;no
IMG-04;medium;media;Formati immagine non moderni (JPG/PNG invece di WebP);secondo-caso-studio-.png;formato png;no
IMG-04;medium;media;Formati immagine non moderni (JPG/PNG invece di WebP);terzo-caso-studio-2.jpeg;formato jpeg;no
IMG-04;medium;media;Formati immagine non moderni (JPG/PNG invece di WebP);terzo-caso-studio-3.jpeg;formato jpeg;no
IMG-04;medium;media;Formati immagine non moderni (JPG/PNG invece di WebP);terzo-caso-studio-4.jpeg;formato jpeg;no
IMG-04;medium;media;Formati immagine non moderni (JPG/PNG invece di WebP);terzo-caso-studio-5.jpeg;formato jpeg;no
IMG-04;medium;media;Formati immagine non moderni (JPG/PNG invece di WebP);terzo-caso-studio-6.jpeg;formato jpeg;no
IMG-04;medium;media;Formati immagine non moderni (JPG/PNG invece di WebP);terzo-caso-studio.jpeg;formato jpeg;no
IMG-04;medium;media;Formati immagine non moderni (JPG/PNG invece di WebP);Il-laboratorio-creativo-di-una-web-agency.jpg;formato jpg;no
IMG-04;medium;media;Formati immagine non moderni (JPG/PNG invece di WebP);SEO-per-contenuti-video.jpg;formato jpg;no
IMG-04;medium;media;Formati immagine non moderni (JPG/PNG invece di WebP);bg.png;formato png;no
IMG-04;medium;media;Formati immagine non moderni (JPG/PNG invece di WebP);Come-ottimizzare-i-tuoi-video-per-i-motori-di-ricerca.jpg;formato jpg;no
IMG-04;medium;media;Formati immagine non moderni (JPG/PNG invece di WebP);Guida-passo-passo-per-realizzare-contenuti-che-spopolano-sui-social.jpg;formato jpg;no
IMG-04;medium;media;Formati immagine non moderni (JPG/PNG invece di WebP);Come-creare-video-virali.jpg;formato jpg;no
IMG-04;medium;media;Formati immagine non moderni (JPG/PNG invece di WebP);Come-Comunicare-in-Modo-Efficace-per-Studi-di-Fisioterapia-a-Palermo.jpg;formato jpg;no
IMG-04;medium;media;Formati immagine non moderni (JPG/PNG invece di WebP);Come-Promuovere-il-Tuo-Salone-di-Bellezza-a-Palermo.jpg;formato jpg;no
IMG-04;medium;media;Formati immagine non moderni (JPG/PNG invece di WebP);Perche-ogni-attivita-di-Palermo-dovrebbe-pubblicare-video.jpg;formato jpg;no
IMG-04;medium;media;Formati immagine non moderni (JPG/PNG invece di WebP);Come-trasformare-un-semplice-video-in-un-contenuto-virale-a-Palermo.jpg;formato jpg;no
IMG-04;medium;media;Formati immagine non moderni (JPG/PNG invece di WebP);Realizzazione-video-virali-Trapani.jpg;formato jpg;no
IMG-04;medium;media;Formati immagine non moderni (JPG/PNG invece di WebP);Produzione-video-virali-per-la-tua-attivita-Palermo.jpg;formato jpg;no
IMG-04;medium;media;Formati immagine non moderni (JPG/PNG invece di WebP);Come-creare-video-virali.jpg;formato jpg;no
IMG-04;medium;media;Formati immagine non moderni (JPG/PNG invece di WebP);Realizzazione-video-virali-Palermo.jpg;formato jpg;no
IMG-04;medium;media;Formati immagine non moderni (JPG/PNG invece di WebP);Come-far-crescere-il-tuo-profilo-TikTok-in-6-giorni.jpg;formato jpg;no
IMG-04;medium;media;Formati immagine non moderni (JPG/PNG invece di WebP);Come-far-crescere-il-tuo-profilo-in-6-giorni.jpg;formato jpg;no
IMG-04;medium;media;Formati immagine non moderni (JPG/PNG invece di WebP);Quanto-dura-un-video-TikTok-ideale.jpg;formato jpg;no
IMG-04;medium;media;Formati immagine non moderni (JPG/PNG invece di WebP);Instagram-per-aziende.jpg;formato jpg;no
LOC-07;medium;local;Landing locali senza segnali geografici nel testo;/realizzazione-e-commerce-palermo;keyword locale ma solo 2 menzioni della città nel testo;sì
LOC-07;medium;local;Landing locali senza segnali geografici nel testo;/web-agency-a-palermo-per-il-settore-immobiliare-la-chiave-per-il-successo-online;keyword locale ma solo 2 menzioni della città nel testo;sì
LOC-07;medium;local;Landing locali senza segnali geografici nel testo;/come-lanciare-prodotti-tipici-siciliani-online-vendita;keyword locale ma solo 2 menzioni della città nel testo;sì
LOC-07;medium;local;Landing locali senza segnali geografici nel testo;/creazione-video-virali-sicilia;keyword locale ma solo 0 menzioni della città nel testo;sì
LOC-07;medium;local;Landing locali senza segnali geografici nel testo;/produzione-video-virali-sicilia;keyword locale ma solo 0 menzioni della città nel testo;sì
LOC-07;medium;local;Landing locali senza segnali geografici nel testo;/realizzazione-video-sicilia;keyword locale ma solo 0 menzioni della città nel testo;sì
LOC-07;medium;local;Landing locali senza segnali geografici nel testo;/realizzazione-video-virali-trapani;keyword locale ma solo 0 menzioni della città nel testo;sì
GEO-09;medium;generative;Contenuti senza aggiornamento datato visibile;/digital-agency-a-palermo-la-soluzione-completa-per-la-tua-presenza-online;mai aggiornato dalla pubblicazione (2024-11-11);no
GEO-09;medium;generative;Contenuti senza aggiornamento datato visibile;/come-migliorare-la-tua-brand-reputation-con-le-attivita-di-digital-marketing;mai aggiornato dalla pubblicazione (2024-11-11);no
GEO-09;medium;generative;Contenuti senza aggiornamento datato visibile;/come-realizzare-un-sito-web-efficace-le-migliori-alternative-per-creare-un-percorso-di-successo-online;mai aggiornato dalla pubblicazione (2024-11-12);no
GEO-09;medium;generative;Contenuti senza aggiornamento datato visibile;/integrazione-di-piattaforme-tiktok-e-commerce-un-nuovo-orizzonte-per-i-commercianti-a-palermo;mai aggiornato dalla pubblicazione (2024-12-06);no
GEO-09;medium;generative;Contenuti senza aggiornamento datato visibile;/quando-la-web-agency-incontra-lintelligenza-artificiale;mai aggiornato dalla pubblicazione (2024-12-11);no
GEO-09;medium;generative;Contenuti senza aggiornamento datato visibile;/i-siti-web-del-futuro-come-saranno-nel-2050;mai aggiornato dalla pubblicazione (2024-12-11);no
GEO-09;medium;generative;Contenuti senza aggiornamento datato visibile;/servizi-alla-persona-promuovere-online-estetiste-massaggiatori-e-parrucchieri;mai aggiornato dalla pubblicazione (2025-04-02);no
TEC-05;medium;technical;"Pagine di servizio indicizzabili (privacy, cookie, grazie)";/privacy-policy;"indicizzabile, dovrebbe essere noindex";no
TEC-05;medium;technical;"Pagine di servizio indicizzabili (privacy, cookie, grazie)";/cookie-policy;"indicizzabile, dovrebbe essere noindex";no
TEC-05;medium;technical;"Pagine di servizio indicizzabili (privacy, cookie, grazie)";/cookie-cosa-sono-e-a-che-servono;"indicizzabile, dovrebbe essere noindex";no
TEC-05;medium;technical;"Pagine di servizio indicizzabili (privacy, cookie, grazie)";/privacy-policy;"indicizzabile, dovrebbe essere noindex";no
TEC-05;medium;technical;"Pagine di servizio indicizzabili (privacy, cookie, grazie)";/ottimizzare-la-comunicazione-grazie-allutilizzo-di-call-to-action-efficaci-per-il-tuo-sito-web-a-palermo;"indicizzabile, dovrebbe essere noindex";no
TEC-05;medium;technical;"Pagine di servizio indicizzabili (privacy, cookie, grazie)";/privacy-policy-sito-web-cose-e-come-scriverla-correttamente;"indicizzabile, dovrebbe essere noindex";no
TEC-06;medium;technical;Contenuti nel cestino mai eliminati definitivamente;/?page_id=2;in cestino dal 2026-08-12;no
TEC-06;medium;technical;Contenuti nel cestino mai eliminati definitivamente;/?page_id=7;in cestino dal 2026-08-12;no
TEC-06;medium;technical;Contenuti nel cestino mai eliminati definitivamente;/?page_id=50;in cestino dal 2026-08-13;no
TEC-06;medium;technical;Contenuti nel cestino mai eliminati definitivamente;/?page_id=52;in cestino dal 2026-08-13;no
ONP-02;medium;onpage;Title SEO troppo corto (spazio SERP sprecato);/digital-agency-a-palermo-la-soluzione-completa-per-la-tua-presenza-online;24 caratteri;sì
ONP-02;medium;onpage;Title SEO troppo corto (spazio SERP sprecato);/come-realizzare-un-sito-web-efficace-le-migliori-alternative-per-creare-un-percorso-di-successo-online;28 caratteri;sì
ONP-02;medium;onpage;Title SEO troppo corto (spazio SERP sprecato);/integrazione-di-piattaforme-tiktok-e-commerce-un-nuovo-orizzonte-per-i-commercianti-a-palermo;27 caratteri;sì
ONP-02;medium;onpage;Title SEO troppo corto (spazio SERP sprecato);/i-siti-web-del-futuro-come-saranno-nel-2050;19 caratteri;sì
TEC-08;low;technical;Percentuale alta di pagine costruite con page builder;(sito);269 contenuti su 326 (83%) generati con Elementor;no
CNT-07;low;content;CSS inline dentro il contenuto dell’articolo;/privacy-policy;blocco <style> nel contenuto;sì
CNT-07;low;content;CSS inline dentro il contenuto dell’articolo;/;blocco <style> nel contenuto;sì
CNT-07;low;content;CSS inline dentro il contenuto dell’articolo;/cookie-policy;blocco <style> nel contenuto;sì
CNT-07;low;content;CSS inline dentro il contenuto dell’articolo;/servizi-digitali-palermo;blocco <style> nel contenuto;sì
CNT-07;low;content;CSS inline dentro il contenuto dell’articolo;/realizzazione-siti-web-a-palermo;blocco <style> nel contenuto;sì
CNT-07;low;content;CSS inline dentro il contenuto dell’articolo;/gestione-social-media-palermo;blocco <style> nel contenuto;sì
CNT-07;low;content;CSS inline dentro il contenuto dell’articolo;/digital-marketing-palermo;blocco <style> nel contenuto;sì
CNT-07;low;content;CSS inline dentro il contenuto dell’articolo;/produzione-video-palermo;blocco <style> nel contenuto;sì
CNT-07;low;content;CSS inline dentro il contenuto dell’articolo;/realizzazione-e-commerce-palermo;blocco <style> nel contenuto;sì
CNT-07;low;content;CSS inline dentro il contenuto dell’articolo;/graphic-design-palermo;blocco <style> nel contenuto;sì
CNT-07;low;content;CSS inline dentro il contenuto dell’articolo;/sviluppo-crm-gestionali-palermo;blocco <style> nel contenuto;sì
CNT-07;low;content;CSS inline dentro il contenuto dell’articolo;/naming-palermo;blocco <style> nel contenuto;sì
CNT-07;low;content;CSS inline dentro il contenuto dell’articolo;/stampe-digitali-palermo;blocco <style> nel contenuto;sì
CNT-07;low;content;CSS inline dentro il contenuto dell’articolo;/lavora-con-noi;blocco <style> nel contenuto;sì
ONP-11;low;onpage;Gerarchia dei titoli saltata (es. H2 -> H4);/come-creare-una-landing-page-efficace;1 salti di livello;no
ONP-11;low;onpage;Gerarchia dei titoli saltata (es. H2 -> H4);/cookie-cosa-sono-e-a-che-servono;2 salti di livello;no
ONP-11;low;onpage;Gerarchia dei titoli saltata (es. H2 -> H4);/web-agency-per-e-commerce-a-palermo-come-incrementare-le-vendite-online;1 salti di livello;no
ONP-11;low;onpage;Gerarchia dei titoli saltata (es. H2 -> H4);/web-agency-a-palermo-per-eventi-massimizza-la-partecipazione-al-tuo-evento;1 salti di livello;no
ONP-11;low;onpage;Gerarchia dei titoli saltata (es. H2 -> H4);/web-agency-locale-a-palermo-la-tua-guida-per-conquistare-il-pubblico-della-citta;1 salti di livello;no
ONP-11;low;onpage;Gerarchia dei titoli saltata (es. H2 -> H4);/pubblicita-digitale-a-palermo-come-aumentare-la-visibilita-della-tua-attivita;1 salti di livello;no
IMG-06;low;media;Immagini senza width/height espliciti;/;42 immagini senza dimensioni;sì
IMG-06;low;media;Immagini senza width/height espliciti;/gestione-social-media-palermo;18 immagini senza dimensioni;sì
