Categoria;Titolo;URL;Parole;Qualità;Intento;H2;Immagini;Link in entrata;Link in uscita;Focus keyword;Pubblicato;Similarità max;Sovrapposizione con pagina servizio;Motivo;Azione;Redirect 301 verso
riscrivere;Le piccole e medie imprese e l’innovazione digitale: come restare competitivi;https://maxdigitalinnovation.it/innovazione-digitale-pmi-competitive/;348;39;informazionale;6;0;0;0;innovazione digitale PMI;2024-10-21;0;;"qualità 39/100 — solo 348 parole, nessuna immagine, nessun link interno, nessun dato in tabella";"espandere a 1.000-1.400 parole con struttura, FAQ e dati";
riscrivere;Palermo: un hub emergente per l’innovazione digitale;https://maxdigitalinnovation.it/innovazione-digitale-palermo/;424;48;informazionale;5;0;0;0;Palermo Hub Innovazione Digitale;2024-10-21;0;Servizi digitali Palermo (0%);"qualità 48/100 — solo 424 parole, nessuna immagine, nessun link interno, nessun dato in tabella";"espandere a 1.000-1.400 parole con struttura, FAQ e dati";
riscrivere;Cybersecurity per le aziende: come proteggere il tuo sito web e i dati dei clienti;https://maxdigitalinnovation.it/cybersecurity-per-aziende/;393;52;informazionale;5;0;0;0;Cybersecurity Aziendale;2024-10-21;0;;"qualità 52/100 — solo 393 parole, nessuna immagine, nessun link interno, nessun dato in tabella";"espandere a 1.000-1.400 parole con struttura, FAQ e dati";
riscrivere;Dal branding al marketing digitale: costruisci la tua strategia vincente;https://maxdigitalinnovation.it/strategia-marketing-digitale/;328;45;informazionale;5;1;0;0;strategia marketing digitale;2024-10-21;0;Digital marketing Palermo (0%);"qualità 45/100 — solo 328 parole, nessun link interno, nessun dato in tabella";"espandere a 1.000-1.400 parole con struttura, FAQ e dati";
riscrivere;Dalle campagne AI-driven al marketing automation: cosa aspettarsi dal futuro digitale;https://maxdigitalinnovation.it/campagne-ai-driven-marketing-automation/;306;45;informazionale;5;1;0;0;campagne AI-driven;2024-10-21;0;;"qualità 45/100 — solo 306 parole, nessun link interno, nessun dato in tabella";"espandere a 1.000-1.400 parole con struttura, FAQ e dati";
eliminare;Gestire i social media per migliorare la tua presenza online;https://maxdigitalinnovation.it/gestione-social-media-presenza-online/;338;40;informazionale;5;0;0;0;gestione social media;2024-10-21;0;;"stessa keyword della pagina servizio ""Gestione social media Palermo"" con contenuto più debole: toglie forza alla pagina che deve posizionarsi";301 verso https://maxdigitalinnovation.it/gestione-social-media-palermo/ poi cestinare;https://maxdigitalinnovation.it/gestione-social-media-palermo/
riscrivere;Perché un design responsive è fondamentale per il tuo sito web;https://maxdigitalinnovation.it/design-responsivo-sito-web-successo-online/;497;52;informazionale;5;0;0;0;Design Responsive;2024-10-21;0;;"qualità 52/100 — solo 497 parole, nessuna immagine, nessun link interno, nessun dato in tabella";"espandere a 1.000-1.400 parole con struttura, FAQ e dati";
riscrivere;Perché un sito web professionale è la chiave del successo per ogni impresa;https://maxdigitalinnovation.it/perche-un-sito-web-professionale-e-la-chiave-del-successo-per-ogni-impresa/;479;54;informazionale;5;1;0;0;sito web professionale;2024-10-21;0;;"qualità 54/100 — solo 479 parole, nessun link interno, nessun dato in tabella";"espandere a 1.000-1.400 parole con struttura, FAQ e dati";
mantenere;Come Creare una Strategia di Comunicazione Digitale Efficace per Piccole Imprese;https://maxdigitalinnovation.it/come-creare-una-strategia-di-comunicazione-digitale-efficace-per-piccole-imprese/;686;67;informazionale;5;0;1;2;strategia comunicazione digitale piccole imprese;2024-10-21;0;Digital marketing Palermo (0%);"qualità 67/100: lunghezza, struttura e unicità adeguate";ottimizzare meta e link interni;
mantenere;Reputazione online: perché è importante e come gestirla efficacemente;https://maxdigitalinnovation.it/reputazione_online_cose_perche_conta_e_come_verificarla/;685;62;informazionale;5;0;0;0;reputazione online;2024-10-21;0;Servizi digitali Palermo (0%);"qualità 62/100: lunghezza, struttura e unicità adeguate";ottimizzare meta e link interni;
riscrivere;Come creare una Landing Page efficace;https://maxdigitalinnovation.it/come-creare-una-landing-page-efficace/;550;44;informazionale;4;0;0;0;creare landing page efficaci;2024-10-21;0;Digital marketing Palermo (0%);"qualità 44/100 — solo 550 parole, nessuna immagine, nessun link interno, nessun dato in tabella";"espandere a 1.000-1.400 parole con struttura, FAQ e dati";
riscrivere;Branded Content: Come Raccontare il Tuo Brand con Max Digital Innovation;https://maxdigitalinnovation.it/branded-content-come-raccontare-il-tuo-brand-con-max-digital-innovation/;354;53;navigazionale;5;0;1;0;branded content;2024-10-21;0;;"qualità 53/100 — solo 354 parole, nessuna immagine, nessun link interno, nessun dato in tabella";"espandere a 1.000-1.400 parole con struttura, FAQ e dati";
mantenere;Piano di Marketing: Cos’è e Come Crearlo con Successo;https://maxdigitalinnovation.it/piano-di-marketing-cose-e-come-crearlo-con-successo/;1015;74;informazionale;4;0;1;6;piano di marketing;2024-10-21;0;;"qualità 74/100: lunghezza, struttura e unicità adeguate";ottimizzare meta e link interni;
mantenere;Cookie: Cosa Sono e a Che Servono;https://maxdigitalinnovation.it/cookie-cosa-sono-e-a-che-servono/;617;61;informazionale;6;0;0;0;cookie cosa sono;2024-10-21;0;;"qualità 61/100: lunghezza, struttura e unicità adeguate";ottimizzare meta e link interni;
riscrivere;"Privacy Policy, consigli utili per scriverla correttamente";https://maxdigitalinnovation.it/privacy-policy/;304;35;informazionale;1;0;0;0;Privacy Policy;2024-10-21;0;;"qualità 35/100 — solo 304 parole, 1 sottotitoli H2, nessuna immagine, nessun link interno, nessun dato in tabella";"espandere a 1.000-1.400 parole con struttura, FAQ e dati";
riscrivere;Scopri come posizionare il tuo sito Web su Google;https://maxdigitalinnovation.it/scopri-come-aumentare-posizionamento-seo-per-il-tuo-sito-web-su-google/;693;57;informazionale;9;0;0;0;posizionamento SEO;2024-10-21;0;Realizzazione siti web a Palermo (0%);"qualità 57/100 — solo 693 parole, nessuna immagine, nessun link interno, nessun dato in tabella";"espandere a 1.000-1.400 parole con struttura, FAQ e dati";
riscrivere;Tipologie di siti web: la guida definitiva per imprenditori;https://maxdigitalinnovation.it/tipologie-di-siti-web-la-guida-definitiva-per-imprenditori/;751;57;informazionale;8;0;0;0;tipologie di siti web;2024-10-21;0;;"qualità 57/100 — solo 751 parole, nessuna immagine, nessun link interno, nessun dato in tabella";"espandere a 1.000-1.400 parole con struttura, FAQ e dati";
riscrivere;TikTok Ads Manager: Guida Completa su Come Gestire le Tue Campagne su TikTok;https://maxdigitalinnovation.it/tiktok-ads-manager-guida-completa-su-come-gestire-le-tue-campagne-su-tiktok/;646;57;informazionale;4;0;0;0;TikTok Ads Manager;2024-10-21;0;;"qualità 57/100 — solo 646 parole, nessuna immagine, nessun link interno, nessun dato in tabella";"espandere a 1.000-1.400 parole con struttura, FAQ e dati";
mantenere;DEM Marketing: Come Usarlo nel 2024 per Massimizzare i Risultati;https://maxdigitalinnovation.it/dem-marketing-come-usarlo-nel-2024-per-massimizzare-i-risultati/;812;58;informazionale;4;0;0;0;DEM marketing;2024-10-21;0;Digital marketing Palermo (0%);"qualità 58/100: lunghezza, struttura e unicità adeguate";ottimizzare meta e link interni;
riscrivere;Hai Bisogno Di Un E-commerce a Palermo?;https://maxdigitalinnovation.it/e-commerce-a-palermo/;308;35;informazionale;1;0;0;1;e-commerce Palermo;2024-10-21;0;Realizzazione E-commerce Palermo (0%);"qualità 35/100 — solo 308 parole, 1 sottotitoli H2, nessuna immagine, nessun dato in tabella";"espandere a 1.000-1.400 parole con struttura, FAQ e dati";
mantenere;Business Innovation: Cosa Chiede il Mercato Oggi?;https://maxdigitalinnovation.it/business-innovation-cosa-chiede-il-mercato-oggi/;630;58;informazionale;4;0;0;0;Business Innovation;2024-10-21;0;Realizzazione E-commerce Palermo (0%);"qualità 58/100: lunghezza, struttura e unicità adeguate";ottimizzare meta e link interni;
riscrivere;"Advertising a Palermo, Meta Ads, Google Ads, Tiktok Ads";https://maxdigitalinnovation.it/advertising-a-palermo/;348;32;informazionale;1;0;0;1;Advertising Palermo;2024-10-21;0;Digital marketing Palermo (0%);"qualità 32/100 — solo 348 parole, 1 sottotitoli H2, nessuna immagine, nessun dato in tabella";"espandere a 1.000-1.400 parole con struttura, FAQ e dati";
riscrivere;5 Consigli Preziosi per Pubblicizzare la Propria Azienda su Google;https://maxdigitalinnovation.it/5-consigli-preziosi-per-pubblicizzare-la-propria-azienda-a-palermo-su-google/;807;57;informazionale;6;0;0;0;pubblicizzare azienda Google Palermo;2024-10-21;0;Realizzazione siti web a Palermo (0%);"qualità 57/100 — solo 807 parole, nessuna immagine, nessun link interno, nessun dato in tabella";"espandere a 1.000-1.400 parole con struttura, FAQ e dati";
mantenere;"Realizzazione Siti Web per B&amp;B, Hotel, Motel e Strutture Ricettive: Tutto Quello che C'è da Sapere!";https://maxdigitalinnovation.it/realizzazione-siti-web-per-bb-a-palermo-hotel-motel-e-strutture-ricettive-tutto-quello-che-ce-da-sapere/;991;71;informazionale;6;0;0;0;Siti Web per B&B;2024-10-21;0;Realizzazione siti web a Palermo (0%);"qualità 71/100: lunghezza, struttura e unicità adeguate";ottimizzare meta e link interni;
riscrivere;Hai Bisogno di Pubblicizzare il Tuo Ristorante? Ecco Come Possiamo Aiutarti!;https://maxdigitalinnovation.it/hai-bisogno-di-pubblicizzare-il-tuo-ristorante-a-palermo-ecco-come-possiamo-aiutarti/;776;56;informazionale;6;0;0;0;Marketing Ristoranti Palermo;2024-10-21;0;Realizzazione siti web a Palermo (0%);"qualità 56/100 — solo 776 parole, nessuna immagine, nessun link interno, nessun dato in tabella";"espandere a 1.000-1.400 parole con struttura, FAQ e dati";
riscrivere;Ecco Perché un Sito Web è Così Essenziale per la Tua Attività;https://maxdigitalinnovation.it/ecco-perche-un-sito-web-a-palermo-e-cosi-essenziale-per-la-tua-attivita/;747;57;informazionale;5;0;0;0;sito web essenziale attività;2024-10-21;0;Realizzazione siti web a Palermo (0%);"qualità 57/100 — solo 747 parole, nessuna immagine, nessun link interno, nessun dato in tabella";"espandere a 1.000-1.400 parole con struttura, FAQ e dati";
accorpare;Gestione Social Media a Palermo: Come la Nostra Agenzia di Comunicazione Cura i Tuoi Social Media;https://maxdigitalinnovation.it/gestione-social-media-a-palermo-come-la-nostra-agenzia-di-comunicazione-cura-i-tuoi-social-media/;479;48;transazionale;5;0;0;0;gestione social media Palermo;2024-10-21;0;Servizi digitali Palermo (1%);"stessa focus keyword di ""Gestione Social Media per la tua Attività"" (""gestione social media Palermo""): le due pagine competono per la stessa query";unire nel principale + 301;https://maxdigitalinnovation.it/gestione-social-media-per-la-tua-attivita/
riscrivere;"Logo Aziendale: Cos’è, Caratteristiche e Come Crearne uno Efficace";https://maxdigitalinnovation.it/loghi-per-la-tua-azienda-a-palermo-caratteristiche-e-come-crearne-uno-efficace/;601;57;informazionale;4;0;0;0;logo aziendale Palermo;2024-10-21;0;Digital marketing Palermo (0%);"qualità 57/100 — solo 601 parole, nessuna immagine, nessun link interno, nessun dato in tabella";"espandere a 1.000-1.400 parole con struttura, FAQ e dati";
riscrivere;Ottimizzare la comunicazione grazie all’utilizzo di call to action efficaci;https://maxdigitalinnovation.it/ottimizzare-la-comunicazione-grazie-allutilizzo-di-call-to-action-efficaci-per-il-tuo-sito-web-a-palermo/;498;50;informazionale;4;0;0;0;CTA Efficaci: Guida Completa per il Tuo Sito Web a Palermo;2024-10-21;0;Realizzazione siti web a Palermo (0%);"qualità 50/100 — solo 498 parole, nessuna immagine, nessun link interno, nessun dato in tabella";"espandere a 1.000-1.400 parole con struttura, FAQ e dati";
riscrivere;11 Trend di E-commerce Marketing che Faranno Crescere il Tuo E-commerce;https://maxdigitalinnovation.it/11-trend-marketing-a-palermo-per-e-commerce-marketing-che-faranno-crescere-il-tuo-e-commerce/;676;57;informazionale;11;0;0;0;trend e-commerce marketing;2024-10-21;0;Realizzazione siti web a Palermo (0%);"qualità 57/100 — solo 676 parole, nessuna immagine, nessun link interno, nessun dato in tabella";"espandere a 1.000-1.400 parole con struttura, FAQ e dati";
riscrivere;Come Fare Pubblicità su Internet: Guida per Principianti;https://maxdigitalinnovation.it/come-fare-pubblicita-a-palermo-su-internet-guida-per-principianti/;556;48;informazionale;6;0;0;0;Pubblicità su Internet a Palermo;2024-10-21;0;Digital marketing Palermo (0%);"qualità 48/100 — solo 556 parole, nessuna immagine, nessun link interno, nessun dato in tabella";"espandere a 1.000-1.400 parole con struttura, FAQ e dati";
riscrivere;Campagne Pubblicitarie a Palermo: La Soluzione per Far Crescere il Tuo Business;https://maxdigitalinnovation.it/campagne-pubblicitarie-a-palermo-la-soluzione-per-far-crescere-il-tuo-business/;415;48;informazionale;3;0;0;0;campagne pubblicitarie a Palermo;2024-10-21;0;Realizzazione siti web a Palermo (0%);"qualità 48/100 — solo 415 parole, nessuna immagine, nessun link interno, nessun dato in tabella";"espandere a 1.000-1.400 parole con struttura, FAQ e dati";
riscrivere;Pubblicità su TikTok a Palermo: Come Aiutiamo la Tua Azienda a Crescere;https://maxdigitalinnovation.it/pubblicita-su-tiktok-a-palermo-come-aiutiamo-la-tua-azienda-a-crescere/;617;53;informazionale;4;0;0;0;pubblicità TikTok Palermo;2024-10-23;0;;"qualità 53/100 — solo 617 parole, nessuna immagine, nessun link interno, nessun dato in tabella";"espandere a 1.000-1.400 parole con struttura, FAQ e dati";
riscrivere;SEO e SEM;https://maxdigitalinnovation.it/seo-e-sem/;575;57;informazionale;5;0;0;2;SEO e SEM;2024-10-23;0;;"qualità 57/100 — solo 575 parole, nessuna immagine, nessun dato in tabella";"espandere a 1.000-1.400 parole con struttura, FAQ e dati";
accorpare;Web Agency a Palermo;https://maxdigitalinnovation.it/web-agency-a-palermo-il-design-che-parte-dal-brand/;701;58;informazionale;5;0;0;0;web agency a Palermo;2024-10-23;0;Realizzazione siti web a Palermo (0%);articolo principale del gruppo: accoglie i contenuti degli altri 2;mantenere e ampliare;
riscrivere;B2B a Palermo: Cosa può Imparare dal B2C per Sfruttare al Meglio il Digitale;https://maxdigitalinnovation.it/b2b-a-palermo-cosa-puo-imparare-dal-b2c-per-sfruttare-al-meglio-il-digitale/;639;53;informazionale;4;0;0;0;B2B Palermo digitale;2024-10-23;0;Realizzazione siti web a Palermo (0%);"qualità 53/100 — solo 639 parole, nessuna immagine, nessun link interno, nessun dato in tabella";"espandere a 1.000-1.400 parole con struttura, FAQ e dati";
riscrivere;Strategie di Content Marketing per le Piccole Imprese a Palermo;https://maxdigitalinnovation.it/strategie-di-content-marketing-per-le-piccole-imprese-a-palermo/;603;57;informazionale;5;0;0;0;Content Marketing Palermo;2024-10-23;0;Realizzazione siti web a Palermo (0%);"qualità 57/100 — solo 603 parole, nessuna immagine, nessun link interno, nessun dato in tabella";"espandere a 1.000-1.400 parole con struttura, FAQ e dati";
riscrivere;Web Marketing per Palestre e Centri sportivi;https://maxdigitalinnovation.it/web-marketing-per-palestre-e-centri-sportivi/;435;39;informazionale;1;0;0;0;web marketing per palestre Palermo;2024-11-04;0;Realizzazione siti web a Palermo (0%);"qualità 39/100 — solo 435 parole, 1 sottotitoli H2, nessuna immagine, nessun link interno, nessun dato in tabella";"espandere a 1.000-1.400 parole con struttura, FAQ e dati";
riscrivere;Mi serve davvero un sito web aziendale?;https://maxdigitalinnovation.it/mi-serve-davvero-un-sito-web-aziendale/;332;28;informazionale;0;0;0;0;sito web aziendale Palermo;2024-11-04;0;Realizzazione siti web a Palermo (0%);"qualità 28/100 — solo 332 parole, 0 sottotitoli H2, nessuna immagine, nessun link interno, nessun dato in tabella";"espandere a 1.000-1.400 parole con struttura, FAQ e dati";
accorpare;Quali Sono i Servizi Offerti da un’Agenzia di Comunicazione a Palermo?;https://maxdigitalinnovation.it/quali-sono-i-servizi-offerti-da-unagenzia-di-comunicazione-a-palermo/;443;34;transazionale;0;0;0;0;agenzia di comunicazione Palermo;2024-11-04;0;;"stessa focus keyword di ""Agenzia di comunicazione a Palermo: come far crescere il tuo brand nel 2025"" (""agenzia di comunicazione Palermo""): le due pagine competono per la stessa query";unire nel principale + 301;https://maxdigitalinnovation.it/agenzia-di-comunicazione-a-palermo-come-far-crescere-il-tuo-brand-nel-2025/
riscrivere;L’E-commerce in Italia sta Cambiando con l’Intelligenza Artificiale;https://maxdigitalinnovation.it/le-commerce-in-italia-sta-cambiando-con-lintelligenza-artificiale/;379;33;informazionale;0;0;0;0;E-commerce & IA a Palermo;2024-11-04;0;;"qualità 33/100 — solo 379 parole, 0 sottotitoli H2, nessuna immagine, nessun link interno, nessun dato in tabella";"espandere a 1.000-1.400 parole con struttura, FAQ e dati";
riscrivere;Il Marketing per Attività Locali;https://maxdigitalinnovation.it/il-marketing-per-attivita-locali-i-vantaggi-di-affidarsi-a-una-web-agency/;487;34;informazionale;0;0;0;0;marketing per attività a Palermo;2024-11-04;0;Realizzazione siti web a Palermo (0%);"qualità 34/100 — solo 487 parole, 0 sottotitoli H2, nessuna immagine, nessun link interno, nessun dato in tabella";"espandere a 1.000-1.400 parole con struttura, FAQ e dati";
riscrivere;I Social Media: Gli Alleati per il Tuo E-commerce;https://maxdigitalinnovation.it/i-social-media-gli-alleati-per-il-tuo-e-commerce/;445;34;informazionale;0;0;0;0;Social Media per E-commerce;2024-11-04;0;Realizzazione siti web a Palermo (0%);"qualità 34/100 — solo 445 parole, 0 sottotitoli H2, nessuna immagine, nessun link interno, nessun dato in tabella";"espandere a 1.000-1.400 parole con struttura, FAQ e dati";
riscrivere;Marketing Online per la tua Concessionaria;https://maxdigitalinnovation.it/marketing-online-per-la-tua-concessionaria/;509;34;informazionale;0;0;0;0;marketing digitale per concessionarie a Palermo;2024-11-04;0;Realizzazione siti web a Palermo (0%);"qualità 34/100 — solo 509 parole, 0 sottotitoli H2, nessuna immagine, nessun link interno, nessun dato in tabella";"espandere a 1.000-1.400 parole con struttura, FAQ e dati";
riscrivere;Marketing Online per il Tuo Negozio di Abbigliamento;https://maxdigitalinnovation.it/marketing-online-per-il-tuo-negozio-di-abbigliamento/;460;33;informazionale;0;0;0;0;Marketing Digitale per Negozi di Abbigliamento a Palermo;2024-11-04;0;Digital marketing Palermo (0%);"qualità 33/100 — solo 460 parole, 0 sottotitoli H2, nessuna immagine, nessun link interno, nessun dato in tabella";"espandere a 1.000-1.400 parole con struttura, FAQ e dati";
riscrivere;Web Marketing per la tua Parruccheria;https://maxdigitalinnovation.it/web-marketing-per-la-tua-parruccheria/;473;34;informazionale;0;0;0;0;web marketing per parrucchieri a Palermo;2024-11-04;0;Digital marketing Palermo (0%);"qualità 34/100 — solo 473 parole, 0 sottotitoli H2, nessuna immagine, nessun link interno, nessun dato in tabella";"espandere a 1.000-1.400 parole con struttura, FAQ e dati";
riscrivere;Come Promuovere il Tuo Salone di Bellezza a Palermo;https://maxdigitalinnovation.it/come-promuovere-il-tuo-salone-di-bellezza-a-palermo/;443;39;informazionale;0;1;0;0;Salone di Bellezza Palermo: Strategie di Marketing Digitale;2024-11-04;0;Servizi digitali Palermo (0%);"qualità 39/100 — solo 443 parole, 0 sottotitoli H2, nessun link interno, nessun dato in tabella";"espandere a 1.000-1.400 parole con struttura, FAQ e dati";
riscrivere;Come Pubblicizzare la tua Ottica a Palermo;https://maxdigitalinnovation.it/come-pubblicizzare-la-tua-ottica-a-palermo/;472;34;informazionale;0;0;0;0;pubblicizzare ottica Palermo;2024-11-04;0;Digital marketing Palermo (0%);"qualità 34/100 — solo 472 parole, 0 sottotitoli H2, nessuna immagine, nessun link interno, nessun dato in tabella";"espandere a 1.000-1.400 parole con struttura, FAQ e dati";
riscrivere;Come Pubblicizzare la tua Pizzeria;https://maxdigitalinnovation.it/come-pubblicizzare-la-tua-pizzeria/;493;34;informazionale;0;0;0;0;Pubblicità Pizzeria Palermo;2024-11-05;0;Realizzazione siti web a Palermo (0%);"qualità 34/100 — solo 493 parole, 0 sottotitoli H2, nessuna immagine, nessun link interno, nessun dato in tabella";"espandere a 1.000-1.400 parole con struttura, FAQ e dati";
riscrivere;Gestione Marketing per il Tuo Pub;https://maxdigitalinnovation.it/gestione-marketing-per-il-tuo-pub/;511;37;informazionale;0;0;0;0;marketing per pub a Palermo;2024-11-05;0;Realizzazione siti web a Palermo (0%);"qualità 37/100 — solo 511 parole, 0 sottotitoli H2, nessuna immagine, nessun link interno, nessun dato in tabella";"espandere a 1.000-1.400 parole con struttura, FAQ e dati";
riscrivere;Idee Creative per Pubblicizzare la tua Panineria;https://maxdigitalinnovation.it/idee-creative-per-pubblicizzare-la-tua-panineria/;546;34;informazionale;0;0;0;0;Pubblicizzare Panineria Palermo;2024-11-05;0;Digital marketing Palermo (0%);"qualità 34/100 — solo 546 parole, 0 sottotitoli H2, nessuna immagine, nessun link interno, nessun dato in tabella";"espandere a 1.000-1.400 parole con struttura, FAQ e dati";
riscrivere;Gestione Marketing per la tua Hamburgeria;https://maxdigitalinnovation.it/gestione-marketing-per-la-tua-hamburgeria/;558;34;informazionale;0;0;0;0;Marketing per Hamburgerie a Palermo;2024-11-06;0;Realizzazione siti web a Palermo (0%);"qualità 34/100 — solo 558 parole, 0 sottotitoli H2, nessuna immagine, nessun link interno, nessun dato in tabella";"espandere a 1.000-1.400 parole con struttura, FAQ e dati";
riscrivere;Brand Strategy di Successo: I Passi Fondamentali per Distinguersi nel Mercato;https://maxdigitalinnovation.it/strategie-di-marketing-di-successo-i-passi-fondamentali-per-distinguersi-nel-mercato/;585;33;informazionale;0;0;0;0;Brand Strategy di Successo;2024-11-06;0;Servizi digitali Palermo (0%);"qualità 33/100 — solo 585 parole, 0 sottotitoli H2, nessuna immagine, nessun link interno, nessun dato in tabella";"espandere a 1.000-1.400 parole con struttura, FAQ e dati";
riscrivere;Brand Identity di Successo: Come Differenziarsi dalla Massa;https://maxdigitalinnovation.it/pubblicita-per-il-tuo-brand-a-palermo-come-differenziarsi-dalla-massa/;621;43;informazionale;0;0;0;0;brand identity;2024-11-06;0;Produzione video Palermo (0%);"qualità 43/100 — solo 621 parole, 0 sottotitoli H2, nessuna immagine, nessun link interno, nessun dato in tabella";"espandere a 1.000-1.400 parole con struttura, FAQ e dati";
accorpare;Restare al Passo coi Trend è Difficile? Scopri Come un'Agenzia di Comunicazione Può Aiutarti;https://maxdigitalinnovation.it/restare-al-passo-coi-trend-e-difficile-scopri-come-unagenzia-di-comunicazione-puo-aiutarti/;505;33;transazionale;0;0;0;0;agenzia di marketing a Palermo;2024-11-06;0;Produzione video Palermo (0%);"stessa focus keyword di ""La Tua Agenzia di Marketing a Palermo per una Crescita Su Misura"" (""agenzia di marketing a Palermo""): le due pagine competono per la stessa query";unire nel principale + 301;https://maxdigitalinnovation.it/la-tua-agenzia-di-marketing-a-palermo-per-una-crescita-su-misura/
eliminare;Hai Bisogno di uno Store Online per la tua Attività?;https://maxdigitalinnovation.it/hai-bisogno-di-uno-store-online-per-la-tua-attivita-offriamo-realizzazione-e-commerce-a-palermo/;611;47;informazionale;0;0;0;0;realizzazione e-commerce Palermo;2024-11-06;0;Realizzazione siti web a Palermo (0%);"stessa keyword della pagina servizio ""Realizzazione E-commerce Palermo"" con contenuto più debole: toglie forza alla pagina che deve posizionarsi";301 verso https://maxdigitalinnovation.it/realizzazione-e-commerce-palermo/ poi cestinare;https://maxdigitalinnovation.it/realizzazione-e-commerce-palermo/
riscrivere;Vendere sui Social: Un'ottima Vetrina per i tuoi Prodotti;https://maxdigitalinnovation.it/vendita-online-a-palermo-sui-social-unottima-vetrina-per-i-tuoi-prodotti/;563;35;transazionale;0;0;0;0;vendita online a Palermo;2024-11-06;0;Realizzazione siti web a Palermo (0%);"qualità 35/100 — solo 563 parole, 0 sottotitoli H2, nessuna immagine, nessun link interno, nessun dato in tabella";"espandere a 1.000-1.400 parole con struttura, FAQ e dati";
riscrivere;Sito Web per Artisti: Fai Conoscere la Tua Arte;https://maxdigitalinnovation.it/sito-web-per-artisti-fai-conoscere-la-tua-arte/;476;41;informazionale;0;0;0;0;Sito Web per Artisti a Palermo;2024-11-06;0;Produzione video Palermo (0%);"qualità 41/100 — solo 476 parole, 0 sottotitoli H2, nessuna immagine, nessun link interno, nessun dato in tabella";"espandere a 1.000-1.400 parole con struttura, FAQ e dati";
riscrivere;Quanto Costa un Sito Web nel 2024?;https://maxdigitalinnovation.it/quanto-costa-un-sito-web-a-palermo/;740;50;transazionale;0;0;0;0;costo sito web Palermo;2024-11-06;0;Realizzazione siti web a Palermo (0%);"qualità 50/100 — solo 740 parole, 0 sottotitoli H2, nessuna immagine, nessun link interno, nessun dato in tabella";"espandere a 1.000-1.400 parole con struttura, FAQ e dati";
riscrivere;Usa la Local SEO e Porta il Tuo Business al Top!;https://maxdigitalinnovation.it/usa-la-local-seo-e-porta-il-tuo-business-al-top/;683;47;informazionale;0;0;0;0;Local SEO Palermo;2024-11-06;0;Produzione video Palermo (0%);"qualità 47/100 — solo 683 parole, 0 sottotitoli H2, nessuna immagine, nessun link interno, nessun dato in tabella";"espandere a 1.000-1.400 parole con struttura, FAQ e dati";
riscrivere;Mobile Marketing e Micro-Momenti;https://maxdigitalinnovation.it/mobile-marketing-e-micro-momenti/;681;47;informazionale;0;0;0;0;mobile marketing Palermo;2024-11-06;0;;"qualità 47/100 — solo 681 parole, 0 sottotitoli H2, nessuna immagine, nessun link interno, nessun dato in tabella";"espandere a 1.000-1.400 parole con struttura, FAQ e dati";
riscrivere;Social Media Marketing nel Settore Arredamento;https://maxdigitalinnovation.it/social-media-marketing-nel-settore-arredamento/;695;47;informazionale;0;0;0;0;marketing arredamento Palermo;2024-11-07;0;Digital marketing Palermo (0%);"qualità 47/100 — solo 695 parole, 0 sottotitoli H2, nessuna immagine, nessun link interno, nessun dato in tabella";"espandere a 1.000-1.400 parole con struttura, FAQ e dati";
riscrivere;Il Web Design e la sua Evoluzione;https://maxdigitalinnovation.it/il-web-design-e-la-sua-evoluzione/;861;47;informazionale;0;0;0;0;web design Palermo;2024-11-07;0;Realizzazione siti web a Palermo (0%);"qualità 47/100 — solo 861 parole, 0 sottotitoli H2, nessuna immagine, nessun link interno, nessun dato in tabella";"espandere a 1.000-1.400 parole con struttura, FAQ e dati";
riscrivere;Marketing Esperienziale: Coinvolgi il Pubblico con Esperienze Uniche;https://maxdigitalinnovation.it/marketing-esperienziale-coinvolgi-il-pubblico-con-esperienze-uniche/;739;47;informazionale;0;0;0;0;marketing esperienziale Palermo;2024-11-07;0;Produzione video Palermo (0%);"qualità 47/100 — solo 739 parole, 0 sottotitoli H2, nessuna immagine, nessun link interno, nessun dato in tabella";"espandere a 1.000-1.400 parole con struttura, FAQ e dati";
riscrivere;Come Creare Siti Web Professionali e di Qualità;https://maxdigitalinnovation.it/come-creare-siti-web-professionali-e-di-qualita/;844;49;informazionale;0;0;0;0;Creare Siti Web Professionali a Palermo;2024-11-07;0;Realizzazione siti web a Palermo (0%);"qualità 49/100 — solo 844 parole, 0 sottotitoli H2, nessuna immagine, nessun link interno, nessun dato in tabella";"espandere a 1.000-1.400 parole con struttura, FAQ e dati";
riscrivere;Come Scegliere l’Agenzia Pubblicitaria Ideale per la Vostra Azienda;https://maxdigitalinnovation.it/come-scegliere-lagenzia-pubblicitaria-a-palermo-ideale-per-la-vostra-azienda/;811;43;transazionale;0;0;0;0;agenzia pubblicitaria Palermo;2024-11-07;0;;"qualità 43/100 — solo 811 parole, 0 sottotitoli H2, nessuna immagine, nessun link interno, nessun dato in tabella";"espandere a 1.000-1.400 parole con struttura, FAQ e dati";
riscrivere;10 Modi per Migliorare la Visibilità del Tuo Sito Web sui Motori di Ricerca;https://maxdigitalinnovation.it/10-modi-per-migliorare-la-visibilita-del-tuo-sito-web-sui-motori-di-ricerca/;655;46;informazionale;0;0;0;0;Migliora Visibilità Sito Web;2024-11-11;0;Produzione video Palermo (0%);"qualità 46/100 — solo 655 parole, 0 sottotitoli H2, nessuna immagine, nessun link interno, nessun dato in tabella";"espandere a 1.000-1.400 parole con struttura, FAQ e dati";
accorpare;Web Agency a Palermo per creare un sito professionale;https://maxdigitalinnovation.it/web-agency-a-palermo-per-creare-un-sito-professionale/;806;48;informazionale;0;0;0;0;web agency a Palermo;2024-11-11;0;Realizzazione siti web a Palermo (0%);"stessa focus keyword di ""Web Agency a Palermo"" (""web agency a Palermo""): le due pagine competono per la stessa query";unire nel principale + 301;https://maxdigitalinnovation.it/web-agency-a-palermo-il-design-che-parte-dal-brand/
riscrivere;Digital Agency a Palermo: La Soluzione Completa per la Tua Presenza Online;https://maxdigitalinnovation.it/digital-agency-a-palermo-la-soluzione-completa-per-la-tua-presenza-online/;734;42;informazionale;0;0;0;0;Digital Agency a Palermo;2024-11-11;0;Servizi digitali Palermo (0%);"qualità 42/100 — solo 734 parole, 0 sottotitoli H2, nessuna immagine, nessun link interno, nessun dato in tabella";"espandere a 1.000-1.400 parole con struttura, FAQ e dati";
riscrivere;"Creare un Video Aziendale Efficace, Coinvolgente e Professionale";https://maxdigitalinnovation.it/creare-un-video-aziendale-efficace-coinvolgente-e-professionale/;795;47;informazionale;0;0;0;0;video aziendale Palermo;2024-11-11;0;Realizzazione siti web a Palermo (0%);"qualità 47/100 — solo 795 parole, 0 sottotitoli H2, nessuna immagine, nessun link interno, nessun dato in tabella";"espandere a 1.000-1.400 parole con struttura, FAQ e dati";
riscrivere;Rendi la Tua Azienda Digitale: Trasformazione e Innovazione a Palermo;https://maxdigitalinnovation.it/rendi-la-tua-azienda-digitale-trasformazione-e-innovazione-a-palermo/;752;47;informazionale;0;0;0;0;azienda digitale Palermo;2024-11-11;0;Digital marketing Palermo (0%);"qualità 47/100 — solo 752 parole, 0 sottotitoli H2, nessuna immagine, nessun link interno, nessun dato in tabella";"espandere a 1.000-1.400 parole con struttura, FAQ e dati";
riscrivere;Come Migliorare la Tua Brand Reputation con le Attività di Digital Marketing;https://maxdigitalinnovation.it/come-migliorare-la-tua-brand-reputation-con-le-attivita-di-digital-marketing/;906;51;informazionale;0;0;0;0;Migliorare reputazione brand a Palermo;2024-11-11;0;Servizi digitali Palermo (0%);"qualità 51/100 — 0 sottotitoli H2, nessuna immagine, nessun link interno, nessun dato in tabella";"espandere a 1.000-1.400 parole con struttura, FAQ e dati";
riscrivere;Come Realizzare un Sito Web Efficace: Le Migliori Alternative per Creare un Percorso di Successo Online;https://maxdigitalinnovation.it/come-realizzare-un-sito-web-efficace-le-migliori-alternative-per-creare-un-percorso-di-successo-online/;870;41;commerciale;0;0;0;0;Creazione Sito Web a Palermo;2024-11-12;0;Realizzazione siti web a Palermo (0%);"qualità 41/100 — solo 870 parole, 0 sottotitoli H2, nessuna immagine, nessun link interno, nessun dato in tabella";"espandere a 1.000-1.400 parole con struttura, FAQ e dati";
riscrivere;"Sito Web Accessibile: Cos’è, Come Crearlo e Perché è Importante";https://maxdigitalinnovation.it/sito-web-accessibile-cose-come-crearlo-e-perche-e-importante/;884;48;informazionale;0;0;0;0;Sito Web Accessibile;2024-11-12;0;Realizzazione siti web a Palermo (0%);"qualità 48/100 — solo 884 parole, 0 sottotitoli H2, nessuna immagine, nessun link interno, nessun dato in tabella";"espandere a 1.000-1.400 parole con struttura, FAQ e dati";
riscrivere;Privacy Policy Sito Web: Cos’è e Come Scriverla Correttamente;https://maxdigitalinnovation.it/privacy-policy-sito-web-cose-e-come-scriverla-correttamente/;828;47;informazionale;0;0;0;0;privacy policy sito web;2024-11-12;0;Realizzazione siti web a Palermo (0%);"qualità 47/100 — solo 828 parole, 0 sottotitoli H2, nessuna immagine, nessun link interno, nessun dato in tabella";"espandere a 1.000-1.400 parole con struttura, FAQ e dati";
riscrivere;Le 11 Regole per un Sito Web Efficace;https://maxdigitalinnovation.it/le-11-regole-per-un-sito-web-efficace/;836;43;informazionale;0;0;0;0;Siti Web Efficaci a Palermo;2024-11-12;0;Realizzazione siti web a Palermo (0%);"qualità 43/100 — solo 836 parole, 0 sottotitoli H2, nessuna immagine, nessun link interno, nessun dato in tabella";"espandere a 1.000-1.400 parole con struttura, FAQ e dati";
riscrivere;Struttura di un Sito Web: Le Caratteristiche di un’Architettura Efficace;https://maxdigitalinnovation.it/creare-un-sito-web-a-palermo-le-caratteristiche-di-unarchitettura-efficace/;816;47;informazionale;0;0;0;0;struttura sito web;2024-11-12;0;Realizzazione siti web a Palermo (0%);"qualità 47/100 — solo 816 parole, 0 sottotitoli H2, nessuna immagine, nessun link interno, nessun dato in tabella";"espandere a 1.000-1.400 parole con struttura, FAQ e dati";
riscrivere;"Strategie di Web Reputation: Come Costruire, Gestire e Misurare la Percezione Online";https://maxdigitalinnovation.it/strategie-di-web-reputation-come-costruire-gestire-e-misurare-la-percezione-online/;888;47;informazionale;0;0;0;0;web reputation;2024-11-12;0;Realizzazione siti web a Palermo (0%);"qualità 47/100 — solo 888 parole, 0 sottotitoli H2, nessuna immagine, nessun link interno, nessun dato in tabella";"espandere a 1.000-1.400 parole con struttura, FAQ e dati";
mantenere;Sognavi un Hotel Sempre Pieno? Il Web Marketing per il Turismo Può Trasformare il Tuo Sogno in Realtà;https://maxdigitalinnovation.it/sognavi-un-hotel-sempre-pieno-il-web-marketing-per-il-turismo-puo-trasformare-il-tuo-sogno-in-realta/;935;57;informazionale;0;0;0;0;web marketing hotel Palermo;2024-11-13;0;Digital marketing Palermo (0%);"qualità 57/100: lunghezza, struttura e unicità adeguate";ottimizzare meta e link interni;
mantenere;Google AI Search: La Nuova Era della Ricerca Intelligente e le Opportunità per il Marketing;https://maxdigitalinnovation.it/google-ai-search-la-nuova-era-della-ricerca-intelligente-e-le-opportunita-per-il-marketing/;913;57;informazionale;0;0;0;0;Google AI Search Palermo;2024-11-13;0;Digital marketing Palermo (0%);"qualità 57/100: lunghezza, struttura e unicità adeguate";ottimizzare meta e link interni;
riscrivere;Aumentare le Vendite eCommerce: Non Sei Soddisfatto della Tua Agenzia?;https://maxdigitalinnovation.it/aumentare-le-vendite-ecommerce-non-sei-soddisfatto-della-tua-agenzia/;871;46;transazionale;0;0;0;0;Aumentare Vendite eCommerce Palermo;2024-11-13;0;Realizzazione E-commerce Palermo (0%);"qualità 46/100 — solo 871 parole, 0 sottotitoli H2, nessuna immagine, nessun link interno, nessun dato in tabella";"espandere a 1.000-1.400 parole con struttura, FAQ e dati";
mantenere;Come Essere in Prima Pagina su Google? Le Bugie Più Diffuse sulla SEO;https://maxdigitalinnovation.it/come-essere-in-prima-pagina-su-google-le-bugie-piu-diffuse-sulla-seo/;991;60;informazionale;0;0;0;0;Prima Pagina Google;2024-11-13;0;;"qualità 60/100: lunghezza, struttura e unicità adeguate";ottimizzare meta e link interni;
riscrivere;Gestione Marketing per la tua Enoteca;https://maxdigitalinnovation.it/gestione-marketing-per-la-tua-enoteca/;754;47;informazionale;0;0;0;0;Marketing Enoteca Palermo;2024-11-14;0;Digital marketing Palermo (0%);"qualità 47/100 — solo 754 parole, 0 sottotitoli H2, nessuna immagine, nessun link interno, nessun dato in tabella";"espandere a 1.000-1.400 parole con struttura, FAQ e dati";
mantenere;Gestione Marketing per il tuo Fast Food;https://maxdigitalinnovation.it/gestione-marketing-per-il-tuo-fast-food/;938;57;informazionale;0;0;0;0;Marketing Fast Food Palermo;2024-11-14;0;Digital marketing Palermo (0%);"qualità 57/100: lunghezza, struttura e unicità adeguate";ottimizzare meta e link interni;
accorpare;Gestione Social Media per la tua Attività;https://maxdigitalinnovation.it/gestione-social-media-per-la-tua-attivita/;922;57;informazionale;0;0;0;0;gestione social media Palermo;2024-11-14;0;Digital marketing Palermo (0%);articolo principale del gruppo: accoglie i contenuti degli altri 1;mantenere e ampliare;
mantenere;Marketing e Pubblicità a Palermo: Tutti i Tipi di Pubblicità per Far Crescere la Tua Attività;https://maxdigitalinnovation.it/marketing-e-pubblicita-a-palermo-tutti-i-tipi-di-pubblicita-per-far-crescere-la-tua-attivita/;992;57;informazionale;0;0;0;0;marketing e pubblicità Palermo;2024-11-14;0;Digital marketing Palermo (0%);"qualità 57/100: lunghezza, struttura e unicità adeguate";ottimizzare meta e link interni;
riscrivere;Vuoi Aprire un’Attività a Palermo e Non Sai a Chi Affidarti? Ecco Come Fare!;https://maxdigitalinnovation.it/vuoi-aprire-unattivita-a-palermo-e-non-sai-a-chi-affidarti-ecco-come-fare-gestione-marketing-attivita-a-palermo/;895;47;informazionale;0;0;0;0;Aprire Attività a Palermo;2024-11-14;0;Realizzazione siti web a Palermo (0%);"qualità 47/100 — solo 895 parole, 0 sottotitoli H2, nessuna immagine, nessun link interno, nessun dato in tabella";"espandere a 1.000-1.400 parole con struttura, FAQ e dati";
accorpare;La Tua Agenzia di Marketing a Palermo per una Crescita Su Misura;https://maxdigitalinnovation.it/la-tua-agenzia-di-marketing-a-palermo-per-una-crescita-su-misura/;816;48;transazionale;0;0;0;0;agenzia di marketing a Palermo;2024-11-14;0;Digital marketing Palermo (0%);articolo principale del gruppo: accoglie i contenuti degli altri 2;mantenere e ampliare;
riscrivere;Quanto Costa Realizzare un Cartello Pubblicitario a Palermo?;https://maxdigitalinnovation.it/quanto-costa-realizzare-un-cartello-pubblicitario-a-palermo/;831;47;transazionale;0;0;0;0;Costo Cartello Pubblicitario a Palermo;2024-11-14;0;Realizzazione siti web a Palermo (0%);"qualità 47/100 — solo 831 parole, 0 sottotitoli H2, nessuna immagine, nessun link interno, nessun dato in tabella";"espandere a 1.000-1.400 parole con struttura, FAQ e dati";
riscrivere;Cosa Fare per Indicizzare il Tuo Sito Web?;https://maxdigitalinnovation.it/cosa-fare-per-indicizzare-il-tuo-sito-web/;642;51;informazionale;0;0;0;0;come indicizzare un sito web;2024-11-15;0;Servizi digitali Palermo (0%);"qualità 51/100 — solo 642 parole, 0 sottotitoli H2, nessuna immagine, nessun link interno, nessun dato in tabella";"espandere a 1.000-1.400 parole con struttura, FAQ e dati";
riscrivere;Non Sai Come Sponsorizzare il Tuo Progetto Artistico? Scopri le Strategie Vincenti;https://maxdigitalinnovation.it/non-sai-come-sponsorizzare-il-tuo-progetto-artistico-scopri-le-strategie-vincenti/;745;47;informazionale;0;0;0;0;sponsorizzare progetto artistico;2024-11-15;0;;"qualità 47/100 — solo 745 parole, 0 sottotitoli H2, nessuna immagine, nessun link interno, nessun dato in tabella";"espandere a 1.000-1.400 parole con struttura, FAQ e dati";
riscrivere;Il Partner Giusto per il Tuo Successo: Come Trovare uno Sponsor Affidabile a Palermo;https://maxdigitalinnovation.it/il-partner-giusto-per-il-tuo-successo-come-trovare-uno-sponsor-affidabile-a-palermo/;601;47;informazionale;0;0;0;0;sponsor affidabile Palermo;2024-11-15;0;Digital marketing Palermo (0%);"qualità 47/100 — solo 601 parole, 0 sottotitoli H2, nessuna immagine, nessun link interno, nessun dato in tabella";"espandere a 1.000-1.400 parole con struttura, FAQ e dati";
riscrivere;Marketing per Imprese Edili;https://maxdigitalinnovation.it/marketing-per-imprese-edili/;630;47;informazionale;0;0;0;0;Marketing Imprese Edili Palermo;2024-11-15;0;Servizi digitali Palermo (0%);"qualità 47/100 — solo 630 parole, 0 sottotitoli H2, nessuna immagine, nessun link interno, nessun dato in tabella";"espandere a 1.000-1.400 parole con struttura, FAQ e dati";
accorpare;Web Agency a Palermo: La Guida Completa per Far Crescere la Tua Attività Online;https://maxdigitalinnovation.it/web-agency-a-palermo-la-guida-completa-per-far-crescere-la-tua-attivita-online/;613;50;informazionale;0;0;0;0;web agency a Palermo;2024-11-18;0;Realizzazione siti web a Palermo (0%);"stessa focus keyword di ""Web Agency a Palermo"" (""web agency a Palermo""): le due pagine competono per la stessa query";unire nel principale + 301;https://maxdigitalinnovation.it/web-agency-a-palermo-il-design-che-parte-dal-brand/
riscrivere;Copywriter seo per i social media: perché a Google piace;https://maxdigitalinnovation.it/copywriter-seo-per-i-social-media-perche-a-google-piace-web-agency-seo-a-palermo/;685;50;informazionale;0;0;0;0;Web agency SEO Palermo;2024-11-18;0;Realizzazione siti web a Palermo (0%);"qualità 50/100 — solo 685 parole, 0 sottotitoli H2, nessuna immagine, nessun link interno, nessun dato in tabella";"espandere a 1.000-1.400 parole con struttura, FAQ e dati";
riscrivere;Web Agency a Palermo per il Settore Immobiliare: La Chiave per il Successo Online;https://maxdigitalinnovation.it/web-agency-a-palermo-per-il-settore-immobiliare-la-chiave-per-il-successo-online/;535;38;informazionale;0;0;0;0;Web Agency Palermo Immobiliare;2024-11-18;0;Realizzazione siti web a Palermo (0%);"qualità 38/100 — solo 535 parole, 0 sottotitoli H2, nessuna immagine, nessun link interno, nessun dato in tabella";"espandere a 1.000-1.400 parole con struttura, FAQ e dati";
riscrivere;Web Agency per Startup a Palermo: La Tua Guida al Successo Digitale;https://maxdigitalinnovation.it/web-agency-per-startup-a-palermo-la-tua-guida-al-successo-digitale/;560;38;informazionale;0;0;0;0;web agency startup Palermo;2024-11-18;0;Realizzazione siti web a Palermo (0%);"qualità 38/100 — solo 560 parole, 0 sottotitoli H2, nessuna immagine, nessun link interno, nessun dato in tabella";"espandere a 1.000-1.400 parole con struttura, FAQ e dati";
riscrivere;Web Agency per E-commerce a Palermo: Come Incrementare le Vendite Online;https://maxdigitalinnovation.it/web-agency-per-e-commerce-a-palermo-come-incrementare-le-vendite-online/;550;41;informazionale;0;0;0;0;web agency e-commerce Palermo;2024-11-18;0;Realizzazione siti web a Palermo (0%);"qualità 41/100 — solo 550 parole, 0 sottotitoli H2, nessuna immagine, nessun link interno, nessun dato in tabella";"espandere a 1.000-1.400 parole con struttura, FAQ e dati";
riscrivere;Web Agency a Palermo per Eventi: Massimizza la Partecipazione al Tuo Evento;https://maxdigitalinnovation.it/web-agency-a-palermo-per-eventi-massimizza-la-partecipazione-al-tuo-evento/;527;41;informazionale;0;0;0;0;Web Agency Palermo Eventi;2024-11-18;0;Realizzazione siti web a Palermo (0%);"qualità 41/100 — solo 527 parole, 0 sottotitoli H2, nessuna immagine, nessun link interno, nessun dato in tabella";"espandere a 1.000-1.400 parole con struttura, FAQ e dati";
riscrivere;Web Agency Locale a Palermo: La Tua Guida per Conquistare il Pubblico della Città;https://maxdigitalinnovation.it/web-agency-locale-a-palermo-la-tua-guida-per-conquistare-il-pubblico-della-citta/;591;38;informazionale;0;0;0;0;web agency locale Palermo;2024-11-18;0;Realizzazione siti web a Palermo (0%);"qualità 38/100 — solo 591 parole, 0 sottotitoli H2, nessuna immagine, nessun link interno, nessun dato in tabella";"espandere a 1.000-1.400 parole con struttura, FAQ e dati";
riscrivere;Pubblicità Digitale a Palermo: Come Aumentare la Visibilità della Tua Attività;https://maxdigitalinnovation.it/pubblicita-digitale-a-palermo-come-aumentare-la-visibilita-della-tua-attivita/;429;38;informazionale;0;0;0;0;pubblicità digitale Palermo;2024-11-20;0;Servizi digitali Palermo (0%);"qualità 38/100 — solo 429 parole, 0 sottotitoli H2, nessuna immagine, nessun link interno, nessun dato in tabella";"espandere a 1.000-1.400 parole con struttura, FAQ e dati";
riscrivere;Creazione Siti Web Professionali a Palermo: Costruisci la Tua Identità Digitale;https://maxdigitalinnovation.it/creazione-siti-web-professionali-a-palermo-costruisci-la-tua-identita-digitale/;406;41;informazionale;0;0;0;0;siti web professionali Palermo;2024-11-20;0;Servizi digitali Palermo (0%);"qualità 41/100 — solo 406 parole, 0 sottotitoli H2, nessuna immagine, nessun link interno, nessun dato in tabella";"espandere a 1.000-1.400 parole con struttura, FAQ e dati";
riscrivere;Marketing su Misura per il Tuo Negozio di Giocattoli;https://maxdigitalinnovation.it/marketing-su-misura-per-il-tuo-negozio-di-giocattoli/;369;41;informazionale;0;0;0;0;marketing negozi giocattoli Palermo;2024-11-22;0;Digital marketing Palermo (0%);"qualità 41/100 — solo 369 parole, 0 sottotitoli H2, nessuna immagine, nessun link interno, nessun dato in tabella";"espandere a 1.000-1.400 parole con struttura, FAQ e dati";
accorpare;Marketing per Farmacie: Come Aumentare Visibilità e Fidelizzare i Clienti;https://maxdigitalinnovation.it/marketing-per-farmacie-come-aumentare-visibilita-e-fidelizzare-i-clienti/;380;38;informazionale;0;0;0;0;marketing per farmacie a Palermo;2024-11-22;0;Servizi digitali Palermo (0%);articolo principale del gruppo: accoglie i contenuti degli altri 1;mantenere e ampliare;
accorpare;Marketing Digitale a Palermo: La Chiave per il Successo della Tua Attività;https://maxdigitalinnovation.it/marketing-digitale-a-palermo-la-chiave-per-il-successo-della-tua-attivita/;443;38;informazionale;0;0;0;0;marketing digitale Palermo;2024-11-22;0;Realizzazione siti web a Palermo (0%);"stessa focus keyword di ""I segreti del marketing digitale a Palermo: scopri la nostra agenzia"" (""marketing digitale Palermo""): le due pagine competono per la stessa query";unire nel principale + 301;https://maxdigitalinnovation.it/i-segreti-del-marketing-digitale-a-palermo-scopri-la-nostra-agenzia/
riscrivere;Cosa si intende per sito web? Una guida per capirne l’importanza;https://maxdigitalinnovation.it/cosa-si-intende-per-sito-web-una-guida-per-capirne-limportanza/;422;39;informazionale;0;0;0;0;cosa si intende per sito web;2024-11-22;0;Realizzazione siti web a Palermo (0%);"qualità 39/100 — solo 422 parole, 0 sottotitoli H2, nessuna immagine, nessun link interno, nessun dato in tabella";"espandere a 1.000-1.400 parole con struttura, FAQ e dati";
riscrivere;Quali sono i siti web più visitati? Scopri le piattaforme più popolari al mondo;https://maxdigitalinnovation.it/quali-sono-i-siti-web-piu-visitati-scopri-le-piattaforme-piu-popolari-al-mondo/;420;41;informazionale;0;0;0;0;siti web più visitati;2024-11-22;0;;"qualità 41/100 — solo 420 parole, 0 sottotitoli H2, nessuna immagine, nessun link interno, nessun dato in tabella";"espandere a 1.000-1.400 parole con struttura, FAQ e dati";
riscrivere;Che tipi di siti web esistono? Una guida per scegliere quello giusto per te;https://maxdigitalinnovation.it/che-tipi-di-siti-web-esistono-una-guida-per-scegliere-quello-giusto-per-te/;400;41;commerciale;0;0;0;0;tipi di siti web;2024-11-22;0;Realizzazione siti web a Palermo (0%);"qualità 41/100 — solo 400 parole, 0 sottotitoli H2, nessuna immagine, nessun link interno, nessun dato in tabella";"espandere a 1.000-1.400 parole con struttura, FAQ e dati";
riscrivere;Come si chiama chi crea un sito web? Scopri la figura del Web Developer;https://maxdigitalinnovation.it/come-si-chiama-chi-crea-un-sito-web-scopri-la-figura-del-web-developer/;414;39;informazionale;0;0;0;0;chi crea un sito web;2024-11-22;0;;"qualità 39/100 — solo 414 parole, 0 sottotitoli H2, nessuna immagine, nessun link interno, nessun dato in tabella";"espandere a 1.000-1.400 parole con struttura, FAQ e dati";
riscrivere;Che cosa fa una web agency? Una guida ai servizi digitali più richiesti;https://maxdigitalinnovation.it/che-cosa-fa-una-web-agency-una-guida-ai-servizi-digitali-piu-richiesti/;394;39;transazionale;0;0;0;0;cosa fa una web agency;2024-11-22;0;Realizzazione siti web a Palermo (0%);"qualità 39/100 — solo 394 parole, 0 sottotitoli H2, nessuna immagine, nessun link interno, nessun dato in tabella";"espandere a 1.000-1.400 parole con struttura, FAQ e dati";
riscrivere;Quante sono le web agency in Italia? Un'analisi del panorama digitale italiano;https://maxdigitalinnovation.it/quante-sono-le-web-agency-in-italia-unanalisi-del-panorama-digitale-italiano/;384;38;informazionale;0;0;0;0;web agency Italia;2024-11-22;0;Digital marketing Palermo (0%);"qualità 38/100 — solo 384 parole, 0 sottotitoli H2, nessuna immagine, nessun link interno, nessun dato in tabella";"espandere a 1.000-1.400 parole con struttura, FAQ e dati";
riscrivere;Quanto guadagna una web agency? Analisi dei fattori che influenzano i ricavi;https://maxdigitalinnovation.it/quanto-guadagna-una-web-agency-analisi-dei-fattori-che-influenzano-i-ricavi/;465;38;informazionale;0;0;0;0;quanto guadagna web agency;2024-11-22;0;Digital marketing Palermo (0%);"qualità 38/100 — solo 465 parole, 0 sottotitoli H2, nessuna immagine, nessun link interno, nessun dato in tabella";"espandere a 1.000-1.400 parole con struttura, FAQ e dati";
riscrivere;Chi lavora in una web agency? Scopri i ruoli principali;https://maxdigitalinnovation.it/chi-lavora-in-una-web-agency-scopri-i-ruoli-principali/;401;38;informazionale;0;0;0;0;chi lavora in una web agency;2024-11-22;0;Realizzazione siti web a Palermo (0%);"qualità 38/100 — solo 401 parole, 0 sottotitoli H2, nessuna immagine, nessun link interno, nessun dato in tabella";"espandere a 1.000-1.400 parole con struttura, FAQ e dati";
riscrivere;Cos’è un’agency? Scopri il ruolo e i servizi di un’agenzia moderna;https://maxdigitalinnovation.it/cose-unagency-scopri-il-ruolo-e-i-servizi-di-unagenzia-moderna/;362;41;transazionale;0;0;0;0;cos'è un'agency;2024-11-22;0;Servizi digitali Palermo (0%);"qualità 41/100 — solo 362 parole, 0 sottotitoli H2, nessuna immagine, nessun link interno, nessun dato in tabella";"espandere a 1.000-1.400 parole con struttura, FAQ e dati";
riscrivere;Cosa si intende per pubblicità? Una guida completa al mondo pubblicitario;https://maxdigitalinnovation.it/cosa-si-intende-per-pubblicita-una-guida-completa-al-mondo-pubblicitario/;380;41;informazionale;0;0;0;0;cosa si intende per pubblicità;2024-11-22;0;;"qualità 41/100 — solo 380 parole, 0 sottotitoli H2, nessuna immagine, nessun link interno, nessun dato in tabella";"espandere a 1.000-1.400 parole con struttura, FAQ e dati";
riscrivere;Come farsi pubblicità gratis? Strategie efficaci per aumentare la visibilità;https://maxdigitalinnovation.it/come-farsi-pubblicita-gratis-strategie-efficaci-per-aumentare-la-visibilita/;402;38;informazionale;0;0;0;0;come farsi pubblicità gratis;2024-11-22;0;;"qualità 38/100 — solo 402 parole, 0 sottotitoli H2, nessuna immagine, nessun link interno, nessun dato in tabella";"espandere a 1.000-1.400 parole con struttura, FAQ e dati";
riscrivere;Qual è il compito della pubblicità? Capire l’obiettivo e il valore della comunicazione pubblicitaria;https://maxdigitalinnovation.it/qual-e-il-compito-della-pubblicita-capire-lobiettivo-e-il-valore-della-comunicazione-pubblicitaria/;446;41;informazionale;0;0;0;0;compito della pubblicità;2024-11-22;0;Realizzazione siti web a Palermo (0%);"qualità 41/100 — solo 446 parole, 0 sottotitoli H2, nessuna immagine, nessun link interno, nessun dato in tabella";"espandere a 1.000-1.400 parole con struttura, FAQ e dati";
riscrivere;Quanto si paga un'agenzia di comunicazione? Guida ai costi dei servizi di comunicazione;https://maxdigitalinnovation.it/quanto-si-paga-unagenzia-di-comunicazione-guida-ai-costi-dei-servizi-di-comunicazione/;449;40;transazionale;0;0;0;0;Costi Agenzia di Comunicazione;2024-11-22;0;;"qualità 40/100 — solo 449 parole, 0 sottotitoli H2, nessuna immagine, nessun link interno, nessun dato in tabella";"espandere a 1.000-1.400 parole con struttura, FAQ e dati";
riscrivere;Cosa fa l'agenzia di marketing? Una guida ai servizi e al ruolo strategico;https://maxdigitalinnovation.it/cosa-fa-lagenzia-di-marketing-una-guida-ai-servizi-e-al-ruolo-strategico/;376;41;transazionale;0;0;0;0;agenzia di marketing;2024-11-28;0;;"qualità 41/100 — solo 376 parole, 0 sottotitoli H2, nessuna immagine, nessun link interno, nessun dato in tabella";"espandere a 1.000-1.400 parole con struttura, FAQ e dati";
riscrivere;Che cos’è un’azienda di marketing? Scopri il motore del successo aziendale;https://maxdigitalinnovation.it/che-cose-unazienda-di-marketing-scopri-il-motore-del-successo-aziendale/;434;41;informazionale;0;0;0;0;azienda di marketing;2024-11-28;0;;"qualità 41/100 — solo 434 parole, 0 sottotitoli H2, nessuna immagine, nessun link interno, nessun dato in tabella";"espandere a 1.000-1.400 parole con struttura, FAQ e dati";
riscrivere;3 Tipi di Marketing a Palermo: Scopri le Strategie per il Successo della Tua Attività;https://maxdigitalinnovation.it/3-tipi-di-marketing-a-palermo-scopri-le-strategie-per-il-successo-della-tua-attivita/;417;42;informazionale;0;0;0;0;marketing a Palermo;2024-11-28;0;Digital marketing Palermo (0%);"qualità 42/100 — solo 417 parole, 0 sottotitoli H2, nessuna immagine, nessun link interno, nessun dato in tabella";"espandere a 1.000-1.400 parole con struttura, FAQ e dati";
riscrivere;Che lavoro fa il marketing? Il motore che trasforma idee in successo;https://maxdigitalinnovation.it/che-lavoro-fa-il-marketing-il-motore-che-trasforma-idee-in-successo/;389;36;informazionale;0;0;0;0;che lavoro fa il marketing;2024-11-28;0;Realizzazione siti web a Palermo (0%);"qualità 36/100 — solo 389 parole, 0 sottotitoli H2, nessuna immagine, nessun link interno, nessun dato in tabella";"espandere a 1.000-1.400 parole con struttura, FAQ e dati";
riscrivere;Come fare un’ottima pubblicità? Strategie vincenti per il tuo successo;https://maxdigitalinnovation.it/come-fare-unottima-pubblicita-strategie-vincenti-per-il-tuo-successo/;501;39;informazionale;0;0;0;0;ottima pubblicità;2024-12-02;0;Realizzazione siti web a Palermo (0%);"qualità 39/100 — solo 501 parole, 0 sottotitoli H2, nessuna immagine, nessun link interno, nessun dato in tabella";"espandere a 1.000-1.400 parole con struttura, FAQ e dati";
riscrivere;Dove fare pubblicità a basso costo? Scopri le migliori strategie economiche per promuovere la tua attività;https://maxdigitalinnovation.it/dove-fare-pubblicita-a-basso-costo-scopri-le-migliori-strategie-economiche-per-promuovere-la-tua-attivita/;379;41;transazionale;0;0;0;0;pubblicità a basso costo;2024-12-02;0;Realizzazione siti web a Palermo (0%);"qualità 41/100 — solo 379 parole, 0 sottotitoli H2, nessuna immagine, nessun link interno, nessun dato in tabella";"espandere a 1.000-1.400 parole con struttura, FAQ e dati";
riscrivere;Quale pubblicità funziona di più? Scopri le strategie più efficaci per il tuo business;https://maxdigitalinnovation.it/quale-pubblicita-funziona-di-piu-scopri-le-strategie-piu-efficaci-per-il-tuo-business/;433;37;informazionale;0;0;0;0;Pubblicità Efficace: Strategie per il Tuo Business;2024-12-02;0;;"qualità 37/100 — solo 433 parole, 0 sottotitoli H2, nessuna immagine, nessun link interno, nessun dato in tabella";"espandere a 1.000-1.400 parole con struttura, FAQ e dati";
riscrivere;Come iniziare a fare digital marketing? Guida pratica per chi vuole emergere online;https://maxdigitalinnovation.it/come-iniziare-a-fare-digital-marketing-guida-pratica-per-chi-vuole-emergere-online/;434;41;informazionale;0;0;0;0;Come Iniziare Digital Marketing;2024-12-02;0;;"qualità 41/100 — solo 434 parole, 0 sottotitoli H2, nessuna immagine, nessun link interno, nessun dato in tabella";"espandere a 1.000-1.400 parole con struttura, FAQ e dati";
riscrivere;Portfolio fotografico online: cos’è e perché è importante crearlo;https://maxdigitalinnovation.it/portfolio-fotografico-online-cose-e-perche-e-importante-crearlo/;508;38;informazionale;0;0;0;0;portfolio fotografico online;2024-12-02;0;;"qualità 38/100 — solo 508 parole, 0 sottotitoli H2, nessuna immagine, nessun link interno, nessun dato in tabella";"espandere a 1.000-1.400 parole con struttura, FAQ e dati";
riscrivere;Rispondere alle recensioni con l'AI: la nuova frontiera dell'automazione;https://maxdigitalinnovation.it/rispondere-alle-recensioni-con-lai-la-nuova-frontiera-dellautomazione/;554;38;informazionale;0;0;0;0;rispondere alle recensioni con l'AI;2024-12-02;0;;"qualità 38/100 — solo 554 parole, 0 sottotitoli H2, nessuna immagine, nessun link interno, nessun dato in tabella";"espandere a 1.000-1.400 parole con struttura, FAQ e dati";
riscrivere;"Focus group: cos’è, a che serve e come farlo al meglio";https://maxdigitalinnovation.it/focus-group-cose-a-che-serve-e-come-farlo-al-meglio/;483;41;informazionale;0;0;0;0;focus group;2024-12-02;0;;"qualità 41/100 — solo 483 parole, 0 sottotitoli H2, nessuna immagine, nessun link interno, nessun dato in tabella";"espandere a 1.000-1.400 parole con struttura, FAQ e dati";
riscrivere;Come creare sondaggi online e raggiungere il tuo pubblico in modo efficace;https://maxdigitalinnovation.it/come-creare-sondaggi-online-e-raggiungere-il-tuo-pubblico-in-modo-efficace/;573;41;informazionale;0;0;0;0;creare sondaggi online;2024-12-02;0;;"qualità 41/100 — solo 573 parole, 0 sottotitoli H2, nessuna immagine, nessun link interno, nessun dato in tabella";"espandere a 1.000-1.400 parole con struttura, FAQ e dati";
riscrivere;Come ridurre peso delle foto: consigli pratici per immagini più leggere;https://maxdigitalinnovation.it/come-ridurre-peso-delle-foto-consigli-pratici-per-immagini-piu-leggere/;644;50;informazionale;0;0;0;0;ridurre peso foto;2024-12-02;0;;"qualità 50/100 — solo 644 parole, 0 sottotitoli H2, nessuna immagine, nessun link interno, nessun dato in tabella";"espandere a 1.000-1.400 parole con struttura, FAQ e dati";
riscrivere;Cosa fa un ufficio di comunicazione? Scopri il cuore della strategia aziendale;https://maxdigitalinnovation.it/cosa-fa-un-ufficio-di-comunicazione-scopri-il-cuore-della-strategia-aziendale/;490;41;informazionale;0;0;0;0;ufficio di comunicazione;2024-12-03;0;;"qualità 41/100 — solo 490 parole, 0 sottotitoli H2, nessuna immagine, nessun link interno, nessun dato in tabella";"espandere a 1.000-1.400 parole con struttura, FAQ e dati";
riscrivere;Come si chiama chi si occupa di comunicazione? Scopri i ruoli e le competenze di questi professionisti;https://maxdigitalinnovation.it/come-si-chiama-chi-si-occupa-di-comunicazione-scopri-i-ruoli-e-le-competenze-di-questi-professionisti/;515;38;informazionale;0;0;0;0;chi si occupa di comunicazione;2024-12-03;0;;"qualità 38/100 — solo 515 parole, 0 sottotitoli H2, nessuna immagine, nessun link interno, nessun dato in tabella";"espandere a 1.000-1.400 parole con struttura, FAQ e dati";
riscrivere;Come trovare un'agenzia di comunicazione? Consigli per scegliere il partner giusto;https://maxdigitalinnovation.it/come-trovare-unagenzia-di-comunicazione-consigli-per-scegliere-il-partner-giusto/;536;41;transazionale;0;0;0;0;agenzia di comunicazione;2024-12-03;0;;"qualità 41/100 — solo 536 parole, 0 sottotitoli H2, nessuna immagine, nessun link interno, nessun dato in tabella";"espandere a 1.000-1.400 parole con struttura, FAQ e dati";
riscrivere;Scegliere la giusta agenzia di comunicazione: consigli e strategie per trovare il partner ideale;https://maxdigitalinnovation.it/scegliere-la-giusta-agenzia-di-comunicazione-consigli-e-strategie-per-trovare-il-partner-ideale/;577;41;transazionale;0;0;0;0;Scegliere Agenzia Comunicazione;2024-12-03;0;Servizi digitali Palermo (0%);"qualità 41/100 — solo 577 parole, 0 sottotitoli H2, nessuna immagine, nessun link interno, nessun dato in tabella";"espandere a 1.000-1.400 parole con struttura, FAQ e dati";
riscrivere;Come sfruttare al meglio i Test A/B per aumentare le conversioni;https://maxdigitalinnovation.it/come-sfruttare-al-meglio-i-test-a-b-per-aumentare-le-conversioni/;606;50;informazionale;0;0;0;0;Test A/B conversioni;2024-12-03;0;;"qualità 50/100 — solo 606 parole, 0 sottotitoli H2, nessuna immagine, nessun link interno, nessun dato in tabella";"espandere a 1.000-1.400 parole con struttura, FAQ e dati";
riscrivere;Come creare un podcast aziendale per migliorare il posizionamento del brand;https://maxdigitalinnovation.it/come-creare-un-podcast-aziendale-per-migliorare-il-posizionamento-del-brand/;509;38;informazionale;0;0;0;0;podcast aziendale;2024-12-03;0;;"qualità 38/100 — solo 509 parole, 0 sottotitoli H2, nessuna immagine, nessun link interno, nessun dato in tabella";"espandere a 1.000-1.400 parole con struttura, FAQ e dati";
riscrivere;Come trovare il Co-Founder perfetto per la tua Startup e lo sponsor ideale per la tua crescita;https://maxdigitalinnovation.it/come-trovare-il-co-founder-perfetto-per-la-tua-startup-e-lo-sponsor-ideale-per-la-tua-crescita/;692;48;informazionale;0;0;0;0;sponsor ideale per la tua startup;2024-12-03;0;;"qualità 48/100 — solo 692 parole, 0 sottotitoli H2, nessuna immagine, nessun link interno, nessun dato in tabella";"espandere a 1.000-1.400 parole con struttura, FAQ e dati";
riscrivere;I Migliori Formati Banner per ottimizzare le tue campagne pubblicitarie;https://maxdigitalinnovation.it/i-migliori-formati-banner-per-ottimizzare-le-tue-campagne-pubblicitarie/;618;50;commerciale;0;0;0;0;formati banner;2024-12-03;0;;"qualità 50/100 — solo 618 parole, 0 sottotitoli H2, nessuna immagine, nessun link interno, nessun dato in tabella";"espandere a 1.000-1.400 parole con struttura, FAQ e dati";
riscrivere;Come crescere su Instagram: 8 Tattiche per sfruttare l’algoritmo e aumentare l’engagement;https://maxdigitalinnovation.it/come-crescere-su-instagram-8-tattiche-per-sfruttare-lalgoritmo-e-aumentare-lengagement/;507;42;informazionale;0;0;0;0;Crescere su Instagram;2024-12-03;0;;"qualità 42/100 — solo 507 parole, 0 sottotitoli H2, nessuna immagine, nessun link interno, nessun dato in tabella";"espandere a 1.000-1.400 parole con struttura, FAQ e dati";
riscrivere;TikTok adv o Instagram adv? Qual è la piattaforma migliore per la tua campagna online?;https://maxdigitalinnovation.it/tiktok-adv-o-instagram-adv-qual-e-la-piattaforma-migliore-per-la-tua-campagna-online/;645;52;informazionale;0;0;0;0;TikTok adv o Instagram adv;2024-12-06;0;;"qualità 52/100 — solo 645 parole, 0 sottotitoli H2, nessuna immagine, nessun link interno";"espandere a 1.000-1.400 parole con struttura, FAQ e dati";
riscrivere;La potenza dei micro influencer e il loro impatto online per le aziende;https://maxdigitalinnovation.it/la-potenza-dei-micro-influencer-e-il-loro-impatto-online-per-le-aziende/;665;50;informazionale;0;0;0;0;Micro Influencer per Aziende;2024-12-06;0;Servizi digitali Palermo (0%);"qualità 50/100 — solo 665 parole, 0 sottotitoli H2, nessuna immagine, nessun link interno, nessun dato in tabella";"espandere a 1.000-1.400 parole con struttura, FAQ e dati";
riscrivere;Black Friday 2024: come preparare il tuo e-commerce a Palermo per massimizzare le vendite;https://maxdigitalinnovation.it/black-friday-2024-come-preparare-il-tuo-e-commerce-a-palermo-per-massimizzare-le-vendite/;486;41;informazionale;0;0;0;0;Black Friday 2024 Palermo e-commerce;2024-12-06;0;;"qualità 41/100 — solo 486 parole, 0 sottotitoli H2, nessuna immagine, nessun link interno, nessun dato in tabella";"espandere a 1.000-1.400 parole con struttura, FAQ e dati";
riscrivere;Integrazione di piattaforme TikTok E-Commerce: un nuovo orizzonte per i commercianti a Palermo;https://maxdigitalinnovation.it/integrazione-di-piattaforme-tiktok-e-commerce-un-nuovo-orizzonte-per-i-commercianti-a-palermo/;486;32;informazionale;0;0;0;0;TikTok E-commerce a Palermo;2024-12-06;0;Realizzazione siti web a Palermo (0%);"qualità 32/100 — solo 486 parole, 0 sottotitoli H2, nessuna immagine, nessun link interno, nessun dato in tabella";"espandere a 1.000-1.400 parole con struttura, FAQ e dati";
riscrivere;Quanto è importante il feedback dei clienti per migliorare il tuo business?;https://maxdigitalinnovation.it/quanto-e-importante-il-feedback-dei-clienti-per-migliorare-il-tuo-business/;540;38;informazionale;0;0;0;0;feedback clienti;2024-12-06;0;Digital marketing Palermo (0%);"qualità 38/100 — solo 540 parole, 0 sottotitoli H2, nessuna immagine, nessun link interno, nessun dato in tabella";"espandere a 1.000-1.400 parole con struttura, FAQ e dati";
riscrivere;La Gen Z e il nuovo percorso di acquisto: come adattare la tua strategia di marketing;https://maxdigitalinnovation.it/la-gen-z-e-il-nuovo-percorso-di-acquisto-come-adattare-la-tua-strategia-di-marketing/;656;49;informazionale;0;0;0;0;Gen Z: Strategie di Marketing per il Nuovo Percorso;2024-12-06;0;;"qualità 49/100 — solo 656 parole, 0 sottotitoli H2, nessuna immagine, nessun link interno, nessun dato in tabella";"espandere a 1.000-1.400 parole con struttura, FAQ e dati";
riscrivere;Marketing sostenibile: cos’è e come farlo;https://maxdigitalinnovation.it/marketing-sostenibile-cose-e-come-farlo/;595;38;informazionale;0;0;0;0;marketing sostenibile Palermo;2024-12-09;0;;"qualità 38/100 — solo 595 parole, 0 sottotitoli H2, nessuna immagine, nessun link interno, nessun dato in tabella";"espandere a 1.000-1.400 parole con struttura, FAQ e dati";
riscrivere;Video verticali: l’uso strategico per i tuoi social;https://maxdigitalinnovation.it/video-verticali-luso-strategico-per-i-tuoi-social/;601;49;informazionale;0;0;0;0;Video Verticali: Strategia Social per il Tuo Marketing;2024-12-09;0;;"qualità 49/100 — solo 601 parole, 0 sottotitoli H2, nessuna immagine, nessun link interno, nessun dato in tabella";"espandere a 1.000-1.400 parole con struttura, FAQ e dati";
riscrivere;Video Marketing: cos’è e perché dovresti farlo;https://maxdigitalinnovation.it/video-marketing-cose-e-perche-dovresti-farlo/;501;42;informazionale;0;0;0;0;video marketing;2024-12-09;0;;"qualità 42/100 — solo 501 parole, 0 sottotitoli H2, nessuna immagine, nessun link interno, nessun dato in tabella";"espandere a 1.000-1.400 parole con struttura, FAQ e dati";
riscrivere;Visual Storytelling: una storia di successo;https://maxdigitalinnovation.it/visual-storytelling-una-storia-di-successo/;579;42;informazionale;0;0;0;0;visual storytelling;2024-12-09;0;;"qualità 42/100 — solo 579 parole, 0 sottotitoli H2, nessuna immagine, nessun link interno, nessun dato in tabella";"espandere a 1.000-1.400 parole con struttura, FAQ e dati";
riscrivere;Tutti i vantaggi di scegliere una web agency per il tuo business;https://maxdigitalinnovation.it/tutti-i-vantaggi-di-scegliere-una-web-agency-per-il-tuo-business/;585;39;commerciale;0;0;0;0;vantaggi di scegliere una web agency;2024-12-11;0;;"qualità 39/100 — solo 585 parole, 0 sottotitoli H2, nessuna immagine, nessun link interno, nessun dato in tabella";"espandere a 1.000-1.400 parole con struttura, FAQ e dati";
riscrivere;Il diario segreto di una web agency: storie di successi digitali;https://maxdigitalinnovation.it/il-diario-segreto-di-una-web-agency-storie-di-successi-digitali/;427;41;informazionale;0;0;0;0;diario web agency;2024-12-11;0;Servizi digitali Palermo (0%);"qualità 41/100 — solo 427 parole, 0 sottotitoli H2, nessuna immagine, nessun link interno, nessun dato in tabella";"espandere a 1.000-1.400 parole con struttura, FAQ e dati";
riscrivere;Il laboratorio creativo di una web agency: dove nascono le idee;https://maxdigitalinnovation.it/il-laboratorio-creativo-di-una-web-agency-dove-nascono-le-idee/;298;37;navigazionale;0;1;0;0;Laboratorio Creativo Max Digital Innovation;2024-12-11;0;;"qualità 37/100 — solo 298 parole, 0 sottotitoli H2, nessun link interno, nessun dato in tabella";"espandere a 1.000-1.400 parole con struttura, FAQ e dati";
riscrivere;Quando la web agency incontra l’intelligenza artificiale;https://maxdigitalinnovation.it/quando-la-web-agency-incontra-lintelligenza-artificiale/;360;28;informazionale;0;0;0;0;Web agency e intelligenza artificiale;2024-12-11;0;;"qualità 28/100 — solo 360 parole, 0 sottotitoli H2, nessuna immagine, nessun link interno, nessun dato in tabella";"espandere a 1.000-1.400 parole con struttura, FAQ e dati";
riscrivere;I siti web del futuro: come saranno nel 2050?;https://maxdigitalinnovation.it/i-siti-web-del-futuro-come-saranno-nel-2050/;330;24;informazionale;0;0;0;0;Siti web del futuro;2024-12-11;0;;"qualità 24/100 — solo 330 parole, 0 sottotitoli H2, nessuna immagine, nessun link interno, nessun dato in tabella";"espandere a 1.000-1.400 parole con struttura, FAQ e dati";
riscrivere;Siti web: quando il design incontra l’anima;https://maxdigitalinnovation.it/siti-web-quando-il-design-incontra-lanima/;325;32;informazionale;0;0;0;0;Siti web: design;2024-12-11;0;;"qualità 32/100 — solo 325 parole, 0 sottotitoli H2, nessuna immagine, nessun link interno, nessun dato in tabella";"espandere a 1.000-1.400 parole con struttura, FAQ e dati";
riscrivere;I custodi dei siti web: chi protegge i tuoi dati?;https://maxdigitalinnovation.it/i-custodi-dei-siti-web-chi-protegge-i-tuoi-dati/;338;32;informazionale;0;0;0;0;Sicurezza Siti Web;2024-12-11;0;;"qualità 32/100 — solo 338 parole, 0 sottotitoli H2, nessuna immagine, nessun link interno, nessun dato in tabella";"espandere a 1.000-1.400 parole con struttura, FAQ e dati";
riscrivere;Siti web intelligenti: come reagiscono ai tuoi bisogni;https://maxdigitalinnovation.it/siti-web-intelligenti-come-reagiscono-ai-tuoi-bisogni/;311;29;informazionale;0;0;0;0;siti web intelligenti;2025-01-02;0;;"qualità 29/100 — solo 311 parole, 0 sottotitoli H2, nessuna immagine, nessun link interno, nessun dato in tabella";"espandere a 1.000-1.400 parole con struttura, FAQ e dati";
riscrivere;La magia dietro i siti web che conquistano;https://maxdigitalinnovation.it/la-magia-dietro-i-siti-web-che-conquistano/;362;36;informazionale;0;0;0;0;siti web che funzionano;2025-01-02;0;Realizzazione siti web a Palermo (0%);"qualità 36/100 — solo 362 parole, 0 sottotitoli H2, nessuna immagine, nessun link interno, nessun dato in tabella";"espandere a 1.000-1.400 parole con struttura, FAQ e dati";
riscrivere;Agenzia di comunicazione digitale: il futuro della promozione online;https://maxdigitalinnovation.it/agenzia-di-comunicazione-digitale-il-futuro-della-promozione-online/;465;39;transazionale;0;0;0;0;agenzia di comunicazione digitale;2025-01-02;0;;"qualità 39/100 — solo 465 parole, 0 sottotitoli H2, nessuna immagine, nessun link interno, nessun dato in tabella";"espandere a 1.000-1.400 parole con struttura, FAQ e dati";
riscrivere;Agenzia di comunicazione creativa: idee e strategie per il tuo brand;https://maxdigitalinnovation.it/agenzia-di-comunicazione-creativa-idee-e-strategie-per-il-tuo-brand/;492;39;transazionale;0;0;0;0;agenzia di comunicazione creativa;2025-01-02;0;Digital marketing Palermo (0%);"qualità 39/100 — solo 492 parole, 0 sottotitoli H2, nessuna immagine, nessun link interno, nessun dato in tabella";"espandere a 1.000-1.400 parole con struttura, FAQ e dati";
riscrivere;Agenzia di comunicazione visiva: come catturare l’attenzione del pubblico;https://maxdigitalinnovation.it/agenzia-di-comunicazione-visiva-come-catturare-lattenzione-del-pubblico/;500;38;transazionale;0;0;0;0;agenzia comunicazione visiva;2025-01-02;0;Produzione video Palermo (0%);"qualità 38/100 — solo 500 parole, 0 sottotitoli H2, nessuna immagine, nessun link interno, nessun dato in tabella";"espandere a 1.000-1.400 parole con struttura, FAQ e dati";
riscrivere;Agenzia di comunicazione strategica: come pianificare il successo;https://maxdigitalinnovation.it/agenzia-di-comunicazione-strategica-come-pianificare-il-successo/;489;39;transazionale;0;0;0;0;agenzia di comunicazione strategica;2025-01-02;0;Digital marketing Palermo (0%);"qualità 39/100 — solo 489 parole, 0 sottotitoli H2, nessuna immagine, nessun link interno, nessun dato in tabella";"espandere a 1.000-1.400 parole con struttura, FAQ e dati";
riscrivere;Agenzia di comunicazione per eventi: trasformare ogni occasione in opportunità di successo;https://maxdigitalinnovation.it/agenzia-di-comunicazione-per-eventi-trasformare-ogni-occasione-in-opportunita-di-successo/;532;36;transazionale;0;0;0;0;agenzia di comunicazione per eventi;2025-01-02;0;Digital marketing Palermo (0%);"qualità 36/100 — solo 532 parole, 0 sottotitoli H2, nessuna immagine, nessun link interno, nessun dato in tabella";"espandere a 1.000-1.400 parole con struttura, FAQ e dati";
riscrivere;Agenzia di comunicazione per e-commerce: vendere di più online;https://maxdigitalinnovation.it/agenzia-di-comunicazione-per-e-commerce-vendere-di-piu-online/;552;36;transazionale;0;0;0;0;agenzia di comunicazione per e-commerce;2025-01-02;0;Realizzazione E-commerce Palermo (0%);"qualità 36/100 — solo 552 parole, 0 sottotitoli H2, nessuna immagine, nessun link interno, nessun dato in tabella";"espandere a 1.000-1.400 parole con struttura, FAQ e dati";
riscrivere;Agenzia di comunicazione video: l’impatto del visual marketing;https://maxdigitalinnovation.it/agenzia-di-comunicazione-video-limpatto-del-visual-marketing/;520;41;transazionale;0;0;0;0;agenzia comunicazione video;2025-01-02;0;Produzione video Palermo (0%);"qualità 41/100 — solo 520 parole, 0 sottotitoli H2, nessuna immagine, nessun link interno, nessun dato in tabella";"espandere a 1.000-1.400 parole con struttura, FAQ e dati";
riscrivere;Come raggiungere al meglio il proprio pubblico: strategie efficaci per comunicare con successo;https://maxdigitalinnovation.it/come-raggiungere-al-meglio-il-proprio-pubblico-strategie-efficaci-per-comunicare-con-successo/;502;36;informazionale;0;0;0;0;come raggiungere il proprio pubblico;2025-01-03;0;;"qualità 36/100 — solo 502 parole, 0 sottotitoli H2, nessuna immagine, nessun link interno, nessun dato in tabella";"espandere a 1.000-1.400 parole con struttura, FAQ e dati";
accorpare;Perché hai bisogno di un social media manager a Palermo?;https://maxdigitalinnovation.it/perche-hai-bisogno-di-un-social-media-manager-a-palermo/;542;38;informazionale;0;0;0;0;social media manager Palermo;2025-01-03;0;Digital marketing Palermo (0%);"stessa focus keyword di ""Social Media Manager a Palermo: come scegliere il professionista giusto per il tuo brand"" (""social media manager Palermo""): le due pagine competono per la stessa query";unire nel principale + 301;https://maxdigitalinnovation.it/social-media-manager-a-palermo-come-scegliere-il-professionista-giusto-per-il-tuo-brand/
riscrivere;Come strutturare una strategia digitale efficace;https://maxdigitalinnovation.it/come-strutturare-una-strategia-digitale-efficace/;609;50;informazionale;0;0;0;0;strategia digitale efficace;2025-01-03;0;Digital marketing Palermo (0%);"qualità 50/100 — solo 609 parole, 0 sottotitoli H2, nessuna immagine, nessun link interno, nessun dato in tabella";"espandere a 1.000-1.400 parole con struttura, FAQ e dati";
mantenere;Migliorare l’indicizzazione su Google: strategie efficaci per scalare la SERP;https://maxdigitalinnovation.it/migliorare-lindicizzazione-su-google-strategie-efficaci-per-scalare-la-serp/;711;64;informazionale;5;0;0;0;migliorare indicizzazione google;2025-01-03;0;;"qualità 64/100: lunghezza, struttura e unicità adeguate";ottimizzare meta e link interni;
riscrivere;Progettare un packaging efficace: guida per valorizzare il tuo prodotto;https://maxdigitalinnovation.it/progettare-un-packaging-efficace-guida-per-valorizzare-il-tuo-prodotto/;564;56;informazionale;5;0;0;0;packaging efficace;2025-01-03;0;Produzione video Palermo (0%);"qualità 56/100 — solo 564 parole, nessuna immagine, nessun link interno, nessun dato in tabella";"espandere a 1.000-1.400 parole con struttura, FAQ e dati";
riscrivere;La penna magica di un’agenzia di comunicazione: il potere dello storytelling che emoziona e conquista;https://maxdigitalinnovation.it/la-penna-magica-di-unagenzia-di-comunicazione-il-potere-dello-storytelling-che-emoziona-e-conquista/;460;42;transazionale;0;0;0;0;agenzia di comunicazione e storytelling;2025-01-09;0;Digital marketing Palermo (0%);"qualità 42/100 — solo 460 parole, 0 sottotitoli H2, nessuna immagine, nessun link interno, nessun dato in tabella";"espandere a 1.000-1.400 parole con struttura, FAQ e dati";
riscrivere;L’arte della comunicazione di lusso: strategie esclusive per conquistare clienti premium;https://maxdigitalinnovation.it/larte-della-comunicazione-di-lusso-strategie-esclusive-per-conquistare-clienti-premium/;567;39;transazionale;0;0;0;0;agenzia di comunicazione per il lusso;2025-01-09;0;Digital marketing Palermo (0%);"qualità 39/100 — solo 567 parole, 0 sottotitoli H2, nessuna immagine, nessun link interno, nessun dato in tabella";"espandere a 1.000-1.400 parole con struttura, FAQ e dati";
riscrivere;Viaggi nell’era digitale: come un’agenzia di comunicazione trasforma il turismo in emozione;https://maxdigitalinnovation.it/viaggi-nellera-digitale-come-unagenzia-di-comunicazione-trasforma-il-turismo-in-emozione/;552;41;transazionale;0;0;0;0;agenzia di comunicazione per il turismo;2025-01-09;0;Digital marketing Palermo (0%);"qualità 41/100 — solo 552 parole, 0 sottotitoli H2, nessuna immagine, nessun link interno, nessun dato in tabella";"espandere a 1.000-1.400 parole con struttura, FAQ e dati";
riscrivere;Strategie su misura: come un’agenzia di comunicazione per PMI guida al successo nel mercato locale;https://maxdigitalinnovation.it/strategie-su-misura-come-unagenzia-di-comunicazione-per-pmi-guida-al-successo-nel-mercato-locale/;528;42;transazionale;0;0;0;0;agenzia di comunicazione per PMI;2025-01-10;0;Digital marketing Palermo (0%);"qualità 42/100 — solo 528 parole, 0 sottotitoli H2, nessuna immagine, nessun link interno, nessun dato in tabella";"espandere a 1.000-1.400 parole con struttura, FAQ e dati";
riscrivere;Come un’agenzia di comunicazione e influencer marketing trasforma la pubblicità moderna;https://maxdigitalinnovation.it/come-unagenzia-di-comunicazione-e-influencer-marketing-trasforma-la-pubblicita-moderna/;602;45;transazionale;0;0;0;0;agenzia di comunicazione e influencer marketing;2025-01-10;0;Digital marketing Palermo (0%);"qualità 45/100 — solo 602 parole, 0 sottotitoli H2, nessuna immagine, nessun link interno, nessun dato in tabella";"espandere a 1.000-1.400 parole con struttura, FAQ e dati";
riscrivere;Come scegliere un’agenzia di comunicazione efficace: la guida per il successo del tuo brand;https://maxdigitalinnovation.it/come-scegliere-unagenzia-di-comunicazione-efficace-la-guida-per-il-successo-del-tuo-brand/;611;49;transazionale;0;0;0;0;agenzia di comunicazione efficace;2025-01-14;0;Graphic Design Palermo (0%);"qualità 49/100 — solo 611 parole, 0 sottotitoli H2, nessuna immagine, nessun link interno, nessun dato in tabella";"espandere a 1.000-1.400 parole con struttura, FAQ e dati";
riscrivere;Servizi di comunicazione digitale: la chiave per il successo nel mondo online;https://maxdigitalinnovation.it/servizi-di-comunicazione-digitale-la-chiave-per-il-successo-nel-mondo-online/;507;39;transazionale;0;0;0;0;servizi di comunicazione digitale;2025-01-14;0;Digital marketing Palermo (0%);"qualità 39/100 — solo 507 parole, 0 sottotitoli H2, nessuna immagine, nessun link interno, nessun dato in tabella";"espandere a 1.000-1.400 parole con struttura, FAQ e dati";
riscrivere;Creazione di strategie di comunicazione: guida per un successo garantito;https://maxdigitalinnovation.it/creazione-di-strategie-di-comunicazione-guida-per-un-successo-garantito/;351;42;informazionale;0;0;0;0;strategie di comunicazione;2025-01-14;0;;"qualità 42/100 — solo 351 parole, 0 sottotitoli H2, nessuna immagine, nessun link interno, nessun dato in tabella";"espandere a 1.000-1.400 parole con struttura, FAQ e dati";
riscrivere;Soluzioni per la comunicazione aziendale: strategie per far crescere il tuo brand;https://maxdigitalinnovation.it/soluzioni-per-la-comunicazione-aziendale-strategie-per-far-crescere-il-tuo-brand/;516;36;informazionale;0;0;0;0;soluzioni per la comunicazione aziendale;2025-01-14;0;Servizi digitali Palermo (0%);"qualità 36/100 — solo 516 parole, 0 sottotitoli H2, nessuna immagine, nessun link interno, nessun dato in tabella";"espandere a 1.000-1.400 parole con struttura, FAQ e dati";
riscrivere;Esperti in comunicazione e branding: il segreto per un brand di successo;https://maxdigitalinnovation.it/esperti-in-comunicazione-e-branding-il-segreto-per-un-brand-di-successo/;611;48;informazionale;0;0;0;0;Comunicazione e Branding;2025-01-14;0;Digital marketing Palermo (0%);"qualità 48/100 — solo 611 parole, 0 sottotitoli H2, nessuna immagine, nessun link interno, nessun dato in tabella";"espandere a 1.000-1.400 parole con struttura, FAQ e dati";
riscrivere;Branding da sogno: come un’agenzia di comunicazione costruisce un’identità vincente;https://maxdigitalinnovation.it/branding-da-sogno-come-unagenzia-di-comunicazione-costruisce-unidentita-vincente/;721;48;transazionale;0;0;0;0;agenzia di branding a Palermo;2025-01-20;0;;"qualità 48/100 — solo 721 parole, 0 sottotitoli H2, nessuna immagine, nessun link interno, nessun dato in tabella";"espandere a 1.000-1.400 parole con struttura, FAQ e dati";
riscrivere;Strategie di marketing per aziende: come costruire un piano di successo;https://maxdigitalinnovation.it/strategie-di-marketing-per-aziende-come-costruire-un-piano-di-successo/;744;46;informazionale;0;0;0;0;strategie di marketing per aziende;2025-01-20;0;Digital marketing Palermo (0%);"qualità 46/100 — solo 744 parole, 0 sottotitoli H2, nessuna immagine, nessun link interno, nessun dato in tabella";"espandere a 1.000-1.400 parole con struttura, FAQ e dati";
riscrivere;Consulenza per la creazione di brand: costruisci un’identità vincente;https://maxdigitalinnovation.it/consulenza-per-la-creazione-di-brand-costruisci-unidentita-vincente/;704;48;informazionale;0;0;0;0;consulenza per la creazione di brand;2025-01-20;0;Servizi digitali Palermo (0%);"qualità 48/100 — solo 704 parole, 0 sottotitoli H2, nessuna immagine, nessun link interno, nessun dato in tabella";"espandere a 1.000-1.400 parole con struttura, FAQ e dati";
riscrivere;Creazione di marchi aziendali: come costruire un’identità forte e riconoscibile;https://maxdigitalinnovation.it/creazione-di-marchi-aziendali-come-costruire-unidentita-forte-e-riconoscibile/;702;50;informazionale;0;0;0;0;creazione marchi aziendali;2025-01-20;0;Servizi digitali Palermo (0%);"qualità 50/100 — solo 702 parole, 0 sottotitoli H2, nessuna immagine, nessun link interno, nessun dato in tabella";"espandere a 1.000-1.400 parole con struttura, FAQ e dati";
riscrivere;Sviluppo e gestione del brand: come costruire un marchio di successo;https://maxdigitalinnovation.it/come-costruire-un-marchio-di-successo-con-lo-sviluppo-e-gestione-del-brand-a-palermo/;817;48;informazionale;0;0;0;0;sviluppo e gestione del brand a Palermo;2025-01-20;0;Digital marketing Palermo (0%);"qualità 48/100 — solo 817 parole, 0 sottotitoli H2, nessuna immagine, nessun link interno, nessun dato in tabella";"espandere a 1.000-1.400 parole con struttura, FAQ e dati";
riscrivere;Gestione della reputazione online: come proteggere e migliorare l’immagine del tuo brand;https://maxdigitalinnovation.it/gestione-della-reputazione-online-come-proteggere-e-migliorare-limmagine-del-tuo-brand/;803;47;informazionale;0;0;0;0;gestione reputazione online;2025-01-20;0;Digital marketing Palermo (0%);"qualità 47/100 — solo 803 parole, 0 sottotitoli H2, nessuna immagine, nessun link interno, nessun dato in tabella";"espandere a 1.000-1.400 parole con struttura, FAQ e dati";
riscrivere;Comunicazione per la crescita aziendale: strategie per raggiungere il successo;https://maxdigitalinnovation.it/comunicazione-per-la-crescita-aziendale-strategie-per-raggiungere-il-successo/;753;47;informazionale;0;0;0;0;comunicazione per la crescita aziendale;2025-01-20;0;Digital marketing Palermo (0%);"qualità 47/100 — solo 753 parole, 0 sottotitoli H2, nessuna immagine, nessun link interno, nessun dato in tabella";"espandere a 1.000-1.400 parole con struttura, FAQ e dati";
riscrivere;Agenzia TikTok: come sfruttare il potenziale di TikTok per il tuo brand;https://maxdigitalinnovation.it/agenzia-tiktok-come-sfruttare-il-potenziale-di-tiktok-per-il-tuo-brand/;751;51;transazionale;0;0;0;0;agenzia TikTok;2025-01-22;0;Digital marketing Palermo (0%);"qualità 51/100 — solo 751 parole, 0 sottotitoli H2, nessuna immagine, nessun link interno, nessun dato in tabella";"espandere a 1.000-1.400 parole con struttura, FAQ e dati";
riscrivere;Come funzionano le agenzie su TikTok? Scopri come potenziare il tuo brand;https://maxdigitalinnovation.it/come-funzionano-le-agenzie-su-tiktok-scopri-come-potenziare-il-tuo-brand/;781;50;informazionale;0;0;0;0;agenzie TikTok;2025-01-22;0;Servizi digitali Palermo (0%);"qualità 50/100 — solo 781 parole, 0 sottotitoli H2, nessuna immagine, nessun link interno, nessun dato in tabella";"espandere a 1.000-1.400 parole con struttura, FAQ e dati";
riscrivere;Come si fa a crescere su TikTok? Strategie per aumentare visibilità e engagement;https://maxdigitalinnovation.it/come-si-fa-a-crescere-su-tiktok-strategie-per-aumentare-visibilita-e-engagement/;833;51;informazionale;0;0;0;0;crescere su TikTok;2025-01-22;0;Servizi digitali Palermo (0%);"qualità 51/100 — solo 833 parole, 0 sottotitoli H2, nessuna immagine, nessun link interno, nessun dato in tabella";"espandere a 1.000-1.400 parole con struttura, FAQ e dati";
riscrivere;Agenzia per eventi a Palermo: come organizzare eventi indimenticabili;https://maxdigitalinnovation.it/agenzia-per-eventi-a-palermo-come-organizzare-eventi-indimenticabili/;756;49;transazionale;0;0;0;0;agenzia per eventi a Palermo;2025-01-27;0;Digital marketing Palermo (0%);"qualità 49/100 — solo 756 parole, 0 sottotitoli H2, nessuna immagine, nessun link interno, nessun dato in tabella";"espandere a 1.000-1.400 parole con struttura, FAQ e dati";
riscrivere;Organizzare eventi a Palermo: come creare esperienze indimenticabili;https://maxdigitalinnovation.it/organizzare-eventi-a-palermo-come-creare-esperienze-indimenticabili/;899;51;informazionale;0;0;0;0;organizzare eventi a Palermo;2025-01-27;0;Digital marketing Palermo (0%);"qualità 51/100 — solo 899 parole, 0 sottotitoli H2, nessuna immagine, nessun link interno, nessun dato in tabella";"espandere a 1.000-1.400 parole con struttura, FAQ e dati";
riscrivere;Come organizzare eventi aziendali di successo: strategie vincenti per il tuo business;https://maxdigitalinnovation.it/come-organizzare-eventi-aziendali-di-successo-strategie-vincenti-per-il-tuo-business/;871;47;informazionale;0;0;0;0;eventi aziendali a Palermo;2025-01-27;0;Digital marketing Palermo (0%);"qualità 47/100 — solo 871 parole, 0 sottotitoli H2, nessuna immagine, nessun link interno, nessun dato in tabella";"espandere a 1.000-1.400 parole con struttura, FAQ e dati";
mantenere;Come realizzare un evento di lancio prodotto di successo a Palermo;https://maxdigitalinnovation.it/come-realizzare-un-evento-di-lancio-prodotto-di-successo-a-palermo/;938;60;informazionale;0;0;0;0;lancio prodotto Palermo;2025-01-27;0;Servizi digitali Palermo (0%);"qualità 60/100: lunghezza, struttura e unicità adeguate";ottimizzare meta e link interni;
riscrivere;Come gestire eventi privati con successo: dalla festa di compleanno a eventi esclusivi;https://maxdigitalinnovation.it/come-gestire-eventi-privati-con-successo-dalla-festa-di-compleanno-a-eventi-esclusivi/;873;47;informazionale;0;0;0;0;gestione eventi privati Palermo;2025-01-27;0;Servizi digitali Palermo (0%);"qualità 47/100 — solo 873 parole, 0 sottotitoli H2, nessuna immagine, nessun link interno, nessun dato in tabella";"espandere a 1.000-1.400 parole con struttura, FAQ e dati";
accorpare;Social Media Manager a Palermo: come scegliere il professionista giusto per il tuo brand;https://maxdigitalinnovation.it/social-media-manager-a-palermo-come-scegliere-il-professionista-giusto-per-il-tuo-brand/;1016;57;commerciale;0;0;0;0;social media manager Palermo;2025-02-18;0;Digital marketing Palermo (0%);articolo principale del gruppo: accoglie i contenuti degli altri 2;mantenere e ampliare;
mantenere;Social Media Manager per e-commerce: aumentare le vendite con strategie mirate;https://maxdigitalinnovation.it/social-media-manager-per-e-commerce-aumentare-le-vendite-con-strategie-mirate/;1029;58;informazionale;0;0;0;0;Social Media Manager per e-commerce;2025-02-18;0;Realizzazione E-commerce Palermo (0%);"qualità 58/100: lunghezza, struttura e unicità adeguate";ottimizzare meta e link interni;
mantenere;Il ruolo di un Social Media Manager nelle piccole e medie imprese;https://maxdigitalinnovation.it/il-ruolo-di-un-social-media-manager-nelle-piccole-e-medie-imprese/;983;57;informazionale;0;0;0;0;Social Media Manager per PMI;2025-02-18;0;;"qualità 57/100: lunghezza, struttura e unicità adeguate";ottimizzare meta e link interni;
mantenere;Come il Social Media Manager può potenziare la tua strategia di content marketing;https://maxdigitalinnovation.it/come-il-social-media-manager-puo-potenziare-la-tua-strategia-di-content-marketing/;1013;57;informazionale;0;0;0;0;social media manager content marketing;2025-02-18;0;Servizi digitali Palermo (0%);"qualità 57/100: lunghezza, struttura e unicità adeguate";ottimizzare meta e link interni;
mantenere;Come diventare un Social Media Manager di successo: guida passo dopo passo;https://maxdigitalinnovation.it/come-diventare-un-social-media-manager-di-successo-guida-passo-dopo-passo/;1049;58;informazionale;0;0;0;0;Social Media Manager di successo;2025-02-18;0;Servizi digitali Palermo (0%);"qualità 58/100: lunghezza, struttura e unicità adeguate";ottimizzare meta e link interni;
riscrivere;Che cosa fa una social media manager?;https://maxdigitalinnovation.it/che-cosa-fa-una-social-media-manager/;792;48;informazionale;0;0;0;0;social media manager;2025-02-18;0;Servizi digitali Palermo (0%);"qualità 48/100 — solo 792 parole, 0 sottotitoli H2, nessuna immagine, nessun link interno, nessun dato in tabella";"espandere a 1.000-1.400 parole con struttura, FAQ e dati";
mantenere;Quanto costa farsi gestire un profilo Instagram?;https://maxdigitalinnovation.it/quanto-costa-farsi-gestire-un-profilo-instagram/;951;57;transazionale;0;0;0;0;Costo Gestione Instagram;2025-02-18;0;;"qualità 57/100: lunghezza, struttura e unicità adeguate";ottimizzare meta e link interni;
riscrivere;5 Errori Silenziosi che Stai Commettendo nel Tuo Sito Web Aziendale;https://maxdigitalinnovation.it/5-errori-silenziosi-che-stai-commettendo-nel-tuo-sito-web-aziendale/;422;37;informazionale;0;0;0;0;errori sito web aziendale;2025-03-28;0;Realizzazione siti web a Palermo (0%);"qualità 37/100 — solo 422 parole, 0 sottotitoli H2, nessuna immagine, nessun link interno, nessun dato in tabella";"espandere a 1.000-1.400 parole con struttura, FAQ e dati";
riscrivere;Strategie Digitali per Artigiani Locali: Come Vendere di Più Online;https://maxdigitalinnovation.it/strategie-digitali-per-artigiani-locali-come-vendere-di-piu-online-marketing/;367;37;informazionale;0;0;0;0;marketing per artigiani a Palermo;2025-03-31;0;Servizi digitali Palermo (0%);"qualità 37/100 — solo 367 parole, 0 sottotitoli H2, nessuna immagine, nessun link interno, nessun dato in tabella";"espandere a 1.000-1.400 parole con struttura, FAQ e dati";
riscrivere;Il Potere delle Landing Page Locali: Converti i Clienti della Tua Città;https://maxdigitalinnovation.it/il-potere-delle-landing-page-per-attivita-locali-converti-i-clienti-della-tua-citta/;381;32;informazionale;0;0;0;0;landing page per attività locali;2025-03-31;0;;"qualità 32/100 — solo 381 parole, 0 sottotitoli H2, nessuna immagine, nessun link interno, nessun dato in tabella";"espandere a 1.000-1.400 parole con struttura, FAQ e dati";
riscrivere;Micro-Influencer Locali: Come Usarli per Far Crescere la Tua Azienda;https://maxdigitalinnovation.it/micro-influencer-locale-come-usarli-per-far-crescere-la-tua-azienda-marketing-palermo/;362;32;informazionale;0;0;0;0;influencer marketing locale Palermo;2025-03-31;0;Servizi digitali Palermo (0%);"qualità 32/100 — solo 362 parole, 0 sottotitoli H2, nessuna immagine, nessun link interno, nessun dato in tabella";"espandere a 1.000-1.400 parole con struttura, FAQ e dati";
riscrivere;Posizionamento Zero su Google: Cos’è e Come Ottenerlo;https://maxdigitalinnovation.it/posizionamento-zero-su-google-cose-e-come-ottenerlo/;345;28;informazionale;0;0;0;0;Posizionamento Zero Google;2025-03-31;0;Servizi digitali Palermo (0%);"qualità 28/100 — solo 345 parole, 0 sottotitoli H2, nessuna immagine, nessun link interno, nessun dato in tabella";"espandere a 1.000-1.400 parole con struttura, FAQ e dati";
riscrivere;Come Unire SEO e Branding Visivo in un Solo Progetto Web;https://maxdigitalinnovation.it/come-unire-seo-e-branding-visivo-in-un-solo-progetto-web/;367;35;informazionale;0;0;0;0;integrare SEO e brand identity;2025-03-31;0;;"qualità 35/100 — solo 367 parole, 0 sottotitoli H2, nessuna immagine, nessun link interno, nessun dato in tabella";"espandere a 1.000-1.400 parole con struttura, FAQ e dati";
riscrivere;L’Effetto Domino delle Recensioni Online per le Attività Locali;https://maxdigitalinnovation.it/leffetto-domino-delle-recensioni-online-per-le-attivita-locali/;338;28;informazionale;0;0;0;0;recensioni Google aziende Palermo;2025-03-31;0;;"qualità 28/100 — solo 338 parole, 0 sottotitoli H2, nessuna immagine, nessun link interno, nessun dato in tabella";"espandere a 1.000-1.400 parole con struttura, FAQ e dati";
riscrivere;SEO per Podcast e Audio Contenuti: Come Farli Trovare Online;https://maxdigitalinnovation.it/seo-per-podcast-e-audio-contenuti-come-farli-trovare-online/;346;26;informazionale;0;0;0;0;marketing per podcast Palermo;2025-03-31;0;;"qualità 26/100 — solo 346 parole, 0 sottotitoli H2, nessuna immagine, nessun link interno, nessun dato in tabella";"espandere a 1.000-1.400 parole con struttura, FAQ e dati";
riscrivere;Siti One Page: Quando Funzionano Davvero?;https://maxdigitalinnovation.it/siti-one-page-quando-funzionano-davvero/;409;35;informazionale;0;0;0;0;vantaggi sito one page Palermo;2025-03-31;0;;"qualità 35/100 — solo 409 parole, 0 sottotitoli H2, nessuna immagine, nessun link interno, nessun dato in tabella";"espandere a 1.000-1.400 parole con struttura, FAQ e dati";
riscrivere;Strategie Digitali per Chi Apre una Start-Up Culturale a Palermo;https://maxdigitalinnovation.it/strategie-digitali-per-chi-apre-una-start-up-culturale-a-palermo/;346;27;informazionale;0;0;0;0;Marketing Digitale Startup Culturali Palermo;2025-03-31;0;;"qualità 27/100 — solo 346 parole, 0 sottotitoli H2, nessuna immagine, nessun link interno, nessun dato in tabella";"espandere a 1.000-1.400 parole con struttura, FAQ e dati";
riscrivere;Come Promuovere la Tua Casa Vacanze con il Marketing Locale Digitale;https://maxdigitalinnovation.it/come-promuovere-la-tua-casa-vacanze-con-il-marketing-locale-digitale/;358;37;informazionale;0;0;0;0;promozione casa vacanze Palermo;2025-03-31;0;;"qualità 37/100 — solo 358 parole, 0 sottotitoli H2, nessuna immagine, nessun link interno, nessun dato in tabella";"espandere a 1.000-1.400 parole con struttura, FAQ e dati";
riscrivere;Brand Identity per Artisti e Creativi: Distinguersi Online in Modo Autentico;https://maxdigitalinnovation.it/brand-identity-per-artisti-e-creativi-distinguersi-online-in-modo-autentico/;358;36;navigazionale;0;0;0;0;Brand Identity Artisti: Distinguersi Online | Max Digital;2025-03-31;0;;"qualità 36/100 — solo 358 parole, 0 sottotitoli H2, nessuna immagine, nessun link interno, nessun dato in tabella";"espandere a 1.000-1.400 parole con struttura, FAQ e dati";
riscrivere;Il Ruolo del Marketing Digitale per le Librerie Indipendenti;https://maxdigitalinnovation.it/il-ruolo-del-marketing-digitale-per-le-librerie-indipendenti/;334;28;informazionale;0;0;0;0;marketing per librerie palermo;2025-03-31;0;;"qualità 28/100 — solo 334 parole, 0 sottotitoli H2, nessuna immagine, nessun link interno, nessun dato in tabella";"espandere a 1.000-1.400 parole con struttura, FAQ e dati";
riscrivere;Comunicazione Digitale per Associazioni No Profit: Come Farsi Conoscere;https://maxdigitalinnovation.it/comunicazione-digitale-per-associazioni-no-profit-come-farsi-conoscere/;329;25;informazionale;0;0;0;0;marketing per associazioni Palermo;2025-03-31;0;;"qualità 25/100 — solo 329 parole, 0 sottotitoli H2, nessuna immagine, nessun link interno, nessun dato in tabella";"espandere a 1.000-1.400 parole con struttura, FAQ e dati";
riscrivere;Strategie Web per Eventi Teatrali e Spettacoli Indipendenti;https://maxdigitalinnovation.it/strategie-web-per-eventi-teatrali-e-spettacoli-indipendenti/;346;28;informazionale;0;0;0;0;pubblicità eventi teatrali Palermo;2025-03-31;0;;"qualità 28/100 — solo 346 parole, 0 sottotitoli H2, nessuna immagine, nessun link interno, nessun dato in tabella";"espandere a 1.000-1.400 parole con struttura, FAQ e dati";
riscrivere;Digitale e Tradizione: Come Promuovere un’Attività Storica con Nuove Strategie;https://maxdigitalinnovation.it/digitale-e-tradizione-come-promuovere-botteghe-storiche-con-nuove-strategie-comunicazione/;338;26;informazionale;0;0;0;0;comunicazione per botteghe storiche Palermo;2025-03-31;0;;"qualità 26/100 — solo 338 parole, 0 sottotitoli H2, nessuna immagine, nessun link interno, nessun dato in tabella";"espandere a 1.000-1.400 parole con struttura, FAQ e dati";
riscrivere;Formazione Online: Come Promuovere il Tuo Corso o Workshop sul Web;https://maxdigitalinnovation.it/formazione-online-come-promuovere-il-tuo-corso-o-workshop-sul-web/;341;23;informazionale;0;0;0;0;pubblicità corsi e workshop Palermo;2025-03-31;0;;"qualità 23/100 — solo 341 parole, 0 sottotitoli H2, nessuna immagine, nessun link interno, nessun dato in tabella";"espandere a 1.000-1.400 parole con struttura, FAQ e dati";
riscrivere;Dalla Strada al Web: Come Promuovere un Food Truck a Palermo;https://maxdigitalinnovation.it/dalla-strada-al-web-come-promuovere-un-food-truck-a-palermo/;349;28;informazionale;0;0;0;0;marketing food Palermo;2025-03-31;0;Realizzazione siti web a Palermo (0%);"qualità 28/100 — solo 349 parole, 0 sottotitoli H2, nessuna immagine, nessun link interno, nessun dato in tabella";"espandere a 1.000-1.400 parole con struttura, FAQ e dati";
riscrivere;Digital Strategy per Laboratori di Analisi: Come Farsi Scegliere Online;https://maxdigitalinnovation.it/digital-strategy-per-laboratori-di-analisi-come-farsi-scegliere-online/;321;23;commerciale;0;0;0;0;marketing per laboratori analisi Palermo;2025-03-31;0;;"qualità 23/100 — solo 321 parole, 0 sottotitoli H2, nessuna immagine, nessun link interno, nessun dato in tabella";"espandere a 1.000-1.400 parole con struttura, FAQ e dati";
riscrivere;Come Comunicare Online per una Scuola di Musica o Danza a Palermo;https://maxdigitalinnovation.it/come-comunicare-online-per-una-scuola-di-musica-o-danza-a-palermo/;328;28;informazionale;0;0;1;0;promozione scuola di musica Palermo;2025-03-31;0;;"qualità 28/100 — solo 328 parole, 0 sottotitoli H2, nessuna immagine, nessun link interno, nessun dato in tabella";"espandere a 1.000-1.400 parole con struttura, FAQ e dati";
riscrivere;Come Far Crescere una Sartoria o Atelier Online: Strategie su Misura;https://maxdigitalinnovation.it/come-far-crescere-una-sartoria-o-atelier-online-strategie-su-misura/;331;29;informazionale;0;0;1;0;Marketing per Sartorie e Atelier Online;2025-04-02;0;;"qualità 29/100 — solo 331 parole, 0 sottotitoli H2, nessuna immagine, nessun link interno, nessun dato in tabella";"espandere a 1.000-1.400 parole con struttura, FAQ e dati";
riscrivere;Pet Business: Come Farsi Conoscere Online con una Comunicazione Mirata;https://maxdigitalinnovation.it/pet-business-come-farsi-conoscere-online-con-una-comunicazione-mirata/;350;39;informazionale;0;0;1;0;marketing per negozi di animali Palermo;2025-04-02;0;;"qualità 39/100 — solo 350 parole, 0 sottotitoli H2, nessuna immagine, nessun link interno, nessun dato in tabella";"espandere a 1.000-1.400 parole con struttura, FAQ e dati";
riscrivere;Vendere Arte Online: Come Costruire una Strategia Digitale per Gallerie e Artisti;https://maxdigitalinnovation.it/vendere-arte-online-come-costruire-una-strategia-digitale-per-gallerie-e-artisti/;325;30;informazionale;0;0;1;0;vendere arte online;2025-04-02;0;;"qualità 30/100 — solo 325 parole, 0 sottotitoli H2, nessuna immagine, nessun link interno, nessun dato in tabella";"espandere a 1.000-1.400 parole con struttura, FAQ e dati";
riscrivere;Ristorazione Vegetariana e Vegana: Come Comunicare i Tuoi Valori Online;https://maxdigitalinnovation.it/ristorazione-vegetariana-e-vegana-come-comunicare-i-tuoi-valori-online/;353;39;informazionale;0;0;1;0;marketing ristoranti vegani Palermo;2025-04-02;0;;"qualità 39/100 — solo 353 parole, 0 sottotitoli H2, nessuna immagine, nessun link interno, nessun dato in tabella";"espandere a 1.000-1.400 parole con struttura, FAQ e dati";
riscrivere;Digital Strategy per Wedding Planner e Servizi per Eventi Privati;https://maxdigitalinnovation.it/digital-strategy-per-wedding-planner-e-servizi-per-eventi-privati/;341;29;transazionale;0;0;1;0;Digital Strategy per Wedding Planner Palermo;2025-04-02;0;;"qualità 29/100 — solo 341 parole, 0 sottotitoli H2, nessuna immagine, nessun link interno, nessun dato in tabella";"espandere a 1.000-1.400 parole con struttura, FAQ e dati";
riscrivere;"Consulenti, Psicologi e Coach: Come Trovare Clienti Online a Palermo";https://maxdigitalinnovation.it/consulenti-psicologi-e-coach-come-trovare-clienti-online-a-palermo/;322;28;informazionale;0;0;1;0;visibilità online per professionisti Palermo;2025-04-02;0;;"qualità 28/100 — solo 322 parole, 0 sottotitoli H2, nessuna immagine, nessun link interno, nessun dato in tabella";"espandere a 1.000-1.400 parole con struttura, FAQ e dati";
riscrivere;Come Lanciare un Prodotto Artigianale Siciliano con l’E-commerce;https://maxdigitalinnovation.it/come-lanciare-prodotti-tipici-siciliani-online-vendita/;330;28;transazionale;0;0;1;0;vendita prodotti tipici siciliani online;2025-04-02;0;;"qualità 28/100 — solo 330 parole, 0 sottotitoli H2, nessuna immagine, nessun link interno, nessun dato in tabella";"espandere a 1.000-1.400 parole con struttura, FAQ e dati";
riscrivere;"Servizi alla Persona: Promuovere Online Estetiste, Massaggiatori e Parrucchieri";https://maxdigitalinnovation.it/servizi-alla-persona-promuovere-online-estetiste-massaggiatori-e-parrucchieri/;327;21;transazionale;0;0;1;0;Marketing servizi benessere Palermo;2025-04-02;0;Digital marketing Palermo (0%);"qualità 21/100 — solo 327 parole, 0 sottotitoli H2, nessuna immagine, nessun link interno, nessun dato in tabella";"espandere a 1.000-1.400 parole con struttura, FAQ e dati";
riscrivere;Digital Branding per Studi Legali e Professionisti del Diritto;https://maxdigitalinnovation.it/digital-branding-per-studi-legali-e-professionisti-del-diritto/;328;25;informazionale;0;0;1;0;marketing per avvocati Palermo;2025-04-02;0;;"qualità 25/100 — solo 328 parole, 0 sottotitoli H2, nessuna immagine, nessun link interno, nessun dato in tabella";"espandere a 1.000-1.400 parole con struttura, FAQ e dati";
riscrivere;Come Comunicare in Modo Efficace per Studi di Fisioterapia a Palermo;https://maxdigitalinnovation.it/come-comunicare-in-modo-efficacer-studi-di-fisioterapia/;309;28;informazionale;0;1;0;0;marketing per fisioterapisti Palermo;2025-04-11;0;;"qualità 28/100 — solo 309 parole, 0 sottotitoli H2, nessun link interno, nessun dato in tabella";"espandere a 1.000-1.400 parole con struttura, FAQ e dati";
riscrivere;Psicologi Online: Come Promuoversi nel Rispetto della Deontologia;https://maxdigitalinnovation.it/psicologi-online-come-promuoversi-nel-rispetto-della-deontologia/;316;26;informazionale;0;0;1;0;Psicologi Online: Promozione Etica e Visibilità a Palermo;2025-04-11;0;;"qualità 26/100 — solo 316 parole, 0 sottotitoli H2, nessuna immagine, nessun link interno, nessun dato in tabella";"espandere a 1.000-1.400 parole con struttura, FAQ e dati";
riscrivere;Come Promuovere un Centro Odontoiatrico sul Web Senza Perdere Serietà;https://maxdigitalinnovation.it/come-promuovere-un-centro-odontoiatrico-sul-web-senza-perdere-serieta/;304;27;informazionale;0;0;1;0;marketing per dentisti Palermo;2025-04-11;0;Gestione social media Palermo (0%);"qualità 27/100 — solo 304 parole, 0 sottotitoli H2, nessuna immagine, nessun link interno, nessun dato in tabella";"espandere a 1.000-1.400 parole con struttura, FAQ e dati";
accorpare;Farmacie e Parafarmacie: Strategie Locali per Aumentare la Clientela;https://maxdigitalinnovation.it/farmacie-e-parafarmacie-strategie-locali-per-aumentare-la-clientela/;342;25;informazionale;0;0;1;0;marketing per farmacie Palermo;2025-04-11;0;;"stessa focus keyword di ""Marketing per Farmacie: Come Aumentare Visibilità e Fidelizzare i Clienti"" (""marketing per farmacie Palermo""): le due pagine competono per la stessa query";unire nel principale + 301;https://maxdigitalinnovation.it/marketing-per-farmacie-come-aumentare-visibilita-e-fidelizzare-i-clienti/
riscrivere;Come Far Crescere un Centro Logopedico con il Supporto Digitale;https://maxdigitalinnovation.it/come-far-crescere-un-centro-logopedico-con-il-supporto-digitale/;346;27;informazionale;0;0;1;0;marketing per logopedisti Palermo;2025-04-11;0;;"qualità 27/100 — solo 346 parole, 0 sottotitoli H2, nessuna immagine, nessun link interno, nessun dato in tabella";"espandere a 1.000-1.400 parole con struttura, FAQ e dati";
riscrivere;Visibilità Online per Nutrizionisti e Biologi: Cosa Funziona Davvero?;https://maxdigitalinnovation.it/visibilita-online-per-nutrizionisti-e-biologi-cosa-funziona-davvero/;327;27;informazionale;0;0;1;0;Marketing Nutrizionisti Palermo;2025-04-11;0;;"qualità 27/100 — solo 327 parole, 0 sottotitoli H2, nessuna immagine, nessun link interno, nessun dato in tabella";"espandere a 1.000-1.400 parole con struttura, FAQ e dati";
riscrivere;Come Lanciare una Clinica Estetica: Digital Branding per la Bellezza;https://maxdigitalinnovation.it/come-lanciare-una-clinica-estetica-digital-branding-per-la-bellezza/;324;30;informazionale;0;0;1;0;Clinica Estetica Palermo;2025-04-11;0;Produzione video Palermo (0%);"qualità 30/100 — solo 324 parole, 0 sottotitoli H2, nessuna immagine, nessun link interno, nessun dato in tabella";"espandere a 1.000-1.400 parole con struttura, FAQ e dati";
riscrivere;Servizi Veterinari: Come Raggiungere Più Clienti Online in Modo Etico;https://maxdigitalinnovation.it/servizi-veterinari-come-raggiungere-piu-clienti-online-in-modo-etico/;335;28;transazionale;0;0;1;0;marketing per veterinari Palermo;2025-04-11;0;Realizzazione siti web a Palermo (0%);"qualità 28/100 — solo 335 parole, 0 sottotitoli H2, nessuna immagine, nessun link interno, nessun dato in tabella";"espandere a 1.000-1.400 parole con struttura, FAQ e dati";
riscrivere;Come Farsi Scegliere Online come Ostetrica o Operatore del Benessere Femminile;https://maxdigitalinnovation.it/come-farsi-scegliere-online-come-ostetrica-o-operatore-del-benessere-femminile/;336;27;commerciale;0;0;1;0;visibilità per ostetriche Palermo;2025-04-11;0;;"qualità 27/100 — solo 336 parole, 0 sottotitoli H2, nessuna immagine, nessun link interno, nessun dato in tabella";"espandere a 1.000-1.400 parole con struttura, FAQ e dati";
riscrivere;Digital Strategy per Studi di Podologia e Professionisti del Piede;https://maxdigitalinnovation.it/digital-strategy-per-studi-di-podologia-e-professionisti-del-piede/;315;28;informazionale;0;0;1;0;marketing per podologi Palermo;2025-04-11;0;;"qualità 28/100 — solo 315 parole, 0 sottotitoli H2, nessuna immagine, nessun link interno, nessun dato in tabella";"espandere a 1.000-1.400 parole con struttura, FAQ e dati";
riscrivere;Come Promuovere Online una Scuola Privata o Centro di Formazione a Palermo;https://maxdigitalinnovation.it/come-promuovere-online-una-scuola-privata-o-centro-di-formazione-a-palermo/;336;25;informazionale;0;0;1;0;marketing per scuole private Palermo;2025-04-11;0;Realizzazione siti web a Palermo (0%);"qualità 25/100 — solo 336 parole, 0 sottotitoli H2, nessuna immagine, nessun link interno, nessun dato in tabella";"espandere a 1.000-1.400 parole con struttura, FAQ e dati";
riscrivere;Comunicazione per Architetti e Interior Designer: Il Progetto Parte dal Web;https://maxdigitalinnovation.it/comunicazione-per-architetti-e-interior-designer-il-progetto-parte-dal-web/;338;28;informazionale;0;0;1;0;marketing per architetti Palermo;2025-04-11;0;Produzione video Palermo (0%);"qualità 28/100 — solo 338 parole, 0 sottotitoli H2, nessuna immagine, nessun link interno, nessun dato in tabella";"espandere a 1.000-1.400 parole con struttura, FAQ e dati";
riscrivere;Come Far Crescere un’Azienda Agricola con E-commerce e Promozione Locale;https://maxdigitalinnovation.it/come-far-crescere-unazienda-agricola-con-e-commerce-e-promozione-locale/;326;25;transazionale;0;0;1;0;vendita prodotti agricoli Palermo;2025-04-11;0;Produzione video Palermo (0%);"qualità 25/100 — solo 326 parole, 0 sottotitoli H2, nessuna immagine, nessun link interno, nessun dato in tabella";"espandere a 1.000-1.400 parole con struttura, FAQ e dati";
riscrivere;Pet Sitter e Pensioni per Animali: Come Attirare Più Clienti Online;https://maxdigitalinnovation.it/pet-sitter-e-pensioni-per-animali-come-attirare-piu-clienti-online/;340;28;transazionale;0;0;1;0;promozione servizi pet Palermo;2025-04-11;0;;"qualità 28/100 — solo 340 parole, 0 sottotitoli H2, nessuna immagine, nessun link interno, nessun dato in tabella";"espandere a 1.000-1.400 parole con struttura, FAQ e dati";
riscrivere;Servizi per l’Infanzia: Come Farsi Conoscere Online come Baby Sitter o Tata Qualificata;https://maxdigitalinnovation.it/servizi-per-linfanzia-come-farsi-conoscere-online-come-baby-sitter-o-tata-qualificata/;331;25;transazionale;0;0;1;0;promozione servizi infanzia Palermo;2025-04-11;0;;"qualità 25/100 — solo 331 parole, 0 sottotitoli H2, nessuna immagine, nessun link interno, nessun dato in tabella";"espandere a 1.000-1.400 parole con struttura, FAQ e dati";
riscrivere;Come Promuovere Online una Cooperativa Sociale a Palermo;https://maxdigitalinnovation.it/come-promuovere-online-una-cooperativa-sociale-a-palermo/;330;27;informazionale;0;0;1;0;marketing per cooperative sociali Palermo;2025-04-11;0;Produzione video Palermo (0%);"qualità 27/100 — solo 330 parole, 0 sottotitoli H2, nessuna immagine, nessun link interno, nessun dato in tabella";"espandere a 1.000-1.400 parole con struttura, FAQ e dati";
riscrivere;Digital Strategy per Agenzie Investigative e Professionisti della Sicurezza;https://maxdigitalinnovation.it/digital-strategy-per-agenzie-investigative-e-professionisti-della-sicurezza/;340;25;transazionale;0;0;1;0;visibilità per agenzia investigativa Palermo;2025-04-11;0;Produzione video Palermo (0%);"qualità 25/100 — solo 340 parole, 0 sottotitoli H2, nessuna immagine, nessun link interno, nessun dato in tabella";"espandere a 1.000-1.400 parole con struttura, FAQ e dati";
riscrivere;Comunicazione per Traduttori e Interpreti: Come Trovare Clienti Online;https://maxdigitalinnovation.it/comunicazione-per-traduttori-e-interpreti-come-trovare-clienti-online/;336;26;informazionale;0;0;1;0;Marketing per Traduttori e Interpreti: Trova Clienti Online;2025-04-11;0;;"qualità 26/100 — solo 336 parole, 0 sottotitoli H2, nessuna immagine, nessun link interno, nessun dato in tabella";"espandere a 1.000-1.400 parole con struttura, FAQ e dati";
accorpare;Social Media Manager a Palermo: Quanto Conta Davvero per un’Azienda Locale?;https://maxdigitalinnovation.it/social-media-manager-a-palermo-quanto-conta-davvero-per-unazienda-locale/;331;30;informazionale;0;0;1;0;Social Media Manager Palermo;2025-05-13;0;Digital marketing Palermo (0%);"stessa focus keyword di ""Social Media Manager a Palermo: come scegliere il professionista giusto per il tuo brand"" (""Social Media Manager Palermo""): le due pagine competono per la stessa query";unire nel principale + 301;https://maxdigitalinnovation.it/social-media-manager-a-palermo-come-scegliere-il-professionista-giusto-per-il-tuo-brand/
accorpare;Agenzia Marketing a Palermo: Come Sceglierne una adatta alla Tua Attività?;https://maxdigitalinnovation.it/agenzia-marketing-a-palermo-come-sceglierne-una-adatta-alla-tua-attivita/;341;30;transazionale;0;0;1;0;agenzia marketing Palermo;2025-05-13;0;;"stessa focus keyword di ""La Tua Agenzia di Marketing a Palermo per una Crescita Su Misura"" (""agenzia marketing Palermo""): le due pagine competono per la stessa query";unire nel principale + 301;https://maxdigitalinnovation.it/la-tua-agenzia-di-marketing-a-palermo-per-una-crescita-su-misura/
riscrivere;Web Agency a Palermo per Professionisti: Siti e Strategie Personalizzate;https://maxdigitalinnovation.it/web-agency-a-palermo-per-professionisti-siti-e-strategie-personalizzate/;331;27;informazionale;0;0;1;0;web agency Palermo per professionisti;2025-05-13;0;;"qualità 27/100 — solo 331 parole, 0 sottotitoli H2, nessuna immagine, nessun link interno, nessun dato in tabella";"espandere a 1.000-1.400 parole con struttura, FAQ e dati";
riscrivere;TikTok e Instagram Reels: Perché Ogni Impresa a Palermo Deve Sfruttarli Ora;https://maxdigitalinnovation.it/tiktok-e-instagram-reels-perche-ogni-impresa-a-palermo-deve-sfruttarli-ora/;262;30;informazionale;0;0;1;0;TikTok & Instagram Reels Palermo;2025-05-13;0;;"qualità 30/100 — solo 262 parole, 0 sottotitoli H2, nessuna immagine, nessun link interno, nessun dato in tabella";"espandere a 1.000-1.400 parole con struttura, FAQ e dati";
mantenere;Come creare video virali: 5 strategie che funzionano nel 2025;https://maxdigitalinnovation.it/scopri-come-creare-video-virali/;1131;81;informazionale;12;1;1;1;come creare video virali: 5 strategie che funzionano nel 2025;2025-07-02;0;Servizi digitali Palermo (0%);"qualità 81/100: lunghezza, struttura e unicità adeguate";ottimizzare meta e link interni;
mantenere;Guida passo-passo per realizzare contenuti che spopolano sui social;https://maxdigitalinnovation.it/contenuti-che-spopolano-sui-social/;1014;82;informazionale;12;1;1;1;guida passo-passo per realizzare contenuti che spopolano sui social;2025-07-02;0;;"qualità 82/100: lunghezza, struttura e unicità adeguate";ottimizzare meta e link interni;
riscrivere;I segreti dei video virali: tecniche e strumenti da conoscere;https://maxdigitalinnovation.it/i-segreti-dei-video-virali-tecniche-e-strumenti-da-conoscere/;850;53;informazionale;12;0;1;1;video virali;2025-07-02;0.9;Naming Palermo (0%);versione migliore di un gruppo di 3 articoli quasi identici: assorbe i contenuti degli altri;riscrittura sostanziale;
eliminare;Dall'idea alla viralità: come trasformare un semplice video in un successo;https://maxdigitalinnovation.it/come-trasformare-unidea-in-un-video-virale-di-successo/;849;52;informazionale;12;0;1;1;video virale;2025-07-02;0.93;Naming Palermo (0%);"duplicato al 93% di ""I segreti dei video virali: tecniche e strumenti da conoscere""";301 verso https://maxdigitalinnovation.it/i-segreti-dei-video-virali-tecniche-e-strumenti-da-conoscere/ poi cestinare;https://maxdigitalinnovation.it/i-segreti-dei-video-virali-tecniche-e-strumenti-da-conoscere/
eliminare;Scopri come un semplice video ha raggiunto 1 milione di visualizzazioni in 24 ore;https://maxdigitalinnovation.it/scopri-come-un-semplice-video-ha-raggiunto-1-milione-di-visualizzazioni-in-24-ore/;850;52;informazionale;12;0;1;1;Video Virali: 1 Milione di Views in 24 Ore;2025-07-02;0.93;Naming Palermo (0%);"duplicato al 93% di ""I segreti dei video virali: tecniche e strumenti da conoscere""";301 verso https://maxdigitalinnovation.it/i-segreti-dei-video-virali-tecniche-e-strumenti-da-conoscere/ poi cestinare;https://maxdigitalinnovation.it/i-segreti-dei-video-virali-tecniche-e-strumenti-da-conoscere/
mantenere;Da zero a virale: la storia di un contenuto che ha conquistato il web;https://maxdigitalinnovation.it/da-zero-a-virale-la-storia-di-un-contenuto-che-ha-conquistato-il-web/;1586;87;navigazionale;11;0;1;1;Da Zero a Virale: Strategie di Contenuto con Max Digital;2025-07-02;0;;"qualità 87/100: lunghezza, struttura e unicità adeguate";ottimizzare meta e link interni;
mantenere;Il potere dei video brevi: come cambiare la tua presenza online;https://maxdigitalinnovation.it/il-potere-dei-video-brevi/;1255;82;informazionale;10;0;1;1;video brevi;2025-07-02;0;;"qualità 82/100: lunghezza, struttura e unicità adeguate";ottimizzare meta e link interni;
riscrivere;3 trucchi per rendere i tuoi Reels irresistibili;https://maxdigitalinnovation.it/3-trucchi-per-rendere-i-tuoi-reels-irresistibili/;794;48;informazionale;13;0;1;1;Reels Irresistibili;2025-07-02;0.87;Servizi digitali Palermo (0%);versione migliore di un gruppo di 2 articoli quasi identici: assorbe i contenuti degli altri;riscrittura sostanziale;
eliminare;Reels che spaccano: strategie per catturare l'attenzione in 15 secondi;https://maxdigitalinnovation.it/scopri-strategie-efficaci-per-creare-reels/;768;48;informazionale;11;0;1;1;Reels Instagram: Strategie Efficaci per Catturare;2025-07-02;0.87;Servizi digitali Palermo (0%);"duplicato al 87% di ""3 trucchi per rendere i tuoi Reels irresistibili""";301 verso https://maxdigitalinnovation.it/3-trucchi-per-rendere-i-tuoi-reels-irresistibili/ poi cestinare;https://maxdigitalinnovation.it/3-trucchi-per-rendere-i-tuoi-reels-irresistibili/
mantenere;Il segreto per creare Reels che tutti vogliono condividere;https://maxdigitalinnovation.it/creare-reels-che-tutti-vogliono-condividere/;769;68;informazionale;11;0;1;1;Reels virali;2025-07-02;0;;"qualità 68/100: lunghezza, struttura e unicità adeguate";ottimizzare meta e link interni;
mantenere;Partecipa alla sfida del momento: crea il tuo video virale;https://maxdigitalinnovation.it/partecipare-alla-sfida-del-momento/;849;69;informazionale;13;0;1;1;Video Virali;2025-07-02;0;Servizi digitali Palermo (0%);"qualità 69/100: lunghezza, struttura e unicità adeguate";ottimizzare meta e link interni;
mantenere;Trend alert: i video che stanno conquistando TikTok;https://maxdigitalinnovation.it/trend-alert-i-video-che-stanno-conquistando-tiktok/;871;62;informazionale;1;0;1;1;TikTok Trends 2025: Video Virali e Strategie di Successo;2025-07-02;0;;"qualità 62/100: lunghezza, struttura e unicità adeguate";ottimizzare meta e link interni;
mantenere;Challenge virali: come sfruttarle per aumentare la tua visibilità;https://maxdigitalinnovation.it/challenge-virali-come-sfruttarle-per-aumentare-la-tua-visibilita/;1034;82;informazionale;11;0;1;1;challenge virali;2025-07-02;0;;"qualità 82/100: lunghezza, struttura e unicità adeguate";ottimizzare meta e link interni;
mantenere;I trend del 2025: cosa funziona davvero sui social;https://maxdigitalinnovation.it/i-trend-del-2025-cosa-funziona-davvero-sui-social/;964;81;informazionale;11;0;1;1;trend social 2025;2025-07-02;0;;"qualità 81/100: lunghezza, struttura e unicità adeguate";ottimizzare meta e link interni;
mantenere;Unisciti al movimento: crea contenuti che fanno parlare di sé;https://maxdigitalinnovation.it/unisciti-al-movimento-crea-contenuti-che-fanno-parlare-di-se/;912;81;informazionale;14;0;1;1;contenuti virali;2025-07-02;0;;"qualità 81/100: lunghezza, struttura e unicità adeguate";ottimizzare meta e link interni;
mantenere;Strategie SEO per video virali: come farsi trovare online;https://maxdigitalinnovation.it/strategie-seo-per-video-virali-come-farsi-trovare-online/;574;62;informazionale;11;0;1;1;Strategie SEO per video virali;2025-07-02;0;;"qualità 62/100: lunghezza, struttura e unicità adeguate";ottimizzare meta e link interni;
mantenere;Parole chiave e viralità: il connubio perfetto per i tuoi video;https://maxdigitalinnovation.it/parole-chiave-e-viralita-il-connubio-perfetto-per-i-tuoi-video/;724;68;informazionale;11;0;1;1;parole chiave viralità video;2025-07-02;0;;"qualità 68/100: lunghezza, struttura e unicità adeguate";ottimizzare meta e link interni;
mantenere;Come ottimizzare i tuoi video per i motori di ricerca nel 2025;https://maxdigitalinnovation.it/come-ottimizzare-i-tuoi-video-per-i-motori-di-ricerca-nel-2025/;706;72;informazionale;11;1;1;1;ottimizzare i tuoi video per i motori di ricerca nel 2025;2025-07-02;0;;"qualità 72/100: lunghezza, struttura e unicità adeguate";ottimizzare meta e link interni;
mantenere;SEO per contenuti video: guida pratica per aumentare le visualizzazioni;https://maxdigitalinnovation.it/seo-per-contenuti-video-guida-pratica-per-aumentare-le-visualizzazioni/;1044;85;informazionale;11;1;1;1;SEO per contenuti video;2025-07-02;0;;"qualità 85/100: lunghezza, struttura e unicità adeguate";ottimizzare meta e link interni;
mantenere;I migliori strumenti per analizzare e migliorare la performance dei tuoi video;https://maxdigitalinnovation.it/i-migliori-strumenti-per-analizzare-e-migliorare-la-performance-dei-tuoi-video/;1048;78;commerciale;13;0;1;1;Strumenti Analisi Video: Migliora Performance;2025-07-02;0;;"qualità 78/100: lunghezza, struttura e unicità adeguate";ottimizzare meta e link interni;
accorpare;Agenzia di comunicazione a Palermo: come far crescere il tuo brand nel 2025;https://maxdigitalinnovation.it/agenzia-di-comunicazione-a-palermo-come-far-crescere-il-tuo-brand-nel-2025/;812;68;transazionale;11;0;1;1;agenzia di comunicazione Palermo;2025-07-02;0;Digital marketing Palermo (0%);articolo principale del gruppo: accoglie i contenuti degli altri 1;mantenere e ampliare;
accorpare;I segreti del marketing digitale a Palermo: scopri la nostra agenzia;https://maxdigitalinnovation.it/i-segreti-del-marketing-digitale-a-palermo-scopri-la-nostra-agenzia/;883;68;transazionale;10;0;1;1;marketing digitale Palermo;2025-07-02;0;Produzione video Palermo (0%);articolo principale del gruppo: accoglie i contenuti degli altri 1;mantenere e ampliare;
mantenere;Vuoi dominare i social a Palermo? Affidati ai migliori;https://maxdigitalinnovation.it/vuoi-dominare-i-social-a-palermo-affidati-ai-migliori/;870;68;navigazionale;9;0;1;1;Max Digital Innovation: Domina i Social a Palermo;2025-07-02;0;;"qualità 68/100: lunghezza, struttura e unicità adeguate";ottimizzare meta e link interni;
mantenere;SEO e video virali a Palermo: come Max Digital Innovation sta cambiando le regole;https://maxdigitalinnovation.it/seo-e-video-virali-a-palermo-come-max-digital-innovation-sta-cambiando-le-regole/;787;68;navigazionale;9;0;1;1;SEO e video virali a Palermo;2025-07-02;0;Produzione video Palermo (0%);"qualità 68/100: lunghezza, struttura e unicità adeguate";ottimizzare meta e link interni;
mantenere;Come aumentare le visualizzazioni su Instagram nel 2026;https://maxdigitalinnovation.it/come-aumentare-le-visualizzazioni-su-instagram-nel-2026/;911;73;informazionale;13;0;1;0;aumentare visualizzazioni Instagram 2026;2026-07-28;0;;"qualità 73/100: lunghezza, struttura e unicità adeguate";ottimizzare meta e link interni;
mantenere;Algoritmo Instagram: come funziona davvero;https://maxdigitalinnovation.it/algoritmo-instagram-come-funziona-davvero/;938;74;informazionale;14;0;1;0;algoritmo Instagram;2026-07-28;0;;"qualità 74/100: lunghezza, struttura e unicità adeguate";ottimizzare meta e link interni;
mantenere;Strategie Instagram per far crescere un profilo aziendale;https://maxdigitalinnovation.it/strategie-instagram-per-far-crescere-un-profilo-aziendale/;811;61;informazionale;13;0;1;0;Strategie Instagram per far crescere un profilo aziendale;2026-07-28;0;;"qualità 61/100: lunghezza, struttura e unicità adeguate";ottimizzare meta e link interni;
mantenere;Perché i tuoi Reel non fanno visualizzazioni;https://maxdigitalinnovation.it/perche-i-tuoi-reel-non-fanno-visualizzazioni/;731;66;informazionale;12;0;1;0;Reel non fanno visualizzazioni;2026-07-28;0;;"qualità 66/100: lunghezza, struttura e unicità adeguate";ottimizzare meta e link interni;
mantenere;Come finire negli Esplora di Instagram;https://maxdigitalinnovation.it/come-finire-negli-esplora-di-instagram/;743;64;informazionale;12;0;1;0;come finire negli esplora di instagram;2026-07-28;0;;"qualità 64/100: lunghezza, struttura e unicità adeguate";ottimizzare meta e link interni;
mantenere;Instagram per aziende: errori da evitare;https://maxdigitalinnovation.it/instagram-per-aziende-errori-da-evitare/;755;67;informazionale;13;1;1;0;Instagram per aziende: errori da evitare;2026-07-28;0;;"qualità 67/100: lunghezza, struttura e unicità adeguate";ottimizzare meta e link interni;
mantenere;Come creare Reel virali su Instagram;https://maxdigitalinnovation.it/come-creare-reel-virali-su-instagram/;742;66;informazionale;12;0;1;0;Reel virali Instagram;2026-07-28;0;;"qualità 66/100: lunghezza, struttura e unicità adeguate";ottimizzare meta e link interni;
mantenere;Le migliori strategie Instagram per vendere di più;https://maxdigitalinnovation.it/le-migliori-strategie-instagram-per-vendere-di-piu/;732;66;commerciale;12;0;1;0;strategie instagram per vendere;2026-07-28;0;;"qualità 66/100: lunghezza, struttura e unicità adeguate";ottimizzare meta e link interni;
mantenere;Come aumentare l'engagement su Instagram;https://maxdigitalinnovation.it/come-aumentare-lengagement-su-instagram/;693;63;informazionale;12;0;1;0;aumentare engagement instagram;2026-07-28;0;;"qualità 63/100: lunghezza, struttura e unicità adeguate";ottimizzare meta e link interni;
mantenere;Come aumentare le visualizzazioni su TikTok;https://maxdigitalinnovation.it/come-aumentare-le-visualizzazioni-su-tiktok/;815;63;informazionale;12;0;1;0;aumentare visualizzazioni TikTok;2026-07-28;0;;"qualità 63/100: lunghezza, struttura e unicità adeguate";ottimizzare meta e link interni;
mantenere;Algoritmo TikTok: tutto quello che devi sapere;https://maxdigitalinnovation.it/algoritmo-tiktok-tutto-quello-che-devi-sapere/;773;63;informazionale;12;0;1;0;algoritmo TikTok;2026-07-28;0;;"qualità 63/100: lunghezza, struttura e unicità adeguate";ottimizzare meta e link interni;
mantenere;Perché i video TikTok fanno poche visualizzazioni;https://maxdigitalinnovation.it/perche-i-video-tiktok-fanno-poche-visualizzazioni/;801;63;informazionale;12;0;1;0;video TikTok poche visualizzazioni;2026-07-28;0;;"qualità 63/100: lunghezza, struttura e unicità adeguate";ottimizzare meta e link interni;
mantenere;Come andare virale su TikTok;https://maxdigitalinnovation.it/come-andare-virale-su-tiktok/;794;63;informazionale;11;0;1;0;andare virale su TikTok;2026-07-28;0;;"qualità 63/100: lunghezza, struttura e unicità adeguate";ottimizzare meta e link interni;
mantenere;Strategie TikTok per aziende;https://maxdigitalinnovation.it/strategie-tiktok-per-aziende/;815;63;informazionale;12;0;1;0;Strategie TikTok per aziende;2026-07-28;0;;"qualità 63/100: lunghezza, struttura e unicità adeguate";ottimizzare meta e link interni;
mantenere;TikTok per negozi: conviene davvero?;https://maxdigitalinnovation.it/tiktok-per-negozi-conviene-davvero/;774;67;commerciale;12;0;1;0;TikTok per negozi;2026-07-28;0;;"qualità 67/100: lunghezza, struttura e unicità adeguate";ottimizzare meta e link interni;
mantenere;Quanto dura un video TikTok ideale;https://maxdigitalinnovation.it/quanto-dura-un-video-tiktok-ideale/;825;73;informazionale;11;1;1;0;Quanto dura un video TikTok ideale;2026-07-28;0;;"qualità 73/100: lunghezza, struttura e unicità adeguate";ottimizzare meta e link interni;
mantenere;Come far crescere il tuo profilo in 6 giorni;https://maxdigitalinnovation.it/come-far-crescere-il-tuo-profilo-in-6-giorni/;638;74;informazionale;10;1;1;0;Cresci su TikTok in 6 Giorni;2026-07-28;0;Realizzazione siti web a Palermo (0%);"qualità 74/100: lunghezza, struttura e unicità adeguate";ottimizzare meta e link interni;
mantenere;Come far crescere il tuo profilo TikTok in 6 giorni;https://maxdigitalinnovation.it/come-far-crescere-il-tuo-profilo-tiktok-in-6-giorni/;709;74;informazionale;11;1;1;0;Crescere su TikTok in 6 Giorni: Strategie per Aziende;2026-07-28;0;;"qualità 74/100: lunghezza, struttura e unicità adeguate";ottimizzare meta e link interni;
accorpare;Produzione video a Palermo: come scegliere l'agenzia giusta;https://maxdigitalinnovation.it/produzione-video-a-palermo-come-scegliere-lagenzia-giusta/;534;57;transazionale;9;0;1;0;produzione video Palermo;2026-07-31;0;Sviluppo CRM e Gestionali Palermo (0%);"stessa focus keyword di ""Produzione video Palermo: perché oggi è indispensabile per ogni azienda"" (""produzione video Palermo""): le due pagine competono per la stessa query";unire nel principale + 301;https://maxdigitalinnovation.it/produzione-video-palermo-perche-oggi-e-indispensabile-per-ogni-azienda/
mantenere;Video aziendali a Palermo: perché aumentano le vendite;https://maxdigitalinnovation.it/video-aziendali-a-palermo-perche-aumentano-le-vendite/;614;66;informazionale;9;0;1;0;video aziendali Palermo;2026-07-31;0;Servizi digitali Palermo (0%);"qualità 66/100: lunghezza, struttura e unicità adeguate";ottimizzare meta e link interni;
mantenere;Creazione video virali Palermo;https://maxdigitalinnovation.it/creazione-video-virali-palermo/;982;77;informazionale;14;0;1;0;Video Virali Palermo;2026-08-03;0;Produzione video Palermo (0%);"qualità 77/100: lunghezza, struttura e unicità adeguate";ottimizzare meta e link interni;
mantenere;Produzione video virali Palermo;https://maxdigitalinnovation.it/produzione-video-virali-palermo/;952;77;informazionale;14;0;1;0;Produzione video virali Palermo;2026-08-03;0;Servizi digitali Palermo (0%);"qualità 77/100: lunghezza, struttura e unicità adeguate";ottimizzare meta e link interni;
mantenere;Realizzazione video virali Palermo;https://maxdigitalinnovation.it/realizzazione-video-virali-palermo/;1005;80;informazionale;17;1;1;0;Realizzazione video virali Palermo;2026-08-03;0;;"qualità 80/100: lunghezza, struttura e unicità adeguate";ottimizzare meta e link interni;
mantenere;Creazione video virali Sicilia;https://maxdigitalinnovation.it/creazione-video-virali-sicilia/;1217;76;informazionale;6;0;1;0;video virali Sicilia;2026-08-03;0;;"qualità 76/100: lunghezza, struttura e unicità adeguate";ottimizzare meta e link interni;
mantenere;Produzione video virali Sicilia;https://maxdigitalinnovation.it/produzione-video-virali-sicilia/;1015;77;informazionale;14;0;1;0;Produzione video virali Sicilia;2026-08-03;0;Servizi digitali Palermo (0%);"qualità 77/100: lunghezza, struttura e unicità adeguate";ottimizzare meta e link interni;
mantenere;Realizzazione video Sicilia;https://maxdigitalinnovation.it/realizzazione-video-sicilia/;929;77;informazionale;13;0;1;0;Realizzazione video Sicilia;2026-08-03;0;Servizi digitali Palermo (0%);"qualità 77/100: lunghezza, struttura e unicità adeguate";ottimizzare meta e link interni;
mantenere;Produzione video virali per la tua attività Palermo;https://maxdigitalinnovation.it/produzione-video-virali-per-la-tua-attivita-palermo/;963;80;informazionale;16;1;1;0;Produzione video virali per la tua attività Palermo;2026-08-03;0;;"qualità 80/100: lunghezza, struttura e unicità adeguate";ottimizzare meta e link interni;
mantenere;Realizzazione video virali Trapani;https://maxdigitalinnovation.it/realizzazione-video-virali-trapani/;860;70;informazionale;16;1;1;0;Realizzazione video virali Trapani;2026-08-03;0;;"qualità 70/100: lunghezza, struttura e unicità adeguate";ottimizzare meta e link interni;
accorpare;Produzione video Palermo: perché oggi è indispensabile per ogni azienda;https://maxdigitalinnovation.it/produzione-video-palermo-perche-oggi-e-indispensabile-per-ogni-azienda/;976;76;informazionale;13;0;1;0;Produzione video Palermo;2026-08-03;0;;articolo principale del gruppo: accoglie i contenuti degli altri 1;mantenere e ampliare;
mantenere;Video promozionali per la tua azienda Palermo: funzionano davvero?;https://maxdigitalinnovation.it/video-promozionali-per-la-tua-azienda-palermo-funzionano-davvero/;922;76;informazionale;12;0;1;0;video promozionali Palermo;2026-08-03;0;;"qualità 76/100: lunghezza, struttura e unicità adeguate";ottimizzare meta e link interni;
mantenere;Produzione video professionale Palermo: tutto quello che devi sapere;https://maxdigitalinnovation.it/produzione-video-professionale-palermo-tutto-quello-che-devi-sapere/;976;77;informazionale;13;0;1;0;Produzione video professionale Palermo;2026-08-03;0;Servizi digitali Palermo (0%);"qualità 77/100: lunghezza, struttura e unicità adeguate";ottimizzare meta e link interni;
mantenere;Come trasformare un semplice video in un contenuto virale a Palermo;https://maxdigitalinnovation.it/come-trasformare-un-semplice-video-in-un-contenuto-virale-a-palermo/;906;81;navigazionale;16;1;1;0;Video Virali a Palermo: Guida di Max Digital Innovation;2026-08-03;0;;"qualità 81/100: lunghezza, struttura e unicità adeguate";ottimizzare meta e link interni;
mantenere;Perché ogni attività di Palermo dovrebbe pubblicare video;https://maxdigitalinnovation.it/perche-ogni-attivita-di-palermo-dovrebbe-pubblicare-video-2/;934;81;informazionale;16;1;1;0;Video Marketing Palermo;2026-08-03;0;;"qualità 81/100: lunghezza, struttura e unicità adeguate";ottimizzare meta e link interni;
